license_number,business_dba_name,CEID,license_type,LicenseStatus,premise_county,id,licensing_authority_id,licensing_authority,license_designation,premise_state,license_status_date,license_term,issue_date,expiration_date,business_legal_name,business_owner_name,business_structure,business_email,activity,parcel_number,business_image_url,business_phone,business_website,data_refreshed_date,county,analyses,premise_city,premise_latitude,premise_longitude,premise_street_address,premise_zip_code,license_status,cultivator,retailer
00170400460138702033,Circle S Farms Llc,RD374,Retail Dispensary,Active,Clark,00170400460138702033,NVCCB,Nevada Cannabis Compliance Board,Adult-Use,NV,,,,,CIRCLE S FARMS LLC,,,,,,,,,2023-12-11,,,,,,,,,,
00604441635504697108,Tgig Llc,T080,Retail Distributor,Active,Clark,00604441635504697108,NVCCB,Nevada Cannabis Compliance Board,Adult-Use,NV,,,,,TGIG LLC,,,,,,,,,2023-12-11,,,,,,,,,,
01192029321013008399,Mr H Las Vegas Llc,RC126,Retail Cultivation,Non-Operational,Clark,01192029321013008399,NVCCB,Nevada Cannabis Compliance Board,Adult-Use,NV,,,,,MR H LAS VEGAS LLC,,,,,,,,,2023-12-11,,,,,,,,,,
01359449685112111637,Cr/P Las Vegas Llc,RD059,Retail Dispensary,Active,Clark,01359449685112111637,NVCCB,Nevada Cannabis Compliance Board,Adult-Use,NV,,,,,CR/P LAS VEGAS LLC,,,,,,,,,2023-12-11,,,,,,,,,,
01458092845320057986,Silver State Wellness Llc,C101,Medical Cultivation,Active,Clark,01458092845320057986,NVCCB,Nevada Cannabis Compliance Board,Adult-Use,NV,,,,,SILVER STATE WELLNESS LLC,,,,,,,,,2023-12-11,,,,,,,,,,
01497745593520335574,Jdw Nevada Llc,RP029,Retail Production,Non-Operational,Clark,01497745593520335574,NVCCB,Nevada Cannabis Compliance Board,Adult-Use,NV,,,,,JDW NEVADA LLC,,,,,,,,,2023-12-11,,,,,,,,,,
01564452858482220102,Premium Produce Llc,C033,Medical Cultivation,Active,Clark,01564452858482220102,NVCCB,Nevada Cannabis Compliance Board,Adult-Use,NV,,,,,PREMIUM PRODUCE LLC,,,,,,,,,2023-12-11,,,,,,,,,,
01653343486142530020,Wellness Connection Of Nevada Llc,RD190,Retail Dispensary,Active,Clark,01653343486142530020,NVCCB,Nevada Cannabis Compliance Board,Adult-Use,NV,,,,,WELLNESS CONNECTION OF NEVADA LLC,,,,,,,,,2023-12-11,,,,,,,,,,
01696915226901375362,Picksy Reno Llc,RD106,Retail Dispensary,Active,Washoe,01696915226901375362,NVCCB,Nevada Cannabis Compliance Board,Adult-Use,NV,,,,,PICKSY RENO LLC,,,,,,,,,2023-12-11,,,,,,,,,,
01705109046761827904,Nevcann Llc,C056,Medical Cultivation,Non-Operational,Clark,01705109046761827904,NVCCB,Nevada Cannabis Compliance Board,Adult-Use,NV,,,,,NEVCANN LLC,,,,,,,,,2023-12-11,,,,,,,,,,
01737633649552254158,Greenway Medical Llc,T040,Retail Distributor,Active,Clark,01737633649552254158,NVCCB,Nevada Cannabis Compliance Board,Adult-Use,NV,,,,,GREENWAY MEDICAL LLC,,,,,,,,,2023-12-11,,,,,,,,,,
02050419374644961130,Southern Nevada Growers Llc,C139,Medical Cultivation,Active,Clark,02050419374644961130,NVCCB,Nevada Cannabis Compliance Board,Adult-Use,NV,,,,,SOUTHERN NEVADA GROWERS LLC,,,,,,,,,2023-12-11,,,,,,,,,,
02121551220852104883,Greenmart Of Nevada Nlv Llc,P018,Medical Production,Active,Clark,02121551220852104883,NVCCB,Nevada Cannabis Compliance Board,Adult-Use,NV,,,,,GREENMART OF NEVADA NLV LLC,,,,,,,,,2023-12-11,,,,,,,,,,
02301531072727181049,Agua Street Llc,RP101,Retail Production,Active,Clark,02301531072727181049,NVCCB,Nevada Cannabis Compliance Board,Adult-Use,NV,,,,,AGUA STREET LLC,,,,,,,,,2023-12-11,,,,,,,,,,
02322843247473154082,Nevada Pure Llc,RP015,Retail Production,Active,Clark,02322843247473154082,NVCCB,Nevada Cannabis Compliance Board,Adult-Use,NV,,,,,NEVADA PURE LLC,,,,,,,,,2023-12-11,,,,,,,,,,
02411041046250902247,Washoe Dispensary Llc,RD057,Retail Dispensary,Active,Washoe,02411041046250902247,NVCCB,Nevada Cannabis Compliance Board,Adult-Use,NV,,,,,WASHOE DISPENSARY LLC,,,,,,,,,2023-12-11,,,,,,,,,,
02439482693226752028,The Bakery Llc,P084,Medical Production,Non-Operational,Clark,02439482693226752028,NVCCB,Nevada Cannabis Compliance Board,Adult-Use,NV,,,,,THE BAKERY LLC,,,,,,,,,2023-12-11,,,,,,,,,,
02441426022753521200,Nevada Organic Remedies Llc,D152,Medical Dispensary,Active,Clark,02441426022753521200,NVCCB,Nevada Cannabis Compliance Board,Adult-Use,NV,,,,,NEVADA ORGANIC REMEDIES LLC,,,,,,,,,2023-12-11,,,,,,,,,,
02442594142801376733,Libra Wellness Center Llc,C149,Medical Cultivation,Non-Operational,Clark,02442594142801376733,NVCCB,Nevada Cannabis Compliance Board,Adult-Use,NV,,,,,LIBRA WELLNESS CENTER LLC,,,,,,,,,2023-12-11,,,,,,,,,,
02447430511497936592,Natural Medicine Llc,D145,Medical Dispensary,Active,Clark,02447430511497936592,NVCCB,Nevada Cannabis Compliance Board,Adult-Use,NV,,,,,NATURAL MEDICINE LLC,,,,,,,,,2023-12-11,,,,,,,,,,
02685010272987196695,Clear River Llc,RC097,Retail Cultivation,Active,Clark,02685010272987196695,NVCCB,Nevada Cannabis Compliance Board,Adult-Use,NV,,,,,CLEAR RIVER LLC,,,,,,,,,2023-12-11,,,,,,,,,,
02916424476864783141,Serenity Wellness Center Llc,D046,Medical Dispensary,Active,Clark,02916424476864783141,NVCCB,Nevada Cannabis Compliance Board,Adult-Use,NV,,,,,SERENITY WELLNESS CENTER LLC,,,,,,,,,2023-12-11,,,,,,,,,,
02959703688458604031,Ncmm Llc,RC159,Retail Cultivation,Active,Nye,02959703688458604031,NVCCB,Nevada Cannabis Compliance Board,Adult-Use,NV,,,,,NCMM LLC,,,,,,,,,2023-12-11,,,,,,,,,,
03137125388697415604,Green Therapeutics Llc,T036,Retail Distributor,Active,Clark,03137125388697415604,NVCCB,Nevada Cannabis Compliance Board,Adult-Use,NV,,,,,GREEN THERAPEUTICS LLC,,,,,,,,,2023-12-11,,,,,,,,,,
03310174034843985324,Floret Nevada Llc,T052,Retail Distributor,Non-Operational,Washoe,03310174034843985324,NVCCB,Nevada Cannabis Compliance Board,Adult-Use,NV,,,,,FLORET NEVADA LLC,,,,,,,,,2023-12-11,,,,,,,,,,
03595374519108477279,Greenpoint Nevada Inc,RP027,Retail Production,Non-Operational,Washoe,03595374519108477279,NVCCB,Nevada Cannabis Compliance Board,Adult-Use,NV,,,,,GREENPOINT NEVADA INC,,,,,,,,,2023-12-11,,,,,,,,,,
03736631201004083296,V6E Holdings Inc,C034,Medical Cultivation,Non-Operational,Clark,03736631201004083296,NVCCB,Nevada Cannabis Compliance Board,Adult-Use,NV,,,,,V6E HOLDINGS INC,,,,,,,,,2023-12-11,,,,,,,,,,
03754325902079441647,374 Labs Llc,L012,Medical Laboratory,Active,Washoe,03754325902079441647,NVCCB,Nevada Cannabis Compliance Board,Adult-Use,NV,,,,,374 LABS LLC,,,,,,,,,2023-12-11,,,,,,,,,,
04045523128584413069,Mmof Vegas Retail Inc,RD078,Retail Dispensary,Active,Clark,04045523128584413069,NVCCB,Nevada Cannabis Compliance Board,Adult-Use,NV,,,,,MMOF VEGAS RETAIL INC,,,,,,,,,2023-12-11,,,,,,,,,,
04054268305722414317,Cheyenne Medical Elko Rd267 Llc,RD267,Retail Dispensary,Active,Elko,04054268305722414317,NVCCB,Nevada Cannabis Compliance Board,Adult-Use,NV,,,,,CHEYENNE MEDICAL ELKO RD267 LLC,,,,,,,,,2023-12-11,,,,,,,,,,
04186481440349513323,Livfree Wellness Llc A Nevada Limited Liability Company,D017,Medical Dispensary,Active,Washoe,04186481440349513323,NVCCB,Nevada Cannabis Compliance Board,Adult-Use,NV,,,,,LIVFREE WELLNESS LLC A NEVADA LIMITED LIABILITY COMPANY,,,,,,,,,2023-12-11,,,,,,,,,,
04387494772690441219,Sensible Edibles Llc,P076,Medical Production,Non-Operational,Washoe,04387494772690441219,NVCCB,Nevada Cannabis Compliance Board,Adult-Use,NV,,,,,SENSIBLE EDIBLES LLC,,,,,,,,,2023-12-11,,,,,,,,,,
04624179906329237338,Acres Dispensary Llc,D208,Medical Dispensary,Active,White Pine,04624179906329237338,NVCCB,Nevada Cannabis Compliance Board,Adult-Use,NV,,,,,ACRES DISPENSARY LLC,,,,,,,,,2023-12-11,,,,,,,,,,
04816345591321160151,Twelve Twelve Llc,C119,Medical Cultivation,Active,Clark,04816345591321160151,NVCCB,Nevada Cannabis Compliance Board,Adult-Use,NV,,,,,TWELVE TWELVE LLC,,,,,,,,,2023-12-11,,,,,,,,,,
04850532340024898157,Range Brands Llc,RC057,Retail Cultivation,Non-Operational,Clark,04850532340024898157,NVCCB,Nevada Cannabis Compliance Board,Adult-Use,NV,,,,,RANGE BRANDS LLC,,,,,,,,,2023-12-11,,,,,,,,,,
05190167691119502478,Mm Development Company Inc,RP002,Retail Production,Active,Clark,05190167691119502478,NVCCB,Nevada Cannabis Compliance Board,Adult-Use,NV,,,,,MM DEVELOPMENT COMPANY INC,,,,,,,,,2023-12-11,,,,,,,,,,
05301281568195858289,Natures Kindest Llc,C008,Medical Cultivation,Non-Operational,Clark,05301281568195858289,NVCCB,Nevada Cannabis Compliance Board,Adult-Use,NV,,,,,NATURES KINDEST LLC,,,,,,,,,2023-12-11,,,,,,,,,,
05344592693159836450,Washoe Dispensary Llc,D057,Medical Dispensary,Active,Washoe,05344592693159836450,NVCCB,Nevada Cannabis Compliance Board,Adult-Use,NV,,,,,WASHOE DISPENSARY LLC,,,,,,,,,2023-12-11,,,,,,,,,,
05439548708602328194,Mbnv Gt Llc,RP054,Retail Production,Active,Clark,05439548708602328194,NVCCB,Nevada Cannabis Compliance Board,Adult-Use,NV,,,,,MBNV GT LLC,,,,,,,,,2023-12-11,,,,,,,,,,
05897059682265869611,Rural Remedies Llc,P128,Medical Production,Active,Lander,05897059682265869611,NVCCB,Nevada Cannabis Compliance Board,Adult-Use,NV,,,,,RURAL REMEDIES LLC,,,,,,,,,2023-12-11,,,,,,,,,,
05913170220874047306,Euphoria Wellness Llc,RC072,Retail Cultivation,Active,Clark,05913170220874047306,NVCCB,Nevada Cannabis Compliance Board,Adult-Use,NV,,,,,EUPHORIA WELLNESS LLC,,,,,,,,,2023-12-11,,,,,,,,,,
06073658143877524618,Greenmart Of Nevada Llc,RC038,Retail Cultivation,Non-Operational,Clark,06073658143877524618,NVCCB,Nevada Cannabis Compliance Board,Adult-Use,NV,,,,,GREENMART OF NEVADA LLC,,,,,,,,,2023-12-11,,,,,,,,,,
06113068616119421027,Wellness Orchards Of Nevada Llc,C062,Medical Cultivation,Active,Nye,06113068616119421027,NVCCB,Nevada Cannabis Compliance Board,Adult-Use,NV,,,,,WELLNESS ORCHARDS OF NEVADA LLC,,,,,,,,,2023-12-11,,,,,,,,,,
06179175334379207017,Pure Tonic Concentrates Llc,P067,Medical Production,Active,Washoe,06179175334379207017,NVCCB,Nevada Cannabis Compliance Board,Adult-Use,NV,,,,,PURE TONIC CONCENTRATES LLC,,,,,,,,,2023-12-11,,,,,,,,,,
06179984770837282920,Silver State Cultivation Llc,RP001,Retail Production,Active,Washoe,06179984770837282920,NVCCB,Nevada Cannabis Compliance Board,Adult-Use,NV,,,,,SILVER STATE CULTIVATION LLC,,,,,,,,,2023-12-11,,,,,,,,,,
06231235891852444163,Emk Hydrogarden Llc,C171,Medical Cultivation,Active,Clark,06231235891852444163,NVCCB,Nevada Cannabis Compliance Board,Adult-Use,NV,,,,,EMK HYDROGARDEN LLC,,,,,,,,,2023-12-11,,,,,,,,,,
06347213896566425206,Integral Associates Llc,RD044,Retail Dispensary,Active,Clark,06347213896566425206,NVCCB,Nevada Cannabis Compliance Board,Adult-Use,NV,,,,,INTEGRAL ASSOCIATES LLC,,,,,,,,,2023-12-11,,,,,,,,,,
06631653288563505740,800 Stillwell Llc,C089,Medical Cultivation,Active,Washoe,06631653288563505740,NVCCB,Nevada Cannabis Compliance Board,Adult-Use,NV,,,,,800 STILLWELL LLC,,,,,,,,,2023-12-11,,,,,,,,,,
06856901757246284891,V6E Holdings Inc,RC034,Retail Cultivation,Non-Operational,Clark,06856901757246284891,NVCCB,Nevada Cannabis Compliance Board,Adult-Use,NV,,,,,V6E HOLDINGS INC,,,,,,,,,2023-12-11,,,,,,,,,,
06883809308574997017,Ftlb Llc,P140,Medical Production,Active,Esmeralda,06883809308574997017,NVCCB,Nevada Cannabis Compliance Board,Adult-Use,NV,,,,,FTLB LLC,,,,,,,,,2023-12-11,,,,,,,,,,
07154062603138326198,Healthcare Options For Patients Enterprises Llc,RC129,Retail Cultivation,Active,Clark,07154062603138326198,NVCCB,Nevada Cannabis Compliance Board,Adult-Use,NV,,,,,HEALTHCARE OPTIONS FOR PATIENTS ENTERPRISES LLC,,,,,,,,,2023-12-11,,,,,,,,,,
07214141470882695436,Lvig Holdings Llc,RC158,Retail Cultivation,Active,Clark,07214141470882695436,NVCCB,Nevada Cannabis Compliance Board,Adult-Use,NV,,,,,LVIG HOLDINGS LLC,,,,,,,,,2023-12-11,,,,,,,,,,
07614508649058338463,Greenleaf Production Inc,RP041,Retail Production,Active,Washoe,07614508649058338463,NVCCB,Nevada Cannabis Compliance Board,Adult-Use,NV,,,,,GREENLEAF PRODUCTION INC,,,,,,,,,2023-12-11,,,,,,,,,,
07617999699850287687,Carson City Agency Solutions Llc,T017,Retail Distributor,Active,Carson City,07617999699850287687,NVCCB,Nevada Cannabis Compliance Board,Adult-Use,NV,,,,,CARSON CITY AGENCY SOLUTIONS LLC,,,,,,,,,2023-12-11,,,,,,,,,,
07640679102865450621,Bayou Buds Llc,C106,Medical Cultivation,Non-Operational,Clark,07640679102865450621,NVCCB,Nevada Cannabis Compliance Board,Adult-Use,NV,,,,,BAYOU BUDS LLC,,,,,,,,,2023-12-11,,,,,,,,,,
07716430045859597948,Clear River Llc,RD231,Retail Dispensary,Active,Clark,07716430045859597948,NVCCB,Nevada Cannabis Compliance Board,Adult-Use,NV,,,,,CLEAR RIVER LLC,,,,,,,,,2023-12-11,,,,,,,,,,
07793712489874595708,Mj Distributing P133 Llc,RP133,Retail Production,Active,Nye,07793712489874595708,NVCCB,Nevada Cannabis Compliance Board,Adult-Use,NV,,,,,MJ DISTRIBUTING P133 LLC,,,,,,,,,2023-12-11,,,,,,,,,,
07912568590104527553,Mmnv2 Holdings I Llc,RC025,Retail Cultivation,Active,Washoe,07912568590104527553,NVCCB,Nevada Cannabis Compliance Board,Adult-Use,NV,,,,,MMNV2 HOLDINGS I LLC,,,,,,,,,2023-12-11,,,,,,,,,,
08162604527632298682,Csnlv Llc,RC180,Retail Cultivation,Active,Clark,08162604527632298682,NVCCB,Nevada Cannabis Compliance Board,Adult-Use,NV,,,,,CSNLV LLC,,,,,,,,,2023-12-11,,,,,,,,,,
08300436904530710396,Nv Green Inc,RP004,Retail Production,Active,Washoe,08300436904530710396,NVCCB,Nevada Cannabis Compliance Board,Adult-Use,NV,,,,,NV GREEN INC,,,,,,,,,2023-12-11,,,,,,,,,,
08397135597394271337,West118 Investments Llc,P125,Medical Production,Active,Lyon,08397135597394271337,NVCCB,Nevada Cannabis Compliance Board,Adult-Use,NV,,,,,WEST118 INVESTMENTS LLC,,,,,,,,,2023-12-11,,,,,,,,,,
08487688474890863372,Wscc Inc,RD149,Retail Dispensary,Active,Carson City,08487688474890863372,NVCCB,Nevada Cannabis Compliance Board,Adult-Use,NV,,,,,WSCC INC,,,,,,,,,2023-12-11,,,,,,,,,,
08542800532746610043,Ssac Corporation,RP050,Retail Production,Active,Washoe,08542800532746610043,NVCCB,Nevada Cannabis Compliance Board,Adult-Use,NV,,,,,SSAC CORPORATION,,,,,,,,,2023-12-11,,,,,,,,,,
08705048067480042809,Mj Distributing P133 Llc,P133,Medical Production,Active,Nye,08705048067480042809,NVCCB,Nevada Cannabis Compliance Board,Adult-Use,NV,,,,,MJ DISTRIBUTING P133 LLC,,,,,,,,,2023-12-11,,,,,,,,,,
08792343110299625005,Livfree Wellness Llc A Nevada Limited Liability Company,RD050,Retail Dispensary,Active,Clark,08792343110299625005,NVCCB,Nevada Cannabis Compliance Board,Adult-Use,NV,,,,,LIVFREE WELLNESS LLC A NEVADA LIMITED LIABILITY COMPANY,,,,,,,,,2023-12-11,,,,,,,,,,
09127772901374202190,Nuleaf Sparks Cultivation Llc,RC064,Retail Cultivation,Active,Washoe,09127772901374202190,NVCCB,Nevada Cannabis Compliance Board,Adult-Use,NV,,,,,NULEAF SPARKS CULTIVATION LLC,,,,,,,,,2023-12-11,,,,,,,,,,
09187693713312678064,Dec Ops Nv Llc,C010,Medical Cultivation,Active,Clark,09187693713312678064,NVCCB,Nevada Cannabis Compliance Board,Adult-Use,NV,,,,,DEC OPS NV LLC,,,,,,,,,2023-12-11,,,,,,,,,,
09259278323384314999,Greenleaf Enterprises Inc,RC050,Retail Cultivation,Active,Washoe,09259278323384314999,NVCCB,Nevada Cannabis Compliance Board,Adult-Use,NV,,,,,GREENLEAF ENTERPRISES INC,,,,,,,,,2023-12-11,,,,,,,,,,
09271842370730937488,Essence Henderson Llc,RD345,Retail Dispensary,Active,Clark,09271842370730937488,NVCCB,Nevada Cannabis Compliance Board,Adult-Use,NV,,,,,ESSENCE HENDERSON LLC,,,,,,,,,2023-12-11,,,,,,,,,,
09485024341050013930,Rombough Real Estate Inc,C068,Medical Cultivation,Active,Clark,09485024341050013930,NVCCB,Nevada Cannabis Compliance Board,Adult-Use,NV,,,,,ROMBOUGH REAL ESTATE INC,,,,,,,,,2023-12-11,,,,,,,,,,
09514149227211118967,Desert Aire Wellness Llc,D169,Medical Dispensary,Active,Clark,09514149227211118967,NVCCB,Nevada Cannabis Compliance Board,Adult-Use,NV,,,,,DESERT AIRE WELLNESS LLC,,,,,,,,,2023-12-11,,,,,,,,,,
10157851668078035933,High Sierra Holistics Llc,RC108,Retail Cultivation,Active,Washoe,10157851668078035933,NVCCB,Nevada Cannabis Compliance Board,Adult-Use,NV,,,,,HIGH SIERRA HOLISTICS LLC,,,,,,,,,2023-12-11,,,,,,,,,,
10197329605365016654,Integral Associates Llc,D044,Medical Dispensary,Active,Clark,10197329605365016654,NVCCB,Nevada Cannabis Compliance Board,Adult-Use,NV,,,,,INTEGRAL ASSOCIATES LLC,,,,,,,,,2023-12-11,,,,,,,,,,
10204272765771786596,Greenway Health Community Llc,RP097,Retail Production,Active,Clark,10204272765771786596,NVCCB,Nevada Cannabis Compliance Board,Adult-Use,NV,,,,,GREENWAY HEALTH COMMUNITY LLC,,,,,,,,,2023-12-11,,,,,,,,,,
10340862547948454764,Naturex Llc,RD081,Retail Dispensary,Active,Clark,10340862547948454764,NVCCB,Nevada Cannabis Compliance Board,Adult-Use,NV,,,,,NATUREX LLC,,,,,,,,,2023-12-11,,,,,,,,,,
10390116224938552959,Unifern Llc,RP116,Retail Production,Active,Clark,10390116224938552959,NVCCB,Nevada Cannabis Compliance Board,Adult-Use,NV,,,,,UNIFERN LLC,,,,,,,,,2023-12-11,,,,,,,,,,
10434823336431109693,Cheyenne Medical Llc,D028,Medical Dispensary,Active,Clark,10434823336431109693,NVCCB,Nevada Cannabis Compliance Board,Adult-Use,NV,,,,,CHEYENNE MEDICAL LLC,,,,,,,,,2023-12-11,,,,,,,,,,
10562198318597452248,Wscc Inc,T091,Retail Distributor,Active,Washoe,10562198318597452248,NVCCB,Nevada Cannabis Compliance Board,Adult-Use,NV,,,,,WSCC INC,,,,,,,,,2023-12-11,,,,,,,,,,
10749329530975088571,Cr/P Las Vegas Llc,D059,Medical Dispensary,Active,Clark,10749329530975088571,NVCCB,Nevada Cannabis Compliance Board,Adult-Use,NV,,,,,CR/P LAS VEGAS LLC,,,,,,,,,2023-12-11,,,,,,,,,,
10899841596112495650,Mm R & D Llc,D098,Medical Dispensary,Active,Churchill,10899841596112495650,NVCCB,Nevada Cannabis Compliance Board,Adult-Use,NV,,,,,MM R & D LLC,,,,,,,,,2023-12-11,,,,,,,,,,
10982097214978528659,Cn Licensco Iii Inc,RC090,Retail Cultivation,Active,Clark,10982097214978528659,NVCCB,Nevada Cannabis Compliance Board,Adult-Use,NV,,,,,CN LICENSCO III INC,,,,,,,,,2023-12-11,,,,,,,,,,
11023162879454781073,Unifern Llc,P116,Medical Production,Active,Clark,11023162879454781073,NVCCB,Nevada Cannabis Compliance Board,Adult-Use,NV,,,,,UNIFERN LLC,,,,,,,,,2023-12-11,,,,,,,,,,
11058209030610809158,Acres Medical Llc,RD011,Retail Dispensary,Active,Clark,11058209030610809158,NVCCB,Nevada Cannabis Compliance Board,Adult-Use,NV,,,,,ACRES MEDICAL LLC,,,,,,,,,2023-12-11,,,,,,,,,,
11272007909136750453,Nye Farm Tech Ltd,RC169,Retail Cultivation,Active,Nye,11272007909136750453,NVCCB,Nevada Cannabis Compliance Board,Adult-Use,NV,,,,,NYE FARM TECH LTD,,,,,,,,,2023-12-11,,,,,,,,,,
11443721033142554219,Silver State Relief Llc,RD002,Retail Dispensary,Active,Washoe,11443721033142554219,NVCCB,Nevada Cannabis Compliance Board,Adult-Use,NV,,,,,SILVER STATE RELIEF LLC,,,,,,,,,2023-12-11,,,,,,,,,,
11579180192771873986,Lvop Holdings Llc,P102,Medical Production,Active,Clark,11579180192771873986,NVCCB,Nevada Cannabis Compliance Board,Adult-Use,NV,,,,,LVOP HOLDINGS LLC,,,,,,,,,2023-12-11,,,,,,,,,,
11679863451946958412,Greenmart Of Nevada Nlv Llc,RD504,Retail Dispensary,Active,Clark,11679863451946958412,NVCCB,Nevada Cannabis Compliance Board,Adult-Use,NV,,,,,GREENMART OF NEVADA NLV LLC,,,,,,,,,2023-12-11,,,,,,,,,,
11743039826058438262,Mbnv Investments Llc,C078,Medical Cultivation,Active,Clark,11743039826058438262,NVCCB,Nevada Cannabis Compliance Board,Adult-Use,NV,,,,,MBNV INVESTMENTS LLC,,,,,,,,,2023-12-11,,,,,,,,,,
12078072637090304628,Tahoe-Reno Extractions Llc,P060,Medical Production,Active,Washoe,12078072637090304628,NVCCB,Nevada Cannabis Compliance Board,Adult-Use,NV,,,,,TAHOE-RENO EXTRACTIONS LLC,,,,,,,,,2023-12-11,,,,,,,,,,
12860017177223316229,Gb Sciences Nevada Llc,RC019,Retail Cultivation,Active,Clark,12860017177223316229,NVCCB,Nevada Cannabis Compliance Board,Adult-Use,NV,,,,,GB SCIENCES NEVADA LLC,,,,,,,,,2023-12-11,,,,,,,,,,
13109494552101077982,Natural Medicine Llc,RP039,Retail Production,Active,Clark,13109494552101077982,NVCCB,Nevada Cannabis Compliance Board,Adult-Use,NV,,,,,NATURAL MEDICINE LLC,,,,,,,,,2023-12-11,,,,,,,,,,
13244303247046007918,Lemon Aide Llc,RD090,Retail Dispensary,Active,Washoe,13244303247046007918,NVCCB,Nevada Cannabis Compliance Board,Adult-Use,NV,,,,,LEMON AIDE LLC,,,,,,,,,2023-12-11,,,,,,,,,,
13351121953140240442,Mm Development Company Inc,RP034,Retail Production,Active,Clark,13351121953140240442,NVCCB,Nevada Cannabis Compliance Board,Adult-Use,NV,,,,,MM DEVELOPMENT COMPANY INC,,,,,,,,,2023-12-11,,,,,,,,,,
13780932467124103722,Tgig Llc,D045,Medical Dispensary,Active,Clark,13780932467124103722,NVCCB,Nevada Cannabis Compliance Board,Adult-Use,NV,,,,,TGIG LLC,,,,,,,,,2023-12-11,,,,,,,,,,
13858476118270787452,Urban Hills Llc,RC127,Retail Cultivation,Active,Washoe,13858476118270787452,NVCCB,Nevada Cannabis Compliance Board,Adult-Use,NV,,,,,URBAN HILLS LLC,,,,,,,,,2023-12-11,,,,,,,,,,
13932286413907255774,Nevada Organic Remedies Llc,RD217,Retail Dispensary,Active,Clark,13932286413907255774,NVCCB,Nevada Cannabis Compliance Board,Adult-Use,NV,,,,,NEVADA ORGANIC REMEDIES LLC,,,,,,,,,2023-12-11,,,,,,,,,,
14023272993797946504,Lone Mountain Partners Llc,T048,Retail Distributor,Active,Clark,14023272993797946504,NVCCB,Nevada Cannabis Compliance Board,Adult-Use,NV,,,,,LONE MOUNTAIN PARTNERS LLC,,,,,,,,,2023-12-11,,,,,,,,,,
14098201691938701085,Nv 3480 Partners Llc,C058,Medical Cultivation,Non-Operational,Clark,14098201691938701085,NVCCB,Nevada Cannabis Compliance Board,Adult-Use,NV,,,,,NV 3480 PARTNERS LLC,,,,,,,,,2023-12-11,,,,,,,,,,
14194022211467850983,Commerce Park Medical Cactus Rd329 Llc,RD329,Retail Dispensary,Active,Clark,14194022211467850983,NVCCB,Nevada Cannabis Compliance Board,Adult-Use,NV,,,,,COMMERCE PARK MEDICAL CACTUS RD329 LLC,,,,,,,,,2023-12-11,,,,,,,,,,
14387723470413703993,Gravitas Nevada Ltd,T033,Retail Distributor,Non-Operational,Clark,14387723470413703993,NVCCB,Nevada Cannabis Compliance Board,Adult-Use,NV,,,,,GRAVITAS NEVADA LTD,,,,,,,,,2023-12-11,,,,,,,,,,
14394207930615021142,Nevada Pure Llc,C026,Medical Cultivation,Active,Clark,14394207930615021142,NVCCB,Nevada Cannabis Compliance Board,Adult-Use,NV,,,,,NEVADA PURE LLC,,,,,,,,,2023-12-11,,,,,,,,,,
14501073281263752947,Cclv Manufacturing Center Llc,RC135,Retail Cultivation,Active,Clark,14501073281263752947,NVCCB,Nevada Cannabis Compliance Board,Adult-Use,NV,,,,,CCLV MANUFACTURING CENTER LLC,,,,,,,,,2023-12-11,,,,,,,,,,
14504799651148975256,Livfree Wellness Llc A Nevada Limited Liability Company,T093,Retail Distributor,Active,Clark,14504799651148975256,NVCCB,Nevada Cannabis Compliance Board,Adult-Use,NV,,,,,LIVFREE WELLNESS LLC A NEVADA LIMITED LIABILITY COMPANY,,,,,,,,,2023-12-11,,,,,,,,,,
14809817671653404105,Nye Farm Tech Ltd,C169,Medical Cultivation,Active,Nye,14809817671653404105,NVCCB,Nevada Cannabis Compliance Board,Adult-Use,NV,,,,,NYE FARM TECH LTD,,,,,,,,,2023-12-11,,,,,,,,,,
14864731709040080608,Tryke Companies Reno Llc,RD040,Retail Dispensary,Active,Washoe,14864731709040080608,NVCCB,Nevada Cannabis Compliance Board,Adult-Use,NV,,,,,TRYKE COMPANIES RENO LLC,,,,,,,,,2023-12-11,,,,,,,,,,
14978597976174950388,Kayas Kitchen Llc,P100,Medical Production,Active,Washoe,14978597976174950388,NVCCB,Nevada Cannabis Compliance Board,Adult-Use,NV,,,,,KAYAS KITCHEN LLC,,,,,,,,,2023-12-11,,,,,,,,,,
15066280419696569275,Tahoe Hydroponics Company Llc,RC109,Retail Cultivation,Active,Carson City,15066280419696569275,NVCCB,Nevada Cannabis Compliance Board,Adult-Use,NV,,,,,TAHOE HYDROPONICS COMPANY LLC,,,,,,,,,2023-12-11,,,,,,,,,,
15398675340409721326,Div Holdings Llc,RD192,Retail Dispensary,Active,Clark,15398675340409721326,NVCCB,Nevada Cannabis Compliance Board,Adult-Use,NV,,,,,DIV HOLDINGS LLC,,,,,,,,,2023-12-11,,,,,,,,,,
15464995890053145809,Essence Tropicana Llc,RD316,Retail Dispensary,Active,Clark,15464995890053145809,NVCCB,Nevada Cannabis Compliance Board,Adult-Use,NV,,,,,ESSENCE TROPICANA LLC,,,,,,,,,2023-12-11,,,,,,,,,,
15500198984289437898,H & K Growers Corp,C197,Medical Cultivation,Active,Elko,15500198984289437898,NVCCB,Nevada Cannabis Compliance Board,Adult-Use,NV,,,,,H & K GROWERS CORP,,,,,,,,,2023-12-11,,,,,,,,,,
15555721623971178599,Lvop Holdings Llc,RP102,Retail Production,Active,Clark,15555721623971178599,NVCCB,Nevada Cannabis Compliance Board,Adult-Use,NV,,,,,LVOP HOLDINGS LLC,,,,,,,,,2023-12-11,,,,,,,,,,
15653865226040172005,Clear River Llc,D087,Medical Dispensary,Active,Clark,15653865226040172005,NVCCB,Nevada Cannabis Compliance Board,Adult-Use,NV,,,,,CLEAR RIVER LLC,,,,,,,,,2023-12-11,,,,,,,,,,
15677890458261123314,Nuleaf Sparks Cultivation Llc,C064,Medical Cultivation,Active,Washoe,15677890458261123314,NVCCB,Nevada Cannabis Compliance Board,Adult-Use,NV,,,,,NULEAF SPARKS CULTIVATION LLC,,,,,,,,,2023-12-11,,,,,,,,,,
15683084663955616276,Qualcan Llc,RP032,Retail Production,Active,Clark,15683084663955616276,NVCCB,Nevada Cannabis Compliance Board,Adult-Use,NV,,,,,QUALCAN LLC,,,,,,,,,2023-12-11,,,,,,,,,,
15746787020481348783,Tgig Llc,C041,Medical Cultivation,Non-Operational,Clark,15746787020481348783,NVCCB,Nevada Cannabis Compliance Board,Adult-Use,NV,,,,,TGIG LLC,,,,,,,,,2023-12-11,,,,,,,,,,
16124351110339961847,Greenleaf Enterprises Inc,T037,Retail Distributor,Active,Washoe,16124351110339961847,NVCCB,Nevada Cannabis Compliance Board,Adult-Use,NV,,,,,GREENLEAF ENTERPRISES INC,,,,,,,,,2023-12-11,,,,,,,,,,
16492437939011745857,Gravitas Nevada Ltd,P013,Medical Production,Active,Clark,16492437939011745857,NVCCB,Nevada Cannabis Compliance Board,Adult-Use,NV,,,,,GRAVITAS NEVADA LTD,,,,,,,,,2023-12-11,,,,,,,,,,
17022702465294402258,Ncmm Llc,C159,Medical Cultivation,Active,Nye,17022702465294402258,NVCCB,Nevada Cannabis Compliance Board,Adult-Use,NV,,,,,NCMM LLC,,,,,,,,,2023-12-11,,,,,,,,,,
17119152726833043718,3480 Hacienda Partners Llc,P035,Medical Production,Active,Clark,17119152726833043718,NVCCB,Nevada Cannabis Compliance Board,Adult-Use,NV,,,,,3480 HACIENDA PARTNERS LLC,,,,,,,,,2023-12-11,,,,,,,,,,
17195315836376427127,Lvig Holdings Llc,C158,Medical Cultivation,Active,Clark,17195315836376427127,NVCCB,Nevada Cannabis Compliance Board,Adult-Use,NV,,,,,LVIG HOLDINGS LLC,,,,,,,,,2023-12-11,,,,,,,,,,
17334914845519714402,Ssac Corporation,RC077,Retail Cultivation,Active,Washoe,17334914845519714402,NVCCB,Nevada Cannabis Compliance Board,Adult-Use,NV,,,,,SSAC CORPORATION,,,,,,,,,2023-12-11,,,,,,,,,,
17355802525954961447,Gti Nevada Llc,RC088,Retail Cultivation,Active,Carson City,17355802525954961447,NVCCB,Nevada Cannabis Compliance Board,Adult-Use,NV,,,,,GTI NEVADA LLC,,,,,,,,,2023-12-11,,,,,,,,,,
17456701400872901775,Deep Roots Harvest Inc.,RP088,Retail Production,Active,Clark,17456701400872901775,NVCCB,Nevada Cannabis Compliance Board,Adult-Use,NV,,,,,DEEP ROOTS HARVEST INC.,,,,,,,,,2023-12-11,,,,,,,,,,
17467707413107632038,Libra Wellness Center Llc,RC149,Retail Cultivation,Active,Clark,17467707413107632038,NVCCB,Nevada Cannabis Compliance Board,Adult-Use,NV,,,,,LIBRA WELLNESS CENTER LLC,,,,,,,,,2023-12-11,,,,,,,,,,
17755737390295686365,Mm Development Company Inc,RC067,Retail Cultivation,Active,Clark,17755737390295686365,NVCCB,Nevada Cannabis Compliance Board,Adult-Use,NV,,,,,MM DEVELOPMENT COMPANY INC,,,,,,,,,2023-12-11,,,,,,,,,,
17757785646300938968,Blossum Group,RP033,Retail Production,Active,Clark,17757785646300938968,NVCCB,Nevada Cannabis Compliance Board,Adult-Use,NV,,,,,BLOSSUM GROUP,,,,,,,,,2023-12-11,,,,,,,,,,
17870088520850390544,Mmnv2 Holdings I Llc,C025,Medical Cultivation,Active,Washoe,17870088520850390544,NVCCB,Nevada Cannabis Compliance Board,Adult-Use,NV,,,,,MMNV2 HOLDINGS I LLC,,,,,,,,,2023-12-11,,,,,,,,,,
17893663152257070537,Lander Leaf Growers Llc,RC198,Retail Cultivation,Active,Lander,17893663152257070537,NVCCB,Nevada Cannabis Compliance Board,Adult-Use,NV,,,,,LANDER LEAF GROWERS LLC,,,,,,,,,2023-12-11,,,,,,,,,,
17968777460576775552,Mm Development Company Inc,P034,Medical Production,Non-Operational,Clark,17968777460576775552,NVCCB,Nevada Cannabis Compliance Board,Adult-Use,NV,,,,,MM DEVELOPMENT COMPANY INC,,,,,,,,,2023-12-11,,,,,,,,,,
18482416987753786163,Essence Henderson Llc,RD346,Retail Dispensary,Active,Clark,18482416987753786163,NVCCB,Nevada Cannabis Compliance Board,Adult-Use,NV,,,,,ESSENCE HENDERSON LLC,,,,,,,,,2023-12-11,,,,,,,,,,
18668881888004789228,Livfree Wellness Llc A Nevada Limited Liability Company,P026,Medical Production,Non-Operational,Washoe,18668881888004789228,NVCCB,Nevada Cannabis Compliance Board,Adult-Use,NV,,,,,LIVFREE WELLNESS LLC A NEVADA LIMITED LIABILITY COMPANY,,,,,,,,,2023-12-11,,,,,,,,,,
18897864143987354009,Ymy Ventures Llc,C051,Medical Cultivation,Active,Clark,18897864143987354009,NVCCB,Nevada Cannabis Compliance Board,Adult-Use,NV,,,,,YMY VENTURES LLC,,,,,,,,,2023-12-11,,,,,,,,,,
18900369179730863251,Gti Nevada Llc,D099,Medical Dispensary,Active,Carson City,18900369179730863251,NVCCB,Nevada Cannabis Compliance Board,Adult-Use,NV,,,,,GTI NEVADA LLC,,,,,,,,,2023-12-11,,,,,,,,,,
19066445888733574338,Mj Distributing C201 Llc,RC201,Retail Cultivation,Active,Lincoln,19066445888733574338,NVCCB,Nevada Cannabis Compliance Board,Adult-Use,NV,,,,,MJ DISTRIBUTING C201 LLC,,,,,,,,,2023-12-11,,,,,,,,,,
19153202036386051786,Silver Sage Wellness Llc,RC042,Retail Cultivation,Active,Clark,19153202036386051786,NVCCB,Nevada Cannabis Compliance Board,Adult-Use,NV,,,,,SILVER SAGE WELLNESS LLC,,,,,,,,,2023-12-11,,,,,,,,,,
19179415095565657497,Nevada Holistic Medicine Llc,D053,Medical Dispensary,Active,Clark,19179415095565657497,NVCCB,Nevada Cannabis Compliance Board,Adult-Use,NV,,,,,NEVADA HOLISTIC MEDICINE LLC,,,,,,,,,2023-12-11,,,,,,,,,,
19341969601994942557,Holistic Approach Cultivation Llc,RC103,Retail Cultivation,Active,Washoe,19341969601994942557,NVCCB,Nevada Cannabis Compliance Board,Adult-Use,NV,,,,,HOLISTIC APPROACH CULTIVATION LLC,,,,,,,,,2023-12-11,,,,,,,,,,
19429852834178744891,Kindibles Llc,P007,Medical Production,Non-Operational,Clark,19429852834178744891,NVCCB,Nevada Cannabis Compliance Board,Adult-Use,NV,,,,,KINDIBLES LLC,,,,,,,,,2023-12-11,,,,,,,,,,
19538509146903694250,Euphoria Wellness Llc,P089,Medical Production,Active,Clark,19538509146903694250,NVCCB,Nevada Cannabis Compliance Board,Adult-Use,NV,,,,,EUPHORIA WELLNESS LLC,,,,,,,,,2023-12-11,,,,,,,,,,
19619496668049413129,Tgig Llc,RD045,Retail Dispensary,Active,Clark,19619496668049413129,NVCCB,Nevada Cannabis Compliance Board,Adult-Use,NV,,,,,TGIG LLC,,,,,,,,,2023-12-11,,,,,,,,,,
19737703505385233285,Southern Nevada Growers Llc,RC139,Retail Cultivation,Active,Clark,19737703505385233285,NVCCB,Nevada Cannabis Compliance Board,Adult-Use,NV,,,,,SOUTHERN NEVADA GROWERS LLC,,,,,,,,,2023-12-11,,,,,,,,,,
19837237559595590745,Southern Nevada Growers Llc,P090,Medical Production,Active,Clark,19837237559595590745,NVCCB,Nevada Cannabis Compliance Board,Adult-Use,NV,,,,,SOUTHERN NEVADA GROWERS LLC,,,,,,,,,2023-12-11,,,,,,,,,,
19873661470522818141,Essence Henderson Llc,RD042,Retail Dispensary,Active,Clark,19873661470522818141,NVCCB,Nevada Cannabis Compliance Board,Adult-Use,NV,,,,,ESSENCE HENDERSON LLC,,,,,,,,,2023-12-11,,,,,,,,,,
19904908334190096788,Diversified Modalities Marketing Ltd,C152,Medical Cultivation,Non-Operational,Clark,19904908334190096788,NVCCB,Nevada Cannabis Compliance Board,Adult-Use,NV,,,,,DIVERSIFIED MODALITIES MARKETING LTD,,,,,,,,,2023-12-11,,,,,,,,,,
20308219527948758553,Fidelis Holdings Llc,D159,Medical Dispensary,Active,Clark,20308219527948758553,NVCCB,Nevada Cannabis Compliance Board,Adult-Use,NV,,,,,FIDELIS HOLDINGS LLC,,,,,,,,,2023-12-11,,,,,,,,,,
20833618692863727137,Nevada Medical Group Llc,RP044,Retail Production,Active,Clark,20833618692863727137,NVCCB,Nevada Cannabis Compliance Board,Adult-Use,NV,,,,,NEVADA MEDICAL GROUP LLC,,,,,,,,,2023-12-11,,,,,,,,,,
20856188563796491040,Tahoe-Reno Botanicals Llc,RC092,Retail Cultivation,Active,Washoe,20856188563796491040,NVCCB,Nevada Cannabis Compliance Board,Adult-Use,NV,,,,,TAHOE-RENO BOTANICALS LLC,,,,,,,,,2023-12-11,,,,,,,,,,
21012999822242883351,Tryke Companies So Nv Llc,RD033,Retail Dispensary,Active,Clark,21012999822242883351,NVCCB,Nevada Cannabis Compliance Board,Adult-Use,NV,,,,,TRYKE COMPANIES SO NV LLC,,,,,,,,,2023-12-11,,,,,,,,,,
21220934547246154491,Div Holdings Llc,D192,Medical Dispensary,Active,Clark,21220934547246154491,NVCCB,Nevada Cannabis Compliance Board,Adult-Use,NV,,,,,DIV HOLDINGS LLC,,,,,,,,,2023-12-11,,,,,,,,,,
21487241740532295847,Carson City Agency Solutions Llc,P070,Medical Production,Active,Carson City,21487241740532295847,NVCCB,Nevada Cannabis Compliance Board,Adult-Use,NV,,,,,CARSON CITY AGENCY SOLUTIONS LLC,,,,,,,,,2023-12-11,,,,,,,,,,
21647298952036123142,Gbs Nevada Partners Llc,RD015,Retail Dispensary,Active,Clark,21647298952036123142,NVCCB,Nevada Cannabis Compliance Board,Adult-Use,NV,,,,,GBS NEVADA PARTNERS LLC,,,,,,,,,2023-12-11,,,,,,,,,,
21781007495292162943,Focus Distribution Llc,T096,Retail Distributor,Active,Clark,21781007495292162943,NVCCB,Nevada Cannabis Compliance Board,Adult-Use,NV,,,,,FOCUS DISTRIBUTION LLC,,,,,,,,,2023-12-11,,,,,,,,,,
21879807203001241352,Greenleaf Wellness Inc,D056,Medical Dispensary,Active,Washoe,21879807203001241352,NVCCB,Nevada Cannabis Compliance Board,Adult-Use,NV,,,,,GREENLEAF WELLNESS INC,,,,,,,,,2023-12-11,,,,,,,,,,
22136480884365523283,Ssac Corporation,C077,Medical Cultivation,Active,Washoe,22136480884365523283,NVCCB,Nevada Cannabis Compliance Board,Adult-Use,NV,,,,,SSAC CORPORATION,,,,,,,,,2023-12-11,,,,,,,,,,
22439157467936488598,Wellness & Caregivers Of Nevada Nlv Llc,P049,Medical Production,Active,Clark,22439157467936488598,NVCCB,Nevada Cannabis Compliance Board,Adult-Use,NV,,,,,WELLNESS & CAREGIVERS OF NEVADA NLV LLC,,,,,,,,,2023-12-11,,,,,,,,,,
22495669777279212887,Gravitas Nevada Ltd,C017,Medical Cultivation,Active,Clark,22495669777279212887,NVCCB,Nevada Cannabis Compliance Board,Adult-Use,NV,,,,,GRAVITAS NEVADA LTD,,,,,,,,,2023-12-11,,,,,,,,,,
22741245849235539745,Cn Licensco Iii Inc,RP065,Retail Production,Active,Clark,22741245849235539745,NVCCB,Nevada Cannabis Compliance Board,Adult-Use,NV,,,,,CN LICENSCO III INC,,,,,,,,,2023-12-11,,,,,,,,,,
22879263582681231312,Lone Mountain Partners Llc,C122,Medical Cultivation,Active,Clark,22879263582681231312,NVCCB,Nevada Cannabis Compliance Board,Adult-Use,NV,,,,,LONE MOUNTAIN PARTNERS LLC,,,,,,,,,2023-12-11,,,,,,,,,,
22897076676795690110,Agua Street Llc,RC157,Retail Cultivation,Active,Clark,22897076676795690110,NVCCB,Nevada Cannabis Compliance Board,Adult-Use,NV,,,,,AGUA STREET LLC,,,,,,,,,2023-12-11,,,,,,,,,,
23003643426806888206,Ded Ops Nv Llc,RD010,Retail Dispensary,Active,Clark,23003643426806888206,NVCCB,Nevada Cannabis Compliance Board,Adult-Use,NV,,,,,DED OPS NV LLC,,,,,,,,,2023-12-11,,,,,,,,,,
23270793294513307743,Physis One Llc,C073,Medical Cultivation,Active,Clark,23270793294513307743,NVCCB,Nevada Cannabis Compliance Board,Adult-Use,NV,,,,,PHYSIS ONE LLC,,,,,,,,,2023-12-11,,,,,,,,,,
23318360480667209895,The Cure Company Nv Llc,RC123,Retail Cultivation,Non-Operational,Clark,23318360480667209895,NVCCB,Nevada Cannabis Compliance Board,Adult-Use,NV,,,,,THE CURE COMPANY NV LLC,,,,,,,,,2023-12-11,,,,,,,,,,
23366229281756137118,"Production Series, A Series Of Just Quality Llc",RP085,Retail Production,Active,Clark,23366229281756137118,NVCCB,Nevada Cannabis Compliance Board,Adult-Use,NV,,,,,"Production Series, a series of JUST QUALITY LLC",,,,,,,,,2023-12-11,,,,,,,,,,
23566008586992407306,Greenway Medical Llc,C018,Medical Cultivation,Non-Operational,Clark,23566008586992407306,NVCCB,Nevada Cannabis Compliance Board,Adult-Use,NV,,,,,GREENWAY MEDICAL LLC,,,,,,,,,2023-12-11,,,,,,,,,,
23892404338096908623,Nevada Pure Llc,P015,Medical Production,Active,Clark,23892404338096908623,NVCCB,Nevada Cannabis Compliance Board,Adult-Use,NV,,,,,NEVADA PURE LLC,,,,,,,,,2023-12-11,,,,,,,,,,
23926610187861506378,Good Chemistry Nevada Llc,RC125,Retail Cultivation,Non-Operational,Washoe,23926610187861506378,NVCCB,Nevada Cannabis Compliance Board,Adult-Use,NV,,,,,GOOD CHEMISTRY NEVADA LLC,,,,,,,,,2023-12-11,,,,,,,,,,
24170469501580671157,Pure Tonic Concentrates Llc,RD457,Retail Dispensary,Active,Storey,24170469501580671157,NVCCB,Nevada Cannabis Compliance Board,Adult-Use,NV,,,,,PURE TONIC CONCENTRATES LLC,,,,,,,,,2023-12-11,,,,,,,,,,
24344359150856320396,Inyo Fine Cannabis Dispensary Llc,RD071,Retail Dispensary,Active,Clark,24344359150856320396,NVCCB,Nevada Cannabis Compliance Board,Adult-Use,NV,,,,,INYO FINE CANNABIS DISPENSARY LLC,,,,,,,,,2023-12-11,,,,,,,,,,
24665787413575467233,Zion Gardens Llc,RC173,Retail Cultivation,Active,Clark,24665787413575467233,NVCCB,Nevada Cannabis Compliance Board,Adult-Use,NV,,,,,ZION GARDENS LLC,,,,,,,,,2023-12-11,,,,,,,,,,
24840464563491081056,Southern Nevada Growers Llc,T076,Retail Distributor,Active,Clark,24840464563491081056,NVCCB,Nevada Cannabis Compliance Board,Adult-Use,NV,,,,,SOUTHERN NEVADA GROWERS LLC,,,,,,,,,2023-12-11,,,,,,,,,,
24971144872644043193,Bioneva Innovations Of Carson City Llc,C116,Medical Cultivation,Non-Operational,Carson City,24971144872644043193,NVCCB,Nevada Cannabis Compliance Board,Adult-Use,NV,,,,,BIONEVA INNOVATIONS OF CARSON CITY LLC,,,,,,,,,2023-12-11,,,,,,,,,,
25025985357868237824,Clark Nmsd Llc,D186,Medical Dispensary,Active,Clark,25025985357868237824,NVCCB,Nevada Cannabis Compliance Board,Adult-Use,NV,,,,,CLARK NMSD LLC,,,,,,,,,2023-12-11,,,,,,,,,,
25035613450247647194,Compassionate Team Of Las Vegas Llc,C048,Medical Cultivation,Active,Clark,25035613450247647194,NVCCB,Nevada Cannabis Compliance Board,Adult-Use,NV,,,,,COMPASSIONATE TEAM OF LAS VEGAS LLC,,,,,,,,,2023-12-11,,,,,,,,,,
25048214491375101482,Nevada Holistic Medicine Llc,RC046,Retail Cultivation,Active,Clark,25048214491375101482,NVCCB,Nevada Cannabis Compliance Board,Adult-Use,NV,,,,,NEVADA HOLISTIC MEDICINE LLC,,,,,,,,,2023-12-11,,,,,,,,,,
25343951714103210330,Deep Roots Harvest Inc.,RD397,Retail Dispensary,Active,Clark,25343951714103210330,NVCCB,Nevada Cannabis Compliance Board,Adult-Use,NV,,,,,DEEP ROOTS HARVEST INC.,,,,,,,,,2023-12-11,,,,,,,,,,
25424941582127369099,Tryke Companies Reno Llc,D040,Medical Dispensary,Active,Washoe,25424941582127369099,NVCCB,Nevada Cannabis Compliance Board,Adult-Use,NV,,,,,TRYKE COMPANIES RENO LLC,,,,,,,,,2023-12-11,,,,,,,,,,
25479019250915807897,Trnvc151 Llc,C151,Medical Cultivation,Active,Clark,25479019250915807897,NVCCB,Nevada Cannabis Compliance Board,Adult-Use,NV,,,,,TRNVC151 LLC,,,,,,,,,2023-12-11,,,,,,,,,,
25626267578182121183,Mesa Oils Llc,P073,Medical Production,Active,Clark,25626267578182121183,NVCCB,Nevada Cannabis Compliance Board,Adult-Use,NV,,,,,MESA OILS LLC,,,,,,,,,2023-12-11,,,,,,,,,,
25711824933160438056,Urban Hills Llc,C127,Medical Cultivation,Active,Washoe,25711824933160438056,NVCCB,Nevada Cannabis Compliance Board,Adult-Use,NV,,,,,URBAN HILLS LLC,,,,,,,,,2023-12-11,,,,,,,,,,
25717616427771404236,Polaris Wellness Center Llc,P114,Medical Production,Non-Operational,Clark,25717616427771404236,NVCCB,Nevada Cannabis Compliance Board,Adult-Use,NV,,,,,POLARIS WELLNESS CENTER LLC,,,,,,,,,2023-12-11,,,,,,,,,,
25727587576265739387,Acres Cultivation Llc,C013,Medical Cultivation,Non-Operational,Nye,25727587576265739387,NVCCB,Nevada Cannabis Compliance Board,Adult-Use,NV,,,,,ACRES CULTIVATION LLC,,,,,,,,,2023-12-11,,,,,,,,,,
25729455103203031356,Desert Aire Wellness Llc,RD169,Retail Dispensary,Active,Clark,25729455103203031356,NVCCB,Nevada Cannabis Compliance Board,Adult-Use,NV,,,,,DESERT AIRE WELLNESS LLC,,,,,,,,,2023-12-11,,,,,,,,,,
25747995029047849072,Cn Licensco Iii Inc,P065,Medical Production,Active,Clark,25747995029047849072,NVCCB,Nevada Cannabis Compliance Board,Adult-Use,NV,,,,,CN LICENSCO III INC,,,,,,,,,2023-12-11,,,,,,,,,,
26305992777135829665,The Hempire Company Llc,P120,Medical Production,Suspended,Esmeralda,26305992777135829665,NVCCB,Nevada Cannabis Compliance Board,Adult-Use,NV,,,,,THE HEMPIRE COMPANY LLC,,,,,,,,,2023-12-11,,,,,,,,,,
26350357643788588948,Red Earth Llc,RC012,Retail Cultivation,Active,Clark,26350357643788588948,NVCCB,Nevada Cannabis Compliance Board,Adult-Use,NV,,,,,RED EARTH LLC,,,,,,,,,2023-12-11,,,,,,,,,,
26514826684156254107,Euphoria Wellness Llc,D161,Medical Dispensary,Active,Clark,26514826684156254107,NVCCB,Nevada Cannabis Compliance Board,Adult-Use,NV,,,,,EUPHORIA WELLNESS LLC,,,,,,,,,2023-12-11,,,,,,,,,,
26849340152215972256,Essence Tropicana Llc,RD318,Retail Dispensary,Active,Washoe,26849340152215972256,NVCCB,Nevada Cannabis Compliance Board,Adult-Use,NV,,,,,ESSENCE TROPICANA LLC,,,,,,,,,2023-12-11,,,,,,,,,,
27187373761322173842,Picksy Reno Llc,D106,Medical Dispensary,Active,Washoe,27187373761322173842,NVCCB,Nevada Cannabis Compliance Board,Adult-Use,NV,,,,,PICKSY RENO LLC,,,,,,,,,2023-12-11,,,,,,,,,,
27491416302051455778,Mm Development Company Inc,D006,Medical Dispensary,Non-Operational,Clark,27491416302051455778,NVCCB,Nevada Cannabis Compliance Board,Adult-Use,NV,,,,,MM DEVELOPMENT COMPANY INC,,,,,,,,,2023-12-11,,,,,,,,,,
27764211258972498624,Clear River Llc,RD230,Retail Dispensary,Active,Clark,27764211258972498624,NVCCB,Nevada Cannabis Compliance Board,Adult-Use,NV,,,,,CLEAR RIVER LLC,,,,,,,,,2023-12-11,,,,,,,,,,
27870466259713738680,Fidelis Holdings Llc,RC132,Retail Cultivation,Active,Clark,27870466259713738680,NVCCB,Nevada Cannabis Compliance Board,Adult-Use,NV,,,,,FIDELIS HOLDINGS LLC,,,,,,,,,2023-12-11,,,,,,,,,,
27912691256158860598,Jdw Nevada Llc,C066,Medical Cultivation,Non-Operational,Clark,27912691256158860598,NVCCB,Nevada Cannabis Compliance Board,Adult-Use,NV,,,,,JDW NEVADA LLC,,,,,,,,,2023-12-11,,,,,,,,,,
28269186214535692829,Csnlv Llc,RP113,Retail Production,Active,Clark,28269186214535692829,NVCCB,Nevada Cannabis Compliance Board,Adult-Use,NV,,,,,CSNLV LLC,,,,,,,,,2023-12-11,,,,,,,,,,
28332017443877189253,Mmnv2 Holdings I Llc,RP016,Retail Production,Active,Washoe,28332017443877189253,NVCCB,Nevada Cannabis Compliance Board,Adult-Use,NV,,,,,MMNV2 HOLDINGS I LLC,,,,,,,,,2023-12-11,,,,,,,,,,
28476312257204037070,Exhale Brands Nevada Llc,RD105,Retail Dispensary,Active,Clark,28476312257204037070,NVCCB,Nevada Cannabis Compliance Board,Adult-Use,NV,,,,,EXHALE BRANDS NEVADA LLC,,,,,,,,,2023-12-11,,,,,,,,,,
28500455704184776035,Wscc Inc,D149,Medical Dispensary,Active,Carson City,28500455704184776035,NVCCB,Nevada Cannabis Compliance Board,Adult-Use,NV,,,,,WSCC INC,,,,,,,,,2023-12-11,,,,,,,,,,
28640102500943941275,Solace Enterprises Llc,C076,Medical Cultivation,Non-Operational,Clark,28640102500943941275,NVCCB,Nevada Cannabis Compliance Board,Adult-Use,NV,,,,,SOLACE ENTERPRISES LLC,,,,,,,,,2023-12-11,,,,,,,,,,
28729875179355972226,Nevada Group Wellness,RC160,Retail Cultivation,Active,Clark,28729875179355972226,NVCCB,Nevada Cannabis Compliance Board,Adult-Use,NV,,,,,NEVADA GROUP WELLNESS,,,,,,,,,2023-12-11,,,,,,,,,,
28778114311315160635,Deep Roots Harvest Inc.,RD200,Retail Dispensary,Active,Elko,28778114311315160635,NVCCB,Nevada Cannabis Compliance Board,Adult-Use,NV,,,,,DEEP ROOTS HARVEST INC.,,,,,,,,,2023-12-11,,,,,,,,,,
28940989385642880433,Matrix Nv Llc,P095,Medical Production,Non-Operational,Clark,28940989385642880433,NVCCB,Nevada Cannabis Compliance Board,Adult-Use,NV,,,,,MATRIX NV LLC,,,,,,,,,2023-12-11,,,,,,,,,,
29097337938755289535,Mbnv Distribution T050 Llc,T050,Retail Distributor,Active,Clark,29097337938755289535,NVCCB,Nevada Cannabis Compliance Board,Adult-Use,NV,,,,,MBNV DISTRIBUTION T050 LLC,,,,,,,,,2023-12-11,,,,,,,,,,
29101803441227387589,Nevada Natural Medicines Llc,RC047,Retail Cultivation,Non-Operational,Nye,29101803441227387589,NVCCB,Nevada Cannabis Compliance Board,Adult-Use,NV,,,,,NEVADA NATURAL MEDICINES LLC,,,,,,,,,2023-12-11,,,,,,,,,,
29207558783745359680,Acres Cultivation Llc,P012,Medical Production,Active,Nye,29207558783745359680,NVCCB,Nevada Cannabis Compliance Board,Adult-Use,NV,,,,,ACRES CULTIVATION LLC,,,,,,,,,2023-12-11,,,,,,,,,,
29537654627576657070,Clover Creek Organics Llc,RP142,Retail Production,Active,Lincoln,29537654627576657070,NVCCB,Nevada Cannabis Compliance Board,Adult-Use,NV,,,,,CLOVER CREEK ORGANICS LLC,,,,,,,,,2023-12-11,,,,,,,,,,
29559649868428271112,Silver State Cultivation Llc,P001,Medical Production,Active,Washoe,29559649868428271112,NVCCB,Nevada Cannabis Compliance Board,Adult-Use,NV,,,,,SILVER STATE CULTIVATION LLC,,,,,,,,,2023-12-11,,,,,,,,,,
29717689414536890016,Tryke Companies So Nv Llc,RC031,Retail Cultivation,Active,Clark,29717689414536890016,NVCCB,Nevada Cannabis Compliance Board,Adult-Use,NV,,,,,TRYKE COMPANIES SO NV LLC,,,,,,,,,2023-12-11,,,,,,,,,,
29820680395695642183,Nuleaf Reno Production Llc,P061,Medical Production,Active,Washoe,29820680395695642183,NVCCB,Nevada Cannabis Compliance Board,Adult-Use,NV,,,,,NULEAF RENO PRODUCTION LLC,,,,,,,,,2023-12-11,,,,,,,,,,
29957407786912886340,Mm Development Company Inc,C004,Medical Cultivation,Non-Operational,Nye,29957407786912886340,NVCCB,Nevada Cannabis Compliance Board,Adult-Use,NV,,,,,MM DEVELOPMENT COMPANY INC,,,,,,,,,2023-12-11,,,,,,,,,,
30014095193109877690,Greenpoint Nevada Inc,P027,Medical Production,Non-Operational,Washoe,30014095193109877690,NVCCB,Nevada Cannabis Compliance Board,Adult-Use,NV,,,,,GREENPOINT NEVADA INC,,,,,,,,,2023-12-11,,,,,,,,,,
30064186279328795105,Nevada Wellness Center Llc,D009,Medical Dispensary,Active,Clark,30064186279328795105,NVCCB,Nevada Cannabis Compliance Board,Adult-Use,NV,,,,,NEVADA WELLNESS CENTER LLC,,,,,,,,,2023-12-11,,,,,,,,,,
30119351751785994439,Silver State Wellness Llc,P051,Medical Production,Active,Clark,30119351751785994439,NVCCB,Nevada Cannabis Compliance Board,Adult-Use,NV,,,,,SILVER STATE WELLNESS LLC,,,,,,,,,2023-12-11,,,,,,,,,,
30364928071399411961,Helping Hands Wellness Center Inc,RC147,Retail Cultivation,Active,Clark,30364928071399411961,NVCCB,Nevada Cannabis Compliance Board,Adult-Use,NV,,,,,HELPING HANDS WELLNESS CENTER INC,,,,,,,,,2023-12-11,,,,,,,,,,
30451881861426139511,Trnvp098 Llc,P098,Medical Production,Active,Clark,30451881861426139511,NVCCB,Nevada Cannabis Compliance Board,Adult-Use,NV,,,,,TRNVP098 LLC,,,,,,,,,2023-12-11,,,,,,,,,,
30554192662175908311,Henderson Organic Remedies Llc,D107,Medical Dispensary,Active,Clark,30554192662175908311,NVCCB,Nevada Cannabis Compliance Board,Adult-Use,NV,,,,,HENDERSON ORGANIC REMEDIES LLC,,,,,,,,,2023-12-11,,,,,,,,,,
30641754921357655197,Greenpoint Nevada Inc,C045,Medical Cultivation,Non-Operational,Washoe,30641754921357655197,NVCCB,Nevada Cannabis Compliance Board,Adult-Use,NV,,,,,GREENPOINT NEVADA INC,,,,,,,,,2023-12-11,,,,,,,,,,
30658964196185382559,Nevada Medical Group Llc,C144,Medical Cultivation,Active,Clark,30658964196185382559,NVCCB,Nevada Cannabis Compliance Board,Adult-Use,NV,,,,,NEVADA MEDICAL GROUP LLC,,,,,,,,,2023-12-11,,,,,,,,,,
30830396335235053993,Global Harmony Llc,D004,Medical Dispensary,Active,Clark,30830396335235053993,NVCCB,Nevada Cannabis Compliance Board,Adult-Use,NV,,,,,GLOBAL HARMONY LLC,,,,,,,,,2023-12-11,,,,,,,,,,
30874613240466723894,Tgig Llc,D048,Medical Dispensary,Active,Nye,30874613240466723894,NVCCB,Nevada Cannabis Compliance Board,Adult-Use,NV,,,,,TGIG LLC,,,,,,,,,2023-12-11,,,,,,,,,,
30879415424242137005,Range Brands Llc,RP040,Retail Production,Non-Operational,Clark,30879415424242137005,NVCCB,Nevada Cannabis Compliance Board,Adult-Use,NV,,,,,RANGE BRANDS LLC,,,,,,,,,2023-12-11,,,,,,,,,,
30914996098749071147,Gbs Nevada Partners Llc,D015,Medical Dispensary,Active,Clark,30914996098749071147,NVCCB,Nevada Cannabis Compliance Board,Adult-Use,NV,,,,,GBS NEVADA PARTNERS LLC,,,,,,,,,2023-12-11,,,,,,,,,,
31181717801815759371,Nlv Wellness Llc,RC145,Retail Cultivation,Active,Clark,31181717801815759371,NVCCB,Nevada Cannabis Compliance Board,Adult-Use,NV,,,,,NLV WELLNESS LLC,,,,,,,,,2023-12-11,,,,,,,,,,
31235398453197711401,Thompson Farm One Llc,C156,Medical Cultivation,Active,Clark,31235398453197711401,NVCCB,Nevada Cannabis Compliance Board,Adult-Use,NV,,,,,THOMPSON FARM ONE LLC,,,,,,,,,2023-12-11,,,,,,,,,,
31551248498651868310,G3 Labs Llc,L007,Medical Laboratory,Active,Clark,31551248498651868310,NVCCB,Nevada Cannabis Compliance Board,Adult-Use,NV,,,,,G3 LABS LLC,,,,,,,,,2023-12-11,,,,,,,,,,
31592905994866250470,Rural Remedies Llc,P127,Medical Production,Active,Lander,31592905994866250470,NVCCB,Nevada Cannabis Compliance Board,Adult-Use,NV,,,,,RURAL REMEDIES LLC,,,,,,,,,2023-12-11,,,,,,,,,,
31687553825305698491,Essence Henderson Llc,D042,Medical Dispensary,Active,Clark,31687553825305698491,NVCCB,Nevada Cannabis Compliance Board,Adult-Use,NV,,,,,ESSENCE HENDERSON LLC,,,,,,,,,2023-12-11,,,,,,,,,,
31797523194008903151,Circle S Farms Llc,C148,Medical Cultivation,Non-Operational,Clark,31797523194008903151,NVCCB,Nevada Cannabis Compliance Board,Adult-Use,NV,,,,,CIRCLE S FARMS LLC,,,,,,,,,2023-12-11,,,,,,,,,,
31806084052438832763,Inyo Fine Cannabis Dispensary Llc,D071,Medical Dispensary,Active,Clark,31806084052438832763,NVCCB,Nevada Cannabis Compliance Board,Adult-Use,NV,,,,,INYO FINE CANNABIS DISPENSARY LLC,,,,,,,,,2023-12-11,,,,,,,,,,
31882641465304506399,Tryke Companies Reno Llc,RD026,Retail Dispensary,Active,Washoe,31882641465304506399,NVCCB,Nevada Cannabis Compliance Board,Adult-Use,NV,,,,,TRYKE COMPANIES RENO LLC,,,,,,,,,2023-12-11,,,,,,,,,,
31890565875531526199,Premium Produce Llc,RP038,Retail Production,Active,Clark,31890565875531526199,NVCCB,Nevada Cannabis Compliance Board,Adult-Use,NV,,,,,PREMIUM PRODUCE LLC,,,,,,,,,2023-12-11,,,,,,,,,,
31897842738001059708,800 Stillwell Llc,RC089,Retail Cultivation,Active,Washoe,31897842738001059708,NVCCB,Nevada Cannabis Compliance Board,Adult-Use,NV,,,,,800 STILLWELL LLC,,,,,,,,,2023-12-11,,,,,,,,,,
32417232543607354135,Holistic Approach Cultivation Llc,C103,Medical Cultivation,Active,Washoe,32417232543607354135,NVCCB,Nevada Cannabis Compliance Board,Adult-Use,NV,,,,,HOLISTIC APPROACH CULTIVATION LLC,,,,,,,,,2023-12-11,,,,,,,,,,
32455926792348469657,Waveseer Of Nevada Llc,D091,Medical Dispensary,Non-Operational,Clark,32455926792348469657,NVCCB,Nevada Cannabis Compliance Board,Adult-Use,NV,,,,,WAVESEER OF NEVADA LLC,,,,,,,,,2023-12-11,,,,,,,,,,
32704290606712932888,Ymy Ventures Llc,RP042,Retail Production,Active,Clark,32704290606712932888,NVCCB,Nevada Cannabis Compliance Board,Adult-Use,NV,,,,,YMY VENTURES LLC,,,,,,,,,2023-12-11,,,,,,,,,,
33067718465021979566,Deep Roots Harvest Inc.,RD399,Retail Dispensary,Active,Clark,33067718465021979566,NVCCB,Nevada Cannabis Compliance Board,Adult-Use,NV,,,,,DEEP ROOTS HARVEST INC.,,,,,,,,,2023-12-11,,,,,,,,,,
33102338992967161675,Nv Green Inc,C005,Medical Cultivation,Active,Washoe,33102338992967161675,NVCCB,Nevada Cannabis Compliance Board,Adult-Use,NV,,,,,NV GREEN INC,,,,,,,,,2023-12-11,,,,,,,,,,
33109597595341895101,Dep Ops Nv Llc,RP009,Retail Production,Non-Operational,Clark,33109597595341895101,NVCCB,Nevada Cannabis Compliance Board,Adult-Use,NV,,,,,DEP OPS NV LLC,,,,,,,,,2023-12-11,,,,,,,,,,
33333930069916107890,Clark Nmsd Llc,RD186,Retail Dispensary,Active,Clark,33333930069916107890,NVCCB,Nevada Cannabis Compliance Board,Adult-Use,NV,,,,,CLARK NMSD LLC,,,,,,,,,2023-12-11,,,,,,,,,,
33424753971276505597,Healthcare Options For Patients Enterprises Llc,P064,Medical Production,Active,Clark,33424753971276505597,NVCCB,Nevada Cannabis Compliance Board,Adult-Use,NV,,,,,HEALTHCARE OPTIONS FOR PATIENTS ENTERPRISES LLC,,,,,,,,,2023-12-11,,,,,,,,,,
33560346467246600957,Indoor Garden Farms Llc,RC188,Retail Cultivation,Active,Carson City,33560346467246600957,NVCCB,Nevada Cannabis Compliance Board,Adult-Use,NV,,,,,INDOOR GARDEN FARMS LLC,,,,,,,,,2023-12-11,,,,,,,,,,
33594512887044039784,Waveseer Of Las Vegas Llc,C079,Medical Cultivation,Active,Clark,33594512887044039784,NVCCB,Nevada Cannabis Compliance Board,Adult-Use,NV,,,,,WAVESEER OF LAS VEGAS LLC,,,,,,,,,2023-12-11,,,,,,,,,,
33597157896004430110,Caliente Development Company Llc,C199,Medical Cultivation,Non-Operational,Lincoln,33597157896004430110,NVCCB,Nevada Cannabis Compliance Board,Adult-Use,NV,,,,,CALIENTE DEVELOPMENT COMPANY LLC,,,,,,,,,2023-12-11,,,,,,,,,,
33612007165240494267,Nlvg Llc,RC155,Retail Cultivation,Non-Operational,Clark,33612007165240494267,NVCCB,Nevada Cannabis Compliance Board,Adult-Use,NV,,,,,NLVG LLC,,,,,,,,,2023-12-11,,,,,,,,,,
33652679278436588975,Alternative Medicine Association Lc,C087,Medical Cultivation,Non-Operational,Clark,33652679278436588975,NVCCB,Nevada Cannabis Compliance Board,Adult-Use,NV,,,,,ALTERNATIVE MEDICINE ASSOCIATION LC,,,,,,,,,2023-12-11,,,,,,,,,,
33757554276109168008,Thc Production Llc,RP017,Retail Production,Active,Clark,33757554276109168008,NVCCB,Nevada Cannabis Compliance Board,Adult-Use,NV,,,,,THC PRODUCTION LLC,,,,,,,,,2023-12-11,,,,,,,,,,
33766980341791854561,Tahoe Hydroponics Company Llc,T078,Retail Distributor,Active,Carson City,33766980341791854561,NVCCB,Nevada Cannabis Compliance Board,Adult-Use,NV,,,,,TAHOE HYDROPONICS COMPANY LLC,,,,,,,,,2023-12-11,,,,,,,,,,
34243875109059614286,Wscc Inc,RD111,Retail Dispensary,Active,Washoe,34243875109059614286,NVCCB,Nevada Cannabis Compliance Board,Adult-Use,NV,,,,,WSCC INC,,,,,,,,,2023-12-11,,,,,,,,,,
34263205217337694441,Mr H Las Vegas Llc,C126,Medical Cultivation,Non-Operational,Clark,34263205217337694441,NVCCB,Nevada Cannabis Compliance Board,Adult-Use,NV,,,,,MR H LAS VEGAS LLC,,,,,,,,,2023-12-11,,,,,,,,,,
34497079237706414213,Nye Natural Medicinal Solutions Llc,RP107,Retail Production,Active,Nye,34497079237706414213,NVCCB,Nevada Cannabis Compliance Board,Adult-Use,NV,,,,,NYE NATURAL MEDICINAL SOLUTIONS LLC,,,,,,,,,2023-12-11,,,,,,,,,,
34561668875912663393,Healthcare Options For Patients Enterprises Llc,RP064,Retail Production,Active,Clark,34561668875912663393,NVCCB,Nevada Cannabis Compliance Board,Adult-Use,NV,,,,,HEALTHCARE OPTIONS FOR PATIENTS ENTERPRISES LLC,,,,,,,,,2023-12-11,,,,,,,,,,
34621288823827225440,Wscc Inc,RC099,Retail Cultivation,Active,Washoe,34621288823827225440,NVCCB,Nevada Cannabis Compliance Board,Adult-Use,NV,,,,,WSCC INC,,,,,,,,,2023-12-11,,,,,,,,,,
34652970986411553293,Mmof Vegas Retail Inc,D078,Medical Dispensary,Active,Clark,34652970986411553293,NVCCB,Nevada Cannabis Compliance Board,Adult-Use,NV,,,,,MMOF VEGAS RETAIL INC,,,,,,,,,2023-12-11,,,,,,,,,,
34770158846525926783,Acres Medical Llc,RP011,Retail Production,Active,Clark,34770158846525926783,NVCCB,Nevada Cannabis Compliance Board,Adult-Use,NV,,,,,ACRES MEDICAL LLC,,,,,,,,,2023-12-11,,,,,,,,,,
34783954003475226897,Lettucetest Llc,RL006,Retail Laboratory,Active,Clark,34783954003475226897,NVCCB,Nevada Cannabis Compliance Board,Adult-Use,NV,,,,,LETTUCETEST LLC,,,,,,,,,2023-12-11,,,,,,,,,,
35051929286907100905,Qualcan Llc,RC055,Retail Cultivation,Active,Clark,35051929286907100905,NVCCB,Nevada Cannabis Compliance Board,Adult-Use,NV,,,,,QUALCAN LLC,,,,,,,,,2023-12-11,,,,,,,,,,
35113918658385474933,3480 Hacienda Partners Llc,RP035,Retail Production,Active,Clark,35113918658385474933,NVCCB,Nevada Cannabis Compliance Board,Adult-Use,NV,,,,,3480 HACIENDA PARTNERS LLC,,,,,,,,,2023-12-11,,,,,,,,,,
35704589564199030274,Silver Black Attack Llc,C014,Medical Cultivation,Non-Operational,Clark,35704589564199030274,NVCCB,Nevada Cannabis Compliance Board,Adult-Use,NV,,,,,SILVER BLACK ATTACK LLC,,,,,,,,,2023-12-11,,,,,,,,,,
35741015061896328515,The Bakery Llc,RP084,Retail Production,Non-Operational,Clark,35741015061896328515,NVCCB,Nevada Cannabis Compliance Board,Adult-Use,NV,,,,,THE BAKERY LLC,,,,,,,,,2023-12-11,,,,,,,,,,
35921128494419615677,Pure Tonic Concentrates Llc,RD456,Retail Dispensary,Active,Humboldt,35921128494419615677,NVCCB,Nevada Cannabis Compliance Board,Adult-Use,NV,,,,,PURE TONIC CONCENTRATES LLC,,,,,,,,,2023-12-11,,,,,,,,,,
36011146770937512646,Thompson Farm One Llc,RC156,Retail Cultivation,Active,Clark,36011146770937512646,NVCCB,Nevada Cannabis Compliance Board,Adult-Use,NV,,,,,THOMPSON FARM ONE LLC,,,,,,,,,2023-12-11,,,,,,,,,,
36017244910783299238,Nevada Group Wellness,C160,Medical Cultivation,Active,Clark,36017244910783299238,NVCCB,Nevada Cannabis Compliance Board,Adult-Use,NV,,,,,NEVADA GROUP WELLNESS,,,,,,,,,2023-12-11,,,,,,,,,,
36111143425969416428,Euphoria Wellness Llc,RP089,Retail Production,Active,Clark,36111143425969416428,NVCCB,Nevada Cannabis Compliance Board,Adult-Use,NV,,,,,EUPHORIA WELLNESS LLC,,,,,,,,,2023-12-11,,,,,,,,,,
36161311931874315998,Serenity Wellness Growers Llc,C039,Medical Cultivation,Active,Clark,36161311931874315998,NVCCB,Nevada Cannabis Compliance Board,Adult-Use,NV,,,,,SERENITY WELLNESS GROWERS LLC,,,,,,,,,2023-12-11,,,,,,,,,,
36471481166286897722,Lettucetest Llc,L006,Medical Laboratory,Active,Clark,36471481166286897722,NVCCB,Nevada Cannabis Compliance Board,Adult-Use,NV,,,,,LETTUCETEST LLC,,,,,,,,,2023-12-11,,,,,,,,,,
36506856230444373665,Twelve Twelve Llc,RC119,Retail Cultivation,Active,Clark,36506856230444373665,NVCCB,Nevada Cannabis Compliance Board,Adult-Use,NV,,,,,TWELVE TWELVE LLC,,,,,,,,,2023-12-11,,,,,,,,,,
36777838109650438859,Zion Gardens Llc,C173,Medical Cultivation,Active,Clark,36777838109650438859,NVCCB,Nevada Cannabis Compliance Board,Adult-Use,NV,,,,,ZION GARDENS LLC,,,,,,,,,2023-12-11,,,,,,,,,,
36793887579714409224,Integral Cultivation Llc,C028,Medical Cultivation,Active,Clark,36793887579714409224,NVCCB,Nevada Cannabis Compliance Board,Adult-Use,NV,,,,,Integral Cultivation LLC,,,,,,,,,2023-12-11,,,,,,,,,,
36812277747948686823,Solace Enterprises Llc,RC076,Retail Cultivation,Active,Clark,36812277747948686823,NVCCB,Nevada Cannabis Compliance Board,Adult-Use,NV,,,,,SOLACE ENTERPRISES LLC,,,,,,,,,2023-12-11,,,,,,,,,,
36845781847213708344,Matrix Nv Llc,RP095,Retail Production,Active,Clark,36845781847213708344,NVCCB,Nevada Cannabis Compliance Board,Adult-Use,NV,,,,,MATRIX NV LLC,,,,,,,,,2023-12-11,,,,,,,,,,
36853260737760020901,Polaris Wellness Center Llc,RP114,Retail Production,Active,Clark,36853260737760020901,NVCCB,Nevada Cannabis Compliance Board,Adult-Use,NV,,,,,POLARIS WELLNESS CENTER LLC,,,,,,,,,2023-12-11,,,,,,,,,,
36940245239064189256,Wellness & Caregivers Of Nevada Nlv Llc,RP049,Retail Production,Active,Clark,36940245239064189256,NVCCB,Nevada Cannabis Compliance Board,Adult-Use,NV,,,,,WELLNESS & CAREGIVERS OF NEVADA NLV LLC,,,,,,,,,2023-12-11,,,,,,,,,,
37194813876768896252,Nye Natural Medicinal Solutions Llc,T065,Retail Distributor,Active,Nye,37194813876768896252,NVCCB,Nevada Cannabis Compliance Board,Adult-Use,NV,,,,,NYE NATURAL MEDICINAL SOLUTIONS LLC,,,,,,,,,2023-12-11,,,,,,,,,,
37427068003234517417,Greenscape Productions Llc,C136,Medical Cultivation,Active,Clark,37427068003234517417,NVCCB,Nevada Cannabis Compliance Board,Adult-Use,NV,,,,,GREENSCAPE PRODUCTIONS LLC,,,,,,,,,2023-12-11,,,,,,,,,,
38120054593314237201,Lone Mountain Partners Llc,RP077,Retail Production,Active,Clark,38120054593314237201,NVCCB,Nevada Cannabis Compliance Board,Adult-Use,NV,,,,,LONE MOUNTAIN PARTNERS LLC,,,,,,,,,2023-12-11,,,,,,,,,,
38329603677293790867,Fswfl Llc,RC138,Retail Cultivation,Active,Clark,38329603677293790867,NVCCB,Nevada Cannabis Compliance Board,Adult-Use,NV,,,,,FSWFL LLC,,,,,,,,,2023-12-11,,,,,,,,,,
38420410922892257960,Green Life Productions Llc,RC146,Retail Cultivation,Active,Nye,38420410922892257960,NVCCB,Nevada Cannabis Compliance Board,Adult-Use,NV,,,,,GREEN LIFE PRODUCTIONS LLC,,,,,,,,,2023-12-11,,,,,,,,,,
38678460390951542035,Rural Remedies Llc,C193,Medical Cultivation,Active,Lander,38678460390951542035,NVCCB,Nevada Cannabis Compliance Board,Adult-Use,NV,,,,,RURAL REMEDIES LLC,,,,,,,,,2023-12-11,,,,,,,,,,
38695553096347542299,Silver State Relief Llc,D002,Medical Dispensary,Active,Washoe,38695553096347542299,NVCCB,Nevada Cannabis Compliance Board,Adult-Use,NV,,,,,SILVER STATE RELIEF LLC,,,,,,,,,2023-12-11,,,,,,,,,,
38745817872075144781,Nevada Holistic Medicine Llc,C046,Medical Cultivation,Active,Clark,38745817872075144781,NVCCB,Nevada Cannabis Compliance Board,Adult-Use,NV,,,,,NEVADA HOLISTIC MEDICINE LLC,,,,,,,,,2023-12-11,,,,,,,,,,
39479860711356912732,Sensible Edibles Llc,P031,Medical Production,Active,Washoe,39479860711356912732,NVCCB,Nevada Cannabis Compliance Board,Adult-Use,NV,,,,,SENSIBLE EDIBLES LLC,,,,,,,,,2023-12-11,,,,,,,,,,
39861948155685116262,Gravitas Henderson Llc,C016,Medical Cultivation,Active,Clark,39861948155685116262,NVCCB,Nevada Cannabis Compliance Board,Adult-Use,NV,,,,,GRAVITAS HENDERSON LLC,,,,,,,,,2023-12-11,,,,,,,,,,
40050104995800309174,Cheyenne Medical Sammy Davis Rd263 Llc,RD263,Retail Dispensary,Active,Clark,40050104995800309174,NVCCB,Nevada Cannabis Compliance Board,Adult-Use,NV,,,,,CHEYENNE MEDICAL SAMMY DAVIS RD263 LLC,,,,,,,,,2023-12-11,,,,,,,,,,
40056792267279269644,Green Life Productions Llc,T035,Retail Distributor,Active,Nye,40056792267279269644,NVCCB,Nevada Cannabis Compliance Board,Adult-Use,NV,,,,,GREEN LIFE PRODUCTIONS LLC,,,,,,,,,2023-12-11,,,,,,,,,,
40154645776628662138,Circle S Farms Llc,P093,Medical Production,Non-Operational,Clark,40154645776628662138,NVCCB,Nevada Cannabis Compliance Board,Adult-Use,NV,,,,,CIRCLE S FARMS LLC,,,,,,,,,2023-12-11,,,,,,,,,,
40228523231066831947,High Sierra Holistics Llc,C108,Medical Cultivation,Active,Washoe,40228523231066831947,NVCCB,Nevada Cannabis Compliance Board,Adult-Use,NV,,,,,HIGH SIERRA HOLISTICS LLC,,,,,,,,,2023-12-11,,,,,,,,,,
40297970315350477547,Serenity Wellness Products Llc,P024,Medical Production,Active,Clark,40297970315350477547,NVCCB,Nevada Cannabis Compliance Board,Adult-Use,NV,,,,,SERENITY WELLNESS PRODUCTS LLC,,,,,,,,,2023-12-11,,,,,,,,,,
40472676757320560321,Fidelis Holdings Llc,C132,Medical Cultivation,Active,Clark,40472676757320560321,NVCCB,Nevada Cannabis Compliance Board,Adult-Use,NV,,,,,FIDELIS HOLDINGS LLC,,,,,,,,,2023-12-11,,,,,,,,,,
40733091629454751109,Nye Natural Medicinal Solutions Llc,C166,Medical Cultivation,Active,Nye,40733091629454751109,NVCCB,Nevada Cannabis Compliance Board,Adult-Use,NV,,,,,NYE NATURAL MEDICINAL SOLUTIONS LLC,,,,,,,,,2023-12-11,,,,,,,,,,
41146840808916745728,Cclv Production Llc,RP008,Retail Production,Active,Clark,41146840808916745728,NVCCB,Nevada Cannabis Compliance Board,Adult-Use,NV,,,,,CCLV PRODUCTION LLC,,,,,,,,,2023-12-11,,,,,,,,,,
41150195756844080197,Qualcan Llc,P032,Medical Production,Active,Clark,41150195756844080197,NVCCB,Nevada Cannabis Compliance Board,Adult-Use,NV,,,,,QUALCAN LLC,,,,,,,,,2023-12-11,,,,,,,,,,
41491863218758323982,Trnvd670 Llc,RD670,Retail Dispensary,Active,Humboldt,41491863218758323982,NVCCB,Nevada Cannabis Compliance Board,Adult-Use,NV,,,,,TRNVD670 LLC,,,,,,,,,2023-12-11,,,,,,,,,,
41977254523133526755,Jdw Nevada Llc,P029,Medical Production,Non-Operational,Clark,41977254523133526755,NVCCB,Nevada Cannabis Compliance Board,Adult-Use,NV,,,,,JDW NEVADA LLC,,,,,,,,,2023-12-11,,,,,,,,,,
42117353798137771623,Cn Licensco Iii Inc,C090,Medical Cultivation,Active,Clark,42117353798137771623,NVCCB,Nevada Cannabis Compliance Board,Adult-Use,NV,,,,,CN LICENSCO III INC,,,,,,,,,2023-12-11,,,,,,,,,,
42243169362679005796,Green Cross Nevada Llc,P019,Medical Production,Non-Operational,Clark,42243169362679005796,NVCCB,Nevada Cannabis Compliance Board,Adult-Use,NV,,,,,GREEN CROSS NEVADA LLC,,,,,,,,,2023-12-11,,,,,,,,,,
42764648009006859903,Cn Licenseco I Inc,RC095,Retail Cultivation,Active,Clark,42764648009006859903,NVCCB,Nevada Cannabis Compliance Board,Adult-Use,NV,,,,,CN LICENSECO I INC,,,,,,,,,2023-12-11,,,,,,,,,,
42779873098977009443,Greenmart Of Nevada Nlv Llc,RP018,Retail Production,Active,Clark,42779873098977009443,NVCCB,Nevada Cannabis Compliance Board,Adult-Use,NV,,,,,GREENMART OF NEVADA NLV LLC,,,,,,,,,2023-12-11,,,,,,,,,,
42801984540428281831,Wellness & Caregivers Of Nevada Ii Llc,RC118,Retail Cultivation,Active,Clark,42801984540428281831,NVCCB,Nevada Cannabis Compliance Board,Adult-Use,NV,,,,,WELLNESS & CAREGIVERS OF NEVADA II LLC,,,,,,,,,2023-12-11,,,,,,,,,,
42811321585035807243,Mmnv2 Holdings I Llc,P016,Medical Production,Active,Washoe,42811321585035807243,NVCCB,Nevada Cannabis Compliance Board,Adult-Use,NV,,,,,MMNV2 HOLDINGS I LLC,,,,,,,,,2023-12-11,,,,,,,,,,
42836696676159179870,Circle S Farms Llc,RC148,Retail Cultivation,Active,Clark,42836696676159179870,NVCCB,Nevada Cannabis Compliance Board,Adult-Use,NV,,,,,CIRCLE S FARMS LLC,,,,,,,,,2023-12-11,,,,,,,,,,
42964757214640794936,Clark Nmsd Llc,RD187,Retail Dispensary,Active,Clark,42964757214640794936,NVCCB,Nevada Cannabis Compliance Board,Adult-Use,NV,,,,,CLARK NMSD LLC,,,,,,,,,2023-12-11,,,,,,,,,,
43145225960370597103,Nlvg Llc,RP082,Retail Production,Active,Clark,43145225960370597103,NVCCB,Nevada Cannabis Compliance Board,Adult-Use,NV,,,,,NLVG LLC,,,,,,,,,2023-12-11,,,,,,,,,,
43160131583347244176,Mj Distributing C202 Llc,RC202,Retail Cultivation,Active,Nye,43160131583347244176,NVCCB,Nevada Cannabis Compliance Board,Adult-Use,NV,,,,,MJ DISTRIBUTING C202 LLC,,,,,,,,,2023-12-11,,,,,,,,,,
43239080077563699251,Helping Hands Wellness Center Inc,C147,Medical Cultivation,Active,Clark,43239080077563699251,NVCCB,Nevada Cannabis Compliance Board,Adult-Use,NV,,,,,HELPING HANDS WELLNESS CENTER INC,,,,,,,,,2023-12-11,,,,,,,,,,
43388435085849646312,Nevada Organic Remedies Llc,RD221,Retail Dispensary,Active,Nye,43388435085849646312,NVCCB,Nevada Cannabis Compliance Board,Adult-Use,NV,,,,,NEVADA ORGANIC REMEDIES LLC,,,,,,,,,2023-12-11,,,,,,,,,,
43581723673753505053,Ded Ops Nv Llc,D010,Medical Dispensary,Active,Clark,43581723673753505053,NVCCB,Nevada Cannabis Compliance Board,Adult-Use,NV,,,,,DED OPS NV LLC,,,,,,,,,2023-12-11,,,,,,,,,,
43584126664097442476,Ssac D1 Llc,D060,Medical Dispensary,Non-Operational,Washoe,43584126664097442476,NVCCB,Nevada Cannabis Compliance Board,Adult-Use,NV,,,,,SSAC D1 LLC,,,,,,,,,2023-12-11,,,,,,,,,,
43766627397168972639,Fidelis Holdings Llc,RD159,Retail Dispensary,Active,Clark,43766627397168972639,NVCCB,Nevada Cannabis Compliance Board,Adult-Use,NV,,,,,FIDELIS HOLDINGS LLC,,,,,,,,,2023-12-11,,,,,,,,,,
44355437489463170392,Global Harmony Llc,C002,Medical Cultivation,Active,Clark,44355437489463170392,NVCCB,Nevada Cannabis Compliance Board,Adult-Use,NV,,,,,GLOBAL HARMONY LLC,,,,,,,,,2023-12-11,,,,,,,,,,
44407285615214646945,Clear River Llc,P047,Medical Production,Active,Clark,44407285615214646945,NVCCB,Nevada Cannabis Compliance Board,Adult-Use,NV,,,,,CLEAR RIVER LLC,,,,,,,,,2023-12-11,,,,,,,,,,
44563284956259379216,Lone Mountain Partners Llc,RD592,Retail Dispensary,Active,Clark,44563284956259379216,NVCCB,Nevada Cannabis Compliance Board,Adult-Use,NV,,,,,LONE MOUNTAIN PARTNERS LLC,,,,,,,,,2023-12-11,,,,,,,,,,
44593280192084310982,Cheyenne Medical Llc,RD028,Retail Dispensary,Active,Clark,44593280192084310982,NVCCB,Nevada Cannabis Compliance Board,Adult-Use,NV,,,,,CHEYENNE MEDICAL LLC,,,,,,,,,2023-12-11,,,,,,,,,,
44613767467345472019,Deep Roots Harvest Inc.,RD165,Retail Dispensary,Active,Clark,44613767467345472019,NVCCB,Nevada Cannabis Compliance Board,Adult-Use,NV,,,,,DEEP ROOTS HARVEST INC.,,,,,,,,,2023-12-11,,,,,,,,,,
44759297012276072166,Gsm Lv Llc,C085,Medical Cultivation,Non-Operational,Clark,44759297012276072166,NVCCB,Nevada Cannabis Compliance Board,Adult-Use,NV,,,,,GSM LV LLC,,,,,,,,,2023-12-11,,,,,,,,,,
44883920913662445208,Premium Produce Llc,RC033,Retail Cultivation,Active,Clark,44883920913662445208,NVCCB,Nevada Cannabis Compliance Board,Adult-Use,NV,,,,,PREMIUM PRODUCE LLC,,,,,,,,,2023-12-11,,,,,,,,,,
44967653318399830596,Digipath Labs Inc,RL015,Retail Laboratory,Active,Clark,44967653318399830596,NVCCB,Nevada Cannabis Compliance Board,Adult-Use,NV,,,,,DIGIPATH LABS INC,,,,,,,,,2023-12-11,,,,,,,,,,
45124567643462616034,Kindibles Llc,RP007,Retail Production,Active,Clark,45124567643462616034,NVCCB,Nevada Cannabis Compliance Board,Adult-Use,NV,,,,,KINDIBLES LLC,,,,,,,,,2023-12-11,,,,,,,,,,
45189891649339997985,Cannavative Extracts Llc,P043,Medical Production,Active,Washoe,45189891649339997985,NVCCB,Nevada Cannabis Compliance Board,Adult-Use,NV,,,,,CANNAVATIVE EXTRACTS LLC,,,,,,,,,2023-12-11,,,,,,,,,,
45333337224974981554,High Sierra Holistics Llc,RD665,Retail Dispensary,Active,Lyon,45333337224974981554,NVCCB,Nevada Cannabis Compliance Board,Adult-Use,NV,,,,,HIGH SIERRA HOLISTICS LLC,,,,,,,,,2023-12-11,,,,,,,,,,
45452459135682728564,Greenway Medical Llc,RC018,Retail Cultivation,Active,Clark,45452459135682728564,NVCCB,Nevada Cannabis Compliance Board,Adult-Use,NV,,,,,GREENWAY MEDICAL LLC,,,,,,,,,2023-12-11,,,,,,,,,,
45491515276399795916,Gti Nevada Llc,D097,Medical Dispensary,Active,Washoe,45491515276399795916,NVCCB,Nevada Cannabis Compliance Board,Adult-Use,NV,,,,,GTI NEVADA LLC,,,,,,,,,2023-12-11,,,,,,,,,,
45550027572824324494,Nevada Pure Llc,RC026,Retail Cultivation,Active,Clark,45550027572824324494,NVCCB,Nevada Cannabis Compliance Board,Adult-Use,NV,,,,,NEVADA PURE LLC,,,,,,,,,2023-12-11,,,,,,,,,,
45779336388196486818,Silver Black Attack Llc,RC014,Retail Cultivation,Active,Clark,45779336388196486818,NVCCB,Nevada Cannabis Compliance Board,Adult-Use,NV,,,,,SILVER BLACK ATTACK LLC,,,,,,,,,2023-12-11,,,,,,,,,,
45830142734877997535,Unifern Llc,C179,Medical Cultivation,Active,Clark,45830142734877997535,NVCCB,Nevada Cannabis Compliance Board,Adult-Use,NV,,,,,UNIFERN LLC,,,,,,,,,2023-12-11,,,,,,,,,,
46002190780798707255,Silver Sage Wellness Llc,P022,Medical Production,Active,Clark,46002190780798707255,NVCCB,Nevada Cannabis Compliance Board,Adult-Use,NV,,,,,SILVER SAGE WELLNESS LLC,,,,,,,,,2023-12-11,,,,,,,,,,
46100778561169443516,G3 Labs Llc,RL007,Retail Laboratory,Active,Clark,46100778561169443516,NVCCB,Nevada Cannabis Compliance Board,Adult-Use,NV,,,,,G3 LABS LLC,,,,,,,,,2023-12-11,,,,,,,,,,
46177828217679739988,Greenscape Productions Llc,RP080,Retail Production,Active,Clark,46177828217679739988,NVCCB,Nevada Cannabis Compliance Board,Adult-Use,NV,,,,,GREENSCAPE PRODUCTIONS LLC,,,,,,,,,2023-12-11,,,,,,,,,,
46723736766369616954,Cclv Manufacturing Center Llc,C135,Medical Cultivation,Active,Clark,46723736766369616954,NVCCB,Nevada Cannabis Compliance Board,Adult-Use,NV,,,,,CCLV MANUFACTURING CENTER LLC,,,,,,,,,2023-12-11,,,,,,,,,,
46918722962994189103,Naturex Llc,D081,Medical Dispensary,Active,Clark,46918722962994189103,NVCCB,Nevada Cannabis Compliance Board,Adult-Use,NV,,,,,NATUREX LLC,,,,,,,,,2023-12-11,,,,,,,,,,
46934338604709544132,Kynd-Strainz Llc,RD110,Retail Dispensary,Active,Washoe,46934338604709544132,NVCCB,Nevada Cannabis Compliance Board,Adult-Use,NV,,,,,KYND-STRAINZ LLC,,,,,,,,,2023-12-11,,,,,,,,,,
47094106326314465305,Carson City Agency Solutions Llc,RP070,Retail Production,Active,Carson City,47094106326314465305,NVCCB,Nevada Cannabis Compliance Board,Adult-Use,NV,,,,,CARSON CITY AGENCY SOLUTIONS LLC,,,,,,,,,2023-12-11,,,,,,,,,,
47182081583508846760,Mmof Vegas Retail 2 Inc,RD092,Retail Dispensary,Active,Clark,47182081583508846760,NVCCB,Nevada Cannabis Compliance Board,Adult-Use,NV,,,,,MMOF VEGAS RETAIL 2 INC,,,,,,,,,2023-12-11,,,,,,,,,,
48154658590044707064,Nevada Group Wellness,RP103,Retail Production,Active,Clark,48154658590044707064,NVCCB,Nevada Cannabis Compliance Board,Adult-Use,NV,,,,,NEVADA GROUP WELLNESS,,,,,,,,,2023-12-11,,,,,,,,,,
48202177934598005793,Essence Tropicana Llc,RD317,Retail Dispensary,Active,Clark,48202177934598005793,NVCCB,Nevada Cannabis Compliance Board,Adult-Use,NV,,,,,ESSENCE TROPICANA LLC,,,,,,,,,2023-12-11,,,,,,,,,,
48306359790925315497,Mj Distributing C202 Llc,C202,Medical Cultivation,Active,Nye,48306359790925315497,NVCCB,Nevada Cannabis Compliance Board,Adult-Use,NV,,,,,MJ DISTRIBUTING C202 LLC,,,,,,,,,2023-12-11,,,,,,,,,,
48309202150183437033,Silver Sage Wellness Llc,RD049,Retail Dispensary,Active,Clark,48309202150183437033,NVCCB,Nevada Cannabis Compliance Board,Adult-Use,NV,,,,,SILVER SAGE WELLNESS LLC,,,,,,,,,2023-12-11,,,,,,,,,,
48365228256005962980,Mj Distributing P132 Llc,P132,Medical Production,Non-Operational,Lincoln,48365228256005962980,NVCCB,Nevada Cannabis Compliance Board,Adult-Use,NV,,,,,MJ DISTRIBUTING P132 LLC,,,,,,,,,2023-12-11,,,,,,,,,,
48374211400455305846,Premium Produce Llc,P038,Medical Production,Active,Clark,48374211400455305846,NVCCB,Nevada Cannabis Compliance Board,Adult-Use,NV,,,,,PREMIUM PRODUCE LLC,,,,,,,,,2023-12-11,,,,,,,,,,
48405648915575781767,800 Stillwell Llc,P058,Medical Production,Active,Washoe,48405648915575781767,NVCCB,Nevada Cannabis Compliance Board,Adult-Use,NV,,,,,800 STILLWELL LLC,,,,,,,,,2023-12-11,,,,,,,,,,
48570745986570139944,Physis One Llc,RC073,Retail Cultivation,Active,Clark,48570745986570139944,NVCCB,Nevada Cannabis Compliance Board,Adult-Use,NV,,,,,PHYSIS ONE LLC,,,,,,,,,2023-12-11,,,,,,,,,,
48573289589249273073,Natural Medicine Llc,RD089,Retail Dispensary,Active,Clark,48573289589249273073,NVCCB,Nevada Cannabis Compliance Board,Adult-Use,NV,,,,,NATURAL MEDICINE LLC,,,,,,,,,2023-12-11,,,,,,,,,,
48581446096638497899,Mbnv Gt Llc,RC082,Retail Cultivation,Active,Clark,48581446096638497899,NVCCB,Nevada Cannabis Compliance Board,Adult-Use,NV,,,,,MBNV GT LLC,,,,,,,,,2023-12-11,,,,,,,,,,
48674538886388514490,Erp Llc,L008,Medical Laboratory,Non-Operational,Clark,48674538886388514490,NVCCB,Nevada Cannabis Compliance Board,Adult-Use,NV,,,,,ERP LLC,,,,,,,,,2023-12-11,,,,,,,,,,
48846213406320567884,Tryke Companies Reno Llc,D026,Medical Dispensary,Active,Washoe,48846213406320567884,NVCCB,Nevada Cannabis Compliance Board,Adult-Use,NV,,,,,TRYKE COMPANIES RENO LLC,,,,,,,,,2023-12-11,,,,,,,,,,
49035067150536429938,Waveseer Of Las Vegas Llc,RP053,Retail Production,Active,Clark,49035067150536429938,NVCCB,Nevada Cannabis Compliance Board,Adult-Use,NV,,,,,WAVESEER OF LAS VEGAS LLC,,,,,,,,,2023-12-11,,,,,,,,,,
49050217089132565292,Unifern Llc,RC179,Retail Cultivation,Active,Clark,49050217089132565292,NVCCB,Nevada Cannabis Compliance Board,Adult-Use,NV,,,,,UNIFERN LLC,,,,,,,,,2023-12-11,,,,,,,,,,
49462628591511007233,V6E Holdings Inc,T085,Retail Distributor,Non-Operational,Clark,49462628591511007233,NVCCB,Nevada Cannabis Compliance Board,Adult-Use,NV,,,,,V6E HOLDINGS INC,,,,,,,,,2023-12-11,,,,,,,,,,
49482059957736466451,Kayas Kitchen Llc,RP100,Retail Production,Active,Washoe,49482059957736466451,NVCCB,Nevada Cannabis Compliance Board,Adult-Use,NV,,,,,KAYAS KITCHEN LLC,,,,,,,,,2023-12-11,,,,,,,,,,
49544737589573795833,Gsm Lv Llc,RC085,Retail Cultivation,Non-Operational,Clark,49544737589573795833,NVCCB,Nevada Cannabis Compliance Board,Adult-Use,NV,,,,,GSM LV LLC,,,,,,,,,2023-12-11,,,,,,,,,,
49664395053675917070,Greenpoint Nevada Inc,RC045,Retail Cultivation,Non-Operational,Washoe,49664395053675917070,NVCCB,Nevada Cannabis Compliance Board,Adult-Use,NV,,,,,GREENPOINT NEVADA INC,,,,,,,,,2023-12-11,,,,,,,,,,
49710461487772387885,Medical Cannabis Healing Llc,P112,Medical Production,Non-Operational,Clark,49710461487772387885,NVCCB,Nevada Cannabis Compliance Board,Adult-Use,NV,,,,,MEDICAL CANNABIS HEALING LLC,,,,,,,,,2023-12-11,,,,,,,,,,
49988620104464639364,Ymy Ventures Llc,RC051,Retail Cultivation,Active,Clark,49988620104464639364,NVCCB,Nevada Cannabis Compliance Board,Adult-Use,NV,,,,,YMY VENTURES LLC,,,,,,,,,2023-12-11,,,,,,,,,,
50146841415435612818,Nevada Natural Medicines Llc,C047,Medical Cultivation,Non-Operational,Nye,50146841415435612818,NVCCB,Nevada Cannabis Compliance Board,Adult-Use,NV,,,,,NEVADA NATURAL MEDICINES LLC,,,,,,,,,2023-12-11,,,,,,,,,,
50385104809343900121,Greenmart Of Nevada Nlv Llc,C037,Medical Cultivation,Active,Clark,50385104809343900121,NVCCB,Nevada Cannabis Compliance Board,Adult-Use,NV,,,,,GREENMART OF NEVADA NLV LLC,,,,,,,,,2023-12-11,,,,,,,,,,
50474160252959804517,Crooked Wine Company Llc,T003,Retail Distributor,Active,Washoe,50474160252959804517,NVCCB,Nevada Cannabis Compliance Board,Adult-Use,NV,,,,,CROOKED WINE COMPANY LLC,,,,,,,,,2023-12-11,,,,,,,,,,
50496504116094482750,Natural Medicine Llc,P039,Medical Production,Active,Clark,50496504116094482750,NVCCB,Nevada Cannabis Compliance Board,Adult-Use,NV,,,,,NATURAL MEDICINE LLC,,,,,,,,,2023-12-11,,,,,,,,,,
50582248243659395416,Vegas Valley Growers North Llc,C007,Medical Cultivation,Active,Clark,50582248243659395416,NVCCB,Nevada Cannabis Compliance Board,Adult-Use,NV,,,,,VEGAS VALLEY GROWERS NORTH LLC,,,,,,,,,2023-12-11,,,,,,,,,,
50672104256468641763,Tgig Llc,RP025,Retail Production,Active,Clark,50672104256468641763,NVCCB,Nevada Cannabis Compliance Board,Adult-Use,NV,,,,,TGIG LLC,,,,,,,,,2023-12-11,,,,,,,,,,
50748233769645953480,Naturex Ii Llc,RD080,Retail Dispensary,Active,Clark,50748233769645953480,NVCCB,Nevada Cannabis Compliance Board,Adult-Use,NV,,,,,NATUREX II LLC,,,,,,,,,2023-12-11,,,,,,,,,,
50908730033762851212,Cannavative Farms Llc,RC071,Retail Cultivation,Active,Washoe,50908730033762851212,NVCCB,Nevada Cannabis Compliance Board,Adult-Use,NV,,,,,CANNAVATIVE FARMS LLC,,,,,,,,,2023-12-11,,,,,,,,,,
51157511271279283787,Nv Green Inc,P004,Medical Production,Active,Washoe,51157511271279283787,NVCCB,Nevada Cannabis Compliance Board,Adult-Use,NV,,,,,NV GREEN INC,,,,,,,,,2023-12-11,,,,,,,,,,
51266222807288437193,Nevada Organic Remedies Llc,RD152,Retail Dispensary,Active,Clark,51266222807288437193,NVCCB,Nevada Cannabis Compliance Board,Adult-Use,NV,,,,,NEVADA ORGANIC REMEDIES LLC,,,,,,,,,2023-12-11,,,,,,,,,,
51798010886861416556,Mmof Fremont Retail Inc,D178,Medical Dispensary,Active,Clark,51798010886861416556,NVCCB,Nevada Cannabis Compliance Board,Adult-Use,NV,,,,,MMOF FREMONT RETAIL INC,,,,,,,,,2023-12-11,,,,,,,,,,
51824402999678570215,Mm Development Company Inc,RP003,Retail Production,Active,Nye,51824402999678570215,NVCCB,Nevada Cannabis Compliance Board,Adult-Use,NV,,,,,MM DEVELOPMENT COMPANY INC,,,,,,,,,2023-12-11,,,,,,,,,,
51850250619702830725,Fidelis Holdings Henderson Llc,P081,Medical Production,Non-Operational,Clark,51850250619702830725,NVCCB,Nevada Cannabis Compliance Board,Adult-Use,NV,,,,,FIDELIS HOLDINGS HENDERSON LLC,,,,,,,,,2023-12-11,,,,,,,,,,
51876830467987506091,Natural Medicine Llc,RC052,Retail Cultivation,Active,Clark,51876830467987506091,NVCCB,Nevada Cannabis Compliance Board,Adult-Use,NV,,,,,NATURAL MEDICINE LLC,,,,,,,,,2023-12-11,,,,,,,,,,
52055082544233112314,Wellness & Caregivers Of Nevada Nlv Llc,RC102,Retail Cultivation,Active,Clark,52055082544233112314,NVCCB,Nevada Cannabis Compliance Board,Adult-Use,NV,,,,,WELLNESS & CAREGIVERS OF NEVADA NLV LLC,,,,,,,,,2023-12-11,,,,,,,,,,
52125541619394980552,Gti Nevada Llc,RD097,Retail Dispensary,Active,Washoe,52125541619394980552,NVCCB,Nevada Cannabis Compliance Board,Adult-Use,NV,,,,,GTI NEVADA LLC,,,,,,,,,2023-12-11,,,,,,,,,,
52188599373858371816,Blossum Group,RC059,Retail Cultivation,Active,Clark,52188599373858371816,NVCCB,Nevada Cannabis Compliance Board,Adult-Use,NV,,,,,BLOSSUM GROUP,,,,,,,,,2023-12-11,,,,,,,,,,
52244773367066952130,Green Cross Nevada Llc,RP019,Retail Production,Non-Operational,Clark,52244773367066952130,NVCCB,Nevada Cannabis Compliance Board,Adult-Use,NV,,,,,GREEN CROSS NEVADA LLC,,,,,,,,,2023-12-11,,,,,,,,,,
52453211787476290375,Deep Roots Harvest Inc.,RD400,Retail Dispensary,Active,Washoe,52453211787476290375,NVCCB,Nevada Cannabis Compliance Board,Adult-Use,NV,,,,,DEEP ROOTS HARVEST INC.,,,,,,,,,2023-12-11,,,,,,,,,,
52535698987090648986,Healthcare Options For Patients Enterprises Llc,C129,Medical Cultivation,Active,Clark,52535698987090648986,NVCCB,Nevada Cannabis Compliance Board,Adult-Use,NV,,,,,HEALTHCARE OPTIONS FOR PATIENTS ENTERPRISES LLC,,,,,,,,,2023-12-11,,,,,,,,,,
52625545245998432280,Polaris Wellness Center Llc,RC168,Retail Cultivation,Active,Clark,52625545245998432280,NVCCB,Nevada Cannabis Compliance Board,Adult-Use,NV,,,,,POLARIS WELLNESS CENTER LLC,,,,,,,,,2023-12-11,,,,,,,,,,
52712498758628776807,3Ap Inc,RC074,Retail Cultivation,Active,Clark,52712498758628776807,NVCCB,Nevada Cannabis Compliance Board,Adult-Use,NV,,,,,3AP INC,,,,,,,,,2023-12-11,,,,,,,,,,
52840251420805492332,Nlvg Llc,C155,Medical Cultivation,Non-Operational,Clark,52840251420805492332,NVCCB,Nevada Cannabis Compliance Board,Adult-Use,NV,,,,,NLVG LLC,,,,,,,,,2023-12-11,,,,,,,,,,
52864127312203226338,Livfree Wellness Llc A Nevada Limited Liability Company,P023,Medical Production,Non-Operational,Clark,52864127312203226338,NVCCB,Nevada Cannabis Compliance Board,Adult-Use,NV,,,,,LIVFREE WELLNESS LLC A NEVADA LIMITED LIABILITY COMPANY,,,,,,,,,2023-12-11,,,,,,,,,,
52922406301834849379,Rural Remedies Llc,C192,Medical Cultivation,Active,Lander,52922406301834849379,NVCCB,Nevada Cannabis Compliance Board,Adult-Use,NV,,,,,RURAL REMEDIES LLC,,,,,,,,,2023-12-11,,,,,,,,,,
53116055364203491071,Solace Enterprises Llc,RP046,Retail Production,Active,Clark,53116055364203491071,NVCCB,Nevada Cannabis Compliance Board,Adult-Use,NV,,,,,SOLACE ENTERPRISES LLC,,,,,,,,,2023-12-11,,,,,,,,,,
53120732963574384733,Clear River Llc,D108,Medical Dispensary,Active,Clark,53120732963574384733,NVCCB,Nevada Cannabis Compliance Board,Adult-Use,NV,,,,,CLEAR RIVER LLC,,,,,,,,,2023-12-11,,,,,,,,,,
53359095815516640847,Nv Cann Labs Llc,L001,Medical Laboratory,Active,Clark,53359095815516640847,NVCCB,Nevada Cannabis Compliance Board,Adult-Use,NV,,,,,NV CANN LABS LLC,,,,,,,,,2023-12-11,,,,,,,,,,
53373204442849028916,Zenway Corp,C140,Medical Cultivation,Active,Clark,53373204442849028916,NVCCB,Nevada Cannabis Compliance Board,Adult-Use,NV,,,,,ZENWAY CORP,,,,,,,,,2023-12-11,,,,,,,,,,
53777776848786725022,Southern Nevada Growers Llc,C142,Medical Cultivation,Active,Clark,53777776848786725022,NVCCB,Nevada Cannabis Compliance Board,Adult-Use,NV,,,,,SOUTHERN NEVADA GROWERS LLC,,,,,,,,,2023-12-11,,,,,,,,,,
53908146183081867945,Helping Hands Wellness Center Inc,RP092,Retail Production,Active,Clark,53908146183081867945,NVCCB,Nevada Cannabis Compliance Board,Adult-Use,NV,,,,,HELPING HANDS WELLNESS CENTER INC,,,,,,,,,2023-12-11,,,,,,,,,,
54107604407977306180,Libra Wellness Center Llc,P094,Medical Production,Non-Operational,Clark,54107604407977306180,NVCCB,Nevada Cannabis Compliance Board,Adult-Use,NV,,,,,LIBRA WELLNESS CENTER LLC,,,,,,,,,2023-12-11,,,,,,,,,,
54135769938859220718,Essence Tropicana Llc,RD043,Retail Dispensary,Active,Clark,54135769938859220718,NVCCB,Nevada Cannabis Compliance Board,Adult-Use,NV,,,,,ESSENCE TROPICANA LLC,,,,,,,,,2023-12-11,,,,,,,,,,
54283805068313943868,Paradise Wellness Center Llc,RD138,Retail Dispensary,Active,Clark,54283805068313943868,NVCCB,Nevada Cannabis Compliance Board,Adult-Use,NV,,,,,PARADISE WELLNESS CENTER LLC,,,,,,,,,2023-12-11,,,,,,,,,,
54403159919762505142,Livfree Wellness Llc A Nevada Limited Liability Company,D050,Medical Dispensary,Active,Clark,54403159919762505142,NVCCB,Nevada Cannabis Compliance Board,Adult-Use,NV,,,,,LIVFREE WELLNESS LLC A NEVADA LIMITED LIABILITY COMPANY,,,,,,,,,2023-12-11,,,,,,,,,,
54477437937479297460,Clark Natural Medicinal Solutions Llc,P108,Medical Production,Active,Clark,54477437937479297460,NVCCB,Nevada Cannabis Compliance Board,Adult-Use,NV,,,,,CLARK NATURAL MEDICINAL SOLUTIONS LLC,,,,,,,,,2023-12-11,,,,,,,,,,
54535922714915823296,Nevada Holistic Medicine Llc,RD053,Retail Dispensary,Active,Clark,54535922714915823296,NVCCB,Nevada Cannabis Compliance Board,Adult-Use,NV,,,,,NEVADA HOLISTIC MEDICINE LLC,,,,,,,,,2023-12-11,,,,,,,,,,
54588636135598286871,Nuleaf Clark Dispensary Llc,RD065,Retail Dispensary,Active,Clark,54588636135598286871,NVCCB,Nevada Cannabis Compliance Board,Adult-Use,NV,,,,,NULEAF CLARK DISPENSARY LLC,,,,,,,,,2023-12-11,,,,,,,,,,
54732391061781763853,Essence Tropicana Llc,D043,Medical Dispensary,Active,Clark,54732391061781763853,NVCCB,Nevada Cannabis Compliance Board,Adult-Use,NV,,,,,ESSENCE TROPICANA LLC,,,,,,,,,2023-12-11,,,,,,,,,,
54805772257634609868,The Cure Company Nv Llc,C123,Medical Cultivation,Non-Operational,Clark,54805772257634609868,NVCCB,Nevada Cannabis Compliance Board,Adult-Use,NV,,,,,THE CURE COMPANY NV LLC,,,,,,,,,2023-12-11,,,,,,,,,,
54843900353627537885,Mm Development Company Inc,RC003,Retail Cultivation,Active,Clark,54843900353627537885,NVCCB,Nevada Cannabis Compliance Board,Adult-Use,NV,,,,,MM DEVELOPMENT COMPANY INC,,,,,,,,,2023-12-11,,,,,,,,,,
54896246263684448089,Integral Production Llc,P020,Medical Production,Active,Clark,54896246263684448089,NVCCB,Nevada Cannabis Compliance Board,Adult-Use,NV,,,,,INTEGRAL PRODUCTION LLC,,,,,,,,,2023-12-11,,,,,,,,,,
54980305084297438991,Thc Nevada Llc,RC030,Retail Cultivation,Active,Clark,54980305084297438991,NVCCB,Nevada Cannabis Compliance Board,Adult-Use,NV,,,,,THC NEVADA LLC,,,,,,,,,2023-12-11,,,,,,,,,,
55363208938053798722,Waveseer Of Nevada Llc,RD091,Retail Dispensary,Active,Clark,55363208938053798722,NVCCB,Nevada Cannabis Compliance Board,Adult-Use,NV,,,,,WAVESEER OF NEVADA LLC,,,,,,,,,2023-12-11,,,,,,,,,,
55426061278341633047,Floret Nevada Llc,RC128,Retail Cultivation,Non-Operational,Washoe,55426061278341633047,NVCCB,Nevada Cannabis Compliance Board,Adult-Use,NV,,,,,FLORET NEVADA LLC,,,,,,,,,2023-12-11,,,,,,,,,,
55740439531874846857,Mmof Vegas Retail 2 Inc,D092,Medical Dispensary,Non-Operational,Clark,55740439531874846857,NVCCB,Nevada Cannabis Compliance Board,Adult-Use,NV,,,,,MMOF VEGAS RETAIL 2 INC,,,,,,,,,2023-12-11,,,,,,,,,,
55910347793434478299,Serenity Wellness Center Llc,RD046,Retail Dispensary,Active,Clark,55910347793434478299,NVCCB,Nevada Cannabis Compliance Board,Adult-Use,NV,,,,,SERENITY WELLNESS CENTER LLC,,,,,,,,,2023-12-11,,,,,,,,,,
55959028344138859769,Medical Cannabis Healing Llc,RC178,Retail Cultivation,Active,Clark,55959028344138859769,NVCCB,Nevada Cannabis Compliance Board,Adult-Use,NV,,,,,MEDICAL CANNABIS HEALING LLC,,,,,,,,,2023-12-11,,,,,,,,,,
56426800972005264608,Tryke Companies So Nv Llc,RD030,Retail Dispensary,Active,Clark,56426800972005264608,NVCCB,Nevada Cannabis Compliance Board,Adult-Use,NV,,,,,TRYKE COMPANIES SO NV LLC,,,,,,,,,2023-12-11,,,,,,,,,,
56587702954468594911,Strata Growth Llc,RC130,Retail Cultivation,Active,Nye,56587702954468594911,NVCCB,Nevada Cannabis Compliance Board,Adult-Use,NV,,,,,STRATA GROWTH LLC,,,,,,,,,2023-12-11,,,,,,,,,,
56693629355290417097,Livfree Wellness Llc A Nevada Limited Liability Company,RP026,Retail Production,Non-Operational,Washoe,56693629355290417097,NVCCB,Nevada Cannabis Compliance Board,Adult-Use,NV,,,,,LIVFREE WELLNESS LLC A NEVADA LIMITED LIABILITY COMPANY,,,,,,,,,2023-12-11,,,,,,,,,,
56859471821919325427,Sf-D Inc,RD012,Retail Dispensary,Active,Clark,56859471821919325427,NVCCB,Nevada Cannabis Compliance Board,Adult-Use,NV,,,,,SF-D INC,,,,,,,,,2023-12-11,,,,,,,,,,
57013223548758955335,Acres Cultivation Llc,RC013,Retail Cultivation,Active,Nye,57013223548758955335,NVCCB,Nevada Cannabis Compliance Board,Adult-Use,NV,,,,,ACRES CULTIVATION LLC,,,,,,,,,2023-12-11,,,,,,,,,,
57228409765781650784,Nevada Wellness Center West Llc,RD505,Retail Dispensary,Active,Clark,57228409765781650784,NVCCB,Nevada Cannabis Compliance Board,Adult-Use,NV,,,,,NEVADA WELLNESS CENTER WEST LLC,,,,,,,,,2023-12-11,,,,,,,,,,
57423515686468109473,Moms Meds Management L.L.C.,P135,Medical Production,Active,Mineral,57423515686468109473,NVCCB,Nevada Cannabis Compliance Board,Adult-Use,NV,,,,,MOMS MEDS MANAGEMENT L.L.C.,,,,,,,,,2023-12-11,,,,,,,,,,
57597687622179016039,Polaris Wellness Center Llc,C168,Medical Cultivation,Non-Operational,Clark,57597687622179016039,NVCCB,Nevada Cannabis Compliance Board,Adult-Use,NV,,,,,POLARIS WELLNESS CENTER LLC,,,,,,,,,2023-12-11,,,,,,,,,,
57708763289160503743,Mm Development Company Inc,C067,Medical Cultivation,Non-Operational,Clark,57708763289160503743,NVCCB,Nevada Cannabis Compliance Board,Adult-Use,NV,,,,,MM DEVELOPMENT COMPANY INC,,,,,,,,,2023-12-11,,,,,,,,,,
57714553257544850515,Medical Cannabis Healing Llc,C178,Medical Cultivation,Active,Clark,57714553257544850515,NVCCB,Nevada Cannabis Compliance Board,Adult-Use,NV,,,,,MEDICAL CANNABIS HEALING LLC,,,,,,,,,2023-12-11,,,,,,,,,,
57742937900772366722,Solace Enterprises Llc,P046,Medical Production,Non-Operational,Clark,57742937900772366722,NVCCB,Nevada Cannabis Compliance Board,Adult-Use,NV,,,,,SOLACE ENTERPRISES LLC,,,,,,,,,2023-12-11,,,,,,,,,,
57767394910751232160,Cannavative Farms Llc,C071,Medical Cultivation,Active,Washoe,57767394910751232160,NVCCB,Nevada Cannabis Compliance Board,Adult-Use,NV,,,,,CANNAVATIVE FARMS LLC,,,,,,,,,2023-12-11,,,,,,,,,,
57910541642661535858,Lander Leaf Growers Llc,C198,Medical Cultivation,Active,Lander,57910541642661535858,NVCCB,Nevada Cannabis Compliance Board,Adult-Use,NV,,,,,LANDER LEAF GROWERS LLC,,,,,,,,,2023-12-11,,,,,,,,,,
57985307135305347124,Jdw Nevada Llc,RC066,Retail Cultivation,Non-Operational,Clark,57985307135305347124,NVCCB,Nevada Cannabis Compliance Board,Adult-Use,NV,,,,,JDW NEVADA LLC,,,,,,,,,2023-12-11,,,,,,,,,,
58128562827494412091,Medical Marijuana Group Inc,C020,Medical Cultivation,Active,Washoe,58128562827494412091,NVCCB,Nevada Cannabis Compliance Board,Adult-Use,NV,,,,,MEDICAL MARIJUANA GROUP INC,,,,,,,,,2023-12-11,,,,,,,,,,
58400965098575467169,5Seat Investments Llc,P037,Medical Production,Non-Operational,Carson City,58400965098575467169,NVCCB,Nevada Cannabis Compliance Board,Adult-Use,NV,,,,,5SEAT INVESTMENTS LLC,,,,,,,,,2023-12-11,,,,,,,,,,
58419056164940136687,Vegas Valley Growers North Llc,P005,Medical Production,Active,Clark,58419056164940136687,NVCCB,Nevada Cannabis Compliance Board,Adult-Use,NV,,,,,VEGAS VALLEY GROWERS NORTH LLC,,,,,,,,,2023-12-11,,,,,,,,,,
59173856084611315340,Hh Sub Ii Llc,RD546,Retail Dispensary,Active,Clark,59173856084611315340,NVCCB,Nevada Cannabis Compliance Board,Adult-Use,NV,,,,,HH SUB II LLC,,,,,,,,,2023-12-11,,,,,,,,,,
59239887350322215968,Integral Production Llc,RP020,Retail Production,Active,Clark,59239887350322215968,NVCCB,Nevada Cannabis Compliance Board,Adult-Use,NV,,,,,INTEGRAL PRODUCTION LLC,,,,,,,,,2023-12-11,,,,,,,,,,
59240477366367737854,Zenway Corp,RC140,Retail Cultivation,Active,Clark,59240477366367737854,NVCCB,Nevada Cannabis Compliance Board,Adult-Use,NV,,,,,ZENWAY CORP,,,,,,,,,2023-12-11,,,,,,,,,,
59287610826909824091,Henderson Organic Remedies Llc,RD107,Retail Dispensary,Active,Clark,59287610826909824091,NVCCB,Nevada Cannabis Compliance Board,Adult-Use,NV,,,,,HENDERSON ORGANIC REMEDIES LLC,,,,,,,,,2023-12-11,,,,,,,,,,
59425342936489617985,Range Brands Llc,P040,Medical Production,Non-Operational,Clark,59425342936489617985,NVCCB,Nevada Cannabis Compliance Board,Adult-Use,NV,,,,,RANGE BRANDS LLC,,,,,,,,,2023-12-11,,,,,,,,,,
59947598683440960996,High Sierra Holistics Llc,RP069,Retail Production,Active,Washoe,59947598683440960996,NVCCB,Nevada Cannabis Compliance Board,Adult-Use,NV,,,,,HIGH SIERRA HOLISTICS LLC,,,,,,,,,2023-12-11,,,,,,,,,,
59957937698775278559,Silver State Wellness Llc,RC101,Retail Cultivation,Active,Clark,59957937698775278559,NVCCB,Nevada Cannabis Compliance Board,Adult-Use,NV,,,,,SILVER STATE WELLNESS LLC,,,,,,,,,2023-12-11,,,,,,,,,,
59998657224967428496,Livfree Wellness Llc A Nevada Limited Liability Company,RP023,Retail Production,Active,Clark,59998657224967428496,NVCCB,Nevada Cannabis Compliance Board,Adult-Use,NV,,,,,LIVFREE WELLNESS LLC A NEVADA LIMITED LIABILITY COMPANY,,,,,,,,,2023-12-11,,,,,,,,,,
60209124011694020439,Sensible Edibles Llc,RP031,Retail Production,Active,Washoe,60209124011694020439,NVCCB,Nevada Cannabis Compliance Board,Adult-Use,NV,,,,,SENSIBLE EDIBLES LLC,,,,,,,,,2023-12-11,,,,,,,,,,
60215712221216816750,Livfree Wellness Llc A Nevada Limited Liability Company,D051,Medical Dispensary,Active,Clark,60215712221216816750,NVCCB,Nevada Cannabis Compliance Board,Adult-Use,NV,,,,,LIVFREE WELLNESS LLC A NEVADA LIMITED LIABILITY COMPANY,,,,,,,,,2023-12-11,,,,,,,,,,
60221456183974265627,Helping Hands Wellness Center Inc,P092,Medical Production,Active,Clark,60221456183974265627,NVCCB,Nevada Cannabis Compliance Board,Adult-Use,NV,,,,,HELPING HANDS WELLNESS CENTER INC,,,,,,,,,2023-12-11,,,,,,,,,,
60232754740405315836,Hh Sub I Llc,RD548,Retail Dispensary,Active,Clark,60232754740405315836,NVCCB,Nevada Cannabis Compliance Board,Adult-Use,NV,,,,,HH SUB I LLC,,,,,,,,,2023-12-11,,,,,,,,,,
60375575493304646593,Gravitas Henderson Llc,RC016,Retail Cultivation,Active,Clark,60375575493304646593,NVCCB,Nevada Cannabis Compliance Board,Adult-Use,NV,,,,,GRAVITAS HENDERSON LLC,,,,,,,,,2023-12-11,,,,,,,,,,
60481353847758083620,Tryke Companies So Nv Llc,T084,Retail Distributor,Active,Clark,60481353847758083620,NVCCB,Nevada Cannabis Compliance Board,Adult-Use,NV,,,,,TRYKE COMPANIES SO NV LLC,,,,,,,,,2023-12-11,,,,,,,,,,
60617213048329483143,Fidelis Holdings Llc,RC133,Retail Cultivation,Active,Clark,60617213048329483143,NVCCB,Nevada Cannabis Compliance Board,Adult-Use,NV,,,,,FIDELIS HOLDINGS LLC,,,,,,,,,2023-12-11,,,,,,,,,,
60728949404587008106,Thc Nevada Llc,C030,Medical Cultivation,Active,Clark,60728949404587008106,NVCCB,Nevada Cannabis Compliance Board,Adult-Use,NV,,,,,THC NEVADA LLC,,,,,,,,,2023-12-11,,,,,,,,,,
60784621649758886862,Deep Roots Harvest Inc,T095,Retail Distributor,Active,Clark,60784621649758886862,NVCCB,Nevada Cannabis Compliance Board,Adult-Use,NV,,,,,DEEP ROOTS HARVEST INC,,,,,,,,,2023-12-11,,,,,,,,,,
61179392211013199930,Ssac D1 Llc,RD060,Retail Dispensary,Active,Washoe,61179392211013199930,NVCCB,Nevada Cannabis Compliance Board,Adult-Use,NV,,,,,SSAC D1 LLC,,,,,,,,,2023-12-11,,,,,,,,,,
61258314030822732126,Greenleaf Enterprises Inc,C050,Medical Cultivation,Active,Washoe,61258314030822732126,NVCCB,Nevada Cannabis Compliance Board,Adult-Use,NV,,,,,GREENLEAF ENTERPRISES INC,,,,,,,,,2023-12-11,,,,,,,,,,
61301779234796117347,Clark Natural Medicinal Solutions Llc,RC165,Retail Cultivation,Active,Clark,61301779234796117347,NVCCB,Nevada Cannabis Compliance Board,Adult-Use,NV,,,,,CLARK NATURAL MEDICINAL SOLUTIONS LLC,,,,,,,,,2023-12-11,,,,,,,,,,
61611537222691531848,Serenity Wellness Products Llc,T073,Retail Distributor,Active,Clark,61611537222691531848,NVCCB,Nevada Cannabis Compliance Board,Adult-Use,NV,,,,,SERENITY WELLNESS PRODUCTS LLC,,,,,,,,,2023-12-11,,,,,,,,,,
61866401407522624698,Las Vegas Wellness And Compassion Llc,C137,Medical Cultivation,Active,Clark,61866401407522624698,NVCCB,Nevada Cannabis Compliance Board,Adult-Use,NV,,,,,LAS VEGAS WELLNESS AND COMPASSION LLC,,,,,,,,,2023-12-11,,,,,,,,,,
61887736101164525768,Db Labs Llc,L003,Medical Laboratory,Active,Clark,61887736101164525768,NVCCB,Nevada Cannabis Compliance Board,Adult-Use,NV,,,,,DB LABS LLC,,,,,,,,,2023-12-11,,,,,,,,,,
62002429809099661968,Green Therapeutics Llc,RP055,Retail Production,Active,Clark,62002429809099661968,NVCCB,Nevada Cannabis Compliance Board,Adult-Use,NV,,,,,GREEN THERAPEUTICS LLC,,,,,,,,,2023-12-11,,,,,,,,,,
62288713970409249760,Clear River Llc,T020,Retail Distributor,Active,Clark,62288713970409249760,NVCCB,Nevada Cannabis Compliance Board,Adult-Use,NV,,,,,CLEAR RIVER LLC,,,,,,,,,2023-12-11,,,,,,,,,,
62340865056138997248,Integral Cultivation Llc,T043,Retail Distributor,Active,Clark,62340865056138997248,NVCCB,Nevada Cannabis Compliance Board,Adult-Use,NV,,,,,INTEGRAL CULTIVATION LLC,,,,,,,,,2023-12-11,,,,,,,,,,
62474301567586344896,Mm Development Company Inc,RD006,Retail Dispensary,Active,Clark,62474301567586344896,NVCCB,Nevada Cannabis Compliance Board,Adult-Use,NV,,,,,MM DEVELOPMENT COMPANY INC,,,,,,,,,2023-12-11,,,,,,,,,,
63045699645107821468,Clover Creek Organics Llc,P142,Medical Production,Non-Operational,Lincoln,63045699645107821468,NVCCB,Nevada Cannabis Compliance Board,Adult-Use,NV,,,,,CLOVER CREEK ORGANICS LLC,,,,,,,,,2023-12-11,,,,,,,,,,
63179017136792237088,Qualcan Llc,RD591,Retail Dispensary,Active,Clark,63179017136792237088,NVCCB,Nevada Cannabis Compliance Board,Adult-Use,NV,,,,,QUALCAN LLC,,,,,,,,,2023-12-11,,,,,,,,,,
63273803311107454693,Green Therapeutics Llc,P055,Medical Production,Active,Clark,63273803311107454693,NVCCB,Nevada Cannabis Compliance Board,Adult-Use,NV,,,,,GREEN THERAPEUTICS LLC,,,,,,,,,2023-12-11,,,,,,,,,,
63347173789507013445,Mm Development Company Inc,P002,Medical Production,Non-Operational,Clark,63347173789507013445,NVCCB,Nevada Cannabis Compliance Board,Adult-Use,NV,,,,,MM DEVELOPMENT COMPANY INC,,,,,,,,,2023-12-11,,,,,,,,,,
63823593017866205802,Ararat Wine And Liquor Wholesale Inc,T094,Retail Distributor,Active,Clark,63823593017866205802,NVCCB,Nevada Cannabis Compliance Board,Adult-Use,NV,,,,,ARARAT WINE AND LIQUOR WHOLESALE INC,,,,,,,,,2023-12-11,,,,,,,,,,
63918266150160688897,Las Vegas Wellness And Compassion Llc,RC137,Retail Cultivation,Active,Clark,63918266150160688897,NVCCB,Nevada Cannabis Compliance Board,Adult-Use,NV,,,,,LAS VEGAS WELLNESS AND COMPASSION LLC,,,,,,,,,2023-12-11,,,,,,,,,,
64345737726226352455,Livfree Wellness Llc,RD547,Retail Dispensary,Active,Clark,64345737726226352455,NVCCB,Nevada Cannabis Compliance Board,Adult-Use,NV,,,,,LIVFREE WELLNESS LLC,,,,,,,,,2023-12-11,,,,,,,,,,
64364789010887954474,The Hempire Company Llc,RP120,Retail Production,Suspended,Esmeralda,64364789010887954474,NVCCB,Nevada Cannabis Compliance Board,Adult-Use,NV,,,,,THE HEMPIRE COMPANY LLC,,,,,,,,,2023-12-11,,,,,,,,,,
64396246475438768402,Ncmm Llc,RP099,Retail Production,Active,Nye,64396246475438768402,NVCCB,Nevada Cannabis Compliance Board,Adult-Use,NV,,,,,NCMM LLC,,,,,,,,,2023-12-11,,,,,,,,,,
64426900482560153641,Exhale Brands Nevada Llc,D105,Medical Dispensary,Active,Clark,64426900482560153641,NVCCB,Nevada Cannabis Compliance Board,Adult-Use,NV,,,,,EXHALE BRANDS NEVADA LLC,,,,,,,,,2023-12-11,,,,,,,,,,
64458963066306661796,Gfive Cultivation Llc,RC075,Retail Cultivation,Active,Clark,64458963066306661796,NVCCB,Nevada Cannabis Compliance Board,Adult-Use,NV,,,,,GFIVE CULTIVATION LLC,,,,,,,,,2023-12-11,,,,,,,,,,
64610453975496632368,Tryke Companies So Nv Llc,D033,Medical Dispensary,Active,Clark,64610453975496632368,NVCCB,Nevada Cannabis Compliance Board,Adult-Use,NV,,,,,TRYKE COMPANIES SO NV LLC,,,,,,,,,2023-12-11,,,,,,,,,,
64995797755670122923,Clark Natural Medicinal Solutions Llc,C165,Medical Cultivation,Active,Clark,64995797755670122923,NVCCB,Nevada Cannabis Compliance Board,Adult-Use,NV,,,,,CLARK NATURAL MEDICINAL SOLUTIONS LLC,,,,,,,,,2023-12-11,,,,,,,,,,
65621689196409860614,Dep Ops Nv Llc,P009,Medical Production,Non-Operational,Clark,65621689196409860614,NVCCB,Nevada Cannabis Compliance Board,Adult-Use,NV,,,,,DEP Ops NV LLC,,,,,,,,,2023-12-11,,,,,,,,,,
65689461925309882262,Fswfl Llc,RP086,Retail Production,Active,Clark,65689461925309882262,NVCCB,Nevada Cannabis Compliance Board,Adult-Use,NV,,,,,FSWFL LLC,,,,,,,,,2023-12-11,,,,,,,,,,
65714958753528319907,Floret Nevada Llc,P074,Medical Production,Non-Operational,Washoe,65714958753528319907,NVCCB,Nevada Cannabis Compliance Board,Adult-Use,NV,,,,,FLORET NEVADA LLC,,,,,,,,,2023-12-11,,,,,,,,,,
65990416749820182121,Nnv Operations I Inc,C141,Medical Cultivation,Active,Washoe,65990416749820182121,NVCCB,Nevada Cannabis Compliance Board,Adult-Use,NV,,,,,NNV OPERATIONS I INC,,,,,,,,,2023-12-11,,,,,,,,,,
66298101522105826229,Cn Licenseco I Inc,C095,Medical Cultivation,Active,Clark,66298101522105826229,NVCCB,Nevada Cannabis Compliance Board,Adult-Use,NV,,,,,CN LICENSECO I INC,,,,,,,,,2023-12-11,,,,,,,,,,
66465897513591575902,Agua Street Llc,C157,Medical Cultivation,Active,Clark,66465897513591575902,NVCCB,Nevada Cannabis Compliance Board,Adult-Use,NV,,,,,AGUA STREET LLC,,,,,,,,,2023-12-11,,,,,,,,,,
66506752367319977952,Gravitas Nevada Ltd,RP013,Retail Production,Active,Clark,66506752367319977952,NVCCB,Nevada Cannabis Compliance Board,Adult-Use,NV,,,,,GRAVITAS NEVADA LTD,,,,,,,,,2023-12-11,,,,,,,,,,
66529987864286045247,Vegas Valley Growers North Llc,RC007,Retail Cultivation,Active,Clark,66529987864286045247,NVCCB,Nevada Cannabis Compliance Board,Adult-Use,NV,,,,,VEGAS VALLEY GROWERS NORTH LLC,,,,,,,,,2023-12-11,,,,,,,,,,
66572351495746559132,Pure Growers Llc,P137,Medical Production,Active,Lander,66572351495746559132,NVCCB,Nevada Cannabis Compliance Board,Adult-Use,NV,,,,,PURE GROWERS LLC,,,,,,,,,2023-12-11,,,,,,,,,,
66617546095474151491,Silver State Wellness Llc,RP051,Retail Production,Active,Clark,66617546095474151491,NVCCB,Nevada Cannabis Compliance Board,Adult-Use,NV,,,,,SILVER STATE WELLNESS LLC,,,,,,,,,2023-12-11,,,,,,,,,,
66698167774848547520,Fidelis Holdings Llc,C133,Medical Cultivation,Active,Clark,66698167774848547520,NVCCB,Nevada Cannabis Compliance Board,Adult-Use,NV,,,,,FIDELIS HOLDINGS LLC,,,,,,,,,2023-12-11,,,,,,,,,,
66727918448382181540,Green Therapeutics Llc,RC083,Retail Cultivation,Active,Clark,66727918448382181540,NVCCB,Nevada Cannabis Compliance Board,Adult-Use,NV,,,,,GREEN THERAPEUTICS LLC,,,,,,,,,2023-12-11,,,,,,,,,,
66873317086528740570,Gwga Llc,RC024,Retail Cultivation,Active,Nye,66873317086528740570,NVCCB,Nevada Cannabis Compliance Board,Adult-Use,NV,,,,,GWGA LLC,,,,,,,,,2023-12-11,,,,,,,,,,
66956185074616370216,Nevada Organic Remedies Llc,T056,Retail Distributor,Active,Clark,66956185074616370216,NVCCB,Nevada Cannabis Compliance Board,Adult-Use,NV,,,,,NEVADA ORGANIC REMEDIES LLC,,,,,,,,,2023-12-11,,,,,,,,,,
67002356856519287053,Las Vegas Natural Caregivers L.L.C.,C015,Medical Cultivation,Active,Clark,67002356856519287053,NVCCB,Nevada Cannabis Compliance Board,Adult-Use,NV,,,,,LAS VEGAS NATURAL CAREGIVERS L.L.C.,,,,,,,,,2023-12-11,,,,,,,,,,
67122044441374722164,Mesa Oils Llc,RP073,Retail Production,Active,Clark,67122044441374722164,NVCCB,Nevada Cannabis Compliance Board,Adult-Use,NV,,,,,MESA OILS LLC,,,,,,,,,2023-12-11,,,,,,,,,,
67137974857763470339,Silver Sage Wellness Llc,RP022,Retail Production,Active,Clark,67137974857763470339,NVCCB,Nevada Cannabis Compliance Board,Adult-Use,NV,,,,,SILVER SAGE WELLNESS LLC,,,,,,,,,2023-12-11,,,,,,,,,,
67152141156911857339,Nuleaf Reno Production Llc,RP061,Retail Production,Active,Washoe,67152141156911857339,NVCCB,Nevada Cannabis Compliance Board,Adult-Use,NV,,,,,NULEAF RENO PRODUCTION LLC,,,,,,,,,2023-12-11,,,,,,,,,,
67391843247886555156,Nevada Pure Llc,RD019,Retail Dispensary,Active,Clark,67391843247886555156,NVCCB,Nevada Cannabis Compliance Board,Adult-Use,NV,,,,,NEVADA PURE LLC,,,,,,,,,2023-12-11,,,,,,,,,,
67501179020484699802,Mmof Fremont Retail Inc,RD178,Retail Dispensary,Active,Clark,67501179020484699802,NVCCB,Nevada Cannabis Compliance Board,Adult-Use,NV,,,,,MMOF FREMONT RETAIL INC,,,,,,,,,2023-12-11,,,,,,,,,,
67664169559680064201,Natural Medicine Llc,RD145,Retail Dispensary,Active,Clark,67664169559680064201,NVCCB,Nevada Cannabis Compliance Board,Adult-Use,NV,,,,,NATURAL MEDICINE LLC,,,,,,,,,2023-12-11,,,,,,,,,,
67746218287718348456,Vegas Valley Growers Llc,P006,Medical Production,Active,Clark,67746218287718348456,NVCCB,Nevada Cannabis Compliance Board,Adult-Use,NV,,,,,VEGAS VALLEY GROWERS LLC,,,,,,,,,2023-12-11,,,,,,,,,,
67921128221276401437,The Hempire Company Llc,RC184,Retail Cultivation,Suspended,Esmeralda,67921128221276401437,NVCCB,Nevada Cannabis Compliance Board,Adult-Use,NV,,,,,THE HEMPIRE COMPANY LLC,,,,,,,,,2023-12-11,,,,,,,,,,
68051053914819427603,Mm Development Company Inc,T051,Retail Distributor,Active,Clark,68051053914819427603,NVCCB,Nevada Cannabis Compliance Board,Adult-Use,NV,,,,,MM DEVELOPMENT COMPANY INC,,,,,,,,,2023-12-11,,,,,,,,,,
68096361433916615303,Livfree Wellness Llc A Nevada Limited Liability Company,RC044,Retail Cultivation,Non-Operational,Clark,68096361433916615303,NVCCB,Nevada Cannabis Compliance Board,Adult-Use,NV,,,,,LIVFREE WELLNESS LLC A NEVADA LIMITED LIABILITY COMPANY,,,,,,,,,2023-12-11,,,,,,,,,,
68465280204941344633,Clark Natural Medicinal Solutions Llc,RP108,Retail Production,Active,Clark,68465280204941344633,NVCCB,Nevada Cannabis Compliance Board,Adult-Use,NV,,,,,CLARK NATURAL MEDICINAL SOLUTIONS LLC,,,,,,,,,2023-12-11,,,,,,,,,,
68654169444367146618,374 Labs Llc,RL012,Retail Laboratory,Active,Washoe,68654169444367146618,NVCCB,Nevada Cannabis Compliance Board,Adult-Use,NV,,,,,374 LABS LLC,,,,,,,,,2023-12-11,,,,,,,,,,
68782695892471568312,Cn Licenseco I Inc,RP066,Retail Production,Active,Clark,68782695892471568312,NVCCB,Nevada Cannabis Compliance Board,Adult-Use,NV,,,,,CN LICENSECO I INC,,,,,,,,,2023-12-11,,,,,,,,,,
69200162927093984683,Medical Marijuana Group Inc,RC020,Retail Cultivation,Active,Washoe,69200162927093984683,NVCCB,Nevada Cannabis Compliance Board,Adult-Use,NV,,,,,MEDICAL MARIJUANA GROUP INC,,,,,,,,,2023-12-11,,,,,,,,,,
69204305475717257553,Db Labs Llc,RL003,Retail Laboratory,Active,Clark,69204305475717257553,NVCCB,Nevada Cannabis Compliance Board,Adult-Use,NV,,,,,DB LABS LLC,,,,,,,,,2023-12-11,,,,,,,,,,
69272354565432352821,Gti Nevada Llc,RP057,Retail Production,Active,Carson City,69272354565432352821,NVCCB,Nevada Cannabis Compliance Board,Adult-Use,NV,,,,,GTI NEVADA LLC,,,,,,,,,2023-12-11,,,,,,,,,,
69317680018612575286,Ncmm Llc,P099,Medical Production,Active,Nye,69317680018612575286,NVCCB,Nevada Cannabis Compliance Board,Adult-Use,NV,,,,,NCMM LLC,,,,,,,,,2023-12-11,,,,,,,,,,
69319435542613350317,Alternative Medicine Association Lc,P096,Medical Production,Active,Clark,69319435542613350317,NVCCB,Nevada Cannabis Compliance Board,Adult-Use,NV,,,,,ALTERNATIVE MEDICINE ASSOCIATION LC,,,,,,,,,2023-12-11,,,,,,,,,,
69404716747838939574,Nv 3480 Partners Llc,RC058,Retail Cultivation,Active,Clark,69404716747838939574,NVCCB,Nevada Cannabis Compliance Board,Adult-Use,NV,,,,,NV 3480 PARTNERS LLC,,,,,,,,,2023-12-11,,,,,,,,,,
69480671803921108325,Green Life Productions Llc,C146,Medical Cultivation,Active,Nye,69480671803921108325,NVCCB,Nevada Cannabis Compliance Board,Adult-Use,NV,,,,,GREEN LIFE PRODUCTIONS LLC,,,,,,,,,2023-12-11,,,,,,,,,,
69592150491762877813,Good Chemistry Nevada Llc,P083,Medical Production,Non-Operational,Washoe,69592150491762877813,NVCCB,Nevada Cannabis Compliance Board,Adult-Use,NV,,,,,GOOD CHEMISTRY NEVADA LLC,,,,,,,,,2023-12-11,,,,,,,,,,
69687373559494639347,Tgig Llc,T081,Retail Distributor,Active,Nye,69687373559494639347,NVCCB,Nevada Cannabis Compliance Board,Adult-Use,NV,,,,,TGIG LLC,,,,,,,,,2023-12-11,,,,,,,,,,
69823478351682033556,Greenmart Of Nevada Nlv Llc,RC037,Retail Cultivation,Active,Clark,69823478351682033556,NVCCB,Nevada Cannabis Compliance Board,Adult-Use,NV,,,,,GREENMART OF NEVADA NLV LLC,,,,,,,,,2023-12-11,,,,,,,,,,
69922851576597812747,Good Chemistry Nevada Llc,RP083,Retail Production,Non-Operational,Washoe,69922851576597812747,NVCCB,Nevada Cannabis Compliance Board,Adult-Use,NV,,,,,GOOD CHEMISTRY NEVADA LLC,,,,,,,,,2023-12-11,,,,,,,,,,
70155083229545863037,Integral Cultivation Llc,RC028,Retail Cultivation,Active,Clark,70155083229545863037,NVCCB,Nevada Cannabis Compliance Board,Adult-Use,NV,,,,,INTEGRAL CULTIVATION LLC,,,,,,,,,2023-12-11,,,,,,,,,,
70209896007156084397,The Hempire Company Llc,C184,Medical Cultivation,Suspended,Esmeralda,70209896007156084397,NVCCB,Nevada Cannabis Compliance Board,Adult-Use,NV,,,,,THE HEMPIRE COMPANY LLC,,,,,,,,,2023-12-11,,,,,,,,,,
70296412354434531655,West118 Investments Llc,C190,Medical Cultivation,Active,Lyon,70296412354434531655,NVCCB,Nevada Cannabis Compliance Board,Adult-Use,NV,,,,,WEST118 INVESTMENTS LLC,,,,,,,,,2023-12-11,,,,,,,,,,
70298139154139163539,Ftlb Llc,C210,Medical Cultivation,Active,Esmeralda,70298139154139163539,NVCCB,Nevada Cannabis Compliance Board,Adult-Use,NV,,,,,FTLB LLC,,,,,,,,,2023-12-11,,,,,,,,,,
70323849037968865811,Sf-D Inc,D012,Medical Dispensary,Active,Clark,70323849037968865811,NVCCB,Nevada Cannabis Compliance Board,Adult-Use,NV,,,,,SF-D INC,,,,,,,,,2023-12-11,,,,,,,,,,
70554825886280152534,Gfive Cultivation Llc,C075,Medical Cultivation,Non-Operational,Clark,70554825886280152534,NVCCB,Nevada Cannabis Compliance Board,Adult-Use,NV,,,,,GFIVE CULTIVATION LLC,,,,,,,,,2023-12-11,,,,,,,,,,
71064968398758187793,Silver State Relief Llc,RD204,Retail Dispensary,Active,Lyon,71064968398758187793,NVCCB,Nevada Cannabis Compliance Board,Adult-Use,NV,,,,,SILVER STATE RELIEF LLC,,,,,,,,,2023-12-11,,,,,,,,,,
71090080764736050863,Paradise Wellness Center Llc,D138,Medical Dispensary,Non-Operational,Clark,71090080764736050863,NVCCB,Nevada Cannabis Compliance Board,Adult-Use,NV,,,,,PARADISE WELLNESS CENTER LLC,,,,,,,,,2023-12-11,,,,,,,,,,
71187112253124699452,Nnv Operations I Inc,RC141,Retail Cultivation,Active,Washoe,71187112253124699452,NVCCB,Nevada Cannabis Compliance Board,Adult-Use,NV,,,,,NNV OPERATIONS I INC,,,,,,,,,2023-12-11,,,,,,,,,,
71224329369156133247,Livfree Wellness Llc A Nevada Limited Liability Company,RD051,Retail Dispensary,Active,Clark,71224329369156133247,NVCCB,Nevada Cannabis Compliance Board,Adult-Use,NV,,,,,LIVFREE WELLNESS LLC A NEVADA LIMITED LIABILITY COMPANY,,,,,,,,,2023-12-11,,,,,,,,,,
71502992159317997032,Rombough Real Estate Inc,RC068,Retail Cultivation,Active,Clark,71502992159317997032,NVCCB,Nevada Cannabis Compliance Board,Adult-Use,NV,,,,,ROMBOUGH REAL ESTATE INC,,,,,,,,,2023-12-11,,,,,,,,,,
71702389611437559364,Livfree Wellness Llc A Nevada Limited Liability Company,RD017,Retail Dispensary,Active,Washoe,71702389611437559364,NVCCB,Nevada Cannabis Compliance Board,Adult-Use,NV,,,,,LIVFREE WELLNESS LLC A NEVADA LIMITED LIABILITY COMPANY,,,,,,,,,2023-12-11,,,,,,,,,,
72255924921531241817,Nnv Operations I Inc,RP091,Retail Production,Active,Washoe,72255924921531241817,NVCCB,Nevada Cannabis Compliance Board,Adult-Use,NV,,,,,NNV OPERATIONS I INC,,,,,,,,,2023-12-11,,,,,,,,,,
72326121663352213340,Cannavative Extracts Llc,RP043,Retail Production,Active,Washoe,72326121663352213340,NVCCB,Nevada Cannabis Compliance Board,Adult-Use,NV,,,,,CANNAVATIVE EXTRACTS LLC,,,,,,,,,2023-12-11,,,,,,,,,,
72379193611776921142,Lone Mountain Partners Llc,RD590,Retail Dispensary,Active,Clark,72379193611776921142,NVCCB,Nevada Cannabis Compliance Board,Adult-Use,NV,,,,,LONE MOUNTAIN PARTNERS LLC,,,,,,,,,2023-12-11,,,,,,,,,,
72479727874928391857,Mbnv Gt Llc,P054,Medical Production,Active,Clark,72479727874928391857,NVCCB,Nevada Cannabis Compliance Board,Adult-Use,NV,,,,,MBNV GT LLC,,,,,,,,,2023-12-11,,,,,,,,,,
72491315543990383587,Greenscape Productions Llc,P080,Medical Production,Active,Clark,72491315543990383587,NVCCB,Nevada Cannabis Compliance Board,Adult-Use,NV,,,,,GREENSCAPE PRODUCTIONS LLC,,,,,,,,,2023-12-11,,,,,,,,,,
72721744024436135678,Mm Development Company Inc,P003,Medical Production,Non-Operational,Nye,72721744024436135678,NVCCB,Nevada Cannabis Compliance Board,Adult-Use,NV,,,,,MM DEVELOPMENT COMPANY INC,,,,,,,,,2023-12-11,,,,,,,,,,
72792951478780009507,Nevada Organic Remedies Llc,P063,Medical Production,Non-Operational,Clark,72792951478780009507,NVCCB,Nevada Cannabis Compliance Board,Adult-Use,NV,,,,,NEVADA ORGANIC REMEDIES LLC,,,,,,,,,2023-12-11,,,,,,,,,,
73000340130776760476,Deep Roots Harvest Inc.,RC070,Retail Cultivation,Active,Clark,73000340130776760476,NVCCB,Nevada Cannabis Compliance Board,Adult-Use,NV,,,,,DEEP ROOTS HARVEST INC.,,,,,,,,,2023-12-11,,,,,,,,,,
73296521059198028231,Pure Tonic Concentrates Llc,RP067,Retail Production,Active,Washoe,73296521059198028231,NVCCB,Nevada Cannabis Compliance Board,Adult-Use,NV,,,,,PURE TONIC CONCENTRATES LLC,,,,,,,,,2023-12-11,,,,,,,,,,
73636900267172177171,Nevada Group Wellness,P103,Medical Production,Active,Clark,73636900267172177171,NVCCB,Nevada Cannabis Compliance Board,Adult-Use,NV,,,,,NEVADA GROUP WELLNESS,,,,,,,,,2023-12-11,,,,,,,,,,
73778550047695909024,Gb Sciences Nevada Llc,C019,Medical Cultivation,Active,Clark,73778550047695909024,NVCCB,Nevada Cannabis Compliance Board,Adult-Use,NV,,,,,GB Sciences Nevada LLC,,,,,,,,,2023-12-11,,,,,,,,,,
73796714472903295173,Lnp Llc,RC196,Retail Cultivation,Active,Elko,73796714472903295173,NVCCB,Nevada Cannabis Compliance Board,Adult-Use,NV,,,,,LNP LLC,,,,,,,,,2023-12-11,,,,,,,,,,
73911129313774416305,Fortress Equities Orcl Llc,RC011,Retail Cultivation,Active,Nye,73911129313774416305,NVCCB,Nevada Cannabis Compliance Board,Adult-Use,NV,,,,,FORTRESS EQUITIES ORCL LLC,,,,,,,,,2023-12-11,,,,,,,,,,
74226113309081700669,Alternative Medicine Association Lc,RP096,Retail Production,Active,Clark,74226113309081700669,NVCCB,Nevada Cannabis Compliance Board,Adult-Use,NV,,,,,ALTERNATIVE MEDICINE ASSOCIATION LC,,,,,,,,,2023-12-11,,,,,,,,,,
74378723704914675084,Livfree Wellness Llc A Nevada Limited Liability Company,C044,Medical Cultivation,Non-Operational,Clark,74378723704914675084,NVCCB,Nevada Cannabis Compliance Board,Adult-Use,NV,,,,,LIVFREE WELLNESS LLC A NEVADA LIMITED LIABILITY COMPANY,,,,,,,,,2023-12-11,,,,,,,,,,
74385447097301543906,3Ap Inc,C074,Medical Cultivation,Non-Operational,Clark,74385447097301543906,NVCCB,Nevada Cannabis Compliance Board,Adult-Use,NV,,,,,3AP INC,,,,,,,,,2023-12-11,,,,,,,,,,
74493299370909925440,Moms Meds Management L.L.C.,C203,Medical Cultivation,Active,Mineral,74493299370909925440,NVCCB,Nevada Cannabis Compliance Board,Adult-Use,NV,,,,,MOMS MEDS MANAGEMENT L.L.C.,,,,,,,,,2023-12-11,,,,,,,,,,
74514893780247083972,Ma & Associates Llc,L002,Medical Laboratory,Active,Clark,74514893780247083972,NVCCB,Nevada Cannabis Compliance Board,Adult-Use,NV,,,,,MA & ASSOCIATES LLC,,,,,,,,,2023-12-11,,,,,,,,,,
74708523936567890065,Silver Sage Wellness Llc,C042,Medical Cultivation,Active,Clark,74708523936567890065,NVCCB,Nevada Cannabis Compliance Board,Adult-Use,NV,,,,,SILVER SAGE WELLNESS LLC,,,,,,,,,2023-12-11,,,,,,,,,,
74948399079730658451,Greenscape Productions Llc,RC136,Retail Cultivation,Active,Clark,74948399079730658451,NVCCB,Nevada Cannabis Compliance Board,Adult-Use,NV,,,,,GREENSCAPE PRODUCTIONS LLC,,,,,,,,,2023-12-11,,,,,,,,,,
75058690912411699429,Dune Operating Holdings Llc,C175,Medical Cultivation,Active,Clark,75058690912411699429,NVCCB,Nevada Cannabis Compliance Board,Adult-Use,NV,,,,,DUNE OPERATING HOLDINGS LLC,,,,,,,,,2023-12-11,,,,,,,,,,
75203668337906025844,Clear River Llc,RD108,Retail Dispensary,Active,Clark,75203668337906025844,NVCCB,Nevada Cannabis Compliance Board,Adult-Use,NV,,,,,CLEAR RIVER LLC,,,,,,,,,2023-12-11,,,,,,,,,,
75568450563863780062,Waveseer Of Las Vegas Llc,D132,Medical Dispensary,Non-Operational,Clark,75568450563863780062,NVCCB,Nevada Cannabis Compliance Board,Adult-Use,NV,,,,,WAVESEER OF LAS VEGAS LLC,,,,,,,,,2023-12-11,,,,,,,,,,
75650075113718192894,Wellness Orchards Of Nevada Llc,RC062,Retail Cultivation,Active,Nye,75650075113718192894,NVCCB,Nevada Cannabis Compliance Board,Adult-Use,NV,,,,,WELLNESS ORCHARDS OF NEVADA LLC,,,,,,,,,2023-12-11,,,,,,,,,,
75726821461576041628,Corleone Wines Llc,T001,Retail Distributor,Active,Clark,75726821461576041628,NVCCB,Nevada Cannabis Compliance Board,Adult-Use,NV,,,,,CORLEONE WINES LLC,,,,,,,,,2023-12-11,,,,,,,,,,
75924088414977968236,Thc Production Llc,P017,Medical Production,Active,Clark,75924088414977968236,NVCCB,Nevada Cannabis Compliance Board,Adult-Use,NV,,,,,THC PRODUCTION LLC,,,,,,,,,2023-12-11,,,,,,,,,,
76163748746660781629,Tahoe-Reno Extractions Llc,RP060,Retail Production,Active,Washoe,76163748746660781629,NVCCB,Nevada Cannabis Compliance Board,Adult-Use,NV,,,,,TAHOE-RENO EXTRACTIONS LLC,,,,,,,,,2023-12-11,,,,,,,,,,
76170147149504770817,Mm Development Company Inc,RD215,Retail Dispensary,Active,Clark,76170147149504770817,NVCCB,Nevada Cannabis Compliance Board,Adult-Use,NV,,,,,MM DEVELOPMENT COMPANY INC,,,,,,,,,2023-12-11,,,,,,,,,,
76211405109926596570,Ssac Corporation,P050,Medical Production,Active,Washoe,76211405109926596570,NVCCB,Nevada Cannabis Compliance Board,Adult-Use,NV,,,,,SSAC CORPORATION,,,,,,,,,2023-12-11,,,,,,,,,,
76526364910639240293,Nlv Wellness Llc,C145,Medical Cultivation,Active,Clark,76526364910639240293,NVCCB,Nevada Cannabis Compliance Board,Adult-Use,NV,,,,,NLV WELLNESS LLC,,,,,,,,,2023-12-11,,,,,,,,,,
76684918131687038904,Circle S Farms Llc,T019,Retail Distributor,Active,Clark,76684918131687038904,NVCCB,Nevada Cannabis Compliance Board,Adult-Use,NV,,,,,CIRCLE S FARMS LLC,,,,,,,,,2023-12-11,,,,,,,,,,
76816813303097791333,Global Harmony Llc,RD004,Retail Dispensary,Active,Clark,76816813303097791333,NVCCB,Nevada Cannabis Compliance Board,Adult-Use,NV,,,,,GLOBAL HARMONY LLC,,,,,,,,,2023-12-11,,,,,,,,,,
76890766994970149940,Acres Cultivation Llc,RP012,Retail Production,Active,Nye,76890766994970149940,NVCCB,Nevada Cannabis Compliance Board,Adult-Use,NV,,,,,ACRES CULTIVATION LLC,,,,,,,,,2023-12-11,,,,,,,,,,
76932330735853788850,Deep Roots Harvest Inc.,D165,Medical Dispensary,Active,Clark,76932330735853788850,NVCCB,Nevada Cannabis Compliance Board,Adult-Use,NV,,,,,DEEP ROOTS HARVEST INC.,,,,,,,,,2023-12-11,,,,,,,,,,
77027711033924812731,Tahoe-Reno Extractions Llc,T079,Retail Distributor,Active,Washoe,77027711033924812731,NVCCB,Nevada Cannabis Compliance Board,Adult-Use,NV,,,,,TAHOE-RENO EXTRACTIONS LLC,,,,,,,,,2023-12-11,,,,,,,,,,
77486514896179438118,Serenity Wellness Growers Llc,RC039,Retail Cultivation,Active,Clark,77486514896179438118,NVCCB,Nevada Cannabis Compliance Board,Adult-Use,NV,,,,,SERENITY WELLNESS GROWERS LLC,,,,,,,,,2023-12-11,,,,,,,,,,
77505483208802721121,Commerce Park Medical Llc,RD027,Retail Dispensary,Active,Clark,77505483208802721121,NVCCB,Nevada Cannabis Compliance Board,Adult-Use,NV,,,,,COMMERCE PARK MEDICAL LLC,,,,,,,,,2023-12-11,,,,,,,,,,
77513377198140164324,Deep Roots Harvest Inc.,P088,Medical Production,Active,Clark,77513377198140164324,NVCCB,Nevada Cannabis Compliance Board,Adult-Use,NV,,,,,DEEP ROOTS HARVEST INC.,,,,,,,,,2023-12-11,,,,,,,,,,
77632992333764442110,Southern Nevada Growers Llc,RC142,Retail Cultivation,Active,Clark,77632992333764442110,NVCCB,Nevada Cannabis Compliance Board,Adult-Use,NV,,,,,SOUTHERN NEVADA GROWERS LLC,,,,,,,,,2023-12-11,,,,,,,,,,
77903356343424586888,Nuleaf Incline Dispensary Llc,RD068,Retail Dispensary,Active,Washoe,77903356343424586888,NVCCB,Nevada Cannabis Compliance Board,Adult-Use,NV,,,,,NULEAF INCLINE DISPENSARY LLC,,,,,,,,,2023-12-11,,,,,,,,,,
78077108935753678828,Emk Hydrogarden Llc,RC171,Retail Cultivation,Active,Clark,78077108935753678828,NVCCB,Nevada Cannabis Compliance Board,Adult-Use,NV,,,,,EMK HYDROGARDEN LLC,,,,,,,,,2023-12-11,,,,,,,,,,
78144331956059463801,Trnvp098 Llc,RP098,Retail Production,Active,Clark,78144331956059463801,NVCCB,Nevada Cannabis Compliance Board,Adult-Use,NV,,,,,TRNVP098 LLC,,,,,,,,,2023-12-11,,,,,,,,,,
78183023264727429508,Clear River Llc,RD087,Retail Dispensary,Active,Clark,78183023264727429508,NVCCB,Nevada Cannabis Compliance Board,Adult-Use,NV,,,,,CLEAR RIVER LLC,,,,,,,,,2023-12-11,,,,,,,,,,
78207750568986340539,Mm Development Company Inc,C003,Medical Cultivation,Non-Operational,Clark,78207750568986340539,NVCCB,Nevada Cannabis Compliance Board,Adult-Use,NV,,,,,MM DEVELOPMENT COMPANY INC,,,,,,,,,2023-12-11,,,,,,,,,,
78483435004210485868,Strata Growth Llc,C130,Medical Cultivation,Active,Nye,78483435004210485868,NVCCB,Nevada Cannabis Compliance Board,Adult-Use,NV,,,,,STRATA GROWTH LLC,,,,,,,,,2023-12-11,,,,,,,,,,
78542462361850281023,Nuleaf Clark Dispensary Llc,T064,Retail Distributor,Active,Clark,78542462361850281023,NVCCB,Nevada Cannabis Compliance Board,Adult-Use,NV,,,,,NULEAF CLARK DISPENSARY LLC,,,,,,,,,2023-12-11,,,,,,,,,,
78583020563707692142,Greenleaf Production Inc,P041,Medical Production,Active,Washoe,78583020563707692142,NVCCB,Nevada Cannabis Compliance Board,Adult-Use,NV,,,,,GREENLEAF PRODUCTION INC,,,,,,,,,2023-12-11,,,,,,,,,,
78652642552793589227,Vegas Valley Growers Llc,RC006,Retail Cultivation,Active,Clark,78652642552793589227,NVCCB,Nevada Cannabis Compliance Board,Adult-Use,NV,,,,,VEGAS VALLEY GROWERS LLC,,,,,,,,,2023-12-11,,,,,,,,,,
78688159790731326126,Green Therapeutics Llc,C083,Medical Cultivation,Active,Clark,78688159790731326126,NVCCB,Nevada Cannabis Compliance Board,Adult-Use,NV,,,,,GREEN THERAPEUTICS LLC,,,,,,,,,2023-12-11,,,,,,,,,,
78715576282428558550,Ymy Ventures Llc,P042,Medical Production,Active,Clark,78715576282428558550,NVCCB,Nevada Cannabis Compliance Board,Adult-Use,NV,,,,,YMY VENTURES LLC,,,,,,,,,2023-12-11,,,,,,,,,,
78844042917823672318,Nevada Pure Llc,D019,Medical Dispensary,Active,Clark,78844042917823672318,NVCCB,Nevada Cannabis Compliance Board,Adult-Use,NV,,,,,NEVADA PURE LLC,,,,,,,,,2023-12-11,,,,,,,,,,
78954038908132787261,Lone Mountain Partners Llc,RC122,Retail Cultivation,Active,Clark,78954038908132787261,NVCCB,Nevada Cannabis Compliance Board,Adult-Use,NV,,,,,LONE MOUNTAIN PARTNERS LLC,,,,,,,,,2023-12-11,,,,,,,,,,
79286894201268135002,Lone Mountain Partners Llc,P077,Medical Production,Active,Clark,79286894201268135002,NVCCB,Nevada Cannabis Compliance Board,Adult-Use,NV,,,,,LONE MOUNTAIN PARTNERS LLC,,,,,,,,,2023-12-11,,,,,,,,,,
79484750509886968559,Serenity Wellness Products Llc,RP024,Retail Production,Active,Clark,79484750509886968559,NVCCB,Nevada Cannabis Compliance Board,Adult-Use,NV,,,,,SERENITY WELLNESS PRODUCTS LLC,,,,,,,,,2023-12-11,,,,,,,,,,
79521872948450004935,Harvest Foundation Llc The,C086,Medical Cultivation,Suspended,Clark,79521872948450004935,NVCCB,Nevada Cannabis Compliance Board,Adult-Use,NV,,,,,HARVEST FOUNDATION LLC THE,,,,,,,,,2023-12-11,,,,,,,,,,
79614683297911173396,Red Earth Llc,C012,Medical Cultivation,Active,Clark,79614683297911173396,NVCCB,Nevada Cannabis Compliance Board,Adult-Use,NV,,,,,RED EARTH LLC,,,,,,,,,2023-12-11,,,,,,,,,,
79705307867248690408,Redwood Warehouse Llc,T071,Retail Distributor,Active,Clark,79705307867248690408,NVCCB,Nevada Cannabis Compliance Board,Adult-Use,NV,,,,,REDWOOD WAREHOUSE LLC,,,,,,,,,2023-12-11,,,,,,,,,,
79761996911533444360,Circle S Farms Llc,RP093,Retail Production,Active,Clark,79761996911533444360,NVCCB,Nevada Cannabis Compliance Board,Adult-Use,NV,,,,,CIRCLE S FARMS LLC,,,,,,,,,2023-12-11,,,,,,,,,,
79806207400948405980,Nevada Medical Group Llc,RC144,Retail Cultivation,Active,Clark,79806207400948405980,NVCCB,Nevada Cannabis Compliance Board,Adult-Use,NV,,,,,NEVADA MEDICAL GROUP LLC,,,,,,,,,2023-12-11,,,,,,,,,,
79925795421142703661,Trnvc151 Llc,RC151,Retail Cultivation,Active,Clark,79925795421142703661,NVCCB,Nevada Cannabis Compliance Board,Adult-Use,NV,,,,,TRNVC151 LLC,,,,,,,,,2023-12-11,,,,,,,,,,
79952272530728843153,Good Chemistry Nevada Llc,C125,Medical Cultivation,Non-Operational,Washoe,79952272530728843153,NVCCB,Nevada Cannabis Compliance Board,Adult-Use,NV,,,,,GOOD CHEMISTRY NEVADA LLC,,,,,,,,,2023-12-11,,,,,,,,,,
80189302960548300233,Nevada Natural Medicines Llc,P028,Medical Production,Non-Operational,Nye,80189302960548300233,NVCCB,Nevada Cannabis Compliance Board,Adult-Use,NV,,,,,NEVADA NATURAL MEDICINES LLC,,,,,,,,,2023-12-11,,,,,,,,,,
80395085734400669278,3Ap Inc,T008,Retail Distributor,Active,Clark,80395085734400669278,NVCCB,Nevada Cannabis Compliance Board,Adult-Use,NV,,,,,3AP INC,,,,,,,,,2023-12-11,,,,,,,,,,
80476394983467584488,Nv Green Inc,RC005,Retail Cultivation,Active,Washoe,80476394983467584488,NVCCB,Nevada Cannabis Compliance Board,Adult-Use,NV,,,,,NV GREEN INC,,,,,,,,,2023-12-11,,,,,,,,,,
80541135839237642530,Tryke Companies So Nv Llc,D030,Medical Dispensary,Active,Clark,80541135839237642530,NVCCB,Nevada Cannabis Compliance Board,Adult-Use,NV,,,,,TRYKE COMPANIES SO NV LLC,,,,,,,,,2023-12-11,,,,,,,,,,
80691048813828655422,Nlvg Llc,P082,Medical Production,Active,Clark,80691048813828655422,NVCCB,Nevada Cannabis Compliance Board,Adult-Use,NV,,,,,NLVG LLC,,,,,,,,,2023-12-11,,,,,,,,,,
80830710815182018092,Diversified Modalities Marketing Ltd,RC152,Retail Cultivation,Active,Clark,80830710815182018092,NVCCB,Nevada Cannabis Compliance Board,Adult-Use,NV,,,,,DIVERSIFIED MODALITIES MARKETING LTD,,,,,,,,,2023-12-11,,,,,,,,,,
80837442451882742542,5Seat Investments Llc,RP037,Retail Production,Active,Carson City,80837442451882742542,NVCCB,Nevada Cannabis Compliance Board,Adult-Use,NV,,,,,5SEAT INVESTMENTS LLC,,,,,,,,,2023-12-11,,,,,,,,,,
80858076313151684223,Dec Ops Nv Llc,RC010,Retail Cultivation,Active,Clark,80858076313151684223,NVCCB,Nevada Cannabis Compliance Board,Adult-Use,NV,,,,,DEC Ops NV LLC,,,,,,,,,2023-12-11,,,,,,,,,,
80866377749311261143,Wellness Connection Of Nevada Llc,D190,Medical Dispensary,Active,Clark,80866377749311261143,NVCCB,Nevada Cannabis Compliance Board,Adult-Use,NV,,,,,WELLNESS CONNECTION OF NEVADA LLC,,,,,,,,,2023-12-11,,,,,,,,,,
80873192013539163035,Natural Medicine Llc,D089,Medical Dispensary,Active,Clark,80873192013539163035,NVCCB,Nevada Cannabis Compliance Board,Adult-Use,NV,,,,,NATURAL MEDICINE LLC,,,,,,,,,2023-12-11,,,,,,,,,,
80994578239784321818,Lemon Aide Llc,D090,Medical Dispensary,Active,Washoe,80994578239784321818,NVCCB,Nevada Cannabis Compliance Board,Adult-Use,NV,,,,,LEMON AIDE LLC,,,,,,,,,2023-12-11,,,,,,,,,,
81025571831032623431,Mbnv Investments Llc,RC078,Retail Cultivation,Active,Clark,81025571831032623431,NVCCB,Nevada Cannabis Compliance Board,Adult-Use,NV,,,,,MBNV INVESTMENTS LLC,,,,,,,,,2023-12-11,,,,,,,,,,
81154974231636348055,Greenleaf Wellness Inc,RD056,Retail Dispensary,Active,Washoe,81154974231636348055,NVCCB,Nevada Cannabis Compliance Board,Adult-Use,NV,,,,,GREENLEAF WELLNESS INC,,,,,,,,,2023-12-11,,,,,,,,,,
81521595921502470043,Ma & Associates Llc,RL002,Retail Laboratory,Active,Clark,81521595921502470043,NVCCB,Nevada Cannabis Compliance Board,Adult-Use,NV,,,,,MA & ASSOCIATES LLC,,,,,,,,,2023-12-11,,,,,,,,,,
81700356720034395193,Fswfl Llc,C138,Medical Cultivation,Active,Clark,81700356720034395193,NVCCB,Nevada Cannabis Compliance Board,Adult-Use,NV,,,,,FSWFL LLC,,,,,,,,,2023-12-11,,,,,,,,,,
82120463387641172380,Nevada Medical Group Llc,P044,Medical Production,Active,Clark,82120463387641172380,NVCCB,Nevada Cannabis Compliance Board,Adult-Use,NV,,,,,NEVADA MEDICAL GROUP LLC,,,,,,,,,2023-12-11,,,,,,,,,,
82173569886482063410,Vegas Valley Growers Llc,RP006,Retail Production,Active,Clark,82173569886482063410,NVCCB,Nevada Cannabis Compliance Board,Adult-Use,NV,,,,,VEGAS VALLEY GROWERS LLC,,,,,,,,,2023-12-11,,,,,,,,,,
82242105356156705653,Tgig Llc,RC041,Retail Cultivation,Active,Clark,82242105356156705653,NVCCB,Nevada Cannabis Compliance Board,Adult-Use,NV,,,,,TGIG LLC,,,,,,,,,2023-12-11,,,,,,,,,,
82302681916604807430,Vegas Valley Growers Llc,C006,Medical Cultivation,Active,Clark,82302681916604807430,NVCCB,Nevada Cannabis Compliance Board,Adult-Use,NV,,,,,VEGAS VALLEY GROWERS LLC,,,,,,,,,2023-12-11,,,,,,,,,,
82463633801487221381,Qualcan Llc,C055,Medical Cultivation,Active,Clark,82463633801487221381,NVCCB,Nevada Cannabis Compliance Board,Adult-Use,NV,,,,,QUALCAN LLC,,,,,,,,,2023-12-11,,,,,,,,,,
82520430841834014810,Tgig Llc,P025,Medical Production,Non-Operational,Clark,82520430841834014810,NVCCB,Nevada Cannabis Compliance Board,Adult-Use,NV,,,,,TGIG LLC,,,,,,,,,2023-12-11,,,,,,,,,,
82798431024231095044,Las Vegas Natural Caregivers L.L.C.,RC015,Retail Cultivation,Active,Clark,82798431024231095044,NVCCB,Nevada Cannabis Compliance Board,Adult-Use,NV,,,,,LAS VEGAS NATURAL CAREGIVERS L.L.C.,,,,,,,,,2023-12-11,,,,,,,,,,
82842542964915513809,Tahoe-Reno Botanicals Llc,C092,Medical Cultivation,Active,Washoe,82842542964915513809,NVCCB,Nevada Cannabis Compliance Board,Adult-Use,NV,,,,,TAHOE-RENO BOTANICALS LLC,,,,,,,,,2023-12-11,,,,,,,,,,
82874714255089649168,Nye Natural Medicinal Solutions Llc,RC166,Retail Cultivation,Active,Nye,82874714255089649168,NVCCB,Nevada Cannabis Compliance Board,Adult-Use,NV,,,,,NYE NATURAL MEDICINAL SOLUTIONS LLC,,,,,,,,,2023-12-11,,,,,,,,,,
82913337772144268999,Csnlv Llc,C180,Medical Cultivation,Active,Clark,82913337772144268999,NVCCB,Nevada Cannabis Compliance Board,Adult-Use,NV,,,,,CSNLV LLC,,,,,,,,,2023-12-11,,,,,,,,,,
83068675293729326193,High Sierra Holistics Llc,P069,Medical Production,Active,Washoe,83068675293729326193,NVCCB,Nevada Cannabis Compliance Board,Adult-Use,NV,,,,,HIGH SIERRA HOLISTICS LLC,,,,,,,,,2023-12-11,,,,,,,,,,
83105845927394572716,Digipath Labs Inc,L015,Medical Laboratory,Active,Clark,83105845927394572716,NVCCB,Nevada Cannabis Compliance Board,Adult-Use,NV,,,,,DIGIPATH LABS INC,,,,,,,,,2023-12-11,,,,,,,,,,
83532245732859606034,Indoor Garden Farms Llc,P124,Medical Production,Active,Carson City,83532245732859606034,NVCCB,Nevada Cannabis Compliance Board,Adult-Use,NV,,,,,INDOOR GARDEN FARMS LLC,,,,,,,,,2023-12-11,,,,,,,,,,
83631623793439141188,Las Vegas Wellness And Compassion Llc,P045,Medical Production,Non-Operational,Clark,83631623793439141188,NVCCB,Nevada Cannabis Compliance Board,Adult-Use,NV,,,,,LAS VEGAS WELLNESS AND COMPASSION LLC,,,,,,,,,2023-12-11,,,,,,,,,,
83748527583958617705,"Production Series, A Series Of Just Quality Llc",P085,Medical Production,Active,Clark,83748527583958617705,NVCCB,Nevada Cannabis Compliance Board,Adult-Use,NV,,,,,"Production Series, a series of JUST QUALITY LLC",,,,,,,,,2023-12-11,,,,,,,,,,
83760475147127946601,Waveseer Of Las Vegas Llc,RD132,Retail Dispensary,Active,Clark,83760475147127946601,NVCCB,Nevada Cannabis Compliance Board,Adult-Use,NV,,,,,WAVESEER OF LAS VEGAS LLC,,,,,,,,,2023-12-11,,,,,,,,,,
83887504703736981918,Gti Nevada Llc,C088,Medical Cultivation,Active,Carson City,83887504703736981918,NVCCB,Nevada Cannabis Compliance Board,Adult-Use,NV,,,,,GTI NEVADA LLC,,,,,,,,,2023-12-11,,,,,,,,,,
84492500962215939022,Mj Distributing P132 Llc,RP132,Retail Production,Non-Operational,Lincoln,84492500962215939022,NVCCB,Nevada Cannabis Compliance Board,Adult-Use,NV,,,,,MJ DISTRIBUTING P132 LLC,,,,,,,,,2023-12-11,,,,,,,,,,
84513239111237996349,Fswfl Llc,P086,Medical Production,Active,Clark,84513239111237996349,NVCCB,Nevada Cannabis Compliance Board,Adult-Use,NV,,,,,FSWFL LLC,,,,,,,,,2023-12-11,,,,,,,,,,
84556983876657114479,Bioneva Innovations Of Carson City Llc,RC116,Retail Cultivation,Non-Operational,Carson City,84556983876657114479,NVCCB,Nevada Cannabis Compliance Board,Adult-Use,NV,,,,,BIONEVA INNOVATIONS OF CARSON CITY LLC,,,,,,,,,2023-12-11,,,,,,,,,,
84652245898179365094,Agua Street Llc,P101,Medical Production,Active,Clark,84652245898179365094,NVCCB,Nevada Cannabis Compliance Board,Adult-Use,NV,,,,,AGUA STREET LLC,,,,,,,,,2023-12-11,,,,,,,,,,
84716656554039635124,Euphoria Wellness Llc,RD161,Retail Dispensary,Active,Clark,84716656554039635124,NVCCB,Nevada Cannabis Compliance Board,Adult-Use,NV,,,,,EUPHORIA WELLNESS LLC,,,,,,,,,2023-12-11,,,,,,,,,,
84814002515725547131,Indoor Garden Farms Llc,C188,Medical Cultivation,Active,Carson City,84814002515725547131,NVCCB,Nevada Cannabis Compliance Board,Adult-Use,NV,,,,,INDOOR GARDEN FARMS LLC,,,,,,,,,2023-12-11,,,,,,,,,,
85063635909503746760,Mbnv Gt Llc,C082,Medical Cultivation,Active,Clark,85063635909503746760,NVCCB,Nevada Cannabis Compliance Board,Adult-Use,NV,,,,,MBNV GT LLC,,,,,,,,,2023-12-11,,,,,,,,,,
85088942249422976277,Mj Distributing C201 Llc,C201,Medical Cultivation,Non-Operational,Lincoln,85088942249422976277,NVCCB,Nevada Cannabis Compliance Board,Adult-Use,NV,,,,,MJ DISTRIBUTING C201 LLC,,,,,,,,,2023-12-11,,,,,,,,,,
85215650926863546256,Greenmart Of Nevada Llc,C038,Medical Cultivation,Non-Operational,Clark,85215650926863546256,NVCCB,Nevada Cannabis Compliance Board,Adult-Use,NV,,,,,GREENMART OF NEVADA LLC,,,,,,,,,2023-12-11,,,,,,,,,,
85328377411031437311,Nuleaf Clv Dispensary Llc,D069,Medical Dispensary,Active,Clark,85328377411031437311,NVCCB,Nevada Cannabis Compliance Board,Adult-Use,NV,,,,,NULEAF CLV DISPENSARY LLC,,,,,,,,,2023-12-11,,,,,,,,,,
85529550360873527457,Alternative Medicine Association Lc,RC087,Retail Cultivation,Active,Clark,85529550360873527457,NVCCB,Nevada Cannabis Compliance Board,Adult-Use,NV,,,,,ALTERNATIVE MEDICINE ASSOCIATION LC,,,,,,,,,2023-12-11,,,,,,,,,,
85577035657658637557,Cheyenne Medical Reno Rd265 Llc,RD265,Retail Dispensary,Active,Washoe,85577035657658637557,NVCCB,Nevada Cannabis Compliance Board,Adult-Use,NV,,,,,CHEYENNE MEDICAL RENO RD265 LLC,,,,,,,,,2023-12-11,,,,,,,,,,
85989668785068222523,Nuleaf Incline Dispensary Llc,D068,Medical Dispensary,Active,Washoe,85989668785068222523,NVCCB,Nevada Cannabis Compliance Board,Adult-Use,NV,,,,,NULEAF INCLINE DISPENSARY LLC,,,,,,,,,2023-12-11,,,,,,,,,,
86197696254559983253,Nevada Group Wellness,T053,Retail Distributor,Active,Clark,86197696254559983253,NVCCB,Nevada Cannabis Compliance Board,Adult-Use,NV,,,,,NEVADA GROUP WELLNESS,,,,,,,,,2023-12-11,,,,,,,,,,
86333920465371267488,Floret Nevada Llc,C128,Medical Cultivation,Non-Operational,Washoe,86333920465371267488,NVCCB,Nevada Cannabis Compliance Board,Adult-Use,NV,,,,,FLORET NEVADA LLC,,,,,,,,,2023-12-11,,,,,,,,,,
86676611642251332763,Libra Wellness Center Llc,RP094,Retail Production,Active,Clark,86676611642251332763,NVCCB,Nevada Cannabis Compliance Board,Adult-Use,NV,,,,,LIBRA WELLNESS CENTER LLC,,,,,,,,,2023-12-11,,,,,,,,,,
86796832513123164153,Rg Highland Enterprises Inc,C040,Medical Cultivation,Non-Operational,Clark,86796832513123164153,NVCCB,Nevada Cannabis Compliance Board,Adult-Use,NV,,,,,RG HIGHLAND ENTERPRISES INC,,,,,,,,,2023-12-11,,,,,,,,,,
86872835457840733677,Blossum Group,P033,Medical Production,Active,Clark,86872835457840733677,NVCCB,Nevada Cannabis Compliance Board,Adult-Use,NV,,,,,BLOSSUM GROUP,,,,,,,,,2023-12-11,,,,,,,,,,
86917349659898787217,Healing Gardens Llc,RC065,Retail Cultivation,Active,Washoe,86917349659898787217,NVCCB,Nevada Cannabis Compliance Board,Adult-Use,NV,,,,,HEALING GARDENS LLC,,,,,,,,,2023-12-11,,,,,,,,,,
87368054906371447180,Clover Creek Organics Llc,C195,Medical Cultivation,Active,Lincoln,87368054906371447180,NVCCB,Nevada Cannabis Compliance Board,Adult-Use,NV,,,,,CLOVER CREEK ORGANICS LLC,,,,,,,,,2023-12-11,,,,,,,,,,
87399830870483264660,5Seat Investments Llc,C054,Medical Cultivation,Non-Operational,Carson City,87399830870483264660,NVCCB,Nevada Cannabis Compliance Board,Adult-Use,NV,,,,,5SEAT INVESTMENTS LLC,,,,,,,,,2023-12-11,,,,,,,,,,
87459024312627195378,Floret Nevada Llc,RP074,Retail Production,Non-Operational,Washoe,87459024312627195378,NVCCB,Nevada Cannabis Compliance Board,Adult-Use,NV,,,,,FLORET NEVADA LLC,,,,,,,,,2023-12-11,,,,,,,,,,
87515585387527356791,Miller Farms Llc,C189,Medical Cultivation,Active,Humboldt,87515585387527356791,NVCCB,Nevada Cannabis Compliance Board,Adult-Use,NV,,,,,MILLER FARMS LLC,,,,,,,,,2023-12-11,,,,,,,,,,
87529746323214502953,Redwood Warehouse Llc,RC029,Retail Cultivation,Active,Clark,87529746323214502953,NVCCB,Nevada Cannabis Compliance Board,Adult-Use,NV,,,,,REDWOOD WAREHOUSE LLC,,,,,,,,,2023-12-11,,,,,,,,,,
87780384583047744472,Silver State Cultivation Llc,C001,Medical Cultivation,Active,Washoe,87780384583047744472,NVCCB,Nevada Cannabis Compliance Board,Adult-Use,NV,,,,,SILVER STATE CULTIVATION LLC,,,,,,,,,2023-12-11,,,,,,,,,,
88066209745143423581,Nevada Organic Remedies Llc,RD219,Retail Dispensary,Active,Washoe,88066209745143423581,NVCCB,Nevada Cannabis Compliance Board,Adult-Use,NV,,,,,NEVADA ORGANIC REMEDIES LLC,,,,,,,,,2023-12-11,,,,,,,,,,
88234039028324550335,Gravitas Nevada Ltd,RC017,Retail Cultivation,Active,Clark,88234039028324550335,NVCCB,Nevada Cannabis Compliance Board,Adult-Use,NV,,,,,GRAVITAS NEVADA LTD,,,,,,,,,2023-12-11,,,,,,,,,,
88242054656300627601,Nevada Organic Remedies Llc,C094,Medical Cultivation,Active,Clark,88242054656300627601,NVCCB,Nevada Cannabis Compliance Board,Adult-Use,NV,,,,,NEVADA ORGANIC REMEDIES LLC,,,,,,,,,2023-12-11,,,,,,,,,,
88485267558396597365,Nevada Wholesalers Llc,T005,Retail Distributor,Active,Washoe,88485267558396597365,NVCCB,Nevada Cannabis Compliance Board,Adult-Use,NV,,,,,NEVADA WHOLESALERS LLC,,,,,,,,,2023-12-11,,,,,,,,,,
88853210986743836974,Nevada Organic Remedies Llc,RP063,Retail Production,Active,Clark,88853210986743836974,NVCCB,Nevada Cannabis Compliance Board,Adult-Use,NV,,,,,NEVADA ORGANIC REMEDIES LLC,,,,,,,,,2023-12-11,,,,,,,,,,
88867726382068964531,Cclv Production Llc,P008,Medical Production,Active,Clark,88867726382068964531,NVCCB,Nevada Cannabis Compliance Board,Adult-Use,NV,,,,,CCLV PRODUCTION LLC,,,,,,,,,2023-12-11,,,,,,,,,,
88939271215332828859,Gti Nevada Llc,P057,Medical Production,Active,Carson City,88939271215332828859,NVCCB,Nevada Cannabis Compliance Board,Adult-Use,NV,,,,,GTI NEVADA LLC,,,,,,,,,2023-12-11,,,,,,,,,,
88979305974946506142,5Seat Investments Llc,RC054,Retail Cultivation,Active,Carson City,88979305974946506142,NVCCB,Nevada Cannabis Compliance Board,Adult-Use,NV,,,,,5SEAT INVESTMENTS LLC,,,,,,,,,2023-12-11,,,,,,,,,,
89150991379442950323,Wscc Inc,C099,Medical Cultivation,Active,Washoe,89150991379442950323,NVCCB,Nevada Cannabis Compliance Board,Adult-Use,NV,,,,,WSCC INC,,,,,,,,,2023-12-11,,,,,,,,,,
89159011597971380984,Indoor Garden Farms Llc,RP124,Retail Production,Active,Carson City,89159011597971380984,NVCCB,Nevada Cannabis Compliance Board,Adult-Use,NV,,,,,INDOOR GARDEN FARMS LLC,,,,,,,,,2023-12-11,,,,,,,,,,
89468956878290453653,Deep Roots Harvest Inc.,RD398,Retail Dispensary,Active,Clark,89468956878290453653,NVCCB,Nevada Cannabis Compliance Board,Adult-Use,NV,,,,,DEEP ROOTS HARVEST INC.,,,,,,,,,2023-12-11,,,,,,,,,,
89537461737742132623,Nevada Organic Remedies Llc,RC094,Retail Cultivation,Active,Clark,89537461737742132623,NVCCB,Nevada Cannabis Compliance Board,Adult-Use,NV,,,,,NEVADA ORGANIC REMEDIES LLC,,,,,,,,,2023-12-11,,,,,,,,,,
89609808832073380382,Vegas Valley Growers North Llc,T087,Retail Distributor,Active,Clark,89609808832073380382,NVCCB,Nevada Cannabis Compliance Board,Adult-Use,NV,,,,,VEGAS VALLEY GROWERS NORTH LLC,,,,,,,,,2023-12-11,,,,,,,,,,
89742177109335581723,Tryke Companies So Nv Llc,C031,Medical Cultivation,Active,Clark,89742177109335581723,NVCCB,Nevada Cannabis Compliance Board,Adult-Use,NV,,,,,TRYKE COMPANIES SO NV LLC,,,,,,,,,2023-12-11,,,,,,,,,,
89946375130130279835,Matrix Nv Llc,RC150,Retail Cultivation,Active,Clark,89946375130130279835,NVCCB,Nevada Cannabis Compliance Board,Adult-Use,NV,,,,,MATRIX NV LLC,,,,,,,,,2023-12-11,,,,,,,,,,
90069815947957903573,Greenway Health Community Llc,P097,Medical Production,Active,Clark,90069815947957903573,NVCCB,Nevada Cannabis Compliance Board,Adult-Use,NV,,,,,GREENWAY HEALTH COMMUNITY LLC,,,,,,,,,2023-12-11,,,,,,,,,,
90401540947579963618,Picksy Llc,RD088,Retail Dispensary,Active,Clark,90401540947579963618,NVCCB,Nevada Cannabis Compliance Board,Adult-Use,NV,,,,,PICKSY LLC,,,,,,,,,2023-12-11,,,,,,,,,,
90592175969002138512,Caliente Development Company Llc,P130,Medical Production,Non-Operational,Lincoln,90592175969002138512,NVCCB,Nevada Cannabis Compliance Board,Adult-Use,NV,,,,,CALIENTE DEVELOPMENT COMPANY LLC,,,,,,,,,2023-12-11,,,,,,,,,,
90871747675505722966,Matrix Nv Llc,T049,Retail Distributor,Active,Clark,90871747675505722966,NVCCB,Nevada Cannabis Compliance Board,Adult-Use,NV,,,,,MATRIX NV LLC,,,,,,,,,2023-12-11,,,,,,,,,,
90933499176351138997,Tryke Companies So Nv Llc,RP021,Retail Production,Active,Clark,90933499176351138997,NVCCB,Nevada Cannabis Compliance Board,Adult-Use,NV,,,,,TRYKE COMPANIES SO NV LLC,,,,,,,,,2023-12-11,,,,,,,,,,
90960690296001615551,Wellness & Caregivers Of Nevada Nlv Llc,C102,Medical Cultivation,Active,Clark,90960690296001615551,NVCCB,Nevada Cannabis Compliance Board,Adult-Use,NV,,,,,WELLNESS & CAREGIVERS OF NEVADA NLV LLC,,,,,,,,,2023-12-11,,,,,,,,,,
91478689709272683797,Pure Tonic Concentrates Llc,T069,Retail Distributor,Active,Washoe,91478689709272683797,NVCCB,Nevada Cannabis Compliance Board,Adult-Use,NV,,,,,PURE TONIC CONCENTRATES LLC,,,,,,,,,2023-12-11,,,,,,,,,,
91506097831949778203,Natural Medicine Llc,C052,Medical Cultivation,Active,Clark,91506097831949778203,NVCCB,Nevada Cannabis Compliance Board,Adult-Use,NV,,,,,NATURAL MEDICINE LLC,,,,,,,,,2023-12-11,,,,,,,,,,
91561606388674337757,Nuleaf Clark Dispensary Llc,D065,Medical Dispensary,Active,Clark,91561606388674337757,NVCCB,Nevada Cannabis Compliance Board,Adult-Use,NV,,,,,NULEAF CLARK DISPENSARY LLC,,,,,,,,,2023-12-11,,,,,,,,,,
91604693916166507699,Nye Natural Medicinal Solutions Llc,P107,Medical Production,Active,Nye,91604693916166507699,NVCCB,Nevada Cannabis Compliance Board,Adult-Use,NV,,,,,NYE NATURAL MEDICINAL SOLUTIONS LLC,,,,,,,,,2023-12-11,,,,,,,,,,
91699344709241623241,Matrix Nv Llc,C150,Medical Cultivation,Non-Operational,Clark,91699344709241623241,NVCCB,Nevada Cannabis Compliance Board,Adult-Use,NV,,,,,MATRIX NV LLC,,,,,,,,,2023-12-11,,,,,,,,,,
91774703539749161675,Nevada Organic Remedies Llc,RD216,Retail Dispensary,Non-Operational,Clark,91774703539749161675,NVCCB,Nevada Cannabis Compliance Board,Adult-Use,NV,,,,,NEVADA ORGANIC REMEDIES LLC,,,,,,,,,2023-12-11,,,,,,,,,,
91781014075623623744,Erp Llc,RL008,Retail Laboratory,Active,Clark,91781014075623623744,NVCCB,Nevada Cannabis Compliance Board,Adult-Use,NV,,,,,ERP LLC,,,,,,,,,2023-12-11,,,,,,,,,,
91898576786334086098,Pure Growers Llc,C200,Medical Cultivation,Active,Lander,91898576786334086098,NVCCB,Nevada Cannabis Compliance Board,Adult-Use,NV,,,,,PURE GROWERS LLC,,,,,,,,,2023-12-11,,,,,,,,,,
91919879561417233233,Deep Roots Harvest Inc.,C070,Medical Cultivation,Active,Clark,91919879561417233233,NVCCB,Nevada Cannabis Compliance Board,Adult-Use,NV,,,,,DEEP ROOTS HARVEST INC.,,,,,,,,,2023-12-11,,,,,,,,,,
91945512284376080256,Las Vegas Wellness And Compassion Llc,RP045,Retail Production,Active,Clark,91945512284376080256,NVCCB,Nevada Cannabis Compliance Board,Adult-Use,NV,,,,,LAS VEGAS WELLNESS AND COMPASSION LLC,,,,,,,,,2023-12-11,,,,,,,,,,
92244691457822473044,Gb Sciences Las Vegas Llc,P075,Medical Production,Non-Operational,Clark,92244691457822473044,NVCCB,Nevada Cannabis Compliance Board,Adult-Use,NV,,,,,GB SCIENCES LAS VEGAS LLC,,,,,,,,,2023-12-11,,,,,,,,,,
92649426386553165175,Wscc Inc,D111,Medical Dispensary,Active,Washoe,92649426386553165175,NVCCB,Nevada Cannabis Compliance Board,Adult-Use,NV,,,,,WSCC INC,,,,,,,,,2023-12-11,,,,,,,,,,
92756922633355597858,Waveseer Of Las Vegas Llc,T088,Retail Distributor,Non-Operational,Clark,92756922633355597858,NVCCB,Nevada Cannabis Compliance Board,Adult-Use,NV,,,,,WAVESEER OF LAS VEGAS LLC,,,,,,,,,2023-12-11,,,,,,,,,,
92850781556706199610,Acres Medical Llc,P011,Medical Production,Active,Clark,92850781556706199610,NVCCB,Nevada Cannabis Compliance Board,Adult-Use,NV,,,,,ACRES MEDICAL LLC,,,,,,,,,2023-12-11,,,,,,,,,,
92866687124231712790,Lnp Llc,C196,Medical Cultivation,Active,Elko,92866687124231712790,NVCCB,Nevada Cannabis Compliance Board,Adult-Use,NV,,,,,LNP LLC,,,,,,,,,2023-12-11,,,,,,,,,,
92992684275319542983,Range Brands Llc,C057,Medical Cultivation,Non-Operational,Clark,92992684275319542983,NVCCB,Nevada Cannabis Compliance Board,Adult-Use,NV,,,,,RANGE BRANDS LLC,,,,,,,,,2023-12-11,,,,,,,,,,
93052076991207348450,Nnv Operations I Inc,P091,Medical Production,Active,Washoe,93052076991207348450,NVCCB,Nevada Cannabis Compliance Board,Adult-Use,NV,,,,,NNV OPERATIONS I INC,,,,,,,,,2023-12-11,,,,,,,,,,
93277852865535573437,Cn Licenseco I Inc,P066,Medical Production,Active,Clark,93277852865535573437,NVCCB,Nevada Cannabis Compliance Board,Adult-Use,NV,,,,,CN LICENSECO I INC,,,,,,,,,2023-12-11,,,,,,,,,,
93412679890472430861,Etw Management Group Llc,C023,Medical Cultivation,Non-Operational,Clark,93412679890472430861,NVCCB,Nevada Cannabis Compliance Board,Adult-Use,NV,,,,,ETW MANAGEMENT GROUP LLC,,,,,,,,,2023-12-11,,,,,,,,,,
93439780759921309382,Naturex Ii Llc,D080,Medical Dispensary,Active,Clark,93439780759921309382,NVCCB,Nevada Cannabis Compliance Board,Adult-Use,NV,,,,,NATUREX II LLC,,,,,,,,,2023-12-11,,,,,,,,,,
93508162879541088544,Blossum Group,C059,Medical Cultivation,Active,Clark,93508162879541088544,NVCCB,Nevada Cannabis Compliance Board,Adult-Use,NV,,,,,BLOSSUM GROUP,,,,,,,,,2023-12-11,,,,,,,,,,
93630646219340157177,Redwood Warehouse Llc,C029,Medical Cultivation,Active,Clark,93630646219340157177,NVCCB,Nevada Cannabis Compliance Board,Adult-Use,NV,,,,,REDWOOD WAREHOUSE LLC,,,,,,,,,2023-12-11,,,,,,,,,,
93968461789695028039,Nevada Wellness Center Llc,RD009,Retail Dispensary,Active,Clark,93968461789695028039,NVCCB,Nevada Cannabis Compliance Board,Adult-Use,NV,,,,,NEVADA WELLNESS CENTER LLC,,,,,,,,,2023-12-11,,,,,,,,,,
94090342955467020377,Clark Nmsd Llc,D187,Medical Dispensary,Active,Clark,94090342955467020377,NVCCB,Nevada Cannabis Compliance Board,Adult-Use,NV,,,,,CLARK NMSD LLC,,,,,,,,,2023-12-11,,,,,,,,,,
94104154254817748080,Livfree Wellness Llc A Nevada Limited Liability Company,RC043,Retail Cultivation,Non-Operational,Washoe,94104154254817748080,NVCCB,Nevada Cannabis Compliance Board,Adult-Use,NV,,,,,LIVFREE WELLNESS LLC A NEVADA LIMITED LIABILITY COMPANY,,,,,,,,,2023-12-11,,,,,,,,,,
94253900611417199817,Healing Gardens Llc,C065,Medical Cultivation,Active,Washoe,94253900611417199817,NVCCB,Nevada Cannabis Compliance Board,Adult-Use,NV,,,,,HEALING GARDENS LLC,,,,,,,,,2023-12-11,,,,,,,,,,
94438795810074465171,Euphoria Wellness Llc,C072,Medical Cultivation,Active,Clark,94438795810074465171,NVCCB,Nevada Cannabis Compliance Board,Adult-Use,NV,,,,,EUPHORIA WELLNESS LLC,,,,,,,,,2023-12-11,,,,,,,,,,
94529609730879618408,Southern Nevada Growers Llc,RP090,Retail Production,Active,Clark,94529609730879618408,NVCCB,Nevada Cannabis Compliance Board,Adult-Use,NV,,,,,SOUTHERN NEVADA GROWERS LLC,,,,,,,,,2023-12-11,,,,,,,,,,
94874395420441656510,Mm Development Company Inc,RC004,Retail Cultivation,Active,Nye,94874395420441656510,NVCCB,Nevada Cannabis Compliance Board,Adult-Use,NV,,,,,MM DEVELOPMENT COMPANY INC,,,,,,,,,2023-12-11,,,,,,,,,,
94990085567833686204,Clover Creek Organics Llc,RC195,Retail Cultivation,Active,Lincoln,94990085567833686204,NVCCB,Nevada Cannabis Compliance Board,Adult-Use,NV,,,,,CLOVER CREEK ORGANICS LLC,,,,,,,,,2023-12-11,,,,,,,,,,
95048400048491208130,Gb Sciences Las Vegas Llc,RP075,Retail Production,Active,Clark,95048400048491208130,NVCCB,Nevada Cannabis Compliance Board,Adult-Use,NV,,,,,GB SCIENCES LAS VEGAS LLC,,,,,,,,,2023-12-11,,,,,,,,,,
95236492630065454507,Fidelis Holdings Henderson Llc,RP081,Retail Production,Active,Clark,95236492630065454507,NVCCB,Nevada Cannabis Compliance Board,Adult-Use,NV,,,,,FIDELIS HOLDINGS HENDERSON LLC,,,,,,,,,2023-12-11,,,,,,,,,,
95291970896852649642,Natures Kindest Llc,RC008,Retail Cultivation,Active,Clark,95291970896852649642,NVCCB,Nevada Cannabis Compliance Board,Adult-Use,NV,,,,,NATURES KINDEST LLC,,,,,,,,,2023-12-11,,,,,,,,,,
95302683028057246767,Picksy Llc,D088,Medical Dispensary,Active,Clark,95302683028057246767,NVCCB,Nevada Cannabis Compliance Board,Adult-Use,NV,,,,,PICKSY LLC,,,,,,,,,2023-12-11,,,,,,,,,,
95511225987908029386,Clear River Llc,RP047,Retail Production,Active,Clark,95511225987908029386,NVCCB,Nevada Cannabis Compliance Board,Adult-Use,NV,,,,,CLEAR RIVER LLC,,,,,,,,,2023-12-11,,,,,,,,,,
95697016138994411312,Silver State Cultivation Llc,RC001,Retail Cultivation,Active,Washoe,95697016138994411312,NVCCB,Nevada Cannabis Compliance Board,Adult-Use,NV,,,,,SILVER STATE CULTIVATION LLC,,,,,,,,,2023-12-11,,,,,,,,,,
95763041184463754261,Csnlv Llc,P113,Medical Production,Active,Clark,95763041184463754261,NVCCB,Nevada Cannabis Compliance Board,Adult-Use,NV,,,,,CSNLV LLC,,,,,,,,,2023-12-11,,,,,,,,,,
96039018489825397587,Waveseer Of Las Vegas Llc,RC079,Retail Cultivation,Active,Clark,96039018489825397587,NVCCB,Nevada Cannabis Compliance Board,Adult-Use,NV,,,,,WAVESEER OF LAS VEGAS LLC,,,,,,,,,2023-12-11,,,,,,,,,,
96417488157624490728,Medical Cannabis Healing Llc,RP112,Retail Production,Active,Clark,96417488157624490728,NVCCB,Nevada Cannabis Compliance Board,Adult-Use,NV,,,,,MEDICAL CANNABIS HEALING LLC,,,,,,,,,2023-12-11,,,,,,,,,,
96448648950663179929,Harvest Foundation Llc The,RC086,Retail Cultivation,Suspended,Clark,96448648950663179929,NVCCB,Nevada Cannabis Compliance Board,Adult-Use,NV,,,,,HARVEST FOUNDATION LLC THE,,,,,,,,,2023-12-11,,,,,,,,,,
96547001649135383498,Wellness & Caregivers Of Nevada Ii Llc,C118,Medical Cultivation,Active,Clark,96547001649135383498,NVCCB,Nevada Cannabis Compliance Board,Adult-Use,NV,,,,,WELLNESS & CAREGIVERS OF NEVADA II LLC,,,,,,,,,2023-12-11,,,,,,,,,,
96804690721657828547,Livfree Wellness Llc A Nevada Limited Liability Company,C043,Medical Cultivation,Non-Operational,Washoe,96804690721657828547,NVCCB,Nevada Cannabis Compliance Board,Adult-Use,NV,,,,,LIVFREE WELLNESS LLC A NEVADA LIMITED LIABILITY COMPANY,,,,,,,,,2023-12-11,,,,,,,,,,
96811174139333626999,Vegas Valley Growers North Llc,RP005,Retail Production,Active,Clark,96811174139333626999,NVCCB,Nevada Cannabis Compliance Board,Adult-Use,NV,,,,,VEGAS VALLEY GROWERS NORTH LLC,,,,,,,,,2023-12-11,,,,,,,,,,
96822610504919713285,Tgig Llc,RD048,Retail Dispensary,Active,Nye,96822610504919713285,NVCCB,Nevada Cannabis Compliance Board,Adult-Use,NV,,,,,TGIG LLC,,,,,,,,,2023-12-11,,,,,,,,,,
97028286992913304766,Gti Nevada Llc,RD099,Retail Dispensary,Active,Carson City,97028286992913304766,NVCCB,Nevada Cannabis Compliance Board,Adult-Use,NV,,,,,GTI NEVADA LLC,,,,,,,,,2023-12-11,,,,,,,,,,
97059765338438920065,Waveseer Of Las Vegas Llc,P053,Medical Production,Active,Clark,97059765338438920065,NVCCB,Nevada Cannabis Compliance Board,Adult-Use,NV,,,,,WAVESEER OF LAS VEGAS LLC,,,,,,,,,2023-12-11,,,,,,,,,,
97519348303293892007,Kynd-Strainz Llc,D110,Medical Dispensary,Active,Washoe,97519348303293892007,NVCCB,Nevada Cannabis Compliance Board,Adult-Use,NV,,,,,KYND-STRAINZ LLC,,,,,,,,,2023-12-11,,,,,,,,,,
97595215455267957025,Dep Ops Nv Llc,T021,Retail Distributor,Non-Operational,Clark,97595215455267957025,NVCCB,Nevada Cannabis Compliance Board,Adult-Use,NV,,,,,DEP OPS NV LLC,,,,,,,,,2023-12-11,,,,,,,,,,
97712183133535367749,Tahoe Hydroponics Company Llc,C109,Medical Cultivation,Active,Carson City,97712183133535367749,NVCCB,Nevada Cannabis Compliance Board,Adult-Use,NV,,,,,TAHOE HYDROPONICS COMPANY LLC,,,,,,,,,2023-12-11,,,,,,,,,,
98430516431235510618,Nevada Natural Medicines Llc,RP028,Retail Production,Non-Operational,Nye,98430516431235510618,NVCCB,Nevada Cannabis Compliance Board,Adult-Use,NV,,,,,NEVADA NATURAL MEDICINES LLC,,,,,,,,,2023-12-11,,,,,,,,,,
98838912295560620335,Crooked Wine Company Llc,T002,Retail Distributor,Active,Clark,98838912295560620335,NVCCB,Nevada Cannabis Compliance Board,Adult-Use,NV,,,,,CROOKED WINE COMPANY LLC,,,,,,,,,2023-12-11,,,,,,,,,,
98843691805539755867,Nevada Pure Llc,T057,Retail Distributor,Active,Clark,98843691805539755867,NVCCB,Nevada Cannabis Compliance Board,Adult-Use,NV,,,,,NEVADA PURE LLC,,,,,,,,,2023-12-11,,,,,,,,,,
99035327095322531299,Lvc D Llc,T089,Retail Distributor,Active,Clark,99035327095322531299,NVCCB,Nevada Cannabis Compliance Board,Adult-Use,NV,,,,,LVC D LLC,,,,,,,,,2023-12-11,,,,,,,,,,
99035327095322531323,Acres Dispensary Llc,RD208,Retail Dispensary,Active,White Pine,99035327095322531323,NVCCB,Nevada Cannabis Compliance Board,Adult-Use,NV,,,,,ACRES DISPENSARY LLC,,,,,,,,,2023-12-11,,,,,,,,,,
99035327095322531329,Acres Medical Llc,T012,Retail Distributor,Active,Clark,99035327095322531329,NVCCB,Nevada Cannabis Compliance Board,Adult-Use,NV,,,,,ACRES MEDICAL LLC,,,,,,,,,2023-12-11,,,,,,,,,,
99035327095322531330,Caliente Development Company Llc,RC199,Retail Cultivation,Active,Lincoln,99035327095322531330,NVCCB,Nevada Cannabis Compliance Board,Adult-Use,NV,,,,,CALIENTE DEVELOPMENT COMPANY LLC,,,,,,,,,2023-12-11,,,,,,,,,,
99035327095322531331,Caliente Development Company Llc,RP130,Retail Production,Active,Lincoln,99035327095322531331,NVCCB,Nevada Cannabis Compliance Board,Adult-Use,NV,,,,,CALIENTE DEVELOPMENT COMPANY LLC,,,,,,,,,2023-12-11,,,,,,,,,,
99035327095322531357,H & K Growers Corp,RC197,Retail Cultivation,Active,Elko,99035327095322531357,NVCCB,Nevada Cannabis Compliance Board,Adult-Use,NV,,,,,H & K GROWERS CORP,,,,,,,,,2023-12-11,,,,,,,,,,
99035327095322531359,Nevada Medical Group Llc,T055,Retail Distributor,Active,Clark,99035327095322531359,NVCCB,Nevada Cannabis Compliance Board,Adult-Use,NV,,,,,NEVADA MEDICAL GROUP LLC,,,,,,,,,2023-12-11,,,,,,,,,,
99035327095322531360,Compassionate Team Of Las Vegas Llc,RC048,Retail Cultivation,Active,Clark,99035327095322531360,NVCCB,Nevada Cannabis Compliance Board,Adult-Use,NV,,,,,COMPASSIONATE TEAM OF LAS VEGAS LLC,,,,,,,,,2023-12-11,,,,,,,,,,
99035327095322531382,Alternative Medicine Association Lc,T013,Retail Distributor,Active,Clark,99035327095322531382,NVCCB,Nevada Cannabis Compliance Board,Adult-Use,NV,,,,,ALTERNATIVE MEDICINE ASSOCIATION LC,,,,,,,,,2023-12-11,,,,,,,,,,
99035327095322531387,Pure Growers Llc,RC200,Retail Cultivation,Active,Lander,99035327095322531387,NVCCB,Nevada Cannabis Compliance Board,Adult-Use,NV,,,,,PURE GROWERS LLC,,,,,,,,,2023-12-11,,,,,,,,,,
99035327095322531388,Pure Growers Llc,RP137,Retail Production,Active,Lander,99035327095322531388,NVCCB,Nevada Cannabis Compliance Board,Adult-Use,NV,,,,,PURE GROWERS LLC,,,,,,,,,2023-12-11,,,,,,,,,,
99035327095322531389,Euphoria Wellness Llc,T027,Retail Distributor,Active,Clark,99035327095322531389,NVCCB,Nevada Cannabis Compliance Board,Adult-Use,NV,,,,,EUPHORIA WELLNESS LLC,,,,,,,,,2023-12-11,,,,,,,,,,
99035327095322531390,Rural Remedies Llc,RC192,Retail Cultivation,Active,Lander,99035327095322531390,NVCCB,Nevada Cannabis Compliance Board,Adult-Use,NV,,,,,RURAL REMEDIES LLC,,,,,,,,,2023-12-11,,,,,,,,,,
99035327095322531391,Rural Remedies Llc,RP127,Retail Production,Active,Lander,99035327095322531391,NVCCB,Nevada Cannabis Compliance Board,Adult-Use,NV,,,,,RURAL REMEDIES LLC,,,,,,,,,2023-12-11,,,,,,,,,,
99035327095322531392,Rural Remedies Llc,RC193,Retail Cultivation,Active,Lander,99035327095322531392,NVCCB,Nevada Cannabis Compliance Board,Adult-Use,NV,,,,,RURAL REMEDIES LLC,,,,,,,,,2023-12-11,,,,,,,,,,
99035327095322531393,Rural Remedies Llc,RP128,Retail Production,Active,Lander,99035327095322531393,NVCCB,Nevada Cannabis Compliance Board,Adult-Use,NV,,,,,RURAL REMEDIES LLC,,,,,,,,,2023-12-11,,,,,,,,,,
99035327095322531407,Miller Farms Llc,RC189,Retail Cultivation,Active,Humboldt,99035327095322531407,NVCCB,Nevada Cannabis Compliance Board,Adult-Use,NV,,,,,MILLER FARMS LLC,,,,,,,,,2023-12-11,,,,,,,,,,
99035327095322531408,Natural Medicine Llc,T077,Retail Distributor,Active,Clark,99035327095322531408,NVCCB,Nevada Cannabis Compliance Board,Adult-Use,NV,,,,,NATURAL MEDICINE LLC,,,,,,,,,2023-12-11,,,,,,,,,,
99035327095322531410,Dune Operating Holdings Llc,RC175,Retail Cultivation,Active,Clark,99035327095322531410,NVCCB,Nevada Cannabis Compliance Board,Adult-Use,NV,,,,,DUNE OPERATING HOLDINGS LLC,,,,,,,,,2023-12-11,,,,,,,,,,
99035327095322531413,Nuleaf Clv Dispensary Llc,RD069,Retail Dispensary,Active,Clark,99035327095322531413,NVCCB,Nevada Cannabis Compliance Board,Adult-Use,NV,,,,,NULEAF CLV DISPENSARY LLC,,,,,,,,,2023-12-11,,,,,,,,,,
99035327095322531417,Silver Sage Wellness Llc,T074,Retail Distributor,Active,Clark,99035327095322531417,NVCCB,Nevada Cannabis Compliance Board,Adult-Use,NV,,,,,SILVER SAGE WELLNESS LLC,,,,,,,,,2023-12-11,,,,,,,,,,
99035327095322531421,West118 Investments Llc,RC190,Retail Cultivation,Active,Lyon,99035327095322531421,NVCCB,Nevada Cannabis Compliance Board,Adult-Use,NV,,,,,WEST118 INVESTMENTS LLC,,,,,,,,,2023-12-11,,,,,,,,,,
99035327095322531422,West118 Investments Llc,RP125,Retail Production,Active,Lyon,99035327095322531422,NVCCB,Nevada Cannabis Compliance Board,Adult-Use,NV,,,,,WEST118 INVESTMENTS LLC,,,,,,,,,2023-12-11,,,,,,,,,,
99035327095322531433,Deep Roots Harvest Inc,T024,Retail Distributor,Active,Clark,99035327095322531433,NVCCB,Nevada Cannabis Compliance Board,Adult-Use,NV,,,,,Deep Roots Harvest Inc,,,,,,,,,2023-12-11,,,,,,,,,,
99085786069504731304,Silver Sage Wellness Llc,D049,Medical Dispensary,Active,Clark,99085786069504731304,NVCCB,Nevada Cannabis Compliance Board,Adult-Use,NV,,,,,SILVER SAGE WELLNESS LLC,,,,,,,,,2023-12-11,,,,,,,,,,
99218634623218497675,Tryke Companies So Nv Llc,P021,Medical Production,Active,Clark,99218634623218497675,NVCCB,Nevada Cannabis Compliance Board,Adult-Use,NV,,,,,TRYKE COMPANIES SO NV LLC,,,,,,,,,2023-12-11,,,,,,,,,,
99239503170358118250,Global Harmony Llc,RC002,Retail Cultivation,Active,Clark,99239503170358118250,NVCCB,Nevada Cannabis Compliance Board,Adult-Use,NV,,,,,GLOBAL HARMONY LLC,,,,,,,,,2023-12-11,,,,,,,,,,
99582000298631805831,Clear River Llc,C097,Medical Cultivation,Active,Clark,99582000298631805831,NVCCB,Nevada Cannabis Compliance Board,Adult-Use,NV,,,,,CLEAR RIVER LLC,,,,,,,,,2023-12-11,,,,,,,,,,
99897301366352181138,Healing Gardens Llc,C121,Medical Cultivation,Non-Operational,Washoe,99897301366352181138,NVCCB,Nevada Cannabis Compliance Board,Adult-Use,NV,,,,,HEALING GARDENS LLC,,,,,,,,,2023-12-11,,,,,,,,,,
99935327095322531205,Nv Cann Labs Llc,RL001,Retail Laboratory,Active,Clark,99935327095322531205,NVCCB,Nevada Cannabis Compliance Board,Adult-Use,NV,,,,,NV CANN LABS LLC,,,,,,,,,2023-12-11,,,,,,,,,,
RD1X2376YS46587DLM67,Deep Roots Harvest Inc.,D200,Medical Dispensary,Active,Elko,RD1X2376YS46587DLM67,NVCCB,Nevada Cannabis Compliance Board,Adult-Use,NV,,,,,DEEP ROOTS HARVEST INC.,,,,,,,,,2023-12-11,,,,,,,,,,
SE2Y3487ZT57698EMN78,Silver State Relief Llc,D204,Medical Dispensary,Active,Lyon,SE2Y3487ZT57698EMN78,NVCCB,Nevada Cannabis Compliance Board,Adult-Use,NV,,,,,SILVER STATE RELIEF LLC,,,,,,,,,2023-12-11,,,,,,,,,,
OCM-CAURD-23-000015,,,,,,,,,,NY,,,,,Royal Leaf NY LLC,,,,,,,,,2023-09-20T07:12:07.681349,Bronx,,,,,,,,,
OCM-CAURD-23-000005,,,,,,,,,,NY,,,,,D-Andrews,,,don@upstate-canna.co,,,,(518) 280-4289,,2023-09-20T07:12:07.681349,Capital Region,,,,,,,,,
OCM-CAURD-23-000011,,,,,,,,,,NY,,,,,Stage One Cannabis LLC,,,mirk@stageonedispensary.com,,,,518-488-4997,,2023-09-20T07:12:07.681349,Capital Region,,,,,,,,,
OCM-CAURD-23-000010,,,,,,,,,,NY,,,,,FLYNNSTONED CORPORATION,,,mike@flynnstoned.com,,,,,,2023-09-20T07:12:07.681349,Central NY,,,,,,,,,
OCM-CAURD-2023-000022,,,,,,,,,,NY,,,,,Strain Stars LLC,,,,,,,,,2023-09-20T07:12:07.681349,Long Island,,,,,,,,,
OCM-CAURD-23-000008,,,,,,,,,,NY,,,,,Dazed,,,HighRoadHoldings@gmail.com,,,,(954) 350-1300,,2023-09-20T07:12:07.681349,Manhattan,,,,,,,,,
OCM-CAURD-23-000003,,,,,,,,,,NY,,,,,"The Doe Store LLC (“Union Square
Travel Agency”)",,,,,,,,,2023-09-20T07:12:07.681349,Manhattan,,,,,,,,,
OCM-CAURD-23-00009,,,,,,,,,,NY,,,,,GOTHAM CAURD LLC,,,"GothamCAURDLLC@gmail.co
m",,,,,,2023-09-20T07:12:07.681349,Manhattan,,,,,,,,,
OCM-CAURD-22-000001,,,,,,,,,,NY,,,,,"Housing Works Cannabis, LLC",,,Budmaster@hwcannabis.co,,,,,,2023-09-20T07:12:07.681349,Manhattan,,,,,,,,,
OCM-CAURD-23-000002,,,,,,,,,,NY,,,,,Smacked,,,,,,,,,2023-09-20T07:12:07.681349,Manhattan,,,,,,,,,
OCM-CAURD-23-000007,,,,,,,,,,NY,,,,,Good Grades LLC,,,mj@goodgradesnyc.com,,,,(212) 845-9912,,2023-09-20T07:12:07.681349,Queens,,,,,,,,,
OCM-CAURD-23-000004,,,,,,,,,,NY,,,,,On Point Cannabis Inc.,,,Public@justbreathelife.org,,,,,,2023-09-20T07:12:07.681349,Southern Tier,,,,,,,,,
OCM-CAURD-23-000006,,,,,,,,,,NY,,,,,William Durham,,,"whhomeimprovements@gmail.
com",,,,(607) 348-4471,,2023-09-20T07:12:07.681349,Southern Tier,,,,,,,,,
OCM-CAURD-23-000014,,,,,,,,,,NY,,,,,Exscape Inc.,,,https://sacred-bloom.com/,,,,,,2023-09-20T07:12:07.681349,Southern Tier,,,,,,,,,
OCM-CAURD-2022-000251,,,,,,,,,,NY,,,,,Dank 716,,,,,,,,,2023-09-20T07:12:07.681349,Western NY,,,,,,,,,
OCM-CAURD-2022-000025,,,,,,,,,,NY,,,,,Herbal IQ,,,,,,,,,2023-09-20T07:12:07.681349,Western NY,,,,,,,,,
OCM-CAURD-2022-000011,,,,,,,,,,NY,,,,,"Capital District Cannabis &
Wellness Inc.*",,,,,,,,,2023-09-20T07:12:07.681349,Capital Region,,,,,,,,,
OCM-CAURD-2022-000038,,,,,,,,,,NY,,,,,Exscape Inc.*,,,,,,,,,2023-09-20T07:12:07.681349,Southern Tier,,,,,,,,,
OCM-CAURD-2022-000099,,,,,,,,,,NY,,,,,Polanco Brothers Corp.*,,,,,,,,,2023-09-20T07:12:07.681349,Manhattan,,,,,,,,,
OCM-CAURD-2022-000129,,,,,,,,,,NY,,,,,"Steven Steals & Co. LLC/Nice
Yield*",,,Info@niceyield.nyc,,,,(917) 374-3884,,2023-09-20T07:12:07.681349,Manhattan,,,,,,,,,
OCM-CAURD-2022-000133,,,,,,,,,,NY,,,,,"Lyfted Essentials, LLC*",,,lyftedessentials@gmail.com,,,,,,2023-09-20T07:12:07.681349,Long Island,,,,,,,,,
OCM-CAURD-2022-000157,,,,,,,,,,NY,,,,,Nube NYC LLC*,,,,,,,,,2023-09-20T07:12:07.681349,Bronx,,,,,,,,,
OCM-CAURD-2022-000195,,,,,,,,,,NY,,,,,"Luke Cloud, Inc.*",,,Lukecloudinc@gmail.com,,,,(718) 530-4622,,2023-09-20T07:12:07.681349,Bronx,,,,,,,,,
OCM-CAURD-2022-000216,,,,,,,,,,NY,,,,,Top Shelf Aficionados Inc.*,,,,,,,,,2023-09-20T07:12:07.681349,Long Island,,,,,,,,,
OCM-CAURD-2022-000220,,,,,,,,,,NY,,,,,Thinc Provisions Inc.*,,,,,,,,,2023-09-20T07:12:07.681349,Capital Region,,,,,,,,,
OCM-CAURD-2022-000234,,,,,,,,,,NY,,,,,Gabbys Green LLC*,,,Gabbysgreenllc@gmail.com,,,,(631) 896-6748,,2023-09-20T07:12:07.681349,Queens,,,,,,,,,
OCM-CAURD-2022-000253,,,,,,,,,,NY,,,,,Essential Flowers*,,,essentialflowers@yahoo.com,,,,(518) 521-9142,,2023-09-20T07:12:07.681349,Capital Region,,,,,,,,,
OCM-CAURD-2022-000260,,,,,,,,,,NY,,,,,Air City Cannabis LLC*,,,,,,,,,2023-09-20T07:12:07.681349,Mohawk Valley,,,,,,,,,
OCM-CAURD-2022-000274,,,,,,,,,,NY,,,,,Brian Stark Enterprises LLC*,,,starkz10@aol.com,,,,(516) 606-8933,,2023-09-20T07:12:07.681349,Long Island,,,,,,,,,
OCM-CAURD-2022-000279,,,,,,,,,,NY,,,,,Pure Blossoms LLC*,,,,,,,,,2023-09-20T07:12:07.681349,Manhattan,,,,,,,,,
OCM-CAURD-2022-000281,,,,,,,,,,NY,,,,,Grass Express*,,,Achomes1821@icloud.com,,,,(631) 965-4013,,2023-09-20T07:12:07.681349,Long Island,,,,,,,,,
OCM-CAURD-2022-000326,,,,,,,,,,NY,,,,,Strain Stars LLC*,,,,,,,,,2023-09-20T07:12:07.681349,Long Island,,,,,,,,,
OCM-CAURD-2022-000356,,,,,,,,,,NY,,,,,T&C Distribution LLC*,,,,,,,,,2023-09-20T07:12:07.681349,,,,,,,,,,
OCM-CAURD-2022-000358,,,,,,,,,,NY,,,,,Half Island Flavors LLC*,,,halfislandflavors@gmail.com,,,,,,2023-09-20T07:12:07.681349,Bronx,,,,,,,,,
OCM-CAURD-2022-000374,,,,,,,,,,NY,,,,,Diamond Dispensary LLC*,,,h.bonilla1@icloud.com,,,,(718) 662-3633,,2023-09-20T07:12:07.681349,Bronx,,,,,,,,,
OCM-CAURD-2022-000387,,,,,,,,,,NY,,,,,Brent L Rogers*,,,,,,,,,2023-09-20T07:12:07.681349,North Country,,,,,,,,,
OCM-CAURD-2022-000390,,,,,,,,,,NY,,,,,Roots 13 LLC*,,,hsingh@justaccountingny.com,,,,(347) 440-8434,,2023-09-20T07:12:07.681349,Long Island,,,,,,,,,
OCM-CAURD-2022-000402,,,,,,,,,,NY,,,,,Culture House*,,,culturehouse001@gmail.com,,,,(347) 362-4184,,2023-09-20T07:12:07.681349,Manhattan,,,,,,,,,
OCM-CAURD-2022-000409,,,,,,,,,,NY,,,,,Eco Sesh*,,,ecosesh@gmail.com,,,,,,2023-09-20T07:12:07.681349,Manhattan,,,,,,,,,
OCM-CAURD-2022-000414,,,,,,,,,,NY,,,,,"Ten Cees, LLC*",,,,,,,,,2023-09-20T07:12:07.681349,Capital Region,,,,,,,,,
OCM-CAURD-2022-000417,,,,,,,,,,NY,,,,,Indoor Treez Corp.*,,,,,,,,,2023-09-20T07:12:07.681349,Manhattan,,,,,,,,,
OCM-CAURD-2022-000460,,,,,,,,,,NY,,,,,Growth Industries Inc.*,,,,,,,,,2023-09-20T07:12:07.681349,Queens,,,,,,,,,
OCM-CAURD-2022-000509,,,,,,,,,,NY,,,,,The Highest Peak*,,,info@highestpeakny.com,,,,,,2023-09-20T07:12:07.681349,North Country,,,,,,,,,
OCM-CAURD-2022-000521,,,,,,,,,,NY,,,,,Cal M Anderson III*,,,,,,,,,2023-09-20T07:12:07.681349,Bronx,,,,,,,,,
OCM-CAURD-2022-000548,,,,,,,,,,NY,,,,,Royal Leaf NY LLC*,,,,,,,,,2023-09-20T07:12:07.681349,Bronx,,,,,,,,,
OCM-CAURD-2022-000558,,,,,,,,,,NY,,,,,Keep It A 100 LLC*,,,,,,,,,2023-09-20T07:12:07.681349,Long Island,,,,,,,,,
OCM-CAURD-2022-000563,,,,,,,,,,NY,,,,,"Advanced Institutional Support
Services LLC*",,,,,,,,,2023-09-20T07:12:07.681349,Central NY,,,,,,,,,
OCM-CAURD-2022-000565,,,,,,,,,,NY,,,,,CGG ENTERPRISES INC*,,,"WORLDWRESTLINGCOLLEC
TIBLES@GMAIL.COM",,,,(347) 676-7461,,2023-09-20T07:12:07.681349,Queens,,,,,,,,,
OCM-CAURD-2022-000579,,,,,,,,,,NY,,,,,Cured NY LLC*,,,,,,,,,2023-09-20T07:12:07.681349,Mohawk Valley,,,,,,,,,
OCM-CAURD-2022-000580,,,,,,,,,,NY,,,,,North County Roots Inc.*,,,NCRPlattsburgh@gmail.com,,,,(518) 565-0770,,2023-09-20T07:12:07.681349,North Country,,,,,,,,,
OCM-CAURD-2022-000581,,,,,,,,,,NY,,,,,Kush & Kemet LLC*,,,,,,,,,2023-09-20T07:12:07.681349,Manhattan,,,,,,,,,
OCM-CAURD-2022-000589,,,,,,,,,,NY,,,,,Urban Weeds LLC*,,,info@urbanweedsny.com,,,,,,2023-09-20T07:12:07.681349,Queens,,,,,,,,,
OCM-CAURD-2022-000608,,,,,,,,,,NY,,,,,"So Vapes & Accessories/Tricronic
Dispensary*",,,Sohan23@gmail.com,,,,(718) 704-7753,,2023-09-20T07:12:07.681349,Queens,,,,,,,,,
OCM-CAURD-2022-000609,,,,,,,,,,NY,,,,,CWS Holdings I LLC*,,,,,,,,,2023-09-20T07:12:07.681349,Southern Tier,,,,,,,,,
OCM-CAURD-2022-000610,,,,,,,,,,NY,,,,,Eastern Holdings 88*,,,Amychen_747@hotmail.com,,,,(646) 639-8000,,2023-09-20T07:12:07.681349,Richmond,,,,,,,,,
OCM-CAURD-2022-000624,,,,,,,,,,NY,,,,,Planet 51 LLC*,,,Nicholaskoury01@gmail.com,,,,(332) 208-3185,,2023-09-20T07:12:07.681349,Manhattan,,,,,,,,,
OCM-CAURD-2022-000634,,,,,,,,,,NY,,,,,"Stage One Cannabis LLC DBA
Stage One Dispensary*",,,Info@stageonedispensary.com,,,,(518) 488-4997,,2023-09-20T07:12:07.681349,Capital District,,,,,,,,,
OCM-CAURD-2022-000682,,,,,,,,,,NY,,,,,Michael D Gant*,,,,,,,,,2023-09-20T07:12:07.681349,Manhattan,,,,,,,,,
OCM-CAURD-2022-000686,,,,,,,,,,NY,,,,,Suzanne M Furboter*,,,,,,,,,2023-09-20T07:12:07.681349,Queens,,,,,,,,,
OCM-CAURD-2022-000693,,,,,,,,,,NY,,,,,"Center For Community Alternatives,
Inc.*",,,"dcondliffe@communityalternati
ves.org",,,,(917) 301-3939,,2023-09-20T07:12:07.681349,Central NY,,,,,,,,,
OCM-CAURD-2022-000714,,,,,,,,,,NY,,,,,Anthony Crapanzano*,,,,,,,,,2023-09-20T07:12:07.681349,Richmond,,,,,,,,,
OCM-CAURD-2022-000724,,,,,,,,,,NY,,,,,Samjny*,,,Samjny22@gmail.com,,,,(718) 717-6884,,2023-09-20T07:12:07.681349,Richmond,,,,,,,,,
OCM-CAURD-2022-000744,,,,,,,,,,NY,,,,,Kushmart NY LLC*,,,kushmartny@gmail.com,,,,(646) 894-4412,,2023-09-20T07:12:07.681349,Long Island,,,,,,,,,
OCM-CAURD-2022-000771,,,,,,,,,,NY,,,,,Union Chill Cannabis Company*,,,Joshc@unionchillcannabis.com,,,,(607) 382-7385,,2023-09-20T07:12:07.681349,Southern Tier,,,,,,,,,
OCM-CAURD-2022-000785,,,,,,,,,,NY,,,,,NYCC 1 LLC*,,,Nycc2.llc@gmail.com,,,,,,2023-09-20T07:12:07.681349,Long Island,,,,,,,,,
OCM-CAURD-2022-000787,,,,,,,,,,NY,,,,,CI Wonder Enterprises LLC*,,,,,,,,,2023-09-20T07:12:07.681349,,,,,,,,,,
OCM-CAURD-2022-000809,,,,,,,,,,NY,,,,,Natural Wonder Cannabis*,,,shivawn@justicecannabisco.co,,,,(707) 479-1471,,2023-09-20T07:12:07.681349,Long Island,,,,,,,,,
OCM-CAURD-2022-000834,,,,,,,,,,NY,,,,,Hydro Phonics LLC*,,,,,,,,,2023-09-20T07:12:07.681349,,,,,,,,,,
OCM-CAURD-2022-000865,,,,,,,,,,NY,,,,,Jupitar Café*,,,,,,,,,2023-09-20T07:12:07.681349,Bronx,,,,,,,,,
OCM-CAURD-2022-000876,,,,,,,,,,NY,,,,,Humble County LLC*,,,info@the420bliss.com,,,,(917) 346-7021,,2023-09-20T07:12:07.681349,Capital Region,,,,,,,,,
OCM-CAURD-2022-000879,,,,,,,,,,NY,,,,,BazzJAT Retail Inc.*,,,,,,,,,2023-09-20T07:12:07.681349,Queens,,,,,,,,,
OCM-CAURD-2022-000888,,,,,,,,,,NY,,,,,Budding Industry Group*,,,amber.bennett.xo@gmail.com,,,,(631) 943-0276,,2023-09-20T07:12:07.681349,Long Island,,,,,,,,,
Provisionally Licensed As of 4/04/23,,,,,,,,,,NY,,,,,,,,,,,,,,2023-09-20T07:12:07.681349,,,,,,,,,,
OCM-CAURD-2022-000013,,,,,,,,,,NY,,,,,"CONBUD, LLC*",,,INFO@CONBUD.COM,,,,(917) 327-2958,,2023-09-20T07:12:07.681349,Manhattan,,,,,,,,,
OCM-CAURD-2022-000023,,,,,,,,,,NY,,,,,"Robin Hood Cannabis, LLC*",,,jennifer@jennifertzar.com,,,,,,2023-09-20T07:12:07.681349,Manhattan,,,,,,,,,
OCM-CAURD-2022-000040,,,,,,,,,,NY,,,,,"Dosha Farms, LLC*",,,Korey.rowe@gmail.com,,,,1 (607) 437-4333,,2023-09-20T07:12:07.681349,Mohawk Valley,,,,,,,,,
OCM-CAURD-2022-000050,,,,,,,,,,NY,,,,,"Happy Days Dispensary, Inc.*",,,"NEWAGEMNGMNT@AOL.CO
M",,,,1 (718) 749-2154,,2023-09-20T07:12:07.681349,Long Island,,,,,,,,,
OCM-CAURD-2022-000059,,,,,,,,,,NY,,,,,Where’s My Lighter? LLC*,,,ashieka.moore@aol.com,,,,1 (631) 741-2385,,2023-09-20T07:12:07.681349,Long Island,,,,,,,,,
OCM-CAURD-2022-000084,,,,,,,,,,NY,,,,,"East Coast Psychedelics, Inc.*",,,Hippiegeo@gmail.com,,,,1 (631) 493-9200,,2023-09-20T07:12:07.681349,Long Island,,,,,,,,,
OCM-CAURD-2022-000093,,,,,,,,,,NY,,,,,Michael Pagan*,,,mpagan07@outlook.com,,,,1 (929) 403-7969,,2023-09-20T07:12:07.681349,Queens,,,,,,,,,
OCM-CAURD-2022-000094,,,,,,,,,,NY,,,,,"Alexander Kelch, LLC*",,,AlexanderKelch@aol.com,,,,1 (516) 308-4228,,2023-09-20T07:12:07.681349,Long Island,,,,,,,,,
OCM-CAURD-2022-000095,,,,,,,,,,NY,,,,,"The Herbal Care THC, LLC*",,,"seventhavecleaning@gmail.co
m",,,,1 (212) 470-2678,,2023-09-20T07:12:07.681349,Manhattan,,,,,,,,,
OCM-CAURD-2022-000114,,,,,,,,,,NY,,,,,"Aprii, LLC*",,,john@truegreenglobal.com,,,,1 (917) 355-3763,,2023-09-20T07:12:07.681349,Capital Region,,,,,,,,,
OCM-CAURD-2022-000120,,,,,,,,,,NY,,,,,Heritage Gold & Silver*,,,mreda1717@gmail.com,,,,1 (631) 875-8620,,2023-09-20T07:12:07.681349,Long Island,,,,,,,,,
OCM-CAURD-2022-000131,,,,,,,,,,NY,,,,,"Just a Little Higher, LLC*",,,"Management@alittlebookingag
ency.com",,,,1 (561) 617-4856,,2023-09-20T07:12:07.681349,Queens,,,,,,,,,
OCM-CAURD-2022-000134,,,,,,,,,,NY,,,,,"No Name Graphics, LLC*",,,NONAMECANNABISCOMPAN,,,,1 (518) 527-1199,,2023-09-20T07:12:07.681349,Capital Region,,,,,,,,,
OCM-CAURD-2022-000144,,,,,,,,,,NY,,,,,"NC Accident Reports, LLC*",,,berkaydev@gmail.com,,,,1 (516) 598-7753,,2023-09-20T07:12:07.681349,Manhattan,,,,,,,,,
OCM-CAURD-2022-000146,,,,,,,,,,NY,,,,,"Gourmet Budz, LLC*",,,gourmetbudz@gmail.com,,,,1 (347) 401-1905,,2023-09-20T07:12:07.681349,Long Island,,,,,,,,,
OCM-CAURD-2022-000172,,,,,,,,,,NY,,,,,"Joe’s Pizza and Redemption Center
Inc.*",,,joespizza32@gmail.com,,,,1 (518) 307-7067,,2023-09-20T07:12:07.681349,Capital Region,,,,,,,,,
OCM-CAURD-2022-000173,,,,,,,,,,NY,,,,,"Kush Culture Industry, LLC*",,,kushculturenyc@gmail.com,,,,1 (718) 810-1937,,2023-09-20T07:12:07.681349,Queens,,,,,,,,,
OCM-CAURD-2022-000182,,,,,,,,,,NY,,,,,"Legendary Bliss, LLC*",,,dnassiri75@hotmail.com,,,,1 (949) 375-4734,,2023-09-20T07:12:07.681349,Long Island,,,,,,,,,
OCM-CAURD-2022-000187,,,,,,,,,,NY,,,,,"Weeds R Us, Inc.*",,,jacknmc@aol.com,,,,1 (917) 682-7576,,2023-09-20T07:12:07.681349,Manhattan,,,,,,,,,
OCM-CAURD-2022-000188,,,,,,,,,,NY,,,,,"Buds “R” Us, LLC*",,,espinbenj@gmail.com,,,,1 (718) 902-2168,,2023-09-20T07:12:07.681349,Queens,,,,,,,,,
OCM-CAURD-2022-000196,,,,,,,,,,NY,,,,,"DLM Retail, LLC*",,,dwhite002@twcny.rr.com,,,,1 (315) 705-4231,,2023-09-20T07:12:07.681349,North Country,,,,,,,,,
OCM-CAURD-2022-000202,,,,,,,,,,NY,,,,,"Brain Bloom, LLC*",,,joemicciulli@gmail.com,,,,1 (516) 662-8319,,2023-09-20T07:12:07.681349,Long Island,,,,,,,,,
OCM-CAURD-2022-000210,,,,,,,,,,NY,,,,,"Adirondack Advantage, LLC*",,,"kris@adirondackadvantage.co
m",,,,1 (518) 812-1907,,2023-09-20T07:12:07.681349,North Country,,,,,,,,,
OCM-CAURD-2022-000221,,,,,,,,,,NY,,,,,"Summit Canna, LLC*",,,michael.montas@yahoo.com,,,,1 (646) 842-7544,,2023-09-20T07:12:07.681349,Bronx,,,,,,,,,
OCM-CAURD-2022-000225,,,,,,,,,,NY,,,,,"The Island’s Cannabis Dispensary,
LLC*",,,jorge@vsllplaw.com,,,,1 (212) 752-8408,,2023-09-20T07:12:07.681349,Long Island,,,,,,,,,
OCM-CAURD-2022-000229,,,,,,,,,,NY,,,,,"Cannabis Culture 1, LLC*",,,astokes175@yahoo.com,,,,1 (917) 459-1791,,2023-09-20T07:12:07.681349,Queens,,,,,,,,,
OCM-CAURD-2022-000241,,,,,,,,,,NY,,,,,Flower Power NYC Corp.*,,,flowerpowernyc1@gmail.com,,,,1 (347) 706-9426,,2023-09-20T07:12:07.681349,Manhattan,,,,,,,,,
OCM-CAURD-2022-000248,,,,,,,,,,NY,,,,,"ERUDITOHERBALS, LLC*",,,"eruditoherbals@protonmail.co
m",,,,1 (212) 923-0088,,2023-09-20T07:12:07.681349,Manhattan,,,,,,,,,
OCM-CAURD-2022-000251,,,,,,,,,,NY,,,,,Aaron Van Camp*,,,"aaron_van_camp@outlook.co
m",,,,1 (716) 430-0447,,2023-09-20T07:12:07.681349,Western NY,,,,,,,,,
OCM-CAURD-2022-000255,,,,,,,,,,NY,,,,,Zaquia Chaplin*,,,chaplinzm@yahoo.com,,,,1 (516) 949-9460,,2023-09-20T07:12:07.681349,Long Island,,,,,,,,,
OCM-CAURD-2022-000257,,,,,,,,,,NY,,,,,AMSM LLC*,,,eastleafbuffalo@gmail.com,,,,1 (716) 560-6686,,2023-09-20T07:12:07.681349,Western NY,,,,,,,,,
OCM-CAURD-2022-000258,,,,,,,,,,NY,,,,,"AQR Development Funding, LLC*",,,docdmt@aol.com,,,,1 (631) 513-9836,,2023-09-20T07:12:07.681349,Long Island,,,,,,,,,
OCM-CAURD-2022-000261,,,,,,,,,,NY,,,,,Adam S. Drake*,,,adrake913@gmail.com,,,,1 (516) 637-8431,,2023-09-20T07:12:07.681349,Long Island,,,,,,,,,
OCM-CAURD-2022-000266,,,,,,,,,,NY,,,,,"Soodaks, Inc.*",,,SoodaksInc@gmail.com,,,,1 (212) 203-5381,,2023-09-20T07:12:07.681349,Manhattan,,,,,,,,,
OCM-CAURD-2022-000269,,,,,,,,,,NY,,,,,"Flower City Shop, LLC*",,,beeduangtavilay@yahoo.com,,,,1 (585) 766-8384,,2023-09-20T07:12:07.681349,Western NY,,,,,,,,,
OCM-CAURD-2022-000273,,,,,,,,,,NY,,,,,Holly R. King*,,,elijahgrey@gmail.com,,,,1 (518) 222-5099,,2023-09-20T07:12:07.681349,Capital Region,,,,,,,,,
OCM-CAURD-2022-000277,,,,,,,,,,NY,,,,,"Smoking Scholars, LLC*",,,licensing@jamesfrm.com,,,,1 (516) 858-5887,,2023-09-20T07:12:07.681349,Bronx,,,,,,,,,
OCM-CAURD-2022-000295,,,,,,,,,,NY,,,,,ZIL ZAL Inc.*,,,elvin@castlehillbsi.com,,,,1 (718) 829-3655,,2023-09-20T07:12:07.681349,Bronx,,,,,,,,,
OCM-CAURD-2022-000300,,,,,,,,,,NY,,,,,"Amsterdam Cannabis, Inc.*",,,antmarce@aol.com,,,,1 (518) 774-8764,,2023-09-20T07:12:07.681349,Mohawk Valley,,,,,,,,,
OCM-CAURD-2022-000323,,,,,,,,,,NY,,,,,"High Path Wellness, LLC*",,,ben@cw.legal,,,,1 (914) 967-2753,,2023-09-20T07:12:07.681349,Long Island,,,,,,,,,
OCM-CAURD-2022-000329,,,,,,,,,,NY,,,,,"Mighty Lucky, LLC*",,,beau@thehiveclubnyc.com,,,,1 (646) 232-5206,,2023-09-20T07:12:07.681349,Manhattan,,,,,,,,,
OCM-CAURD-2022-000331,,,,,,,,,,NY,,,,,"Nelsonkickz, LLC*",,,nelsonskickz@gmail.com,,,,1 (518) 807-5350,,2023-09-20T07:12:07.681349,North Country,,,,,,,,,
OCM-CAURD-2022-000332,,,,,,,,,,NY,,,,,Evija Artworks Inc.*,,,MishaMB@Gmail.com,,,,1 (718) 514-3516,,2023-09-20T07:12:07.681349,Brooklyn,,,,,,,,,
OCM-CAURD-2022-000349,,,,,,,,,,NY,,,,,Sherwood R. Adams*,,,akapoor@kapoorfirm.com,,,,1 (516) 307-8380,,2023-09-20T07:12:07.681349,Long Island,,,,,,,,,
OCM-CAURD-2022-000363,,,,,,,,,,NY,,,,,Level Up NYC Corp.*,,,johnsrufino@gmail.com,,,,1 (518) 331-5948,,2023-09-20T07:12:07.681349,Brooklyn,,,,,,,,,
OCM-CAURD-2022-000377,,,,,,,,,,NY,,,,,"Organic Relief Leaf, LLC*",,,organicreliefleaf@gmail.com,,,,1 (718) 290-3020,,2023-09-20T07:12:07.681349,Manhattan,,,,,,,,,
OCM-CAURD-2022-000384,,,,,,,,,,NY,,,,,"Jay Buddy, LLC*",,,jaybuddyllc@gmail.com,,,,1 (347) 360-5333,,2023-09-20T07:12:07.681349,Mid-Hudson,,,,,,,,,
OCM-CAURD-2022-000393,,,,,,,,,,NY,,,,,"Terrapin Greens 4-7, Inc.*",,,christopher.t.concannon@gmai,,,,1 (917) 374-0020,,2023-09-20T07:12:07.681349,Manhattan,,,,,,,,,
OCM-CAURD-2022-000398,,,,,,,,,,NY,,,,,Bigflavor Entertainment Corp.*,,,"bigflavorentertainment@gmail.
com",,,,1 (917) 530-4504,,2023-09-20T07:12:07.681349,Queens,,,,,,,,,
OCM-CAURD-2022-000400,,,,,,,,,,NY,,,,,"Mottz Only Authentic New York
Style, LLC*",,,mottznyc@gmail.com,,,,1 (516) 591-4112,,2023-09-20T07:12:07.681349,Long Island,,,,,,,,,
OCM-CAURD-2022-000407,,,,,,,,,,NY,,,,,CANNADREAMS Inc.*,,,jielin1417@yahoo.com,,,,1 (917) 721-1821,,2023-09-20T07:12:07.681349,Manhattan,,,,,,,,,
OCM-CAURD-2022-000411,,,,,,,,,,NY,,,,,Jonathan Gibbs (dba ZOOTIES)*,,,Zootiesworld@gmail.com,,,,1 (631) 281-3582,,2023-09-20T07:12:07.681349,Long Island,,,,,,,,,
OCM-CAURD-2022-000431,,,,,,,,,,NY,,,,,"Don Resources Unlimited, LLC*",,,donresourcesllc@gmail.com,,,,1 (646) 345-1388,,2023-09-20T07:12:07.681349,Manhattan,,,,,,,,,
OCM-CAURD-2022-000433,,,,,,,,,,NY,,,,,Best Sala*,,,Bestsala@icloud.com,,,,1 (718) 799-2203,,2023-09-20T07:12:07.681349,Queens,,,,,,,,,
OCM-CAURD-2022-000443,,,,,,,,,,NY,,,,,"Fignolecar, LLC*",,,Carrelfignole25@gmail.com,,,,1 (917) 569-0847,,2023-09-20T07:12:07.681349,Queens,,,,,,,,,
OCM-CAURD-2022-000445,,,,,,,,,,NY,,,,,"BudBiz, LLC*",,,mrgiancarlopinto@gmail.com,,,,1 (646) 210-1027,,2023-09-20T07:12:07.681349,Queens,,,,,,,,,
OCM-CAURD-2022-000453,,,,,,,,,,NY,,,,,Actualize*,,,dan@redemptive.nyc,,,,1 (631) 300-7456,,2023-09-20T07:12:07.681349,Manhattan,,,,,,,,,
OCM-CAURD-2022-000454,,,,,,,,,,NY,,,,,"Euphoria Dispensary of New York,
LLC*",,,jameskelley146@gmail.com,,,,1 (347) 882-8699,,2023-09-20T07:12:07.681349,Manhattan,,,,,,,,,
OCM-CAURD-2022-000455,,,,,,,,,,NY,,,,,"Gotham Buds, LLC*",,,jjohnson@pryorcashman.com,,,,1 (212) 421-4100,,2023-09-20T07:12:07.681349,Manhattan,,,,,,,,,
OCM-CAURD-2022-000464,,,,,,,,,,NY,,,,,"NugHub NY, LLC*",,,Mogert1234@gmail.com,,,,1 (917) 751-4154,,2023-09-20T07:12:07.681349,Richmond,,,,,,,,,
OCM-CAURD-2022-000479,,,,,,,,,,NY,,,,,"Blaze 420, LLC*",,,Blaze420LLC@gmail.com,,,,1 (845) 461-5905,,2023-09-20T07:12:07.681349,Mid-Hudson,,,,,,,,,
OCM-CAURD-2022-000483,,,,,,,,,,NY,,,,,"Bodega Dreams, LLC*",,,,,,,,,2023-09-20T07:12:07.681349,Queens,,,,,,,,,
OCM-CAURD-2022-000491,,,,,,,,,,NY,,,,,"Royal Blend Dispensary, LLC*",,,delau46@yahoo.com,,,,1 (914) 330-0154,,2023-09-20T07:12:07.681349,Mid-Hudson,,,,,,,,,
OCM-CAURD-2022-000504,,,,,,,,,,NY,,,,,"Green Jungle, Inc.*",,,asick@mrcannabislaw.com,,,,1 (908) 399-5947,,2023-09-20T07:12:07.681349,Queens,,,,,,,,,
OCM-CAURD-2022-000514,,,,,,,,,,NY,,,,,Joseph B. Simons*,,,simojb66@gmail.com,,,,1 (617) 292-6260,,2023-09-20T07:12:07.681349,Central NY,,,,,,,,,
OCM-CAURD-2022-000516,,,,,,,,,,NY,,,,,"Buddega NYC, LLC*",,,enoboa8121@hotmail.com,,,,1 (914) 619-1155,,2023-09-20T07:12:07.681349,Mid-Hudson,,,,,,,,,
OCM-CAURD-2022-000517,,,,,,,,,,NY,,,,,"Retail United Alliance, LLC*",,,retailunitedalliance@gmail.com,,,,1 (518) 901-9201,,2023-09-20T07:12:07.681349,Mid-Hudson,,,,,,,,,
OCM-CAURD-2022-000541,,,,,,,,,,NY,,,,,"Boxing Express, LLC*",,,rodney.carter@live.com,,,,1 (646) 221-8815,,2023-09-20T07:12:07.681349,Queens,,,,,,,,,
OCM-CAURD-2022-000544,,,,,,,,,,NY,,,,,"The Gold Source, Inc.*",,,lakishaisaac@gmail.com,,,,1 (516) 369-7415,,2023-09-20T07:12:07.681349,Long Island,,,,,,,,,
OCM-CAURD-2022-000546,,,,,,,,,,NY,,,,,APF Syndicate Corporation*,,,licensing@jamesfrm.com,,,,1 (516) 858-5887,,2023-09-20T07:12:07.681349,Manhattan,,,,,,,,,
OCM-CAURD-2022-000550,,,,,,,,,,NY,,,,,Neo Wellness LLC*,,,Anand.a811@gmail.com,,,,1 (516) 665-5105,,2023-09-20T07:12:07.681349,Long Island,,,,,,,,,
OCM-CAURD-2022-000551,,,,,,,,,,NY,,,,,Premier Earth Corp.*,,,joew@straightlineat.com,,,,1 (716) 908-4922,,2023-09-20T07:12:07.681349,Western NY,,,,,,,,,
OCM-CAURD-2022-000557,,,,,,,,,,NY,,,,,"North Country Cannabis, LLC*",,,townsend11212@gmail.com,,,,1 (518) 572-6800,,2023-09-20T07:12:07.681349,North Country,,,,,,,,,
OCM-CAURD-2022-000559,,,,,,,,,,NY,,,,,"All Safe Electric & Security, LLC*",,,ben@allsafeli.com,,,,1 (631) 872-7308,,2023-09-20T07:12:07.681349,Long Island,,,,,,,,,
OCM-CAURD-2022-000561,,,,,,,,,,NY,,,,,Clemencia E Meza*,,,hectorecheverri75@gmail.com,,,,1 (347) 607-4873,,2023-09-20T07:12:07.681349,Queens,,,,,,,,,
OCM-CAURD-2022-000597,,,,,,,,,,NY,,,,,"AFLI, LLC*",,,dralbi26@gmail.com,,,,1 (516) 804-0674,,2023-09-20T07:12:07.681349,Long Island,,,,,,,,,
OCM-CAURD-2022-000612,,,,,,,,,,NY,,,,,"Green Empire Wellness, LLC*",,,johntaeha@gmail.com,,,,1 (917) 514-9116,,2023-09-20T07:12:07.681349,Richmond,,,,,,,,,
OCM-CAURD-2022-000639,,,,,,,,,,NY,,,,,"Kintech Heating and Cooling, Inc.*",,,kintechvac@gmail.com,,,,1 (631) 496-6646,,2023-09-20T07:12:07.681349,Long Island,,,,,,,,,
OCM-CAURD-2022-000652,,,,,,,,,,NY,,,,,Freshly Baked NYC,,,inquiries@freshlybaked.nyc,,,,1 (415) 691-7696,,2023-09-20T07:12:07.681349,Bronx,,,,,,,,,
OCM-CAURD-2022-000657,,,,,,,,,,NY,,,,,Sean Kang*,,,nynewmetro@gmail.com,,,,1 (917) 880-4150,,2023-09-20T07:12:07.681349,Queens,,,,,,,,,
OCM-CAURD-2022-000666,,,,,,,,,,NY,,,,,"BlazinUp, LLC*",,,miguelbernardphp@gmail.com,,,,1 (917) 523-0246,,2023-09-20T07:12:07.681349,Manhattan,,,,,,,,,
OCM-CAURD-2022-000667,,,,,,,,,,NY,,,,,"Smelly Nelly, LLC*",,,SmellyNellyLLC@gmail.com,,,,1 (917) 691-3349,,2023-09-20T07:12:07.681349,Manhattan,,,,,,,,,
OCM-CAURD-2022-000671,,,,,,,,,,NY,,,,,Holy Buds Inc.*,,,holybudsny@gmail.com,,,,1 (631) 358-4722,,2023-09-20T07:12:07.681349,Long Island,,,,,,,,,
OCM-CAURD-2022-000674,,,,,,,,,,NY,,,,,"Big Dipper NY, LLC*",,,net@cbdpros.com,,,,1 (415) 240-9024,,2023-09-20T07:12:07.681349,Richmond,,,,,,,,,
OCM-CAURD-2022-000688,,,,,,,,,,NY,,,,,"WAO Industries, LLC*",,,gahrey.o@gmail.com,,,,1 (631) 241-7696,,2023-09-20T07:12:07.681349,Long Island,,,,,,,,,
OCM-CAURD-2022-000694,,,,,,,,,,NY,,,,,"Green Sun, Inc.*",,,asick@mrcannabislaw.com,,,,1 (908) 399-5947,,2023-09-20T07:12:07.681349,Bronx,,,,,,,,,
OCM-CAURD-2022-000699,,,,,,,,,,NY,,,,,"Common Courtesy Dispensary,
LLC*",,,tankmorfaw@gmail.com,,,,1 (646) 696-8875,,2023-09-20T07:12:07.681349,Bronx,,,,,,,,,
OCM-CAURD-2022-000703,,,,,,,,,,NY,,,,,"420 NY, LLC*",,,Randyalbert420@gmail.com,,,,1 (718) 902-3767,,2023-09-20T07:12:07.681349,Bronx,,,,,,,,,
OCM-CAURD-2022-000733,,,,,,,,,,NY,,,,,"Boom Factory, LLC*",,,info@boomfactoryny.com,,,,1 (516) 272-1512,,2023-09-20T07:12:07.681349,Queens,,,,,,,,,
OCM-CAURD-2022-000749,,,,,,,,,,NY,,,,,CJ FUEL OIL INC.*,,,cjfueloil@yahoo.com,,,,1 (631) 766-1875,,2023-09-20T07:12:07.681349,Long Island,,,,,,,,,
OCM-CAURD-2022-000760,,,,,,,,,,NY,,,,,High Peaks Canna Inc.*,,,christine@highpeakseventpro.c,,,,1 (518) 222-3202,,2023-09-20T07:12:07.681349,Capital Region,,,,,,,,,
OCM-CAURD-2022-000813,,,,,,,,,,NY,,,,,"Green Health, LLC*",,,rch@hertmanlaw.com,,,,1 (845) 551-5329,,2023-09-20T07:12:07.681349,Manhattan,,,,,,,,,
OCM-CAURD-2022-000819,,,,,,,,,,NY,,,,,"Dank Heaven, LLC*",,,markshifrin22@gmail.com,,,,1 (718) 419-2976,,2023-09-20T07:12:07.681349,Brooklyn,,,,,,,,,
OCM-CAURD-2022-000824,,,,,,,,,,NY,,,,,Emmanuel E. De Jesus*,,,mannna911@gmail.com,,,,1 (347) 759-8602,,2023-09-20T07:12:07.681349,Bronx,,,,,,,,,
OCM-CAURD-2022-000838,,,,,,,,,,NY,,,,,"Proper Prints, LLC*",,,licensing@jamesfrm.com,,,,1 (516) 858-5887,,2023-09-20T07:12:07.681349,Queens,,,,,,,,,
OCM-CAURD-2022-000842,,,,,,,,,,NY,,,,,David Hooper Jr.*,,,david87h@gmail.com,,,,1 (347) 258-7624,,2023-09-20T07:12:07.681349,Queens,,,,,,,,,
OCM-CAURD-2022-000852,,,,,,,,,,NY,,,,,"New York Tetrahydrocannabinol
Company LLC*",,,heraldbaines@gmail.com,,,,1 (646) 599-7254,,2023-09-20T07:12:07.681349,Manhattan,,,,,,,,,
OCM-CAURD-2022-000897,,,,,,,,,,NY,,,,,Cannabis Emporium Corp.*,,,Cannabisemporium22@gmail.c,,,,1 (917) 528-1173,,2023-09-20T07:12:07.681349,Bronx,,,,,,,,,
Provisionally Licensed As of 05/11/2023,,,,,,,,,,NY,,,,,,,,,,,,,,2023-09-20T07:12:07.681349,,,,,,,,,,
OCM-CAURD-2022-000029,,,,,,,,,,NY,,,,,"1106 Rebecca St. Limited Liability
Company*",,,johnguercia59@gmail.com,,,,1 (412) 390-4790,,2023-09-20T07:12:07.681349,Long Island,,,,,,,,,
OCM-CAURD-2022-000030,,,,,,,,,,NY,,,,,TJ's Cannabis Co.*,,,tjscannabisco@gmail.com,,,,1 (315) 920-8191,,2023-09-20T07:12:07.681349,Central NY,,,,,,,,,
OCM-CAURD-2022-000034,,,,,,,,,,NY,,,,,"SMMB, Inc*",,,sophiamortell@gmail.com,,,,1 (914) 406-3051,,2023-09-20T07:12:07.681349,Mid-Hudson,,,,,,,,,
OCM-CAURD-2022-000039,,,,,,,,,,NY,,,,,AFI & Associates Group LLC*,,,eduardo3284@yahoo.com,,,,1 (845) 701-6203,,2023-09-20T07:12:07.681349,Mid-Hudson,,,,,,,,,
OCM-CAURD-2022-000062,,,,,,,,,,NY,,,,,Ayleet Productions LLC*,,,bnieka@yahoo.com,,,,1 (718) 755-4713,,2023-09-20T07:12:07.681349,Brooklyn,,,,,,,,,
OCM-CAURD-2022-000073,,,,,,,,,,NY,,,,,"NEW YORK'S FINEST LUXURY
CAR AND LIMOUSINE SERVICE
LLC*",,,RSFNYS@gmail.com,,,,1 (347) 514-3767,,2023-09-20T07:12:07.681349,Western NY,,,,,,,,,
OCM-CAURD-2022-000077,,,,,,,,,,NY,,,,,"Hannabis, Inc. *",,,jim@hannabisnyc.com,,,,1 (631) 806-9867,,2023-09-20T07:12:07.681349,Brooklyn,,,,,,,,,
OCM-CAURD-2022-000092,,,,,,,,,,NY,,,,,Fix my phone*,,,Omarnisimov@gmail.com,,,,1 (646) 417-4623,,2023-09-20T07:12:07.681349,Brooklyn,,,,,,,,,
OCM-CAURD-2022-000106,,,,,,,,,,NY,,,,,Loudpack Exotics LLC*,,,"lmonforte@olearylawoffices.co
m",,,,1 (315) 882-4523,,2023-09-20T07:12:07.681349,Central NY,,,,,,,,,
OCM-CAURD-2022-000143,,,,,,,,,,NY,,,,,Poughkeepsie Shops LLC*,,,licensing@jamesfrm.com,,,,1 (516) 858-5887,,2023-09-20T07:12:07.681349,Mid-Hudson,,,,,,,,,
OCM-CAURD-2022-000169,,,,,,,,,,NY,,,,,Syracuse Halal Guys Inc*,,,syracusehalalgyro@gmail.com,,,,1 (718) 795-3899,,2023-09-20T07:12:07.681349,Central NY,,,,,,,,,
OCM-CAURD-2022-000176,,,,,,,,,,NY,,,,,RMAN Holdings LLC*,,,ekleydman@gmail.com,,,,1 (347) 224-9900,,2023-09-20T07:12:07.681349,Brooklyn,,,,,,,,,
OCM-CAURD-2022-000192,,,,,,,,,,NY,,,,,Coronado LLC*,,,CoronadoCorp@yahoo.com,,,,1 (716) 392-0589,,2023-09-20T07:12:07.681349,Western NY,,,,,,,,,
OCM-CAURD-2022-000226,,,,,,,,,,NY,,,,,Hassan Holder*,,,Hassan.holder@yahoo.com,,,,1 (347) 741-5661,,2023-09-20T07:12:07.681349,Brooklyn,,,,,,,,,
OCM-CAURD-2022-000231,,,,,,,,,,NY,,,,,Gaia Earth LLC*,,,rlara982@gmail.com,,,,1 (347) 280-1370,,2023-09-20T07:12:07.681349,Brooklyn,,,,,,,,,
OCM-CAURD-2022-000235,,,,,,,,,,NY,,,,,BHOLECBD INC*,,,rsklawjz@frontiernet.net,,,,1 (845) 343-5111,,2023-09-20T07:12:07.681349,Mid-Hudson,,,,,,,,,
OCM-CAURD-2022-000244,,,,,,,,,,NY,,,,,Joel M Alvarez I*,,,joelalvarez718@gmail.com,,,,1 (646) 371-2167,,2023-09-20T07:12:07.681349,Brooklyn,,,,,,,,,
OCM-CAURD-2022-000247,,,,,,,,,,NY,,,,,"Westchester Harvesting Company
LLC*",,,kettlecorn114@gmail.com,,,,1 (914) 661-1790,,2023-09-20T07:12:07.681349,Mid-Hudson,,,,,,,,,
OCM-CAURD-2022-000307,,,,,,,,,,NY,,,,,TEDG LLC*,,,"ChristinaDeGiovanni@gmail.co
m",,,,1 (512) 797-9660,,2023-09-20T07:12:07.681349,Brooklyn,,,,,,,,,
OCM-CAURD-2022-000338,,,,,,,,,,NY,,,,,Raven Dispensaries LLC*,,,jjeanneret1@gmail.com,,,,1 (617) 401-6998,,2023-09-20T07:12:07.681349,Central NY,,,,,,,,,
OCM-CAURD-2022-000348,,,,,,,,,,NY,,,,,BIG GAS DISPENSARY LLC*,,,Zymia24@gmail.com,,,,1 (347) 723-1304,,2023-09-20T07:12:07.681349,Mid-Hudson,,,,,,,,,
OCM-CAURD-2022-000355,,,,,,,,,,NY,,,,,The Next Chapter NY LLC*,,,"thenextchapternyllc@gmail.co
m",,,,1 (914) 329-0531,,2023-09-20T07:12:07.681349,Mid-Hudson,,,,,,,,,
OCM-CAURD-2022-000364,,,,,,,,,,NY,,,,,Devil's Lettuce LLC*,,,jim@mcgirrs.com,,,,1 (585) 576-4467,,2023-09-20T07:12:07.681349,Western NY,,,,,,,,,
OCM-CAURD-2022-000380,,,,,,,,,,NY,,,,,"ERIETREEHOUSE
CORPORATION*",,,versatilegold@live.com,,,,1 (315) 652-9560,,2023-09-20T07:12:07.681349,Western NY,,,,,,,,,
OCM-CAURD-2022-000388,,,,,,,,,,NY,,,,,SLG-DB LLC*,,,sara.gullickson@gmail.com,,,,1 (612) 965-4980,,2023-09-20T07:12:07.681349,Manhattan,,,,,,,,,
OCM-CAURD-2022-000399,,,,,,,,,,NY,,,,,GM Smoke Shop Inc. *,,,robertdegen@icloud.com,,,,1 (917) 324-2979,,2023-09-20T07:12:07.681349,Brooklyn,,,,,,,,,
OCM-CAURD-2022-000428,,,,,,,,,,NY,,,,,Leafy Wonders LLC*,,,ben@cw.legal,,,,1 (914) 967-2753,,2023-09-20T07:12:07.681349,Central NY,,,,,,,,,
OCM-CAURD-2022-000447,,,,,,,,,,NY,,,,,Jnr auto group inc*,,,Jnrautogroup@gmail.com,,,,1 (914) 230-3246,,2023-09-20T07:12:07.681349,Mid-Hudson,,,,,,,,,
OCM-CAURD-2022-000463,,,,,,,,,,NY,,,,,Justice Involved NY INC. *,,,b2p@sbcglobal.net,,,,1 (707) 980-0456,,2023-09-20T07:12:07.681349,Brooklyn,,,,,,,,,
OCM-CAURD-2022-000482,,,,,,,,,,NY,,,,,The Higher Company LLC*,,,joe@thehighercompanyllc.com,,,,1 (315) 520-8623,,2023-09-20T07:12:07.681349,Central NY,,,,,,,,,
OCM-CAURD-2022-000507,,,,,,,,,,NY,,,,,PETE'S 2 CONSTRUCTION INC*,,,yagafacey@gmail.com,,,,1 (917) 635-7020,,2023-09-20T07:12:07.681349,Brooklyn,,,,,,,,,
OCM-CAURD-2022-000512,,,,,,,,,,NY,,,,,L.O.R.D.S. LLC*,,,buddhachief.thebrand@gmail.c,,,,1 (718) 344-9671,,2023-09-20T07:12:07.681349,Manhattan,,,,,,,,,
OCM-CAURD-2022-000527,,,,,,,,,,NY,,,,,JGSCanna*,,,smith@whafh.com,,,,1 (914) 523-9623,,2023-09-20T07:12:07.681349,Mid-Hudson,,,,,,,,,
OCM-CAURD-2022-000539,,,,,,,,,,NY,,,,,QUBE USA LLC*,,,georgevlamis@icloud.com,,,,1 (845) 417-1781,,2023-09-20T07:12:07.681349,Manhattan,,,,,,,,,
OCM-CAURD-2022-000545,,,,,,,,,,NY,,,,,Canary Cannabis Co LLC*,,,rickchoi84@gmail.com,,,,1 (714) 390-0840,,2023-09-20T07:12:07.681349,Western NY,,,,,,,,,
OCM-CAURD-2022-000556,,,,,,,,,,NY,,,,,Quality Roots LLC*,,,mongepenny@yahoo.com,,,,1 (347) 236-1146,,2023-09-20T07:12:07.681349,Brooklyn,,,,,,,,,
OCM-CAURD-2022-000571,,,,,,,,,,NY,,,,,NYCSOURAPPLE LLC*,,,NYCSourApple@gmail.com,,,,1 (914) 346-7337,,2023-09-20T07:12:07.681349,Mid-Hudson,,,,,,,,,
OCM-CAURD-2022-000611,,,,,,,,,,NY,,,,,BK Exotic Outlet LLC*,,,licensing@jamesfrm.com,,,,1 (516) 858-5887,,2023-09-20T07:12:07.681349,Brooklyn,,,,,,,,,
OCM-CAURD-2022-000628,,,,,,,,,,NY,,,,,EK Green LLC*,,,matt@cantina62.com,,,,1 (716) 374-0141,,2023-09-20T07:12:07.681349,Western NY,,,,,,,,,
OCM-CAURD-2022-000683,,,,,,,,,,NY,,,,,Dank Street LLC*,,,lnkang04@aol.com,,,,1 (603) 818-1530,,2023-09-20T07:12:07.681349,Central NY,,,,,,,,,
OCM-CAURD-2022-000721,,,,,,,,,,NY,,,,,OCC WNY Ventures*,,,nick@osteriabuffalo.com,,,,1 (716) 864-6745,,2023-09-20T07:12:07.681349,Western NY,,,,,,,,,
OCM-CAURD-2022-000739,,,,,,,,,,NY,,,,,Peter Beznos I*,,,peter.solidhomes@gmail.com,,,,1 (917) 853-1760,,2023-09-20T07:12:07.681349,Brooklyn,,,,,,,,,
OCM-CAURD-2022-000765,,,,,,,,,,NY,,,,,Exotic Herbals LLC*,,,Terrencemumford@yahoo.com,,,,1 (951) 293-8452,,2023-09-20T07:12:07.681349,Brooklyn,,,,,,,,,
OCM-CAURD-2022-000768,,,,,,,,,,NY,,,,,YMRM Dispensary*,,,YMRMDISPENSARY@GMAIL.,,,,1 (212) 777-9777,,2023-09-20T07:12:07.681349,Brooklyn,,,,,,,,,
OCM-CAURD-2022-000831,,,,,,,,,,NY,,,,,"Nickel City Green, LLC*",,,nickelcitygreen@gmail.com,,,,1 (716) 352-5654,,2023-09-20T07:12:07.681349,Western NY,,,,,,,,,
OCM-CAURD-2022-000848,,,,,,,,,,NY,,,,,Nucleus Dispensary Inc. *,,,neilashmeade@gmail.com,,,,1 (914) 803-7929,,2023-09-20T07:12:07.681349,Mid-Hudson,,,,,,,,,
OCM-CAURD-2022-000894,,,,,,,,,,NY,,,,,"Empire State Gallery Holdings, LLC*",,,josegonzelz@gmail.com,,,,1 (347) 438-7148,,2023-09-20T07:12:07.681349,Western NY,,,,,,,,,
OCM-CAURD-2022-000896,,,,,,,,,,NY,,,,,Medic Grade LLC*,,,nnamdifranks@gmail.com,,,,1 (347) 265-3558,,2023-09-20T07:12:07.681349,Long Island,,,,,,,,,
Provisionally Licensed As of 6/15/2023,,,,,,,,,,NY,,,,,,,,,,,,,,2023-09-20T07:12:07.681349,,,,,,,,,,
OCMCAURD-2022-000012,,,,,,,,,,NY,,,,,MJ Dispensary*,,,maila.lowery1113@me.com,,,,1 (585) 730-0453,,2023-09-20T07:12:07.681349,Finger Lakes,,,,,,,,,
OCMCAURD-2022-000075,,,,,,,,,,NY,,,,,Grow Together LLC*,,,chrisledlum286@gmail.com,,,,1 (929) 284-8802,,2023-09-20T07:12:07.681349,Brooklyn,,,,,,,,,
OCMCAURD-2022-000124,,,,,,,,,,NY,,,,,Dennis J Fernando JR*,,,dfernando2112@gmail.com,,,,1 (845) 837-9066,,2023-09-20T07:12:07.681349,Mid-Hudson,,,,,,,,,
OCMCAURD-2022-000140,,,,,,,,,,NY,,,,,Barone Partners LLC*,,,mrfrankbarone@gmail.com,,,,1 (323) 229-2828,,2023-09-20T07:12:07.681349,Mid-Hudson,,,,,,,,,
OCMCAURD-2022-000155,,,,,,,,,,NY,,,,,William J Wheeler*,,,Wildbill7932@gmail.com,,,,1 (542) 954-2217,,2023-09-20T07:12:07.681349,Finger Lakes,,,,,,,,,
OCMCAURD-2022-000194,,,,,,,,,,NY,,,,,Mach Enterprises LLC*,,,Hiramjr@firstcapitalbiz.com,,,,1 (585) 698-9794,,2023-09-20T07:12:07.681349,Finger Lakes,,,,,,,,,
OCMCAURD-2022-000222,,,,,,,,,,NY,,,,,Dagga LLC*,,,Toddholloway407@gmail.com,,,,1 (518) 221-5392,,2023-09-20T07:12:07.681349,Manhattan,,,,,,,,,
OCMCAURD-2022-000249,,,,,,,,,,NY,,,,,James J DeWolfe*,,,james.dewolfe@verizon.net,,,,1 (718) 288-7689,,2023-09-20T07:12:07.681349,Brooklyn,,,,,,,,,
OCMCAURD-2022-000280,,,,,,,,,,NY,,,,,Valley Greens LTD*,,,stephen@allsportsinternational.,,,,1 (914) 413-9794,,2023-09-20T07:12:07.681349,Mid-Hudson,,,,,,,,,
OCMCAURD-2022-000284,,,,,,,,,,NY,,,,,Rodney Haymes*,,,rodney@resultsmarketingcaree,,,,1 (315) 256-5318,,2023-09-20T07:12:07.681349,Central NY,,,,,,,,,
OCMCAURD-2022-000303,,,,,,,,,,NY,,,,,Fireleaf LLC*,,,vaughnmayers@gmail.com,,,,1 (347) 245-1119,,2023-09-20T07:12:07.681349,Brooklyn,,,,,,,,,
OCMCAURD-2022-000366,,,,,,,,,,NY,,,,,Scott M General*,,,Scott.general@yahoo.com,,,,1 (585) 303-5704,,2023-09-20T07:12:07.681349,Finger Lakes,,,,,,,,,
OCMCAURD-2022-000369,,,,,,,,,,NY,,,,,Orange County Cannabis LLC*,,,Covenanturbanventures@gmai,,,,1 (845) 239-4842,,2023-09-20T07:12:07.681349,Mid-Hudson,,,,,,,,,
OCMCAURD-2022-000373,,,,,,,,,,NY,,,,,"Bourne Const & Prog Management*
LLC",,,tyronne.bourne@gmail.com,,,,1 (347) 225-1866,,2023-09-20T07:12:07.681349,Brooklyn,,,,,,,,,
OCMCAURD-2022-000394,,,,,,,,,,NY,,,,,EFTC Holding LLC*,,,alex.pia@gmail.com,,,,1 (845) 537-0811,,2023-09-20T07:12:07.681349,Mid-Hudson,,,,,,,,,
OCMCAURD-2022-000408,,,,,,,,,,NY,,,,,Major's Emporium Holdings LLC*,,,professordutcher@gmail.com,,,,1 (845) 532-8438,,2023-09-20T07:12:07.681349,Mid-Hudson,,,,,,,,,
OCMCAURD-2022-000477,,,,,,,,,,NY,,,,,Mello Tymes LLC*,,,roger@mellotymes.com,,,,1 (917) 809-0420,,2023-09-20T07:12:07.681349,Bronx,,,,,,,,,
OCMCAURD-2022-000478,,,,,,,,,,NY,,,,,Excelsior Dispensary LLC*,,,jwebski@sweetspotfarms.com,,,,1 (203) 667-7787,,2023-09-20T07:12:07.681349,Mid-Hudson,,,,,,,,,
OCMCAURD-2022-000481,,,,,,,,,,NY,,,,,Jaylin M Smith*,,,tooheytim@gmail.com,,,,1 (716) 913-5293,,2023-09-20T07:12:07.681349,Western NY,,,,,,,,,
OCMCAURD-2022-000487,,,,,,,,,,NY,,,,,New York Dispensary LLC*,,,jwebski@sweetspotfarms.com,,,,1 (203) 667-7787,,2023-09-20T07:12:07.681349,Western NY,,,,,,,,,
OCMCAURD-2022-000566,,,,,,,,,,NY,,,,,Vibe Natural LLC*,,,Jonathan.e.lopez827@gmail.co,,,,1 (845) 764-0214,,2023-09-20T07:12:07.681349,Mid-Hudson,,,,,,,,,
OCMCAURD-2022-000567,,,,,,,,,,NY,,,,,"High Points of the Finger Lakes
LLC*",,,erika@schuplaw.com,,,,1 (585) 394-0570,,2023-09-20T07:12:07.681349,Finger Lakes,,,,,,,,,
OCMCAURD-2022-000574,,,,,,,,,,NY,,,,,Tiki Leaves LLC*,,,andreyesq@gmail.com,,,,1 (646) 644-4414,,2023-09-20T07:12:07.681349,Brooklyn,,,,,,,,,
OCMCAURD-2022-000588,,,,,,,,,,NY,,,,,4 Jays LLC*,,,jumpshot131@gmail.com,,,,1 (917) 943-2325,,2023-09-20T07:12:07.681349,Mid-Hudson,,,,,,,,,
OCMCAURD-2022-000600,,,,,,,,,,NY,,,,,Conceptual Holdings LLC*,,,KevinMwindham@gmail.com,,,,1 (424) 333-1378,,2023-09-20T07:12:07.681349,Brooklyn,,,,,,,,,
OCMCAURD-2022-000613,,,,,,,,,,NY,,,,,Leafy Green INC*,,,leafyproctor@gmail.com,,,,1 (929) 255-2401,,2023-09-20T07:12:07.681349,Queens,,,,,,,,,
OCMCAURD-2022-000679,,,,,,,,,,NY,,,,,Faddy's LLC*,,,doug@goftx.com,,,,1 (845) 807-7006,,2023-09-20T07:12:07.681349,Mid-Hudson,,,,,,,,,
OCMCAURD-2022-000690,,,,,,,,,,NY,,,,,Canna Life LLC*,,,trentlives@gmail.com,,,,1 (617) 304-5246,,2023-09-20T07:12:07.681349,Finger Lakes,,,,,,,,,
OCMCAURD-2022-000715,,,,,,,,,,NY,,,,,Gotham Cannabis Corp. *,,,"melindanycannabis@gmail.co
m",,,,1 (570) 419-5344,,2023-09-20T07:12:07.681349,Central NY,,,,,,,,,
OCMCAURD-2022-000754,,,,,,,,,,NY,,,,,Northfield Consulting LLC*,,,Northfieldconsultingllc@gmail.c,,,,1 (585) 303-4373,,2023-09-20T07:12:07.681349,Finger Lakes,,,,,,,,,
OCMCAURD-2022-000772,,,,,,,,,,NY,,,,,APA Dispensary*,,,APAdispensary@gmail.com,,,,1 (718) 509-5114,,2023-09-20T07:12:07.681349,Manhattan,,,,,,,,,
OCMCAURD-2022-000826,,,,,,,,,,NY,,,,,Dres Pot Shop LLC*,,,cwatkins@societygroup.co,,,,1 (212) 365-0380,,2023-09-20T07:12:07.681349,Brooklyn,,,,,,,,,
OCMCAURD-2022-000829,,,,,,,,,,NY,,,,,URBAN CLOUDS LLC*,,,"BONITAMONEY@YAHOO.CO
M",,,,1 (808) 356-9716,,2023-09-20T07:12:07.681349,Queens,,,,,,,,,
OCMCAURD-2022-000860,,,,,,,,,,NY,,,,,SAMUEL HERNANDEZ*,,,"SAMUELH1113@HOTMAIL.C
OM",,,,1 (718) 795-6974,,2023-09-20T07:12:07.681349,Bronx,,,,,,,,,
OCMCAURD-2022-000867,,,,,,,,,,NY,,,,,"All NYC Wireless, LLC*",,,rgallimore103@gmail.com,,,,1 (678) 769-0202,,2023-09-20T07:12:07.681349,Queens,,,,,,,,,
OCMCAURD-2022-000892,,,,,,,,,,NY,,,,,DOMINICA62 RETAIL LICENSE*,,,danielboland1962@gmail.com,,,,1 (929) 276-8266,,2023-09-20T07:12:07.681349,Queens,,,,,,,,,
Provisionally Licensed As of 7/19/2023,,,,,,,,,,NY,,,,,,,,,,,,,,2023-09-20T07:12:07.681349,,,,,,,,,,
OCMCAURD-2022-000001,,,,,,,,,,NY,,,,,"GreenLakesDispo, LLC*",,,shannonsmith_ss@yahoo.com,,,,1 (585) 230-9112,,2023-09-20T07:12:07.681349,Finger Lakes,,,,,,,,,
OCMCAURD-2022-000003,,,,,,,,,,NY,,,,,"Vladimir Bautista, LLC*",,,trbishopesq@gmail.com,,,,1 (480) 310-1005,,2023-09-20T07:12:07.681349,Manhattan,,,,,,,,,
OCMCAURD-2022-000006,,,,,,,,,,NY,,,,,Ramon Reyes LLC*,,,ramon@happymunkey.com,,,,1 (347) 863-5864,,2023-09-20T07:12:07.681349,Brooklyn,,,,,,,,,
OCMCAURD-2022-000007,,,,,,,,,,NY,,,,,Nuna Harvest LLC*,,,"Esperanza.Segarra@gmail.co
m",,,,1 (305) 794-0816,,2023-09-20T07:12:07.681349,Mid-Hudson,,,,,,,,,
OCMCAURD-2022-000008,,,,,,,,,,NY,,,,,Capri Holdings 2 LLC*,,,carl.tirella@gmail.com,,,,1 (914) 715-0364,,2023-09-20T07:12:07.681349,Mid-Hudson,,,,,,,,,
OCMCAURD-2022-000010,,,,,,,,,,NY,,,,,David Carl Musumeci*,,,david@musumeci.org,,,,1 (315) 576-8389,,2023-09-20T07:12:07.681349,Central NY,,,,,,,,,
OCMCAURD-2022-000014,,,,,,,,,,NY,,,,,"GOOD VIBES NY, INC. *",,,"ADRIAN_FERNANDEZZ@ICL
OUD.COM",,,,1 (212) 470-6564,,2023-09-20T07:12:07.681349,Bronx,,,,,,,,,
OCMCAURD-2022-000019,,,,,,,,,,NY,,,,,Kush & Kicks Dispensary LLC*,,,leonardanthonybk@gmail.com,,,,1 (347) 288-0930,,2023-09-20T07:12:07.681349,Brooklyn,,,,,,,,,
OCMCAURD-2022-000022,,,,,,,,,,NY,,,,,Brooklyn Organic Buds LLC*,,,brooklynorganicbuds@gmail.co,,,,1 (631) 506-5733,,2023-09-20T07:12:07.681349,Brooklyn,,,,,,,,,
OCMCAURD-2022-000024,,,,,,,,,,NY,,,,,"Simply Green Natural Lifestyle
Remedies LLC*",,,simplygreenny@gmail.com,,,,1 (516) 413-1122,,2023-09-20T07:12:07.681349,Long Island,,,,,,,,,
OCMCAURD-2022-000028,,,,,,,,,,NY,,,,,Brownies Dispensary LLC*,,,browniesbrnd@gmail.com,,,,1 (518) 961-5478,,2023-09-20T07:12:07.681349,Capital Region,,,,,,,,,
OCMCAURD-2022-000031,,,,,,,,,,NY,,,,,Juniper NY LLC*,,,maxim@mary.solutions,,,,1 (718) 866-7345,,2023-09-20T07:12:07.681349,Manhattan,,,,,,,,,
OCMCAURD-2022-000033,,,,,,,,,,NY,,,,,"DLD DH, Inc*",,,dehran@devilsharvestny.com,,,,1 (917) 567-8139,,2023-09-20T07:12:07.681349,Brooklyn,,,,,,,,,
OCMCAURD-2022-000036,,,,,,,,,,NY,,,,,716 Cannabis*,,,716Cannabisllc@gmail.com,,,,1 (716) 997-2752,,2023-09-20T07:12:07.681349,Western NY,,,,,,,,,
OCMCAURD-2022-000041,,,,,,,,,,NY,,,,,Leafy NYC Corp. *,,,Stan.Michaels@att.net,,,,1 (516) 777-0107,,2023-09-20T07:12:07.681349,Manhattan,,,,,,,,,
OCMCAURD-2022-000043,,,,,,,,,,NY,,,,,NY Flos LLC*,,,CMcBain@GetFlos.com,,,,1 (914) 830-9945,,2023-09-20T07:12:07.681349,Mid-Hudson,,,,,,,,,
OCMCAURD-2022-000046,,,,,,,,,,NY,,,,,"Green Nexus Dispensary, Inc. *",,,xjaillet@clarkhill.com,,,,1 (303) 501-5918,,2023-09-20T07:12:07.681349,Manhattan,,,,,,,,,
OCMCAURD-2022-000048,,,,,,,,,,NY,,,,,"MyElectrician518.com, LLC*",,,shane@myelectrician518.com,,,,1 (518) 376-5914,,2023-09-20T07:12:07.681349,Capital Region,,,,,,,,,
OCMCAURD-2022-000055,,,,,,,,,,NY,,,,,"Unbothered Bud, LLC*",,,fbocci68@gmail.com,,,,1 (516) 241-6967,,2023-09-20T07:12:07.681349,Mid-Hudson,,,,,,,,,
OCMCAURD-2022-000067,,,,,,,,,,NY,,,,,Rocchio Realty Inc*,,,BRYANROCCHIO@AOL.COM,,,,1 (718) 866-5739,,2023-09-20T07:12:07.681349,Brooklyn,,,,,,,,,
OCMCAURD-2022-000068,,,,,,,,,,NY,,,,,High Rise Brands LLC*,,,ben@thehighrise.co,,,,1 (917) 583-5867,,2023-09-20T07:12:07.681349,Long Island,,,,,,,,,
OCMCAURD-2022-000071,,,,,,,,,,NY,,,,,Denis Murphy*,,,denisgmurphy@hotmail.com,,,,1 (631) 521-1105,,2023-09-20T07:12:07.681349,Long Island,,,,,,,,,
OCMCAURD-2022-000072,,,,,,,,,,NY,,,,,3 - 5 HOLDINGS LLC*,,,torocontact@gmail.com,,,,1 (607) 275-7806,,2023-09-20T07:12:07.681349,Southern Tier,,,,,,,,,
OCMCAURD-2022-000076,,,,,,,,,,NY,,,,,CBD 420 LLC*,,,Bigartsiny@gmail.com,,,,1 (718) 500-5339,,2023-09-20T07:12:07.681349,Richmond,,,,,,,,,
OCMCAURD-2022-000079,,,,,,,,,,NY,,,,,Nysnoozed limited liability company*,,,rubenrangini@yahoo.com,,,,1 (347) 223-7446,,2023-09-20T07:12:07.681349,Queens,,,,,,,,,
OCMCAURD-2022-000086,,,,,,,,,,NY,,,,,Brownies LLC*,,,geoff@cannabuff.com,,,,1 (585) 506-6181,,2023-09-20T07:12:07.681349,Western NY,,,,,,,,,
OCMCAURD-2022-000089,,,,,,,,,,NY,,,,,R&R Remedies LLC*,,,ronaldshen@aol.com,,,,1 (646) 533-5355,,2023-09-20T07:12:07.681349,Brooklyn,,,,,,,,,
OCMCAURD-2022-000090,,,,,,,,,,NY,,,,,TAOZEN LLC*,,,erbquest@gmail.com,,,,1 (917) 819-9304,,2023-09-20T07:12:07.681349,Brooklyn,,,,,,,,,
OCMCAURD-2022-000107,,,,,,,,,,NY,,,,,GG Collective LLC*,,,GINOFINANCE@GMAIL.COM,,,,1 (516) 557-1874,,2023-09-20T07:12:07.681349,Queens,,,,,,,,,
OCMCAURD-2022-000110,,,,,,,,,,NY,,,,,DAD DISTRIBUTORS LLC*,,,dtree249@icloud.com,,,,1 (347) 979-5084,,2023-09-20T07:12:07.681349,Richmond,,,,,,,,,
OCMCAURD-2022-000111,,,,,,,,,,NY,,,,,ALKALIFE LLC*,,,vpezz88@gmail.com,,,,1 (808) 590-9487,,2023-09-20T07:12:07.681349,Queens,,,,,,,,,
OCMCAURD-2022-000112,,,,,,,,,,NY,,,,,Robert L. Grannis*,,,robbiesproduce@yahoo.com,,,,1 (607) 624-0477,,2023-09-20T07:12:07.681349,Southern Tier,,,,,,,,,
OCMCAURD-2022-000117,,,,,,,,,,NY,,,,,David L Sutherland*,,,cutmastertrini@yahoo.com,,,,1 (347) 982-3064,,2023-09-20T07:12:07.681349,Richmond,,,,,,,,,
OCMCAURD-2022-000118,,,,,,,,,,NY,,,,,Wyzeguyz LLC*,,,wyzeguys98@gmail.com,,,,1 (267) 441-2923,,2023-09-20T07:12:07.681349,Brooklyn,,,,,,,,,
OCMCAURD-2022-000122,,,,,,,,,,NY,,,,,L.A.R.C. MANAGEMENT LLC*,,,jl@larcmgmt.com,,,,1 (631) 807-6378,,2023-09-20T07:12:07.681349,Long Island,,,,,,,,,
OCMCAURD-2022-000125,,,,,,,,,,NY,,,,,Savo Group Inc*,,,andresavocchi@gmail.com,,,,1 (718) 541-9810,,2023-09-20T07:12:07.681349,Queens,,,,,,,,,
OCMCAURD-2022-000126,,,,,,,,,,NY,,,,,"McPhee's Smoke Shop & More
LLC*",,,emilyhannahbear@gmail.com,,,,1 (518) 742-9951,,2023-09-20T07:12:07.681349,Capital Region,,,,,,,,,
OCMCAURD-2022-000127,,,,,,,,,,NY,,,,,NIYAWILL LLC*,,,mark@thewagonerfirm.com,,,,1 (518) 400-0955,,2023-09-20T07:12:07.681349,Mohawk Valley,,,,,,,,,
OCMCAURD-2022-000130,,,,,,,,,,NY,,,,,The Cable Guys Inc. *,,,jerry@thecableguysinc.com,,,,1 (718) 605-6929,,2023-09-20T07:12:07.681349,Richmond,,,,,,,,,
OCMCAURD-2022-000132,,,,,,,,,,NY,,,,,"Weed Growers From Seed To Stone
LLC*",,,mataleeannla@yahoo.com,,,,1 (718) 210-8779,,2023-09-20T07:12:07.681349,Brooklyn,,,,,,,,,
OCMCAURD-2022-000136,,,,,,,,,,NY,,,,,LEPIS CANNABIS LLC*,,,kotlyar11235@gmail.com,,,,1 (212) 729-7574,,2023-09-20T07:12:07.681349,Brooklyn,,,,,,,,,
OCMCAURD-2022-000137,,,,,,,,,,NY,,,,,KGDM ENTERPRISE LLC*,,,michelecole@optonline.net,,,,1 (516) 851-2611,,2023-09-20T07:12:07.681349,Long Island,,,,,,,,,
OCMCAURD-2022-000138,,,,,,,,,,NY,,,,,"MedaBlue, LLC*",,,licensing@jamesfrm.com,,,,1 (516) 858-5887,,2023-09-20T07:12:07.681349,Manhattan,,,,,,,,,
OCMCAURD-2022-000139,,,,,,,,,,NY,,,,,All Wellness Inc*,,,gquigua@gmail.com,,,,1 (929) 478-9414,,2023-09-20T07:12:07.681349,Manhattan,,,,,,,,,
OCMCAURD-2022-000141,,,,,,,,,,NY,,,,,Sparkboro Inc*,,,SparkboroInc@gmail.com,,,,1 (845) 222-9151,,2023-09-20T07:12:07.681349,Manhattan,,,,,,,,,
OCMCAURD-2022-000147,,,,,,,,,,NY,,,,,Troy A Benson*,,,tedhillpestcontrol@gmail.com,,,,1 (845) 654-0101,,2023-09-20T07:12:07.681349,Mid-Hudson,,,,,,,,,
OCMCAURD-2022-000148,,,,,,,,,,NY,,,,,NYS CANNABIS PARTNERS INC. *,,,charles.tavarez@gmail.com,,,,1( 347)804-2552,,2023-09-20T07:12:07.681349,Brooklyn,,,,,,,,,
OCMCAURD-2022-000151,,,,,,,,,,NY,,,,,Rodge Archer*,,,daphneborowski@gmail.com,,,,1 (646) 554-0438,,2023-09-20T07:12:07.681349,Bronx,,,,,,,,,
OCMCAURD-2022-000152,,,,,,,,,,NY,,,,,MADWIZ LLC*,,,cameronpierre5@gmail.com,,,,1 (718) 924-7081,,2023-09-20T07:12:07.681349,Brooklyn,,,,,,,,,
OCMCAURD-2022-000156,,,,,,,,,,NY,,,,,"ARE WE GOOD ENTERPRISES
INC. *",,,joetigano1st@outlook.com,,,,1 (631) 522-5036,,2023-09-20T07:12:07.681349,Brooklyn,,,,,,,,,
OCMCAURD-2022-000159,,,,,,,,,,NY,,,,,John A White*,,,"ja@a1entertainmentevents.co
m",,,,1 (516) 314-0044,,2023-09-20T07:12:07.681349,Brooklyn,,,,,,,,,
OCMCAURD-2022-000160,,,,,,,,,,NY,,,,,A Little Place to Relax LLC*,,,robanz038@gmail.com,,,,1 (518) 331-4774,,2023-09-20T07:12:07.681349,Manhattan,,,,,,,,,
OCMCAURD-2022-000163,,,,,,,,,,NY,,,,,bzd enterprises llc*,,,leo@shalit-law.com,,,,1 (646) 957-0009,,2023-09-20T07:12:07.681349,Brooklyn,,,,,,,,,
OCMCAURD-2022-000166,,,,,,,,,,NY,,,,,Sean of all trades LLC*,,,tradesmansean@gmail.com,,,,1 (516) 416-9775,,2023-09-20T07:12:07.681349,Capital Region,,,,,,,,,
OCMCAURD-2022-000167,,,,,,,,,,NY,,,,,TRADER LI CAPITAL LLC*,,,chrisli1217@gmail.com,,,,1 (929) 373-6283,,2023-09-20T07:12:07.681349,Queens,,,,,,,,,
OCMCAURD-2022-000168,,,,,,,,,,NY,,,,,"Astro Management, Inc. *",,,jillian@astroincnyc.com,,,,1 (917) 701-3114,,2023-09-20T07:12:07.681349,Brooklyn,,,,,,,,,
OCMCAURD-2022-000177,,,,,,,,,,NY,,,,,Green Culture LLC*,,,Skurland340@gmail.com,,,,1 (917) 294-8552,,2023-09-20T07:12:07.681349,Long Island,,,,,,,,,
OCMCAURD-2022-000179,,,,,,,,,,NY,,,,,WesCare Transportation LLC*,,,wes.care@mail.com,,,,1 (716) 479-0210,,2023-09-20T07:12:07.681349,Western NY,,,,,,,,,
OCMCAURD-2022-000180,,,,,,,,,,NY,,,,,Elise Pelka*,,,Heatmakersny@gmail.com,,,,1 (914) 471-7704,,2023-09-20T07:12:07.681349,Queens,,,,,,,,,
OCMCAURD-2022-000186,,,,,,,,,,NY,,,,,Empire Flower Inc. *,,,j.elliott@dlxagncy.com,,,,1 (845) 233-0990,,2023-09-20T07:12:07.681349,Brooklyn,,,,,,,,,
OCMCAURD-2022-000190,,,,,,,,,,NY,,,,,Daniel S Dennis*,,,dangolden38@outlook.com,,,,1 (315) 224-7095,,2023-09-20T07:12:07.681349,Finger Lakes,,,,,,,,,
OCMCAURD-2022-000193,,,,,,,,,,NY,,,,,BEAST COAST GROUP LLC*,,,beastcoastgroup@gmail.com,,,,1 (516) 444-0947,,2023-09-20T07:12:07.681349,Queens,,,,,,,,,
OCMCAURD-2022-000198,,,,,,,,,,NY,,,,,"Ifill & Associates, LLC*",,,info@inainvestigations.com,,,,1 (917) 385-1876,,2023-09-20T07:12:07.681349,Brooklyn,,,,,,,,,
OCMCAURD-2022-000199,,,,,,,,,,NY,,,,,EXCITE UNLIMITED LLC*,,,CEO@exciteunlimited.com,,,,1 (646) 532-7800,,2023-09-20T07:12:07.681349,Manhattan,,,,,,,,,
OCMCAURD-2022-000204,,,,,,,,,,NY,,,,,Candice LoPizzo*,,,candice@brook-islandfuel.com,,,,1 (917) 292-0233,,2023-09-20T07:12:07.681349,Manhattan,,,,,,,,,
OCMCAURD-2022-000213,,,,,,,,,,NY,,,,,NODAYSOFF CANNABIS*,,,gab@gbnylaw.com,,,,1 (631) 743-9900,,2023-09-20T07:12:07.681349,Long Island,,,,,,,,,
OCMCAURD-2022-000218,,,,,,,,,,NY,,,,,Athenian Royalty Group LLC*,,,"mireille@athenianroyaltygroup.
com",,,,1 (347) 736-3918,,2023-09-20T07:12:07.681349,Queens,,,,,,,,,
OCMCAURD-2022-000224,,,,,,,,,,NY,,,,,"WhiteboxTHC, LLC*",,,wei@mrtalaw.com,,,,1 (646) 263-7890,,2023-09-20T07:12:07.681349,Manhattan,,,,,,,,,
OCMCAURD-2022-000228,,,,,,,,,,NY,,,,,K&T Express Inc*,,,rmrojan@aol.com,,,,1 (347) 343-0050,,2023-09-20T07:12:07.681349,Long Island,,,,,,,,,
OCMCAURD-2022-000232,,,,,,,,,,NY,,,,,7 Point Dispensary INC. *,,,crchristyr9@gmail.com,,,,1 (518) 965-1554,,2023-09-20T07:12:07.681349,Capital Region,,,,,,,,,
OCMCAURD-2022-000233,,,,,,,,,,NY,,,,,Vincent Chan*,,,vinnyestate@gmail.com,,,,1 (646) 752-2787,,2023-09-20T07:12:07.681349,Manhattan,,,,,,,,,
OCMCAURD-2022-000242,,,,,,,,,,NY,,,,,"Concrete Construction Consulting
LLC*",,,jrobinson54@optimum.net,,,,1 (631) 298-4474,,2023-09-20T07:12:07.681349,Long Island,,,,,,,,,
OCMCAURD-2022-000250,,,,,,,,,,NY,,,,,Coastal Green LLC*,,,coastalgreencorp@gmail.com,,,,1 (631) 294-1063,,2023-09-20T07:12:07.681349,Long Island,,,,,,,,,
OCMCAURD-2022-000252,,,,,,,,,,NY,,,,,J & H Canna Industries Inc*,,,MindAndBodyCanna@gmail.co,,,,1 (631) 484-8350,,2023-09-20T07:12:07.681349,Long Island,,,,,,,,,
OCMCAURD-2022-000263,,,,,,,,,,NY,,,,,"Robinson’s Cannabis Flowers, LLC.
*",,,mleonardo@hinmanstraub.com,,,,1 (518) 436-0751,,2023-09-20T07:12:07.681349,Capital Region,,,,,,,,,
OCMCAURD-2022-000264,,,,,,,,,,NY,,,,,EGRH LLC. *,,,eglickman@msn.com,,,,1 (561) 358-8058,,2023-09-20T07:12:07.681349,Capital Region,,,,,,,,,
OCMCAURD-2022-000267,,,,,,,,,,NY,,,,,"Budega NYC, Inc. *",,,alex@budega.nyc,,,,1 (917) 697-2667,,2023-09-20T07:12:07.681349,Brooklyn,,,,,,,,,
OCMCAURD-2022-000268,,,,,,,,,,NY,,,,,Uplift royal LLC*,,,omar.cabrera20@gmail.com,,,,1 (646) 941-9111,,2023-09-20T07:12:07.681349,Manhattan,,,,,,,,,
OCMCAURD-2022-000270,,,,,,,,,,NY,,,,,Risk Takerz LLC*,,,Bikelifesports@gmail.com,,,,1 (212) 390-0290,,2023-09-20T07:12:07.681349,Manhattan,,,,,,,,,
OCMCAURD-2022-000275,,,,,,,,,,NY,,,,,"Dynasty Commodities, Inc. *",,,"jahkaya.tellezpugh4@gmail.co
m",,,,1 (646) 994-5064,,2023-09-20T07:12:07.681349,Manhattan,,,,,,,,,
OCMCAURD-2022-000276,,,,,,,,,,NY,,,,,Puro vita enterprises inc. *,,,spcorp111@aol.com,,,,1 (305) 336-6546,,2023-09-20T07:12:07.681349,Brooklyn,,,,,,,,,
OCMCAURD-2022-000282,,,,,,,,,,NY,,,,,ov enterprises llc*,,,mkamornik@gmail.com,,,,1 (646) 642-3623,,2023-09-20T07:12:07.681349,Brooklyn,,,,,,,,,
OCMCAURD-2022-000286,,,,,,,,,,NY,,,,,Celes Walters*,,,celes.walters@yahoo.com,,,,1 (347) 563-2770,,2023-09-20T07:12:07.681349,Brooklyn,,,,,,,,,
OCMCAURD-2022-000287,,,,,,,,,,NY,,,,,Seven Forty Eight LLC*,,,drebbin2001@yahoo.com,,,,1 (516) 593-1358,,2023-09-20T07:12:07.681349,Manhattan,,,,,,,,,
OCMCAURD-2022-000290,,,,,,,,,,NY,,,,,Strong Island Chronic LLC*,,,drewpetrone19@gmail.com,,,,1 (516) 272-6801,,2023-09-20T07:12:07.681349,Long Island,,,,,,,,,
OCMCAURD-2022-000293,,,,,,,,,,NY,,,,,The High Society Social Club LLC*,,,highsocietywestchester@gmail.,,,,1 (914) 980-9557,,2023-09-20T07:12:07.681349,Mid-Hudson,,,,,,,,,
OCMCAURD-2022-000298,,,,,,,,,,NY,,,,,E & J BTQ CORP*,,,eileencortez3702@gmail.com,,,,1 (929) 322-7342,,2023-09-20T07:12:07.681349,Manhattan,,,,,,,,,
OCMCAURD-2022-000304,,,,,,,,,,NY,,,,,KINGS RAW Property LLC*,,,lkqowner@gmail.com,,,,1 (914) 760-8614,,2023-09-20T07:12:07.681349,Mid-Hudson,,,,,,,,,
OCMCAURD-2022-000321,,,,,,,,,,NY,,,,,BIG APPLE EXOTICS LLC*,,,"BIGAPPLEEXOTIC@GMAIL.C
OM",,,,1 (347) 484-1257,,2023-09-20T07:12:07.681349,Manhattan,,,,,,,,,
OCMCAURD-2022-000324,,,,,,,,,,NY,,,,,"NSEW Trading Company, LLC*",,,Markjgorczyca@gmail.com,,,,1 (315) 222-5451,,2023-09-20T07:12:07.681349,Capital Region,,,,,,,,,
OCMCAURD-2022-000325,,,,,,,,,,NY,,,,,Cat Rock CAURD LLC*,,,CatRockCAURDLLC@gmail.co,,,,1 (347) 724-7735,,2023-09-20T07:12:07.681349,Mid-Hudson,,,,,,,,,
OCMCAURD-2022-000327,,,,,,,,,,NY,,,,,Dai Ma*,,,timmyinc@gmail.com,,,,1 (917) 982-5409,,2023-09-20T07:12:07.681349,Manhattan,,,,,,,,,
OCMCAURD-2022-000330,,,,,,,,,,NY,,,,,"Vibes of Morocco Limited Liability
Company*",,,tribesofmorocco@gmail.com,,,,1 (347) 415-3834,,2023-09-20T07:12:07.681349,Manhattan,,,,,,,,,
OCMCAURD-2022-000333,,,,,,,,,,NY,,,,,TLC Creative Solutions Inc*,,,rachel.cheung@tlccreativesolut,,,,1 (646) 469-1823,,2023-09-20T07:12:07.681349,Brooklyn,,,,,,,,,
OCMCAURD-2022-000335,,,,,,,,,,NY,,,,,SLCZ NY LLC*,,,ac.alanchiu@gmail.com,,,,1 (917) 939-0087,,2023-09-20T07:12:07.681349,Manhattan,,,,,,,,,
OCMCAURD-2022-000337,,,,,,,,,,NY,,,,,Up State Sports Cards LLC*,,,michaelgardner83@gmail.com,,,,1 (518) 879-1441,,2023-09-20T07:12:07.681349,Capital Region,,,,,,,,,
OCMCAURD-2022-000340,,,,,,,,,,NY,,,,,Kimberly L Baldwin*,,,flxbbqkim@gmail.com,,,,1 (716) 574-3679,,2023-09-20T07:12:07.681349,Finger Lakes,,,,,,,,,
OCMCAURD-2022-000344,,,,,,,,,,NY,,,,,Evexia Therapeutics LLC*,,,evexiadispensary@gmail.com,,,,1 (315) 525-2888,,2023-09-20T07:12:07.681349,Capital Region,,,,,,,,,
OCMCAURD-2022-000346,,,,,,,,,,NY,,,,,JTCC NY LLC*,,,garrett@opuscg.com,,,,1 (607) 761-9337,,2023-09-20T07:12:07.681349,Finger Lakes,,,,,,,,,
OCMCAURD-2022-000347,,,,,,,,,,NY,,,,,Garrido Enterprise Worldwide LLC*,,,hrcxnyc@gmail.com,,,,1 (917) 564-6889,,2023-09-20T07:12:07.681349,Manhattan,,,,,,,,,
OCMCAURD-2022-000353,,,,,,,,,,NY,,,,,"AFNY, LLC*",,,"sam@firstchoicediagnostic.co
m",,,,1 (516) 375-2105,,2023-09-20T07:12:07.681349,Long Island,,,,,,,,,
OCMCAURD-2022-000359,,,,,,,,,,NY,,,,,"Mojo Working, LLC*",,,ddtreelandscaping@gmail.com,,,,1(914) 447 -1993,,2023-09-20T07:12:07.681349,Mid-Hudson,,,,,,,,,
OCMCAURD-2022-000362,,,,,,,,,,NY,,,,,B.D.D. Family Distributors LLC*,,,yrandazzo@ltesq.com,,,,1 (631) 666-2500,,2023-09-20T07:12:07.681349,Long Island,,,,,,,,,
OCMCAURD-2022-000365,,,,,,,,,,NY,,,,,CJ BUSINESS VENTURES LLC*,,,christopher.whelan2018@gmail,,,,1 (201) 637-5132,,2023-09-20T07:12:07.681349,Long Island,,,,,,,,,
OCMCAURD-2022-000370,,,,,,,,,,NY,,,,,"The BonTemps Firm Retail, LLC*",,,sheldon@24nyconsulting.com,,,,1 (347) 522-5965,,2023-09-20T07:12:07.681349,Western NY,,,,,,,,,
OCMCAURD-2022-000371,,,,,,,,,,NY,,,,,HPS700 NY. LLC*,,,hps700nyc@gmail.com,,,,1 (646) 715-8802,,2023-09-20T07:12:07.681349,Bronx,,,,,,,,,
OCMCAURD-2022-000379,,,,,,,,,,NY,,,,,Farmer Barney Cannabis LLC*,,,mattvotypka@gmail.com,,,,1 (585) 329-4138,,2023-09-20T07:12:07.681349,Long Island,,,,,,,,,
OCMCAURD-2022-000382,,,,,,,,,,NY,,,,,"super dank holdings, llc*",,,superdankholdings@gmail.com,,,,1 (516) 650-0370,,2023-09-20T07:12:07.681349,Long Island,,,,,,,,,
OCMCAURD-2022-000386,,,,,,,,,,NY,,,,,Stelios Zoumberakis*,,,stevezoomba54@gmail.com,,,,1 (718) 736-5182,,2023-09-20T07:12:07.681349,Queens,,,,,,,,,
OCMCAURD-2022-000389,,,,,,,,,,NY,,,,,MRC Industrial LLC*,,,cisco.cisco@hotmail.com,,,,1 (914) 230-8830,,2023-09-20T07:12:07.681349,Mid-Hudson,,,,,,,,,
OCMCAURD-2022-000391,,,,,,,,,,NY,,,,,TCMA LLC*,,,Ehrman.asher@gmail.com,,,,1 (310) 560-0156,,2023-09-20T07:12:07.681349,Manhattan,,,,,,,,,
OCMCAURD-2022-000401,,,,,,,,,,NY,,,,,SRCG LLC*,,,licensing@jamesfrm.com,,,,1 (516) 858-5887,,2023-09-20T07:12:07.681349,Long Island,,,,,,,,,
OCMCAURD-2022-000415,,,,,,,,,,NY,,,,,Swan Lake Equity LLC*,,,swanlakeequityllc@gmail.com,,,,1 (424) 212-2189,,2023-09-20T07:12:07.681349,Finger Lakes,,,,,,,,,
OCMCAURD-2022-000418,,,,,,,,,,NY,,,,,badumanagement corp. *,,,badu5000@yahoo.com,,,,1 (347) 584-9540,,2023-09-20T07:12:07.681349,Capital Region,,,,,,,,,
OCMCAURD-2022-000420,,,,,,,,,,NY,,,,,M&J Genesis Inc*,,,jwellinja@gmail.com,,,,1 (519) 390-1906,,2023-09-20T07:12:07.681349,Capital Region,,,,,,,,,
OCMCAURD-2022-000426,,,,,,,,,,NY,,,,,"Luxe Oasis, LLC*",,,wnbcafe@gmail.com,,,,1 (917) 507-4446,,2023-09-20T07:12:07.681349,Brooklyn,,,,,,,,,
OCMCAURD-2022-000434,,,,,,,,,,NY,,,,,Hybrid NYC LLC*,,,mesainy@gmail.com,,,,1 (917) 385-1867,,2023-09-20T07:12:07.681349,Brooklyn,,,,,,,,,
OCMCAURD-2022-000437,,,,,,,,,,NY,,,,,Washington Place Dispensary LLC*,,,gvremax@gmail.com,,,,1 (516) 320-4924,,2023-09-20T07:12:07.681349,Long Island,,,,,,,,,
OCMCAURD-2022-000438,,,,,,,,,,NY,,,,,"Two Buds Enterprise, Inc. *",,,howell.miller1@icloud.com,,,,1 (347) 427-7439,,2023-09-20T07:12:07.681349,Bronx,,,,,,,,,
OCMCAURD-2022-000444,,,,,,,,,,NY,,,,,"Take N Toke Herbal Healing
Solutions Inc*",,,neema.wiggins@gmail.com,,,,1 (917) 890-9724,,2023-09-20T07:12:07.681349,Manhattan,,,,,,,,,
OCMCAURD-2022-000449,,,,,,,,,,NY,,,,,TOASTREE LLC*,,,toastreellc@gmail.com,,,,1 (646) 912-1714,,2023-09-20T07:12:07.681349,Manhattan,,,,,,,,,
OCMCAURD-2022-000450,,,,,,,,,,NY,,,,,"The Hydroterra Cove, Inc*",,,john.c.concannon@gmail.com,,,,1 (347) 420-4903,,2023-09-20T07:12:07.681349,Brooklyn,,,,,,,,,
OCMCAURD-2022-000468,,,,,,,,,,NY,,,,,"Hold Up Roll Up, LLC*",,,mleonardo@hinmanstraub.com,,,,1 (518) 436-0751,,2023-09-20T07:12:07.681349,Capital Region,,,,,,,,,
OCMCAURD-2022-000470,,,,,,,,,,NY,,,,,Sky High Club LLC*,,,licensing@jamesfrm.com,,,,1 (516) 858-5887,,2023-09-20T07:12:07.681349,Bronx,,,,,,,,,
OCMCAURD-2022-000475,,,,,,,,,,NY,,,,,Authentic 212 LLC*,,,haliessa212@gmail.com,,,,1 (917) 514-1006,,2023-09-20T07:12:07.681349,Brooklyn,,,,,,,,,
OCMCAURD-2022-000476,,,,,,,,,,NY,,,,,"Apple Seed Farms, LLC*",,,jackluber@me.com,,,,1 (631) 897-0808,,2023-09-20T07:12:07.681349,Manhattan,,,,,,,,,
OCMCAURD-2022-000480,,,,,,,,,,NY,,,,,LYFE CAHRMZ INC*,,,ELIZCRUZIRBY@GMAIL.COM,,,,1 (347) 822-9533,,2023-09-20T07:12:07.681349,Manhattan,,,,,,,,,
OCMCAURD-2022-000484,,,,,,,,,,NY,,,,,"XANDER LEGACY, LLC*",,,tcrawford145@gmail.com,,,,1 (917) 254-6938,,2023-09-20T07:12:07.681349,Brooklyn,,,,,,,,,
OCMCAURD-2022-000485,,,,,,,,,,NY,,,,,"State of Mind Dispensary, LLC*",,,allday81@gmail.com,,,,1 (518) 330-9673,,2023-09-20T07:12:07.681349,Capital Region,,,,,,,,,
OCMCAURD-2022-000490,,,,,,,,,,NY,,,,,Royo Jays LLC*,,,royojaysllc@gmail.com,,,,1 (845) 282-0737,,2023-09-20T07:12:07.681349,Mid-Hudson,,,,,,,,,
OCMCAURD-2022-000494,,,,,,,,,,NY,,,,,Coastal Cultivation Association LLC*,,,zalanycca@gmail.com,,,,1 (518) 901-9201,,2023-09-20T07:12:07.681349,Capital Region,,,,,,,,,
OCMCAURD-2022-000505,,,,,,,,,,NY,,,,,Better States LLC*,,,pablovelezangel@gmail.com,,,,1 (914) 484-4103,,2023-09-20T07:12:07.681349,Brooklyn,,,,,,,,,
OCMCAURD-2022-000508,,,,,,,,,,NY,,,,,Of The Earth Canna LLC*,,,"Keston@OfTheEarthCanna.co
m",,,,1 (516) 236-4258,,2023-09-20T07:12:07.681349,Manhattan,,,,,,,,,
OCMCAURD-2022-000511,,,,,,,,,,NY,,,,,I MAG CLEANING LLC*,,,romectc@gmail.com,,,,1 (347) 869-2260,,2023-09-20T07:12:07.681349,Queens,,,,,,,,,
OCMCAURD-2022-000513,,,,,,,,,,NY,,,,,Jacob Calabria*,,,marcocaltieri@gmail.com,,,,1 (585) 802-7860,,2023-09-20T07:12:07.681349,Finger Lakes,,,,,,,,,
OCMCAURD-2022-000518,,,,,,,,,,NY,,,,,Eyal Eitan*,,,stevealexander81@gmail.com,,,,1 (646) 523-6819,,2023-09-20T07:12:07.681349,Bronx,,,,,,,,,
OCMCAURD-2022-000519,,,,,,,,,,NY,,,,,37th St. SRJS Corp. *,,,seanww2012@gmail.com,,,,1 (347) 931-6744,,2023-09-20T07:12:07.681349,Queens,,,,,,,,,
OCMCAURD-2022-000522,,,,,,,,,,NY,,,,,Havana's Paradise Garden LLC*,,,Capt.rich@yahoo.com,,,,1 (917) 559-4669,,2023-09-20T07:12:07.681349,Manhattan,,,,,,,,,
OCMCAURD-2022-000524,,,,,,,,,,NY,,,,,Central Apothecary LLC*,,,"theresa@classicshedandpatio.
com",,,,1 (518) 605-7588,,2023-09-20T07:12:07.681349,Capital Region,,,,,,,,,
OCMCAURD-2022-000525,,,,,,,,,,NY,,,,,Epic Parlay LLC*,,,epicparlay@gmail.com,,,,1 (516) 986-8499,,2023-09-20T07:12:07.681349,Brooklyn,,,,,,,,,
OCMCAURD-2022-000532,,,,,,,,,,NY,,,,,"JS Curry & Associates, LLC*",,,curryjsc@gmail.com,,,,1 (716) 553-9169,,2023-09-20T07:12:07.681349,Western NY,,,,,,,,,
OCMCAURD-2022-000536,,,,,,,,,,NY,,,,,Fraser Enterprise LLC*,,,mastermindz031@aol.com,,,,1 (929) 503-7438,,2023-09-20T07:12:07.681349,Bronx,,,,,,,,,
OCMCAURD-2022-000537,,,,,,,,,,NY,,,,,Big Bro Consulting LLC*,,,Goodmoneyceo@yahoo.com,,,,1 (518) 545-6299,,2023-09-20T07:12:07.681349,Capital Region,,,,,,,,,
OCMCAURD-2022-000549,,,,,,,,,,NY,,,,,Mizzor Collection LLC*,,,reziduenyc@gmail.com,,,,1 (347) 302-1365,,2023-09-20T07:12:07.681349,Manhattan,,,,,,,,,
OCMCAURD-2022-000560,,,,,,,,,,NY,,,,,A Cannaful Life LLC*,,,allysondobrer@gmail.com,,,,1 (718) 887-5143,,2023-09-20T07:12:07.681349,Brooklyn,,,,,,,,,
OCMCAURD-2022-000568,,,,,,,,,,NY,,,,,Suufi Cannabis Inc*,,,"Ruddyefrainsantana@gmail.co
m",,,,1 (347) 310-3679,,2023-09-20T07:12:07.681349,Manhattan,,,,,,,,,
OCMCAURD-2022-000569,,,,,,,,,,NY,,,,,Excelsior Provisions LLC*,,,masonmello@hotmail.com,,,,1 (518) 852-7015,,2023-09-20T07:12:07.681349,Capital Region,,,,,,,,,
OCMCAURD-2022-000584,,,,,,,,,,NY,,,,,Green Rush 607 LLC*,,,mmpresentsthebreedsllc@gma,,,,1 (607) 215-3749,,2023-09-20T07:12:07.681349,Southern Tier,,,,,,,,,
OCMCAURD-2022-000586,,,,,,,,,,NY,,,,,Cori Rodriguez*,,,cussincori@gmail.com,,,,1 (518) 533-8200,,2023-09-20T07:12:07.681349,Capital Region,,,,,,,,,
OCMCAURD-2022-000590,,,,,,,,,,NY,,,,,Love Bud LLP*,,,dowds333@gmail.com,,,,1 (646) 229-1256,,2023-09-20T07:12:07.681349,Manhattan,,,,,,,,,
OCMCAURD-2022-000599,,,,,,,,,,NY,,,,,420 Wonderland LLC*,,,Dchincarty@gmail.com,,,,1 (845) 764-0354,,2023-09-20T07:12:07.681349,Brooklyn,,,,,,,,,
OCMCAURD-2022-000601,,,,,,,,,,NY,,,,,Hydroman Dispensary*,,,dblair189@msn.com,,,,1 (518) 888-2596,,2023-09-20T07:12:07.681349,Capital Region,,,,,,,,,
OCMCAURD-2022-000604,,,,,,,,,,NY,,,,,LAR MEMORABILIA LLC*,,,louisangruocco@gmail.com,,,,1 (347) 343-0020,,2023-09-20T07:12:07.681349,Queens,,,,,,,,,
OCMCAURD-2022-000607,,,,,,,,,,NY,,,,,"Lucky Green Ladies NY, LLC*",,,alissa@luckygreenladies.com,,,,1 (845) 325-2874,,2023-09-20T07:12:07.681349,Mid-Hudson,,,,,,,,,
OCMCAURD-2022-000615,,,,,,,,,,NY,,,,,Gratitude Buds Dispensary LLC*,,,Angelfigueroa62@yahoo.com,,,,1 (929) 213-2717,,2023-09-20T07:12:07.681349,Mid-Hudson,,,,,,,,,
OCMCAURD-2022-000617,,,,,,,,,,NY,,,,,"718 Equity Enterprise, Inc. *",,,DANGELO.CHRISTINA@GMA,,,,1 (347) 351-8309,,2023-09-20T07:12:07.681349,Finger Lakes,,,,,,,,,
OCMCAURD-2022-000619,,,,,,,,,,NY,,,,,Platinum Leaf LLC*,,,joegiangiacomo@gmail.com,,,,1 (845) 807-8091,,2023-09-20T07:12:07.681349,Mid-Hudson,,,,,,,,,
OCMCAURD-2022-000621,,,,,,,,,,NY,,,,,CloudFather LLC*,,,FV@TheCloudFather.us,,,,1 (914) 447-8878,,2023-09-20T07:12:07.681349,Manhattan,,,,,,,,,
OCMCAURD-2022-000630,,,,,,,,,,NY,,,,,Storytellers New York*,,,timothyrfried@gmail.com,,,,1 (917) 370-2128,,2023-09-20T07:12:07.681349,Manhattan,,,,,,,,,
OCMCAURD-2022-000631,,,,,,,,,,NY,,,,,THE WEED SHOPPE INC. *,,,lennymanning@aol.com,,,,1 (718) 490-0803,,2023-09-20T07:12:07.681349,Richmond,,,,,,,,,
OCMCAURD-2022-000642,,,,,,,,,,NY,,,,,TD Fitness LLC*,,,tduffy@duffycorp.com,,,,1 (708) 606-0177,,2023-09-20T07:12:07.681349,Long Island,,,,,,,,,
OCMCAURD-2022-000646,,,,,,,,,,NY,,,,,DTCHOne LLC*,,,oldchampion@icloud.com,,,,1 (347) 967-2862,,2023-09-20T07:12:07.681349,Brooklyn,,,,,,,,,
OCMCAURD-2022-000650,,,,,,,,,,NY,,,,,"CTNYC Partners, Inc*",,,christina@bloomstoneco.com,,,,1 (347) 351-8309,,2023-09-20T07:12:07.681349,Brooklyn,,,,,,,,,
OCMCAURD-2022-000659,,,,,,,,,,NY,,,,,"Excelsior Cannabis, Inc. *",,,kubs24@aol.com,,,,N/a,,2023-09-20T07:12:07.681349,Capital Region,,,,,,,,,
OCMCAURD-2022-000661,,,,,,,,,,NY,,,,,Bitar Assets Inc. *,,,lyssahomes1@gmail.com,,,,1 (917) 374-5769,,2023-09-20T07:12:07.681349,Queens,,,,,,,,,
OCMCAURD-2022-000662,,,,,,,,,,NY,,,,,Elevated Dreams LLC*,,,llcelevateddreams@gmail.com,,,,1 (631) 488-5128,,2023-09-20T07:12:07.681349,Brooklyn,,,,,,,,,
OCMCAURD-2022-000663,,,,,,,,,,NY,,,,,Straight From The Mata*,,,iv1670@aol.com,,,,1 (646) 509-7756,,2023-09-20T07:12:07.681349,Manhattan,,,,,,,,,
OCMCAURD-2022-000675,,,,,,,,,,NY,,,,,Five Borough Farms LLC*,,,smckenzienyc@gmail.com,,,,1 (917) 723-0908,,2023-09-20T07:12:07.681349,Brooklyn,,,,,,,,,
OCMCAURD-2022-000678,,,,,,,,,,NY,,,,,THE HIGH LEAGUE LLC*,,,kevin.b@a2kelectric.com,,,,1 (719) 536-6509,,2023-09-20T07:12:07.681349,Brooklyn,,,,,,,,,
OCMCAURD-2022-000680,,,,,,,,,,NY,,,,,Arcadia Wellness NY LTD*,,,arcadiawellnessny@gmail.com,,,,1 (845) 519-8260,,2023-09-20T07:12:07.681349,Mid-Hudson,,,,,,,,,
OCMCAURD-2022-000687,,,,,,,,,,NY,,,,,Fabers Arcade Inc*,,,cmuraco@aol.com,,,,1 (917) 723-3232,,2023-09-20T07:12:07.681349,Manhattan,,,,,,,,,
OCMCAURD-2022-000700,,,,,,,,,,NY,,,,,LATIN BUD LLC*,,,latinbud22@gmail.com,,,,1 (929) 724-4168,,2023-09-20T07:12:07.681349,Manhattan,,,,,,,,,
OCMCAURD-2022-000701,,,,,,,,,,NY,,,,,"Cannabis For The People, Inc. *",,,Dkubikian@gmail.com,,,,N/a,,2023-09-20T07:12:07.681349,Capital Region,,,,,,,,,
OCMCAURD-2022-000705,,,,,,,,,,NY,,,,,Saratoga Strange Design LLC*,,,mikedavis0922@gmail.com,,,,1 (518) 275-1897,,2023-09-20T07:12:07.681349,Capital Region,,,,,,,,,
OCMCAURD-2022-000706,,,,,,,,,,NY,,,,,No Volume Records LLC*,,,novolume1215@gmail.com,,,,1 (518) 227-3696,,2023-09-20T07:12:07.681349,Capital Region,,,,,,,,,
OCMCAURD-2022-000707,,,,,,,,,,NY,,,,,3JsUmiNDre LLC*,,,Jonahebay76@gmail.com,,,,1 (312) 848-0808,,2023-09-20T07:12:07.681349,Brooklyn,,,,,,,,,
OCMCAURD-2022-000710,,,,,,,,,,NY,,,,,Robert M Lim*,,,RobLimNY1979@gmail.com,,,,1 (516) 307-8380,,2023-09-20T07:12:07.681349,Bronx,,,,,,,,,
OCMCAURD-2022-000712,,,,,,,,,,NY,,,,,"Sensi Smoke, LLC*",,,kathlnnjackson@gmail.com,,,,1 (585) 369-6544,,2023-09-20T07:12:07.681349,Southern Tier,,,,,,,,,
OCMCAURD-2022-000713,,,,,,,,,,NY,,,,,"Harlem Grade, Inc. *",,,mgranville@hometoharlem.nyc,,,,1 (212) 316-1636,,2023-09-20T07:12:07.681349,Manhattan,,,,,,,,,
OCMCAURD-2022-000722,,,,,,,,,,NY,,,,,D'Amico Group LLC*,,,ktaylor@demarcotaylorlaw.com,,,,1 (585) 491-6950,,2023-09-20T07:12:07.681349,Finger Lakes,,,,,,,,,
OCMCAURD-2022-000725,,,,,,,,,,NY,,,,,"Nickel House Development, Inc. *",,,nicklehousedev@gmail.com,,,,1 (716) 464-0927,,2023-09-20T07:12:07.681349,Manhattan,,,,,,,,,
OCMCAURD-2022-000726,,,,,,,,,,NY,,,,,Heal the Nation Inc*,,,monroejp15@gmail.com,,,,1 (425) 312-5636,,2023-09-20T07:12:07.681349,Manhattan,,,,,,,,,
OCMCAURD-2022-000728,,,,,,,,,,NY,,,,,Frenchie Herb LLC*,,,seaniep98@gmail.com,,,,1 (518) 590-3126,,2023-09-20T07:12:07.681349,Capital Region,,,,,,,,,
OCMCAURD-2022-000740,,,,,,,,,,NY,,,,,Disco Herbatory LLC*,,,sednyc@hotmail.com,,,,1 (718) 619-7100,,2023-09-20T07:12:07.681349,Brooklyn,,,,,,,,,
OCMCAURD-2022-000751,,,,,,,,,,NY,,,,,82-J LLC*,,,jorge@vsllplaw.com,,,,1 (212) 752-8408,,2023-09-20T07:12:07.681349,Western NY,,,,,,,,,
OCMCAURD-2022-000752,,,,,,,,,,NY,,,,,Omar D Rabadi*,,,tellaride23@gmail.com,,,,1 (914) 885-4095,,2023-09-20T07:12:07.681349,Manhattan,,,,,,,,,
OCMCAURD-2022-000758,,,,,,,,,,NY,,,,,PL 221.10 LLC*,,,pl22110llc@proton.me,,,,1 (646) 709-6823,,2023-09-20T07:12:07.681349,Brooklyn,,,,,,,,,
OCMCAURD-2022-000761,,,,,,,,,,NY,,,,,Bo's Buds LLC*,,,stephencapoziello@gmail.com,,,,1 (631) 335-7972,,2023-09-20T07:12:07.681349,Long Island,,,,,,,,,
OCMCAURD-2022-000762,,,,,,,,,,NY,,,,,PL 221.55 LLC*,,,Jesseconeill@gmail.com,,,,1 (646) 438-5377,,2023-09-20T07:12:07.681349,Brooklyn,,,,,,,,,
OCMCAURD-2022-000769,,,,,,,,,,NY,,,,,Piffords*,,,cliffcmas@gmail.com,,,,1 (914) 299-3570,,2023-09-20T07:12:07.681349,Mid-Hudson,,,,,,,,,
OCMCAURD-2022-000773,,,,,,,,,,NY,,,,,All County Exotics LLC*,,,paulabreu15@gmail.com,,,,1 (917) 450-5159,,2023-09-20T07:12:07.681349,Manhattan,,,,,,,,,
OCMCAURD-2022-000775,,,,,,,,,,NY,,,,,Jonathan Berridge*,,,J.berridge9243@gmail.com,,,,1 (914) 837-1755,,2023-09-20T07:12:07.681349,Mid-Hudson,,,,,,,,,
OCMCAURD-2022-000776,,,,,,,,,,NY,,,,,"Fire Exotics, LLC*",,,firexoticsllc@gmail.com,,,,1 (716) 418-2109,,2023-09-20T07:12:07.681349,Western NY,,,,,,,,,
OCMCAURD-2022-000777,,,,,,,,,,NY,,,,,"DeMarino's, LLC*",,,mishiyev23@gmail.com,,,,1 (813) 810-7475,,2023-09-20T07:12:07.681349,Western NY,,,,,,,,,
OCMCAURD-2022-000781,,,,,,,,,,NY,,,,,"DJF Unlimited, LLC*",,,dianemhowardd@yahoo.com,,,,1 (312) 446-9339,,2023-09-20T07:12:07.681349,Long Island,,,,,,,,,
OCMCAURD-2022-000792,,,,,,,,,,NY,,,,,Joseph A. Smith*,,,HEIDYPALMER@GMAIL.COM,,,,1 (646) 323-9735,,2023-09-20T07:12:07.681349,Manhattan,,,,,,,,,
OCMCAURD-2022-000801,,,,,,,,,,NY,,,,,Weedish LLC*,,,NicoleMLucien@gmail.com,,,,1 (347) 420-0838,,2023-09-20T07:12:07.681349,Manhattan,,,,,,,,,
OCMCAURD-2022-000802,,,,,,,,,,NY,,,,,SONZ OF CANNABIS LLC*,,,terrencemumford@yahoo.com,,,,1 (951) 293-8452,,2023-09-20T07:12:07.681349,Brooklyn,,,,,,,,,
OCMCAURD-2022-000810,,,,,,,,,,NY,,,,,The Magi Tree LLC*,,,maur.stringer29@gmail.com,,,,1 (781) 408-2474,,2023-09-20T07:12:07.681349,Long Island,,,,,,,,,
OCMCAURD-2022-000816,,,,,,,,,,NY,,,,,"HAPPY123NYC, LLC*",,,smaguirenyc@gmail.com,,,,1 (347) 302-5594,,2023-09-20T07:12:07.681349,Manhattan,,,,,,,,,
OCMCAURD-2022-000817,,,,,,,,,,NY,,,,,Jean R Levasseur*,,,jeanrl1536@gmail.com,,,,1 (347) 452-0441,,2023-09-20T07:12:07.681349,Brooklyn,,,,,,,,,
OCMCAURD-2022-000821,,,,,,,,,,NY,,,,,"Evergreen Retail 1, LLC*",,,Karenmtobin2@gmail.com,,,,1 (585) 613-1443,,2023-09-20T07:12:07.681349,Finger Lakes,,,,,,,,,
OCMCAURD-2022-000837,,,,,,,,,,NY,,,,,Northern Lights Dispensary LLC*,,,"Nathaniel.cj.simmons@gmail.c
om",,,,1 (347) 443-7472,,2023-09-20T07:12:07.681349,Long Island,,,,,,,,,
OCMCAURD-2022-000841,,,,,,,,,,NY,,,,,The Premium Bud LLC*,,,thepremiumbud@gmail.com,,,,1 (201) 932-0302,,2023-09-20T07:12:07.681349,Manhattan,,,,,,,,,
OCMCAURD-2022-000849,,,,,,,,,,NY,,,,,NYSafe 420*,,,smsny76@yahoo.com,,,,1 (845) 717-0001,,2023-09-20T07:12:07.681349,Mid-Hudson,,,,,,,,,
OCMCAURD-2022-000856,,,,,,,,,,NY,,,,,"4081 Industries, LLC*",,,"johnmackewich@mackewich.c
om",,,,1 (702) 544-2662,,2023-09-20T07:12:07.681349,Capital Region,,,,,,,,,
OCMCAURD-2022-000862,,,,,,,,,,NY,,,,,Bloom Dispensary LLC*,,,Jacquelyn5884@yahoo.com,,,,1 (518) 857-5143,,2023-09-20T07:12:07.681349,Capital Region,,,,,,,,,
OCMCAURD-2022-000870,,,,,,,,,,NY,,,,,Lotus Dispensary LLC*,,,lotusdispensaryllc@gmail.com,,,,1 (646) 750-4681,,2023-09-20T07:12:07.681349,Queens,,,,,,,,,
OCMCAURD-2022-000878,,,,,,,,,,NY,,,,,"WNYC II, LLC*",,,john@omgcomplete.com,,,,1 (716) 529-8433,,2023-09-20T07:12:07.681349,Western NY,,,,,,,,,
OCMCAURD-2022-000881,,,,,,,,,,NY,,,,,3M Squared LLC*,,,m.ramos273@gmail.com,,,,1 (917) 767-3751,,2023-09-20T07:12:07.681349,Brooklyn,,,,,,,,,
OCMCAURD-2022-000882,,,,,,,,,,NY,,,,,Victory Dispensary LLC*,,,Nailenyb@gmail.com,,,,1 (917) 530-6465,,2023-09-20T07:12:07.681349,Manhattan,,,,,,,,,
OCMCAURD-2022-000891,,,,,,,,,,NY,,,,,The Weed Spot LLC*,,,jorge@vsllplaw.com,,,,1 (212) 752-8408,,2023-09-20T07:12:07.681349,Capital Region,,,,,,,,,
OCMCAURD-2022-000001,,,,,,,,,,NY,,,,,"GreenLakesDispo, LLC*",,,shannonsmith_ss@yahoo.com,,,,1 (585) 230-9112,,2023-09-20T07:12:07.681349,Finger Lakes,,,,,,,,,
OCMCAURD-2022-000003,,,,,,,,,,NY,,,,,"Vladimir Bautista, LLC*",,,trbishopesq@gmail.com,,,,1 (480) 310-1005,,2023-09-20T07:12:07.681349,Manhattan,,,,,,,,,
OCMCAURD-2022-000006,,,,,,,,,,NY,,,,,Ramon Reyes LLC*,,,ramon@happymunkey.com,,,,1 (347) 863-5864,,2023-09-20T07:12:07.681349,Brooklyn,,,,,,,,,
OCMCAURD-2022-000007,,,,,,,,,,NY,,,,,Nuna Harvest LLC*,,,"Esperanza.Segarra@gmail.co
m",,,,1 (305) 794-0816,,2023-09-20T07:12:07.681349,Mid-Hudson,,,,,,,,,
OCMCAURD-2022-000008,,,,,,,,,,NY,,,,,Capri Holdings 2 LLC*,,,carl.tirella@gmail.com,,,,1 (914) 715-0364,,2023-09-20T07:12:07.681349,Mid-Hudson,,,,,,,,,
OCMCAURD-2022-000010,,,,,,,,,,NY,,,,,David Carl Musumeci*,,,david@musumeci.org,,,,1 (315) 576-8389,,2023-09-20T07:12:07.681349,Central NY,,,,,,,,,
OCMCAURD-2022-000014,,,,,,,,,,NY,,,,,"GOOD VIBES NY, INC*.",,,"ADRIAN_FERNANDEZZ@ICL
OUD.COM",,,,1 (212) 470-6564,,2023-09-20T07:12:07.681349,Bronx,,,,,,,,,
OCMCAURD-2022-000019,,,,,,,,,,NY,,,,,Kush & Kicks Dispensary LLC*,,,leonardanthonybk@gmail.com,,,,1 (347) 288-0930,,2023-09-20T07:12:07.681349,Manhattan,,,,,,,,,
OCMCAURD-2022-000022,,,,,,,,,,NY,,,,,Brooklyn Organic Buds LLC*,,,brooklynorganicbuds@gmail.co,,,,1 (631) 506-5733,,2023-09-20T07:12:07.681349,Brooklyn,,,,,,,,,
OCMCAURD-2022-000024,,,,,,,,,,NY,,,,,"Simply Green Natural Lifestyle
Remedies LLC*",,,simplygreenny@gmail.com,,,,1 (516) 413-1122,,2023-09-20T07:12:07.681349,Long Island,,,,,,,,,
OCMCAURD-2022-000028,,,,,,,,,,NY,,,,,Brownies Dispensary LLC*,,,browniesbrnd@gmail.com,,,,1 (518) 961-5478,,2023-09-20T07:12:07.681349,Capital Region,,,,,,,,,
OCMCAURD-2022-000031,,,,,,,,,,NY,,,,,Juniper NY LLC *,,,maxim@mary.solutions,,,,1 (718) 866-7345,,2023-09-20T07:12:07.681349,Manhattan,,,,,,,,,
OCMCAURD-2022-000033,,,,,,,,,,NY,,,,,"DLD DH, Inc*",,,dehran@devilsharvestny.com,,,,1 (917) 567-8139,,2023-09-20T07:12:07.681349,Manhattan,,,,,,,,,
OCMCAURD-2022-000036,,,,,,,,,,NY,,,,,716 Cannabis*,,,716Cannabisllc@gmail.com,,,,1 (716) 997-2752,,2023-09-20T07:12:07.681349,Western NY,,,,,,,,,
OCMCAURD-2022-000041,,,,,,,,,,NY,,,,,Leafy NYC Corp. *,,,Stan.Michaels@att.net,,,,1 (516) 777-0107,,2023-09-20T07:12:07.681349,Manhattan,,,,,,,,,
OCMCAURD-2022-000043,,,,,,,,,,NY,,,,,NY Flos LLC*,,,CMcBain@GetFlos.com,,,,1 (914) 830-9945,,2023-09-20T07:12:07.681349,Mid-Hudson,,,,,,,,,
OCMCAURD-2022-000046,,,,,,,,,,NY,,,,,"Green Nexus Dispensary, Inc. *",,,xjaillet@clarkhill.com,,,,1 (303) 501-5918,,2023-09-20T07:12:07.681349,Manhattan,,,,,,,,,
OCMCAURD-2022-000048,,,,,,,,,,NY,,,,,"MyElectrician518.com, LLC*",,,shane@myelectrician518.com,,,,1 (518) 376-5914,,2023-09-20T07:12:07.681349,Capital Region,,,,,,,,,
OCMCAURD-2022-000055,,,,,,,,,,NY,,,,,"Unbothered Bud, LLC*",,,fbocci68@gmail.com,,,,1 (516) 241-6967,,2023-09-20T07:12:07.681349,Mid-Hudson,,,,,,,,,
OCMCAURD-2022-000067,,,,,,,,,,NY,,,,,Rocchio Realty Inc*,,,BRYANROCCHIO@AOL.COM,,,,1 (718) 866-5739,,2023-09-20T07:12:07.681349,Manhattan,,,,,,,,,
OCMCAURD-2022-000068,,,,,,,,,,NY,,,,,High Rise Brands LLC*,,,ben@thehighrise.co,,,,1 (917) 583-5867,,2023-09-20T07:12:07.681349,Long Island,,,,,,,,,
OCMCAURD-2022-000071,,,,,,,,,,NY,,,,,Denis Murphy*,,,denisgmurphy@hotmail.com,,,,1 (631) 521-1105,,2023-09-20T07:12:07.681349,Long Island,,,,,,,,,
OCMCAURD-2022-000072,,,,,,,,,,NY,,,,,3 - 5 HOLDINGS LLC*,,,torocontact@gmail.com,,,,1 (607) 275-7806,,2023-09-20T07:12:07.681349,Southern Tier,,,,,,,,,
OCMCAURD-2022-000076,,,,,,,,,,NY,,,,,CBD 420 LLC*,,,Bigartsiny@gmail.com,,,,1 (718) 500-5339,,2023-09-20T07:12:07.681349,Richmond,,,,,,,,,
OCMCAURD-2022-000079,,,,,,,,,,NY,,,,,Nysnoozed limited liability company*,,,rubenrangini@yahoo.com,,,,1 (347) 223-7446,,2023-09-20T07:12:07.681349,Queens,,,,,,,,,
OCMCAURD-2022-000086,,,,,,,,,,NY,,,,,Brownies LLC*,,,geoff@cannabuff.com,,,,1 (585) 506-6181,,2023-09-20T07:12:07.681349,Western NY,,,,,,,,,
OCMCAURD-2022-000089,,,,,,,,,,NY,,,,,R&R Remedies LLC*,,,ronaldshen@aol.com,,,,1 (646) 533-5355,,2023-09-20T07:12:07.681349,Brooklyn,,,,,,,,,
OCMCAURD-2022-000090,,,,,,,,,,NY,,,,,TAOZEN LLC*,,,erbquest@gmail.com,,,,1 (917) 819-9304,,2023-09-20T07:12:07.681349,Manhattan,,,,,,,,,
OCMCAURD-2022-000107,,,,,,,,,,NY,,,,,GG Collective LLC*,,,GINOFINANCE@GMAIL.COM,,,,1 (516) 557-1874,,2023-09-20T07:12:07.681349,Queens,,,,,,,,,
OCMCAURD-2022-000110,,,,,,,,,,NY,,,,,DAD DISTRIBUTORS LLC*,,,dtree249@icloud.com,,,,1 (347) 979-5084,,2023-09-20T07:12:07.681349,Richmond,,,,,,,,,
OCMCAURD-2022-000111,,,,,,,,,,NY,,,,,ALKALIFE LLC*,,,vpezz88@gmail.com,,,,1 (808) 590-9487,,2023-09-20T07:12:07.681349,Manhattan,,,,,,,,,
OCMCAURD-2022-000112,,,,,,,,,,NY,,,,,Robert L. Grannis*,,,robbiesproduce@yahoo.com,,,,1 (607) 624-0477,,2023-09-20T07:12:07.681349,Southern Tier,,,,,,,,,
OCMCAURD-2022-000117,,,,,,,,,,NY,,,,,David L Sutherland*,,,cutmastertrini@yahoo.com,,,,1 (347) 982-3064,,2023-09-20T07:12:07.681349,Richmond,,,,,,,,,
OCMCAURD-2022-000118,,,,,,,,,,NY,,,,,Wyzeguyz LLC*,,,wyzeguys98@gmail.com,,,,1 (267) 441-2923,,2023-09-20T07:12:07.681349,Manhattan,,,,,,,,,
OCMCAURD-2022-000122,,,,,,,,,,NY,,,,,L.A.R.C. MANAGEMENT LLC*,,,jl@larcmgmt.com,,,,1 (631) 807-6378,,2023-09-20T07:12:07.681349,Long Island,,,,,,,,,
OCMCAURD-2022-000125,,,,,,,,,,NY,,,,,Savo Group Inc*,,,andresavocchi@gmail.com,,,,1 (718) 541-9810,,2023-09-20T07:12:07.681349,Manhattan,,,,,,,,,
OCMCAURD-2022-000126,,,,,,,,,,NY,,,,,"McPhee's Smoke Shop & More
LLC*",,,emilyhannahbear@gmail.com,,,,1 (518) 742-9951,,2023-09-20T07:12:07.681349,Capital Region,,,,,,,,,
OCMCAURD-2022-000127,,,,,,,,,,NY,,,,,NIYAWILL LLC*,,,mark@thewagonerfirm.com,,,,1 (518) 400-0955,,2023-09-20T07:12:07.681349,Mohawk Valley,,,,,,,,,
OCMCAURD-2022-000130,,,,,,,,,,NY,,,,,The Cable Guys Inc. *,,,jerry@thecableguysinc.com,,,,1 (718) 605-6929,,2023-09-20T07:12:07.681349,Richmond,,,,,,,,,
OCMCAURD-2022-000132,,,,,,,,,,NY,,,,,"Weed Growers From Seed To Stone
LLC*",,,mataleeannla@yahoo.com,,,,1 (718) 210-8779,,2023-09-20T07:12:07.681349,Brooklyn,,,,,,,,,
OCMCAURD-2022-000136,,,,,,,,,,NY,,,,,LEPIS CANNABIS LLC*,,,kotlyar11235@gmail.com,,,,1 (212) 729-7574,,2023-09-20T07:12:07.681349,Manhattan,,,,,,,,,
OCMCAURD-2022-000137,,,,,,,,,,NY,,,,,KGDM ENTERPRISE LLC*,,,michelecole@optonline.net,,,,1 (516) 851-2611,,2023-09-20T07:12:07.681349,Long Island,,,,,,,,,
OCMCAURD-2022-000138,,,,,,,,,,NY,,,,,"MedaBlue, LLC*",,,licensing@jamesfrm.com,,,,1 (516) 858-5887,,2023-09-20T07:12:07.681349,Manhattan,,,,,,,,,
OCMCAURD-2022-000139,,,,,,,,,,NY,,,,,All Wellness Inc*,,,gquigua@gmail.com,,,,1 (929) 478-9414,,2023-09-20T07:12:07.681349,Manhattan,,,,,,,,,
OCMCAURD-2022-000141,,,,,,,,,,NY,,,,,Sparkboro Inc*,,,SparkboroInc@gmail.com,,,,1 (845) 222-9151,,2023-09-20T07:12:07.681349,Manhattan,,,,,,,,,
OCMCAURD-2022-000147,,,,,,,,,,NY,,,,,Troy A Benson*,,,tedhillpestcontrol@gmail.com,,,,1 (845) 654-0101,,2023-09-20T07:12:07.681349,Mid-Hudson,,,,,,,,,
OCMCAURD-2022-000148,,,,,,,,,,NY,,,,,NYS CANNABIS PARTNERS INC. *,,,charles.tavarez@gmail.com,,,,1( 347)804-2552,,2023-09-20T07:12:07.681349,Brooklyn,,,,,,,,,
OCMCAURD-2022-000151,,,,,,,,,,NY,,,,,Rodge Archer*,,,daphneborowski@gmail.com,,,,1 (646) 554-0438,,2023-09-20T07:12:07.681349,Bronx,,,,,,,,,
OCMCAURD-2022-000152,,,,,,,,,,NY,,,,,MADWIZ LLC*,,,cameronpierre5@gmail.com,,,,1 (718) 924-7081,,2023-09-20T07:12:07.681349,Brooklyn,,,,,,,,,
OCMCAURD-2022-000156,,,,,,,,,,NY,,,,,"ARE WE GOOD ENTERPRISES
INC. *",,,joetigano1st@outlook.com,,,,1 (631) 522-5036,,2023-09-20T07:12:07.681349,Brooklyn,,,,,,,,,
OCMCAURD-2022-000159,,,,,,,,,,NY,,,,,John A White*,,,"ja@a1entertainmentevents.co
m",,,,1 (516) 314-0044,,2023-09-20T07:12:07.681349,Brooklyn,,,,,,,,,
OCMCAURD-2022-000160,,,,,,,,,,NY,,,,,A Little Place to Relax LLC*,,,robanz038@gmail.com,,,,1 (518) 331-4774,,2023-09-20T07:12:07.681349,Manhattan,,,,,,,,,
OCMCAURD-2022-000163,,,,,,,,,,NY,,,,,bzd enterprises llc*,,,leo@shalit-law.com,,,,1 (646) 957-0009,,2023-09-20T07:12:07.681349,Manhattan,,,,,,,,,
OCMCAURD-2022-000166,,,,,,,,,,NY,,,,,Sean of all trades LLC*,,,tradesmansean@gmail.com,,,,1 (516) 416-9775,,2023-09-20T07:12:07.681349,Capital Region,,,,,,,,,
OCMCAURD-2022-000167,,,,,,,,,,NY,,,,,TRADER LI CAPITAL LLC*,,,chrisli1217@gmail.com,,,,1 (929) 373-6283,,2023-09-20T07:12:07.681349,Queens,,,,,,,,,
OCMCAURD-2022-000168,,,,,,,,,,NY,,,,,"Astro Management, Inc. *",,,jillian@astroincnyc.com,,,,1 (917) 701-3114,,2023-09-20T07:12:07.681349,Manhattan,,,,,,,,,
OCMCAURD-2022-000177,,,,,,,,,,NY,,,,,Green Culture LLC*,,,Skurland340@gmail.com,,,,1 (917) 294-8552,,2023-09-20T07:12:07.681349,Long Island,,,,,,,,,
OCMCAURD-2022-000179,,,,,,,,,,NY,,,,,WesCare Transportation LLC*,,,wes.care@mail.com,,,,1 (716) 479-0210,,2023-09-20T07:12:07.681349,Western NY,,,,,,,,,
OCMCAURD-2022-000180,,,,,,,,,,NY,,,,,Elise Pelka*,,,Heatmakersny@gmail.com,,,,1 (914) 471-7704,,2023-09-20T07:12:07.681349,Manhattan,,,,,,,,,
OCMCAURD-2022-000186,,,,,,,,,,NY,,,,,Empire Flower Inc. *,,,j.elliott@dlxagncy.com,,,,1 (845) 233-0990,,2023-09-20T07:12:07.681349,Manhattan,,,,,,,,,
OCMCAURD-2022-000190,,,,,,,,,,NY,,,,,Daniel S Dennis*,,,dangolden38@outlook.com,,,,1 (315) 224-7095,,2023-09-20T07:12:07.681349,Finger Lakes,,,,,,,,,
OCMCAURD-2022-000193,,,,,,,,,,NY,,,,,BEAST COAST GROUP LLC*,,,beastcoastgroup@gmail.com,,,,1 (516) 444-0947,,2023-09-20T07:12:07.681349,Queens,,,,,,,,,
OCMCAURD-2022-000198,,,,,,,,,,NY,,,,,"Ifill & Associates, LLC*",,,info@inainvestigations.com,,,,1 (917) 385-1876,,2023-09-20T07:12:07.681349,Brooklyn,,,,,,,,,
OCMCAURD-2022-000199,,,,,,,,,,NY,,,,,EXCITE UNLIMITED LLC*,,,CEO@exciteunlimited.com,,,,1 (646) 532-7800,,2023-09-20T07:12:07.681349,Manhattan,,,,,,,,,
OCMCAURD-2022-000204,,,,,,,,,,NY,,,,,Candice LoPizzo*,,,candice@brook-islandfuel.com,,,,1 (917) 292-0233,,2023-09-20T07:12:07.681349,Manhattan,,,,,,,,,
OCMCAURD-2022-000213,,,,,,,,,,NY,,,,,NODAYSOFF CANNABIS*,,,gab@gbnylaw.com,,,,1 (631) 743-9900,,2023-09-20T07:12:07.681349,Long Island,,,,,,,,,
OCMCAURD-2022-000218,,,,,,,,,,NY,,,,,Athenian Royalty Group LLC*,,,"mireille@athenianroyaltygroup.
com",,,,1 (347) 736-3918,,2023-09-20T07:12:07.681349,Queens,,,,,,,,,
OCMCAURD-2022-000224,,,,,,,,,,NY,,,,,"WhiteboxTHC, LLC*",,,wei@mrtalaw.com,,,,1 (646) 263-7890,,2023-09-20T07:12:07.681349,Manhattan,,,,,,,,,
OCMCAURD-2022-000228,,,,,,,,,,NY,,,,,K&T Express Inc*,,,rmrojan@aol.com,,,,1 (347) 343-0050,,2023-09-20T07:12:07.681349,Long Island,,,,,,,,,
OCMCAURD-2022-000232,,,,,,,,,,NY,,,,,7 Point Dispensary INC. *,,,crchristyr9@gmail.com,,,,1 (518) 965-1554,,2023-09-20T07:12:07.681349,Capital Region,,,,,,,,,
OCMCAURD-2022-000233,,,,,,,,,,NY,,,,,Vincent Chan*,,,vinnyestate@gmail.com,,,,1 (646) 752-2787,,2023-09-20T07:12:07.681349,Manhattan,,,,,,,,,
OCMCAURD-2022-000242,,,,,,,,,,NY,,,,,"Concrete Construction Consulting
LLC*",,,jrobinson54@optimum.net,,,,1 (631) 298-4474,,2023-09-20T07:12:07.681349,Long Island,,,,,,,,,
OCMCAURD-2022-000250,,,,,,,,,,NY,,,,,Coastal Green LLC*,,,coastalgreencorp@gmail.com,,,,1 (631) 294-1063,,2023-09-20T07:12:07.681349,Long Island,,,,,,,,,
OCMCAURD-2022-000252,,,,,,,,,,NY,,,,,J & H Canna Industries Inc*,,,MindAndBodyCanna@gmail.co,,,,1 (631) 484-8350,,2023-09-20T07:12:07.681349,Long Island,,,,,,,,,
OCMCAURD-2022-000263,,,,,,,,,,NY,,,,,"Robinson’s Cannabis Flowers, LLC.
*",,,mleonardo@hinmanstraub.com,,,,1 (518) 436-0751,,2023-09-20T07:12:07.681349,Capital Region,,,,,,,,,
OCMCAURD-2022-000264,,,,,,,,,,NY,,,,,EGRH LLC. *,,,eglickman@msn.com,,,,1 (561) 358-8058,,2023-09-20T07:12:07.681349,Capital Region,,,,,,,,,
OCMCAURD-2022-000267,,,,,,,,,,NY,,,,,"Budega NYC, Inc. *",,,alex@budega.nyc,,,,1 (917) 697-2667,,2023-09-20T07:12:07.681349,Brooklyn,,,,,,,,,
OCMCAURD-2022-000268,,,,,,,,,,NY,,,,,Uplift royal LLC*,,,omar.cabrera20@gmail.com,,,,1 (646) 941-9111,,2023-09-20T07:12:07.681349,Manhattan,,,,,,,,,
OCMCAURD-2022-000270,,,,,,,,,,NY,,,,,Risk Takerz LLC*,,,Bikelifesports@gmail.com,,,,1 (212) 390-0290,,2023-09-20T07:12:07.681349,Bronx,,,,,,,,,
OCMCAURD-2022-000275,,,,,,,,,,NY,,,,,"Dynasty Commodities, Inc. *",,,"jahkaya.tellezpugh4@gmail.co
m",,,,1 (646) 994-5064,,2023-09-20T07:12:07.681349,Manhattan,,,,,,,,,
OCMCAURD-2022-000276,,,,,,,,,,NY,,,,,Puro vita enterprises inc. *,,,spcorp111@aol.com,,,,1 (305) 336-6546,,2023-09-20T07:12:07.681349,Brooklyn,,,,,,,,,
OCMCAURD-2022-000282,,,,,,,,,,NY,,,,,ov enterprises llc*,,,mkamornik@gmail.com,,,,1 (646) 642-3623,,2023-09-20T07:12:07.681349,Manhattan,,,,,,,,,
OCMCAURD-2022-000286,,,,,,,,,,NY,,,,,Celes Walters*,,,celes.walters@yahoo.com,,,,1 (347) 563-2770,,2023-09-20T07:12:07.681349,Brooklyn,,,,,,,,,
OCMCAURD-2022-000287,,,,,,,,,,NY,,,,,Seven Forty Eight LLC*,,,drebbin2001@yahoo.com,,,,1 (516) 593-1358,,2023-09-20T07:12:07.681349,Manhattan,,,,,,,,,
OCMCAURD-2022-000290,,,,,,,,,,NY,,,,,Strong Island Chronic LLC*,,,drewpetrone19@gmail.com,,,,1 (516) 272-6801,,2023-09-20T07:12:07.681349,Long Island,,,,,,,,,
OCMCAURD-2022-000293,,,,,,,,,,NY,,,,,The High Society Social Club LLC*,,,highsocietywestchester@gmail.,,,,1 (914) 980-9557,,2023-09-20T07:12:07.681349,Mid-Hudson,,,,,,,,,
OCMCAURD-2022-000298,,,,,,,,,,NY,,,,,E & J BTQ CORP*,,,eileencortez3702@gmail.com,,,,1 (929) 322-7342,,2023-09-20T07:12:07.681349,Manhattan,,,,,,,,,
OCMCAURD-2022-000304,,,,,,,,,,NY,,,,,KINGS RAW Property LLC*,,,lkqowner@gmail.com,,,,1 (914) 760-8614,,2023-09-20T07:12:07.681349,Mid-Hudson,,,,,,,,,
OCMCAURD-2022-000321,,,,,,,,,,NY,,,,,BIG APPLE EXOTICS LLC*,,,"BIGAPPLEEXOTIC@GMAIL.C
OM",,,,1 (347) 484-1257,,2023-09-20T07:12:07.681349,Manhattan,,,,,,,,,
OCMCAURD-2022-000324,,,,,,,,,,NY,,,,,"NSEW Trading Company, LLC*",,,Markjgorczyca@gmail.com,,,,1 (315) 222-5451,,2023-09-20T07:12:07.681349,Capital Region,,,,,,,,,
OCMCAURD-2022-000325,,,,,,,,,,NY,,,,,Cat Rock CAURD LLC*,,,CatRockCAURDLLC@gmail.co,,,,1 (347) 724-7735,,2023-09-20T07:12:07.681349,Mid-Hudson,,,,,,,,,
OCMCAURD-2022-000327,,,,,,,,,,NY,,,,,Dai Ma*,,,timmyinc@gmail.com,,,,1 (917) 982-5409,,2023-09-20T07:12:07.681349,Manhattan,,,,,,,,,
OCMCAURD-2022-000330,,,,,,,,,,NY,,,,,"Vibes of Morocco Limited Liability
Company*",,,tribesofmorocco@gmail.com,,,,1 (347) 415-3834,,2023-09-20T07:12:07.681349,Manhattan,,,,,,,,,
OCMCAURD-2022-000333,,,,,,,,,,NY,,,,,TLC Creative Solutions Inc*,,,rachel.cheung@tlccreativesolut,,,,1 (646) 469-1823,,2023-09-20T07:12:07.681349,Manhattan,,,,,,,,,
OCMCAURD-2022-000335,,,,,,,,,,NY,,,,,SLCZ NY LLC*,,,ac.alanchiu@gmail.com,,,,1 (917) 939-0087,,2023-09-20T07:12:07.681349,Manhattan,,,,,,,,,
OCMCAURD-2022-000337,,,,,,,,,,NY,,,,,Up State Sports Cards LLC*,,,michaelgardner83@gmail.com,,,,1 (518) 879-1441,,2023-09-20T07:12:07.681349,Capital Region,,,,,,,,,
OCMCAURD-2022-000340,,,,,,,,,,NY,,,,,Kimberly L Baldwin*,,,flxbbqkim@gmail.com,,,,1 (716) 574-3679,,2023-09-20T07:12:07.681349,Finger Lakes,,,,,,,,,
OCMCAURD-2022-000344,,,,,,,,,,NY,,,,,Evexia Therapeutics LLC*,,,evexiadispensary@gmail.com,,,,1 (315) 525-2888,,2023-09-20T07:12:07.681349,Capital Region,,,,,,,,,
OCMCAURD-2022-000346,,,,,,,,,,NY,,,,,JTCC NY LLC*,,,garrett@opuscg.com,,,,1 (607) 761-9337,,2023-09-20T07:12:07.681349,Finger Lakes,,,,,,,,,
OCMCAURD-2022-000347,,,,,,,,,,NY,,,,,Garrido Enterprise Worldwide LLC*,,,hrcxnyc@gmail.com,,,,1 (917) 564-6889,,2023-09-20T07:12:07.681349,Manhattan,,,,,,,,,
OCMCAURD-2022-000353,,,,,,,,,,NY,,,,,"AFNY, LLC*",,,"sam@firstchoicediagnostic.co
m",,,,1 (516) 375-2105,,2023-09-20T07:12:07.681349,Long Island,,,,,,,,,
OCMCAURD-2022-000359,,,,,,,,,,NY,,,,,"Mojo Working, LLC*",,,ddtreelandscaping@gmail.com,,,,1(914) 447 -1993,,2023-09-20T07:12:07.681349,Mid-Hudson,,,,,,,,,
OCMCAURD-2022-000362,,,,,,,,,,NY,,,,,B.D.D. Family Distributors LLC*,,,yrandazzo@ltesq.com,,,,1 (631) 666-2500,,2023-09-20T07:12:07.681349,Long Island,,,,,,,,,
OCMCAURD-2022-000365,,,,,,,,,,NY,,,,,CJ BUSINESS VENTURES LLC*,,,christopher.whelan2018@gmail,,,,1 (201) 637-5132,,2023-09-20T07:12:07.681349,Long Island,,,,,,,,,
OCMCAURD-2022-000370,,,,,,,,,,NY,,,,,"The BonTemps Firm Retail, LLC*",,,sheldon@24nyconsulting.com,,,,1 (347) 522-5965,,2023-09-20T07:12:07.681349,Western NY,,,,,,,,,
OCMCAURD-2022-000371,,,,,,,,,,NY,,,,,HPS700 NY. LLC*,,,hps700nyc@gmail.com,,,,1 (646) 715-8802,,2023-09-20T07:12:07.681349,Bronx,,,,,,,,,
OCMCAURD-2022-000379,,,,,,,,,,NY,,,,,Farmer Barney Cannabis LLC*,,,mattvotypka@gmail.com,,,,1 (585) 329-4138,,2023-09-20T07:12:07.681349,Long Island,,,,,,,,,
OCMCAURD-2022-000382,,,,,,,,,,NY,,,,,"super dank holdings, llc*",,,superdankholdings@gmail.com,,,,1 (516) 650-0370,,2023-09-20T07:12:07.681349,Long Island,,,,,,,,,
OCMCAURD-2022-000386,,,,,,,,,,NY,,,,,Stelios Zoumberakis*,,,stevezoomba54@gmail.com,,,,1 (718) 736-5182,,2023-09-20T07:12:07.681349,Queens,,,,,,,,,
OCMCAURD-2022-000389,,,,,,,,,,NY,,,,,MRC Industrial LLC*,,,cisco.cisco@hotmail.com,,,,1 (914) 230-8830,,2023-09-20T07:12:07.681349,Mid-Hudson,,,,,,,,,
OCMCAURD-2022-000391,,,,,,,,,,NY,,,,,TCMA LLC*,,,Ehrman.asher@gmail.com,,,,1 (310) 560-0156,,2023-09-20T07:12:07.681349,Manhattan,,,,,,,,,
OCMCAURD-2022-000401,,,,,,,,,,NY,,,,,SRCG LLC*,,,licensing@jamesfrm.com,,,,1 (516) 858-5887,,2023-09-20T07:12:07.681349,Long Island,,,,,,,,,
OCMCAURD-2022-000415,,,,,,,,,,NY,,,,,Swan Lake Equity LLC*,,,swanlakeequityllc@gmail.com,,,,1 (424) 212-2189,,2023-09-20T07:12:07.681349,Finger Lakes,,,,,,,,,
OCMCAURD-2022-000418,,,,,,,,,,NY,,,,,badumanagement corp. *,,,badu5000@yahoo.com,,,,1 (347) 584-9540,,2023-09-20T07:12:07.681349,Capital Region,,,,,,,,,
OCMCAURD-2022-000420,,,,,,,,,,NY,,,,,M&J Genesis Inc*,,,jwellinja@gmail.com,,,,1 (519) 390-1906,,2023-09-20T07:12:07.681349,Capital Region,,,,,,,,,
OCMCAURD-2022-000426,,,,,,,,,,NY,,,,,"Luxe Oasis, LLC*",,,wnbcafe@gmail.com,,,,1 (917) 507-4446,,2023-09-20T07:12:07.681349,Brooklyn,,,,,,,,,
OCMCAURD-2022-000434,,,,,,,,,,NY,,,,,Hybrid NYC LLC*,,,mesainy@gmail.com,,,,1 (917) 385-1867,,2023-09-20T07:12:07.681349,Manhattan,,,,,,,,,
OCMCAURD-2022-000437,,,,,,,,,,NY,,,,,Washington Place Dispensary LLC*,,,gvremax@gmail.com,,,,1 (516) 320-4924,,2023-09-20T07:12:07.681349,Long Island,,,,,,,,,
OCMCAURD-2022-000438,,,,,,,,,,NY,,,,,"Two Buds Enterprise, Inc. *",,,howell.miller1@icloud.com,,,,1 (347) 427-7439,,2023-09-20T07:12:07.681349,Bronx,,,,,,,,,
OCMCAURD-2022-000444,,,,,,,,,,NY,,,,,"Take N Toke Herbal Healing
Solutions Inc*",,,neema.wiggins@gmail.com,,,,1 (917) 890-9724,,2023-09-20T07:12:07.681349,Manhattan,,,,,,,,,
OCMCAURD-2022-000449,,,,,,,,,,NY,,,,,TOASTREE LLC*,,,toastreellc@gmail.com,,,,1 (646) 912-1714,,2023-09-20T07:12:07.681349,Manhattan,,,,,,,,,
OCMCAURD-2022-000450,,,,,,,,,,NY,,,,,"The Hydroterra Cove, Inc*",,,john.c.concannon@gmail.com,,,,1 (347) 420-4903,,2023-09-20T07:12:07.681349,Manhattan,,,,,,,,,
OCMCAURD-2022-000468,,,,,,,,,,NY,,,,,"Hold Up Roll Up, LLC*",,,mleonardo@hinmanstraub.com,,,,1 (518) 436-0751,,2023-09-20T07:12:07.681349,Capital Region,,,,,,,,,
OCMCAURD-2022-000470,,,,,,,,,,NY,,,,,Sky High Club LLC*,,,licensing@jamesfrm.com,,,,1 (516) 858-5887,,2023-09-20T07:12:07.681349,Manhattan,,,,,,,,,
OCMCAURD-2022-000475,,,,,,,,,,NY,,,,,Authentic 212 LLC*,,,haliessa212@gmail.com,,,,1 (917) 514-1006,,2023-09-20T07:12:07.681349,Manhattan,,,,,,,,,
OCMCAURD-2022-000476,,,,,,,,,,NY,,,,,"Apple Seed Farms, LLC*",,,jackluber@me.com,,,,1 (631) 897-0808,,2023-09-20T07:12:07.681349,Manhattan,,,,,,,,,
OCMCAURD-2022-000480,,,,,,,,,,NY,,,,,LYFE CAHRMZ INC*,,,ELIZCRUZIRBY@GMAIL.COM,,,,1 (347) 822-9533,,2023-09-20T07:12:07.681349,Manhattan,,,,,,,,,
OCMCAURD-2022-000484,,,,,,,,,,NY,,,,,"XANDER LEGACY, LLC*",,,tcrawford145@gmail.com,,,,1 (917) 254-6938,,2023-09-20T07:12:07.681349,Brooklyn,,,,,,,,,
OCMCAURD-2022-000485,,,,,,,,,,NY,,,,,"State of Mind Dispensary, LLC*",,,allday81@gmail.com,,,,1 (518) 330-9673,,2023-09-20T07:12:07.681349,Capital Region,,,,,,,,,
OCMCAURD-2022-000490,,,,,,,,,,NY,,,,,Royo Jays LLC*,,,royojaysllc@gmail.com,,,,1 (845) 282-0737,,2023-09-20T07:12:07.681349,Mid-Hudson,,,,,,,,,
OCMCAURD-2022-000494,,,,,,,,,,NY,,,,,Coastal Cultivation Association LLC*,,,zalanycca@gmail.com,,,,1 (518) 901-9201,,2023-09-20T07:12:07.681349,Capital Region,,,,,,,,,
OCMCAURD-2022-000505,,,,,,,,,,NY,,,,,Better States LLC*,,,pablovelezangel@gmail.com,,,,1 (914) 484-4103,,2023-09-20T07:12:07.681349,Brooklyn,,,,,,,,,
OCMCAURD-2022-000508,,,,,,,,,,NY,,,,,Of The Earth Canna LLC*,,,"Keston@OfTheEarthCanna.co
m",,,,1 (516) 236-4258,,2023-09-20T07:12:07.681349,Manhattan,,,,,,,,,
OCMCAURD-2022-000511,,,,,,,,,,NY,,,,,I MAG CLEANING LLC*,,,romectc@gmail.com,,,,1 (347) 869-2260,,2023-09-20T07:12:07.681349,Queens,,,,,,,,,
OCMCAURD-2022-000513,,,,,,,,,,NY,,,,,Jacob Calabria*,,,marcocaltieri@gmail.com,,,,1 (585) 802-7860,,2023-09-20T07:12:07.681349,Finger Lakes,,,,,,,,,
OCMCAURD-2022-000518,,,,,,,,,,NY,,,,,Eyal Eitan*,,,stevealexander81@gmail.com,,,,1 (646) 523-6819,,2023-09-20T07:12:07.681349,Manhattan,,,,,,,,,
OCMCAURD-2022-000519,,,,,,,,,,NY,,,,,37th St. SRJS Corp. *,,,seanww2012@gmail.com,,,,1 (347) 931-6744,,2023-09-20T07:12:07.681349,Manhattan,,,,,,,,,
OCMCAURD-2022-000522,,,,,,,,,,NY,,,,,Havana's Paradise Garden LLC*,,,Capt.rich@yahoo.com,,,,1 (917) 559-4669,,2023-09-20T07:12:07.681349,Manhattan,,,,,,,,,
OCMCAURD-2022-000524,,,,,,,,,,NY,,,,,Central Apothecary LLC*,,,"theresa@classicshedandpatio.
com",,,,1 (518) 605-7588,,2023-09-20T07:12:07.681349,Capital Region,,,,,,,,,
OCMCAURD-2022-000525,,,,,,,,,,NY,,,,,Epic Parlay LLC*,,,epicparlay@gmail.com,,,,1 (516) 986-8499,,2023-09-20T07:12:07.681349,Manhattan,,,,,,,,,
OCMCAURD-2022-000532,,,,,,,,,,NY,,,,,"JS Curry & Associates, LLC*",,,curryjsc@gmail.com,,,,1 (716) 553-9169,,2023-09-20T07:12:07.681349,Western NY,,,,,,,,,
OCMCAURD-2022-000536,,,,,,,,,,NY,,,,,Fraser Enterprise LLC*,,,mastermindz031@aol.com,,,,1 (929) 503-7438,,2023-09-20T07:12:07.681349,Manhattan,,,,,,,,,
OCMCAURD-2022-000537,,,,,,,,,,NY,,,,,Big Bro Consulting LLC*,,,Goodmoneyceo@yahoo.com,,,,1 (518) 545-6299,,2023-09-20T07:12:07.681349,Capital Region,,,,,,,,,
OCMCAURD-2022-000549,,,,,,,,,,NY,,,,,Mizzor Collection LLC*,,,nubiaashley@yahoo.com,,,,1 (347) 302-1365,,2023-09-20T07:12:07.681349,Manhattan,,,,,,,,,
OCMCAURD-2022-000560,,,,,,,,,,NY,,,,,A Cannaful Life LLC*,,,allysondobrer@gmail.com,,,,1 (718) 887-5143,,2023-09-20T07:12:07.681349,Brooklyn,,,,,,,,,
OCMCAURD-2022-000568,,,,,,,,,,NY,,,,,Suufi Cannabis Inc*,,,"Ruddyefrainsantana@gmail.co
m",,,,1 (347) 310-3679,,2023-09-20T07:12:07.681349,Manhattan,,,,,,,,,
OCMCAURD-2022-000569,,,,,,,,,,NY,,,,,Excelsior Provisions LLC*,,,masonmello@hotmail.com,,,,1 (518) 852-7015,,2023-09-20T07:12:07.681349,Capital Region,,,,,,,,,
OCMCAURD-2022-000584,,,,,,,,,,NY,,,,,Green Rush 607 LLC*,,,mmpresentsthebreedsllc@gma,,,,1 (607) 215-3749,,2023-09-20T07:12:07.681349,Southern Tier,,,,,,,,,
OCMCAURD-2022-000586,,,,,,,,,,NY,,,,,Cori Rodriguez*,,,cussincori@gmail.com,,,,1 (518) 533-8200,,2023-09-20T07:12:07.681349,Capital Region,,,,,,,,,
OCMCAURD-2022-000590,,,,,,,,,,NY,,,,,Love Bud LLP*,,,dowds333@gmail.com,,,,1 (646) 229-1256,,2023-09-20T07:12:07.681349,Manhattan,,,,,,,,,
OCMCAURD-2022-000599,,,,,,,,,,NY,,,,,420 Wonderland LLC*,,,Dchincarty@gmail.com,,,,1 (845) 764-0354,,2023-09-20T07:12:07.681349,Brooklyn,,,,,,,,,
OCMCAURD-2022-000601,,,,,,,,,,NY,,,,,Hydroman Dispensary*,,,dblair189@msn.com,,,,1 (518) 888-2596,,2023-09-20T07:12:07.681349,Capital Region,,,,,,,,,
OCMCAURD-2022-000604,,,,,,,,,,NY,,,,,LAR MEMORABILIA LLC*,,,louisangruocco@gmail.com,,,,1 (347) 343-0020,,2023-09-20T07:12:07.681349,Queens,,,,,,,,,
OCMCAURD-2022-000607,,,,,,,,,,NY,,,,,"Lucky Green Ladies NY, LLC*",,,alissa@luckygreenladies.com,,,,1 (845) 325-2874,,2023-09-20T07:12:07.681349,Mid-Hudson,,,,,,,,,
OCMCAURD-2022-000615,,,,,,,,,,NY,,,,,Gratitude Buds Dispensary LLC*,,,Angelfigueroa62@yahoo.com,,,,1 (929) 213-2717,,2023-09-20T07:12:07.681349,Mid-Hudson,,,,,,,,,
OCMCAURD-2022-000617,,,,,,,,,,NY,,,,,"718 Equity Enterprise, Inc. *",,,DANGELO.CHRISTINA@GMA,,,,1 (347) 351-8309,,2023-09-20T07:12:07.681349,Finger Lakes,,,,,,,,,
OCMCAURD-2022-000619,,,,,,,,,,NY,,,,,Platinum Leaf LLC*,,,joegiangiacomo@gmail.com,,,,1 (845) 807-8091,,2023-09-20T07:12:07.681349,Mid-Hudson,,,,,,,,,
OCMCAURD-2022-000621,,,,,,,,,,NY,,,,,CloudFather LLC*,,,FV@TheCloudFather.us,,,,1 (914) 447-8878,,2023-09-20T07:12:07.681349,Manhattan,,,,,,,,,
OCMCAURD-2022-000630,,,,,,,,,,NY,,,,,Storytellers New York*,,,timothyrfried@gmail.com,,,,1 (917) 370-2128,,2023-09-20T07:12:07.681349,Manhattan,,,,,,,,,
OCMCAURD-2022-000631,,,,,,,,,,NY,,,,,THE WEED SHOPPE INC. *,,,lennymanning@aol.com,,,,1 (718) 490-0803,,2023-09-20T07:12:07.681349,Richmond,,,,,,,,,
OCMCAURD-2022-000642,,,,,,,,,,NY,,,,,TD Fitness LLC*,,,tduffy@duffycorp.com,,,,1 (708) 606-0177,,2023-09-20T07:12:07.681349,Long Island,,,,,,,,,
OCMCAURD-2022-000646,,,,,,,,,,NY,,,,,DTCHOne LLC*,,,oldchampion@icloud.com,,,,1 (347) 967-2862,,2023-09-20T07:12:07.681349,Manhattan,,,,,,,,,
OCMCAURD-2022-000650,,,,,,,,,,NY,,,,,"CTNYC Partners, Inc*",,,christina@bloomstoneco.com,,,,1 (347) 351-8309,,2023-09-20T07:12:07.681349,Manhattan,,,,,,,,,
OCMCAURD-2022-000659,,,,,,,,,,NY,,,,,"Excelsior Cannabis, Inc. *",,,kubs24@aol.com,,,,N/a,,2023-09-20T07:12:07.681349,Capital Region,,,,,,,,,
OCMCAURD-2022-000661,,,,,,,,,,NY,,,,,Bitar Assets Inc.*,,,lyssahomes1@gmail.com,,,,1 (917) 374-5769,,2023-09-20T07:12:07.681349,Queens,,,,,,,,,
OCMCAURD-2022-000662,,,,,,,,,,NY,,,,,Elevated Dreams LLC*,,,llcelevateddreams@gmail.com,,,,1 (631) 488-5128,,2023-09-20T07:12:07.681349,Manhattan,,,,,,,,,
OCMCAURD-2022-000663,,,,,,,,,,NY,,,,,Straight From The Mata*,,,iv1670@aol.com,,,,1 (646) 509-7756,,2023-09-20T07:12:07.681349,Manhattan,,,,,,,,,
OCMCAURD-2022-000675,,,,,,,,,,NY,,,,,Five Borough Farms LLC*,,,smckenzienyc@gmail.com,,,,1 (917) 723-0908,,2023-09-20T07:12:07.681349,Manhattan,,,,,,,,,
OCMCAURD-2022-000678,,,,,,,,,,NY,,,,,THE HIGH LEAGUE LLC*,,,kevin.b@a2kelectric.com,,,,1 (719) 536-6509,,2023-09-20T07:12:07.681349,Manhattan,,,,,,,,,
OCMCAURD-2022-000680,,,,,,,,,,NY,,,,,Arcadia Wellness NY LTD*,,,arcadiawellnessny@gmail.com,,,,1 (845) 519-8260,,2023-09-20T07:12:07.681349,Mid-Hudson,,,,,,,,,
OCMCAURD-2022-000687,,,,,,,,,,NY,,,,,Fabers Arcade Inc*,,,cmuraco@aol.com,,,,1 (917) 723-3232,,2023-09-20T07:12:07.681349,Manhattan,,,,,,,,,
OCMCAURD-2022-000700,,,,,,,,,,NY,,,,,LATIN BUD LLC*,,,latinbud22@gmail.com,,,,1 (929) 724-4168,,2023-09-20T07:12:07.681349,Manhattan,,,,,,,,,
OCMCAURD-2022-000701,,,,,,,,,,NY,,,,,"Cannabis For The People, Inc. *",,,Dkubikian@gmail.com,,,,N/a,,2023-09-20T07:12:07.681349,Capital Region,,,,,,,,,
OCMCAURD-2022-000705,,,,,,,,,,NY,,,,,Saratoga Strange Design LLC*,,,mikedavis0922@gmail.com,,,,1 (518) 275-1897,,2023-09-20T07:12:07.681349,Capital Region,,,,,,,,,
OCMCAURD-2022-000706,,,,,,,,,,NY,,,,,No Volume Records LLC*,,,novolume1215@gmail.com,,,,1 (518) 227-3696,,2023-09-20T07:12:07.681349,Capital Region,,,,,,,,,
OCMCAURD-2022-000707,,,,,,,,,,NY,,,,,3JsUmiNDre LLC*,,,Jonahebay76@gmail.com,,,,1 (312) 848-0808,,2023-09-20T07:12:07.681349,Brooklyn,,,,,,,,,
OCMCAURD-2022-000710,,,,,,,,,,NY,,,,,Robert M Lim*,,,RobLimNY1979@gmail.com,,,,1 (516) 307-8380,,2023-09-20T07:12:07.681349,Manhattan,,,,,,,,,
OCMCAURD-2022-000712,,,,,,,,,,NY,,,,,"Sensi Smoke, LLC*",,,kathlnnjackson@gmail.com,,,,1 (585) 369-6544,,2023-09-20T07:12:07.681349,Southern Tier,,,,,,,,,
OCMCAURD-2022-000713,,,,,,,,,,NY,,,,,"Harlem Grade, Inc. *",,,mgranville@hometoharlem.nyc,,,,1 (212) 316-1636,,2023-09-20T07:12:07.681349,Manhattan,,,,,,,,,
OCMCAURD-2022-000722,,,,,,,,,,NY,,,,,D'Amico Group LLC*,,,ktaylor@demarcotaylorlaw.com,,,,1 (585) 491-6950,,2023-09-20T07:12:07.681349,Finger Lakes,,,,,,,,,
OCMCAURD-2022-000725,,,,,,,,,,NY,,,,,"Nickel House Development, Inc. *",,,nicklehousedev@gmail.com,,,,1 (716) 464-0927,,2023-09-20T07:12:07.681349,Manhattan,,,,,,,,,
OCMCAURD-2022-000726,,,,,,,,,,NY,,,,,Heal the Nation Inc*,,,monroejp15@gmail.com,,,,1 (425) 312-5636,,2023-09-20T07:12:07.681349,Manhattan,,,,,,,,,
OCMCAURD-2022-000728,,,,,,,,,,NY,,,,,Frenchie Herb LLC*,,,seaniep98@gmail.com,,,,1 (518) 590-3126,,2023-09-20T07:12:07.681349,Capital Region,,,,,,,,,
OCMCAURD-2022-000740,,,,,,,,,,NY,,,,,Disco Herbatory LLC*,,,sednyc@hotmail.com,,,,1 (718) 619-7100,,2023-09-20T07:12:07.681349,Manhattan,,,,,,,,,
OCMCAURD-2022-000751,,,,,,,,,,NY,,,,,82-J LLC*,,,jorge@vsllplaw.com,,,,1 (212) 752-8408,,2023-09-20T07:12:07.681349,Western NY,,,,,,,,,
OCMCAURD-2022-000752,,,,,,,,,,NY,,,,,Omar D Rabadi*,,,tellaride23@gmail.com,,,,1 (914) 885-4095,,2023-09-20T07:12:07.681349,Manhattan,,,,,,,,,
OCMCAURD-2022-000758,,,,,,,,,,NY,,,,,PL 221.10 LLC*,,,pl22110llc@proton.me,,,,1 (646) 709-6823,,2023-09-20T07:12:07.681349,Manhattan,,,,,,,,,
OCMCAURD-2022-000761,,,,,,,,,,NY,,,,,Bo's Buds LLC*,,,stephencapoziello@gmail.com,,,,1 (631) 335-7972,,2023-09-20T07:12:07.681349,Long Island,,,,,,,,,
OCMCAURD-2022-000762,,,,,,,,,,NY,,,,,PL 221.55 LLC *,,,Jesseconeill@gmail.com,,,,1 (646) 438-5377,,2023-09-20T07:12:07.681349,Manhattan,,,,,,,,,
OCMCAURD-2022-000769,,,,,,,,,,NY,,,,,Piffords*,,,cliffcmas@gmail.com,,,,1 (914) 299-3570,,2023-09-20T07:12:07.681349,Mid-Hudson,,,,,,,,,
OCMCAURD-2022-000773,,,,,,,,,,NY,,,,,All County Exotics LLC*,,,paulabreu15@gmail.com,,,,1 (917) 450-5159,,2023-09-20T07:12:07.681349,Manhattan,,,,,,,,,
OCMCAURD-2022-000775,,,,,,,,,,NY,,,,,Jonathan Berridge*,,,J.berridge9243@gmail.com,,,,1 (914) 837-1755,,2023-09-20T07:12:07.681349,Mid-Hudson,,,,,,,,,
OCMCAURD-2022-000776,,,,,,,,,,NY,,,,,"Fire Exotics, LLC *",,,firexoticsllc@gmail.com,,,,1 (716) 418-2109,,2023-09-20T07:12:07.681349,Western NY,,,,,,,,,
OCMCAURD-2022-000777,,,,,,,,,,NY,,,,,"DeMarino's, LLC*",,,mishiyev23@gmail.com,,,,1 (813) 810-7475,,2023-09-20T07:12:07.681349,Western NY,,,,,,,,,
OCMCAURD-2022-000781,,,,,,,,,,NY,,,,,"DJF Unlimited, LLC*",,,dianemhowardd@yahoo.com,,,,1 (312) 446-9339,,2023-09-20T07:12:07.681349,Long Island,,,,,,,,,
OCMCAURD-2022-000792,,,,,,,,,,NY,,,,,Joseph A. Smith*,,,HEIDYPALMER@GMAIL.COM,,,,1 (646) 323-9735,,2023-09-20T07:12:07.681349,Manhattan,,,,,,,,,
OCMCAURD-2022-000801,,,,,,,,,,NY,,,,,Weedish LLC*,,,NicoleMLucien@gmail.com,,,,1 (347) 420-0838,,2023-09-20T07:12:07.681349,Manhattan,,,,,,,,,
OCMCAURD-2022-000802,,,,,,,,,,NY,,,,,SONZ OF CANNABIS LLC*,,,terrencemumford@yahoo.com,,,,1 (951) 293-8452,,2023-09-20T07:12:07.681349,Manhattan,,,,,,,,,
OCMCAURD-2022-000810,,,,,,,,,,NY,,,,,The Magi Tree LLC*,,,maur.stringer29@gmail.com,,,,1 (781) 408-2474,,2023-09-20T07:12:07.681349,Long Island,,,,,,,,,
OCMCAURD-2022-000816,,,,,,,,,,NY,,,,,"HAPPY123NYC, LLC*",,,smaguirenyc@gmail.com,,,,1 (347) 302-5594,,2023-09-20T07:12:07.681349,Manhattan,,,,,,,,,
OCMCAURD-2022-000817,,,,,,,,,,NY,,,,,Jean R Levasseur*,,,jeanrl1536@gmail.com,,,,1 (347) 452-0441,,2023-09-20T07:12:07.681349,Manhattan,,,,,,,,,
OCMCAURD-2022-000821,,,,,,,,,,NY,,,,,"Evergreen Retail 1, LLC*",,,Karenmtobin2@gmail.com,,,,1 (585) 613-1443,,2023-09-20T07:12:07.681349,Finger Lakes,,,,,,,,,
OCMCAURD-2022-000837,,,,,,,,,,NY,,,,,Northern Lights Dispensary LLC*,,,"Nathaniel.cj.simmons@gmail.c
om",,,,1 (347) 443-7472,,2023-09-20T07:12:07.681349,Long Island,,,,,,,,,
OCMCAURD-2022-000841,,,,,,,,,,NY,,,,,The Premium Bud LLC*,,,thepremiumbud@gmail.com,,,,1 (201) 932-0302,,2023-09-20T07:12:07.681349,Manhattan,,,,,,,,,
OCMCAURD-2022-000849,,,,,,,,,,NY,,,,,NYSafe 420*,,,smsny76@yahoo.com,,,,1 (845) 717-0001,,2023-09-20T07:12:07.681349,Mid-Hudson,,,,,,,,,
OCMCAURD-2022-000856,,,,,,,,,,NY,,,,,"4081 Industries, LLC*",,,"johnmackewich@mackewich.c
om",,,,1 (702) 544-2662,,2023-09-20T07:12:07.681349,Capital Region,,,,,,,,,
OCMCAURD-2022-000862,,,,,,,,,,NY,,,,,Bloom Dispensary LLC*,,,Jacquelyn5884@yahoo.com,,,,1 (518) 857-5143,,2023-09-20T07:12:07.681349,Capital Region,,,,,,,,,
OCMCAURD-2022-000870,,,,,,,,,,NY,,,,,Lotus Dispensary LLC*,,,lotusdispensaryllc@gmail.com,,,,1 (646) 750-4681,,2023-09-20T07:12:07.681349,Queens,,,,,,,,,
OCMCAURD-2022-000878,,,,,,,,,,NY,,,,,"WNYC II, LLC*",,,john@omgcomplete.com,,,,1 (716) 529-8433,,2023-09-20T07:12:07.681349,Western NY,,,,,,,,,
OCMCAURD-2022-000881,,,,,,,,,,NY,,,,,3M Squared LLC*,,,m.ramos273@gmail.com,,,,1 (917) 767-3751,,2023-09-20T07:12:07.681349,Manhattan,,,,,,,,,
OCMCAURD-2022-000882,,,,,,,,,,NY,,,,,Victory Dispensary LLC*,,,Nailenyb@gmail.com,,,,1 (917) 530-6465,,2023-09-20T07:12:07.681349,Manhattan,,,,,,,,,
OCMCAURD-2022-000891,,,,,,,,,,NY,,,,,The Weed Spot LLC*,,,jorge@vsllplaw.com,,,,1 (212) 752-8408,,2023-09-20T07:12:07.681349,Capital Region,,,,,,,,,
00001,ACT Laboratories,,lab,,Saratoga County,1.0,OCM,New York State Office of Cannabis Management,,NY,,,,,ACT Laboratories,,,,,,,,,2023-09-20T07:12:10.620998,,"[""cannabinoids"", ""foreign_matter"", ""heavy_metals"", ""microbes"", ""moisture_content"", ""mycotoxins"", ""pesticides"", ""residual_solvents"", ""terpenes"", ""water_activity""]",Ballston Spa,43.0087306,-73.8465366,27 Kent St,,,,
00002,"Lexachrom Analytical Laboratory, LLC",,lab,,Nassau County,2.0,OCM,New York State Office of Cannabis Management,,NY,,,,,"Lexachrom Analytical Laboratory, LLC",,,,,,,,,2023-09-20T07:12:10.620998,,"[""cannabinoids"", ""foreign_matter"", ""heavy_metals"", ""microbes"", ""moisture_content"", ""mycotoxins"", ""pesticides"", ""residual_solvents"", ""terpenes"", ""water_activity""]",NY,40.6576022,-73.58318349999999,Freeport,,,,
00003,Talon Analytical,,lab,,Nassau County,3.0,OCM,New York State Office of Cannabis Management,,NY,,,,,Talon Analytical,,,,,,,,,2023-09-20T07:12:10.620998,,"[""cannabinoids"", ""foreign_matter"", ""heavy_metals"", ""microbes"", ""moisture_content"", ""mycotoxins"", ""pesticides"", ""residual_solvents"", ""water_activity""]",NY 11040,40.7410315,-73.6630251,Garden City Park,,,,
00004,"Phyto-Farma Labs, LLC",,lab,,Orange County,4.0,OCM,New York State Office of Cannabis Management,,NY,,,,,"Phyto-Farma Labs, LLC",,,,,,,,,2023-09-20T07:12:10.620998,,"[""cannabinoids"", ""foreign_matter"", ""heavy_metals"", ""microbes"", ""moisture_content"", ""mycotoxins"", ""pesticides"", ""residual_solvents"", ""terpenes"", ""water_activity""]",Warwick,41.2740435,-74.3100469,49 John Hicks Dr,,,,
00005,Biotrax Testing Laboratory,,lab,,Erie County,5.0,OCM,New York State Office of Cannabis Management,,NY,,,,,Biotrax Testing Laboratory,,,,,,,,,2023-09-20T07:12:10.620998,,"[""cannabinoids"", ""foreign_matter"", ""microbes"", ""moisture_content"", ""mycotoxins"", ""water_activity""]",Buffalo,42.9412153,-78.7845115,3580 Harlem Rd #2,,,,
00006,Kaycha Labs NY,,lab,,Albany County,6.0,OCM,New York State Office of Cannabis Management,,NY,,,,,Kaycha Labs NY,,,,,,,,,2023-09-20T07:12:10.620998,,"[""cannabinoids"", ""foreign_matter"", ""heavy_metals"", ""microbes"", ""moisture_content"", ""mycotoxins"", ""pesticides"", ""residual_solvents"", ""terpenes"", ""water_activity""]",NY,42.6525793,-73.7562317,Albany,,,,
00007,Keystone State Testing of NY,,lab,,Broome County,7.0,OCM,New York State Office of Cannabis Management,,NY,,,,,Keystone State Testing of NY,,,,,,,,,2023-09-20T07:12:10.620998,,"[""cannabinoids"", ""foreign_matter"", ""heavy_metals"", ""microbes"", ""moisture_content"", ""mycotoxins"", ""pesticides"", ""residual_solvents"", ""terpenes"", ""water_activity""]",Vestal,42.0935122,-76.02191909999999,1809 Vestal Pkwy E,,,,
00008,MCR,,lab,,Oneida County,8.0,OCM,New York State Office of Cannabis Management,,NY,,,,,MCR,,,,,,,,,2023-09-20T07:12:10.620998,,"[""moisture_content"", ""water_activity""]",Utica,43.0993117,-75.2135052,800 Broad St t,,,,
00009,Certified Testing and Data (CTND),,lab,,Albany County,9.0,OCM,New York State Office of Cannabis Management,,NY,,,,,Certified Testing and Data (CTND),,,,,,,,,2023-09-20T07:12:10.620998,,"[""cannabinoids"", ""foreign_matter"", ""moisture_content"", ""water_activity""]",NY,42.6920233,-73.72456389999999,Menands,,,,
00010,Botannis Labs NY Corp,,lab,,Suffolk County,10.0,OCM,New York State Office of Cannabis Management,,NY,,,,,Botannis Labs NY Corp,,,,,,,,,2023-09-20T07:12:10.620998,,"[""cannabinoids"", ""foreign_matter"", ""heavy_metals"", ""moisture_content"", ""mycotoxins"", ""terpenes""]",NY,40.8256536,-73.2026138,Hauppauge,,,,
00011,Reliable Labs Inc. dba DRS Testing,,lab,,Erie County,11.0,OCM,New York State Office of Cannabis Management,,NY,,,,,Reliable Labs Inc. dba DRS Testing,,,,,,,,,2023-09-20T07:12:10.620998,,"[""cannabinoids"", ""foreign_matter"", ""moisture_content"", ""water_activity""]",Orchard Park,42.79643799999999,-78.7504768,3245 Southwestern Blvd,,,,
00012,Certainty Analytical Labs,,lab,,Monroe County,12.0,OCM,New York State Office of Cannabis Management,,NY,,,,,Certainty Analytical Labs,,,,,,,,,2023-09-20T07:12:10.620998,,"[""cannabinoids"", ""moisture_content""]",NY,43.15657789999999,-77.6088465,Rochester,,,,
00013,Green Analytics NY,,lab,,Rockland County,13.0,OCM,New York State Office of Cannabis Management,,NY,,,,,Green Analytics NY,,,,,,,,,2023-09-20T07:12:10.620998,,"[""cannabinoids"", ""foreign_matter"", ""moisture_content"", ""residual_solvents"", ""terpenes"", ""water_activity""]",NY,41.0589855,-74.0218063,Pearl River,,,,
00014,Coral Reef Labs New York,,lab,,,14.0,OCM,New York State Office of Cannabis Management,,NY,,,,,Coral Reef Labs New York,,,,,,,,,2023-09-20T07:12:10.620998,,"[""water_activity""]",NY,40.7127753,-74.0059728,New York,,,,
00015,"SC Laboratories NY, LLC",,lab,,,15.0,OCM,New York State Office of Cannabis Management,,NY,,,,,"SC Laboratories NY, LLC",,,,,,,,,2023-09-20T07:12:10.620998,,"[""water_activity""]",NY,40.7127753,-74.0059728,New York,,,,
00021,Dope Diagnostics,,lab,,Rockland County,21.0,OCM,New York State Office of Cannabis Management,,NY,,,,,Dope Diagnostics,,,,,,,,,2023-09-20T07:12:10.620998,,"[""foreign_matter""]",NY,41.0589855,-74.0218063,Pearl River,,,,
050 10011127277,420Ville,,Recreational Retailer,,Baker,050 10011127277,OLCC,Oregon Liquor and Cannabis Commission,Adult-Use,OR,,,,,420VILLE,,,,,,,,,2023-05-02T00:00:00,,,Huntington,44.3510105,-117.2712209,210 W. Washington St.,97907,Active,,
050 100037147CC,Hotbox Farms,,Recreational Retailer,,Baker,050 100037147CC,OLCC,Oregon Liquor and Cannabis Commission,Adult-Use and Medicinal,OR,,,,,HOTBOX FARMS,,,,,,,,,2023-05-02T00:00:00,,,Huntington,44.3511435,-117.2661845,120 E Washington St,97907,Active,,
050 1022133081E,Maks Oregon Llc,,Recreational Retailer,,Baker,050 1022133081E,OLCC,Oregon Liquor and Cannabis Commission,Adult-Use,OR,,,,,MAKS OREGON LLC,,,,,,,,,2023-05-02T00:00:00,,,Milwaukie,45.45430469999999,-122.6397168,2200 Mailwell Dr Suite 104 Room G,97222,Active,,
050 10047883377,Sumpter Nugget,,Recreational Retailer,,Baker,050 10047883377,OLCC,Oregon Liquor and Cannabis Commission,Adult-Use and Medicinal,OR,,,,,SUMPTER NUGGET,,,,,,,,,2023-05-02T00:00:00,,,Sumpter,44.7464931,-118.2011676,"160 N. Mill Street, Suite #102",97877,Active,,
050 101114443A4,Beatnick'S Finest,,Recreational Retailer,,Benton,050 101114443A4,OLCC,Oregon Liquor and Cannabis Commission,Adult-Use,OR,,,,,BEATNICK'S FINEST,,,,,,,,,2023-05-02T00:00:00,,,Corvallis,44.5516046,-123.2661049,126 Sw Avery Ave,97333,Active,,
050 100331502C1,Beaver Bowls,,Recreational Retailer,,Benton,050 100331502C1,OLCC,Oregon Liquor and Cannabis Commission,Adult-Use and Medicinal,OR,,,,,BEAVER BOWLS,,,,,,,,,2023-05-02T00:00:00,,,Corvallis,44.56358849999999,-123.2646114,227 Sw 6Th St,97333,Active,,
050 101408643F8,Bloominati Cannabis Corp,,Recreational Retailer,,Benton,050 101408643F8,OLCC,Oregon Liquor and Cannabis Commission,Adult-Use,OR,,,,,BLOOMINATI CANNABIS CORP,,,,,,,,,2023-05-02T00:00:00,,,Corvallis,44.560046,-123.2623224,240 Sw Washington Ave,97333,Active,,
050 1007382E249,Cookies,,Recreational Retailer,,Benton,050 1007382E249,OLCC,Oregon Liquor and Cannabis Commission,Adult-Use,OR,,,,,COOKIES,,,,,,,,,2023-05-02T00:00:00,,,Corvallis,44.5634798,-123.2609336,255-257 Sw Madison Ave,97333,Active,,
050 100297375C8,Green Room,,Recreational Retailer,,Benton,050 100297375C8,OLCC,Oregon Liquor and Cannabis Commission,Adult-Use and Medicinal,OR,,,,,GREEN ROOM,,,,,,,,,2023-05-02T00:00:00,,,Corvallis,44.5934651,-123.251627,2521 Nw 9Th St,97330,Active,,
050 10038995791,Green Room (Campus),,Recreational Retailer,,Benton,050 10038995791,OLCC,Oregon Liquor and Cannabis Commission,Adult-Use and Medicinal,OR,,,,,GREEN ROOM (CAMPUS),,,,,,,,,2023-05-02T00:00:00,,,Corvallis,44.5678658,-123.2737373,111 Nw 16Th St,97330,Active,,
050 1015927ADFE,Green Room (South),,Recreational Retailer,,Benton,050 1015927ADFE,OLCC,Oregon Liquor and Cannabis Commission,Adult-Use,OR,,,,,GREEN ROOM (SOUTH),,,,,,,,,2023-05-02T00:00:00,,,Corvallis,44.5496791,-123.2650342,1665 Se 3Rd St,97333,Active,,
050 100427322D0,High Quality Compassion,,Recreational Retailer,,Benton,050 100427322D0,OLCC,Oregon Liquor and Cannabis Commission,Adult-Use and Medicinal,OR,,,,,HIGH QUALITY COMPASSION,,,,,,,,,2023-05-02T00:00:00,,,Corvallis,44.5785016,-123.2610087,1300 Nw 9Th St,97330,Active,,
050 100427322D0,High Quality Compassion,,Recreational Retailer,,Benton,050 100427322D0,OLCC,Oregon Liquor and Cannabis Commission,Adult-Use,OR,,,,,HIGH QUALITY COMPASSION,,,,,,,,,2023-05-02T00:00:00,,,Corvallis,44.581089,-123.2585266,1435 Nw 9Th St.,97330,Active,,
050 10046559560,Marie Janes Cannabis Connection,,Recreational Retailer,,Benton,050 10046559560,OLCC,Oregon Liquor and Cannabis Commission,Adult-Use and Medicinal,OR,,,,,MARIE JANES CANNABIS CONNECTION,,,,,,,,,2023-05-02T00:00:00,,,Corvallis,44.5596547,-123.2638206,568 Sw 3Rd St.,97333,Active,,
050 101273129B2,Miracle Greens,,Recreational Retailer,,Benton,050 101273129B2,OLCC,Oregon Liquor and Cannabis Commission,Adult-Use,OR,,,,,MIRACLE GREENS,,,,,,,,,2023-05-02T00:00:00,,,Corvallis,44.5655742,-123.2594744,220 Nw 2Nd St,97330,Active,,
050 1008848DCF8,Mr. Nice Guy - 3Rd St,,Recreational Retailer,,Benton,050 1008848DCF8,OLCC,Oregon Liquor and Cannabis Commission,Adult-Use and Medicinal,OR,,,,,MR. NICE GUY - 3RD ST,,,,,,,,,2023-05-02T00:00:00,,,Corvallis,44.5685385,-123.2591208,504 Nw 3Rd St,97330,Active,,
050 1004605A8E3,Mr. Nice Guy Corvallis,,Recreational Retailer,,Benton,050 1004605A8E3,OLCC,Oregon Liquor and Cannabis Commission,Adult-Use and Medicinal,OR,,,,,MR. NICE GUY CORVALLIS,,,,,,,,,2023-05-02T00:00:00,,,Corvallis,44.56132059999999,-123.2739832,687 Sw 15Th St.,97333,Active,,
050 10123020069,Nature'S Path,,Recreational Retailer,,Benton,050 10123020069,OLCC,Oregon Liquor and Cannabis Commission,Adult-Use,OR,,,,,NATURE'S PATH,,,,,,,,,2023-05-02T00:00:00,,,Corvallis,44.5699982,-123.2575647,711 Nw 3Rd St.,97333,Active,,
050 100664391F4,Nw Advantage,,Recreational Retailer,,Benton,050 100664391F4,OLCC,Oregon Liquor and Cannabis Commission,Adult-Use and Medicinal,OR,,,,,NW ADVANTAGE,,,,,,,,,2023-05-02T00:00:00,,,Corvallis,44.5641355,-123.2618291,119 Sw 4Th Street,97333,Active,,
050 1016958498D,Og Collective,,Recreational Retailer,,Benton,050 1016958498D,OLCC,Oregon Liquor and Cannabis Commission,Adult-Use,OR,,,,,OG COLLECTIVE,,,,,,,,,2023-05-02T00:00:00,,,Corvallis,44.5680279,-123.2605547,414 Nw 4Th St,97330,Active,,
050 10051701948,Sativa'S Place,,Recreational Retailer,,Benton,050 10051701948,OLCC,Oregon Liquor and Cannabis Commission,Adult-Use,OR,,,,,SATIVA'S PLACE,,,,,,,,,2023-05-02T00:00:00,,,Corvallis,44.5684373,-123.2688236,1106 Nw Vanburen,97330,Active,,
050 10169436254,Top Crop Cannabis,,Recreational Retailer,,Benton,050 10169436254,OLCC,Oregon Liquor and Cannabis Commission,Adult-Use,OR,,,,,TOP CROP CANNABIS,,,,,,,,,2023-05-02T00:00:00,,,Corvallis,44.58765520000001,-123.2549736,1945 Nw 9Th Street,97330,Active,,
050 10091572D9A,Top Shelf Medicine 2,,Recreational Retailer,,Benton,050 10091572D9A,OLCC,Oregon Liquor and Cannabis Commission,Adult-Use and Medicinal,OR,,,,,TOP SHELF MEDICINE 2,,,,,,,,,2023-05-02T00:00:00,,,Corvallis,44.5643325,-123.2626173,116 Sw 4Th St,97333,Active,,
050 1002483A9C1,The Green Planet,,Recreational Retailer,,Clackamas,050 1002483A9C1,OLCC,Oregon Liquor and Cannabis Commission,Adult-Use,OR,,,,,THE GREEN PLANET,,,,,,,,,2023-05-02T00:00:00,,,Aurora,45.2374215,-122.7405509,25496 S Hwy 99 E,97002,Active,,
050 10006476DA7,Oregon Bud Company,,Recreational Retailer,,Clackamas,050 10006476DA7,OLCC,Oregon Liquor and Cannabis Commission,Adult-Use and Medicinal,OR,,,,,OREGON BUD COMPANY ,,,,,,,,,2023-05-02T00:00:00,,,Clackamas,45.4023444,-122.5695976,16631 Se 82Nd Dr,97015,Active,,
050 10054270DD5,Stoney Only Clackamas,,Recreational Retailer,,Clackamas,050 10054270DD5,OLCC,Oregon Liquor and Cannabis Commission,Adult-Use and Medicinal,OR,,,,,STONEY ONLY CLACKAMAS,,,,,,,,,2023-05-02T00:00:00,,,Clackamas,45.408242,-122.5579314,10289 Se Hwy 212,97015,Active,,
050 10140566C3D,Electric Lettuce Damascus,,Recreational Retailer,,Clackamas,050 10140566C3D,OLCC,Oregon Liquor and Cannabis Commission,Adult-Use,OR,,,,,ELECTRIC LETTUCE DAMASCUS,,,,,,,,,2023-05-02T00:00:00,,,Damascus,45.408865,-122.5054355,15252 Se Hwy 224  Ste B,97089,Active,,
050 1004120449B,Green Apple Nw,,Recreational Retailer,,Clackamas,050 1004120449B,OLCC,Oregon Liquor and Cannabis Commission,Adult-Use,OR,,,,,GREEN APPLE NW,,,,,,,,,2023-05-02T00:00:00,,,Damascus,45.454697,-122.4142213,24180 Se Borges Rd #A,97089,Active,,
050 101503748E8,Hashstoria,,Recreational Retailer,,Clackamas,050 101503748E8,OLCC,Oregon Liquor and Cannabis Commission,Adult-Use,OR,,,,,HASHSTORIA,,,,,,,,,2023-05-02T00:00:00,,,Gladstone,45.3945205,-122.5743064,17763 Se 82Nd Dr Ste D,97027,Active,,
050 101070561E6,Electric Lettuce Sunnyside,,Recreational Retailer,,Clackamas,050 101070561E6,OLCC,Oregon Liquor and Cannabis Commission,Adult-Use,OR,,,,,ELECTRIC LETTUCE SUNNYSIDE,,,,,,,,,2023-05-02T00:00:00,,,Happy Valley,45.4267423,-122.4942566,16416 Se Sunnyside Road,97015,Active,,
050 10159858AEB,Nectar,,Recreational Retailer,,Clackamas,050 10159858AEB,OLCC,Oregon Liquor and Cannabis Commission,Adult-Use,OR,,,,,NECTAR,,,,,,,,,2023-05-02T00:00:00,,,Happy Valley,45.4492223,-122.5798178,10201 Se 82Nd Ave,97086,Active,,
050 100671665A3,Stumptown Cannabis,,Recreational Retailer,,Clackamas,050 100671665A3,OLCC,Oregon Liquor and Cannabis Commission,Adult-Use and Medicinal,OR,,,,,STUMPTOWN CANNABIS ,,,,,,,,,2023-05-02T00:00:00,,,Happy Valley,45.44638500000001,-122.5792654,10587 Se 82Nd Ave,97086,Active,,
050 1002483A9C1,The Green Planet,,Recreational Retailer,,Clackamas,050 1002483A9C1,OLCC,Oregon Liquor and Cannabis Commission,Adult-Use,OR,,,,,THE GREEN PLANET,,,,,,,,,2023-05-02T00:00:00,,,Lake Oswego,45.4158435,-122.7431493,15171 Sw Bangy Rd,97035,Active,,
050 1004322D06D,Little Amsterdam Wellness Center,,Recreational Retailer,,Clackamas,050 1004322D06D,OLCC,Oregon Liquor and Cannabis Commission,Adult-Use and Medicinal,OR,,,,,LITTLE AMSTERDAM WELLNESS CENTER,,,,,,,,,2023-05-02T00:00:00,,,Milwaukie,45.3862521,-122.6096771,18819 Se Mcloughlin Boulevard,97267,Active,,
050 10000680436,Maritime Cafe,,Recreational Retailer,,Clackamas,050 10000680436,OLCC,Oregon Liquor and Cannabis Commission,Adult-Use and Medicinal,OR,,,,,MARITIME CAFE,,,,,,,,,2023-05-02T00:00:00,,,Milwaukie,45.3964669,-122.6178099,17417 Se Mcloughlin Blvd.,97267,Active,,
050 10159858AEB,Nectar,,Recreational Retailer,,Clackamas,050 10159858AEB,OLCC,Oregon Liquor and Cannabis Commission,Adult-Use,OR,,,,,NECTAR,,,,,,,,,2023-05-02T00:00:00,,,Milwaukie,45.4322163,-122.5976858,6335 Se Harmony Road,97222,Active,,
050 10109253AEE,"Nectar Markets, Llc",,Recreational Retailer,,Clackamas,050 10109253AEE,OLCC,Oregon Liquor and Cannabis Commission,Adult-Use and Medicinal,OR,,,,,"NECTAR MARKETS, LLC",,,,,,,,,2023-05-02T00:00:00,,,Milwaukie,45.4234172,-122.6330072,13800 Se Mcloughlin Blvd,97222,Active,,
050 1008521615D,Paradise Found,,Recreational Retailer,,Clackamas,050 1008521615D,OLCC,Oregon Liquor and Cannabis Commission,Adult-Use,OR,,,,,PARADISE FOUND,,,,,,,,,2023-05-02T00:00:00,,,Milwaukie,45.446227,-122.6198741,10655 Se 42Nd Avenue,97222,Active,,
050 1023557271F,Ripped City Greenz,,Recreational Retailer,,Clackamas,050 1023557271F,OLCC,Oregon Liquor and Cannabis Commission,Adult-Use,OR,,,,,RIPPED CITY GREENZ,,,,,,,,,2023-05-02T00:00:00,,,Milwaukie,45.4101967,-122.6279518,15591 Se Mcloughlin Blvd,97267,Active,,
050 1002483A9C1,The Green Planet,,Recreational Retailer,,Clackamas,050 1002483A9C1,OLCC,Oregon Liquor and Cannabis Commission,Adult-Use and Medicinal,OR,,,,,THE GREEN PLANET,,,,,,,,,2023-05-02T00:00:00,,,Milwaukie,45.4146018,-122.6302029,15080 Se Mcloughlin Blvd,97267,Active,,
050 10153550A2B,"Today'S Herbal Choice Milwaukie, Llc",,Recreational Retailer,,Clackamas,050 10153550A2B,OLCC,Oregon Liquor and Cannabis Commission,Adult-Use,OR,,,,,"TODAY'S HERBAL CHOICE MILWAUKIE, LLC",,,,,,,,,2023-05-02T00:00:00,,,Milwaukie,45.4455794,-122.6301322,3087 Se Monroe St,97222,Active,,
050 101338246B5,Top Hat Express,,Recreational Retailer,,Clackamas,050 101338246B5,OLCC,Oregon Liquor and Cannabis Commission,Adult-Use,OR,,,,,TOP HAT EXPRESS,,,,,,,,,2023-05-02T00:00:00,,,Milwaukie,45.4377713,-122.6407998,11916 Se 22Nd Avenue Suite B,97222,Active,,
050 10039882706,Bigfoot Bud Company,,Recreational Retailer,,Clackamas,050 10039882706,OLCC,Oregon Liquor and Cannabis Commission,Adult-Use and Medicinal,OR,,,,,BIGFOOT BUD COMPANY,,,,,,,,,2023-05-02T00:00:00,,,Molalla,45.1477985,-122.5775454,109 West Main Street,97038,Active,,
050 1003857B96E,"Today'S Herbal Choice, Inc.",,Recreational Retailer,,Clackamas,050 1003857B96E,OLCC,Oregon Liquor and Cannabis Commission,Adult-Use and Medicinal,OR,,,,,"TODAY'S HERBAL CHOICE, INC.",,,,,,,,,2023-05-02T00:00:00,,,Molalla,45.149632,-122.606552,31568 S Hwy 213,97038,Active,,
050 10081041764,Cannabis Nation Oregon City,,Recreational Retailer,,Clackamas,050 10081041764,OLCC,Oregon Liquor and Cannabis Commission,Adult-Use and Medicinal,OR,,,,,CANNABIS NATION OREGON CITY,,,,,,,,,2023-05-02T00:00:00,,,Oregon City,45.3556099,-122.605853,1128 Main St,97045,Active,,
050 100595905E3,Electric Lettuce Oregon City,,Recreational Retailer,,Clackamas,050 100595905E3,OLCC,Oregon Liquor and Cannabis Commission,Adult-Use,OR,,,,,ELECTRIC LETTUCE OREGON CITY,,,,,,,,,2023-05-02T00:00:00,,,Oregon City,45.3371921,-122.5905914,1279 Molalla Ave,97045,Active,,
050 1014054E333,Five Zero Trees Oregon City,,Recreational Retailer,,Clackamas,050 1014054E333,OLCC,Oregon Liquor and Cannabis Commission,Adult-Use,OR,,,,,FIVE ZERO TREES OREGON CITY,,,,,,,,,2023-05-02T00:00:00,,,Oregon City,45.3556099,-122.605853,719 Main St,97045,Active,,
050 1004511D431,Gnome Grown Oregon,,Recreational Retailer,,Clackamas,050 1004511D431,OLCC,Oregon Liquor and Cannabis Commission,Adult-Use and Medicinal,OR,,,,,GNOME GROWN OREGON,,,,,,,,,2023-05-02T00:00:00,,,Oregon City,45.3330731,-122.5814376,2005 Beavercreek Rd.,97045,Active,,
050 1015536CD46,Kaleafa,,Recreational Retailer,,Clackamas,050 1015536CD46,OLCC,Oregon Liquor and Cannabis Commission,Adult-Use,OR,,,,,KALEAFA,,,,,,,,,2023-05-02T00:00:00,,,Oregon City,45.3283947,-122.585007,19197 S Molalla Avenue,97045,Active,,
050 101590083E5,La Mota Merlin Llc,,Recreational Retailer,,Clackamas,050 101590083E5,OLCC,Oregon Liquor and Cannabis Commission,Adult-Use,OR,,,,,LA MOTA MERLIN LLC,,,,,,,,,2023-05-02T00:00:00,,,Oregon City,45.3646795,-122.5986331,309 17Th St,97045,Active,,
050 10171352370,The Herb Center,,Recreational Retailer,,Clackamas,050 10171352370,OLCC,Oregon Liquor and Cannabis Commission,Adult-Use,OR,,,,,THE HERB CENTER,,,,,,,,,2023-05-02T00:00:00,,,Oregon City,45.3548739,-122.6016299,921 7Th St,97045,Active,,
050 10060518DA7,Wild West Emporium,,Recreational Retailer,,Clackamas,050 10060518DA7,OLCC,Oregon Liquor and Cannabis Commission,Adult-Use and Medicinal,OR,,,,,WILD WEST EMPORIUM,,,,,,,,,2023-05-02T00:00:00,,,Oregon City,45.3488438,-122.5970548,222 Molalla Ave,97045,Active,,
050 10140881D51,Electric Lettuce Kerns,,Recreational Retailer,,Clackamas,050 10140881D51,OLCC,Oregon Liquor and Cannabis Commission,Adult-Use,OR,,,,,ELECTRIC LETTUCE KERNS,,,,,,,,,2023-05-02T00:00:00,,,Portland,45.5259373,-122.6448376,2026 Ne Sandy Blvd,97232,Active,,
050 1015135E4D3,Green Lion,,Recreational Retailer,,Clackamas,050 1015135E4D3,OLCC,Oregon Liquor and Cannabis Commission,Adult-Use,OR,,,,,GREEN LION,,,,,,,,,2023-05-02T00:00:00,,,Portland,45.45578760000001,-122.5905199,7000 Se Johnson Creek Blvd.,97206,Active,,
050 10056731BDF,Green Stop Meds,,Recreational Retailer,,Clackamas,050 10056731BDF,OLCC,Oregon Liquor and Cannabis Commission,Adult-Use,OR,,,,,GREEN STOP MEDS,,,,,,,,,2023-05-02T00:00:00,,,Portland,45.400655,-122.6194803,17030 Se Mcloughlin Blvd,97267,Active,,
050 10167774072,Greenfront,,Recreational Retailer,,Clackamas,050 10167774072,OLCC,Oregon Liquor and Cannabis Commission,Adult-Use,OR,,,,,GREENFRONT,,,,,,,,,2023-05-02T00:00:00,,,Portland,45.5519811,-122.5790881,8138 Ne Sandy Blvd,97213,Active,,
050 1012564330F,Wildcat Oils & Flower,,Recreational Retailer,,Clackamas,050 1012564330F,OLCC,Oregon Liquor and Cannabis Commission,Adult-Use,OR,,,,,WILDCAT OILS & FLOWER,,,,,,,,,2023-05-02T00:00:00,,,Portland,45.4556636,-122.5915522,6906 Se Johnson Creek Blvd  Suite A,97206,Active,,
050 100945472E9,Mount Hood Cannabis Company,,Recreational Retailer,,Clackamas,050 100945472E9,OLCC,Oregon Liquor and Cannabis Commission,Adult-Use and Medicinal,OR,,,,,MOUNT HOOD CANNABIS COMPANY,,,,,,,,,2023-05-02T00:00:00,,,Rhododendron,45.3269656,-121.9092306,73410 Us-26,97049,Active,,
050 10045349EFC,Smoke On The Mountain Llc,,Recreational Retailer,,Clackamas,050 10045349EFC,OLCC,Oregon Liquor and Cannabis Commission,Adult-Use and Medicinal,OR,,,,,SMOKE ON THE MOUNTAIN LLC,,,,,,,,,2023-05-02T00:00:00,,,Welches,45.3502994,-121.9733092,23860 E Arrah Wanna Blvd,97067,Active,,
050 101405144D4,Five Zero Trees Astoria,,Recreational Retailer,,Clatsop,050 101405144D4,OLCC,Oregon Liquor and Cannabis Commission,Adult-Use,OR,,,,,FIVE ZERO TREES ASTORIA,,,,,,,,,2023-05-02T00:00:00,,,Astoria,46.1889057,-123.8307203,1169 Commercial St,97103,Active,,
050 1017483E9A8,Good Life Collective,,Recreational Retailer,,Clatsop,050 1017483E9A8,OLCC,Oregon Liquor and Cannabis Commission,Adult-Use,OR,,,,,GOOD LIFE COLLECTIVE,,,,,,,,,2023-05-02T00:00:00,,,Astoria,46.1904511,-123.8407887,193 Marine Drive,97103,Active,,
050 1007581CF85,Hashstoria,,Recreational Retailer,,Clatsop,050 1007581CF85,OLCC,Oregon Liquor and Cannabis Commission,Adult-Use and Medicinal,OR,,,,,HASHSTORIA,,,,,,,,,2023-05-02T00:00:00,,,Astoria,46.1894796,-123.8483078,229 W Marine Dr #C,97103,Active,,
050 1004346113D,Mr. Nice Guy Astoria,,Recreational Retailer,,Clatsop,050 1004346113D,OLCC,Oregon Liquor and Cannabis Commission,Adult-Use and Medicinal,OR,,,,,MR. NICE GUY ASTORIA,,,,,,,,,2023-05-02T00:00:00,,,Astoria,46.1734053,-123.8364773,690 Olney Ave.,97103,Active,,
050 100883848C4,Mr. Nice Guy Bond St.,,Recreational Retailer,,Clatsop,050 100883848C4,OLCC,Oregon Liquor and Cannabis Commission,Adult-Use and Medicinal,OR,,,,,MR. NICE GUY BOND ST.,,,,,,,,,2023-05-02T00:00:00,,,Astoria,46.1900366,-123.8353655,730 Bond Street Ste. B,97103,Active,,
050 10159373F6B,Pure Green,,Recreational Retailer,,Clatsop,050 10159373F6B,OLCC,Oregon Liquor and Cannabis Commission,Adult-Use,OR,,,,,PURE GREEN,,,,,,,,,2023-05-02T00:00:00,,,Astoria,46.1912822,-123.8092572,3108 Marine Drive,97103,Active,,
050 10183318D9E,Smooth Roots (Astoria),,Recreational Retailer,,Clatsop,050 10183318D9E,OLCC,Oregon Liquor and Cannabis Commission,Adult-Use,OR,,,,,SMOOTH ROOTS (ASTORIA),,,,,,,,,2023-05-02T00:00:00,,,Astoria,46.1850227,-123.8578538,491 W Marine Dr,97103,Active,,
050 10025514D43,Sweet Relief Natural Medicine,,Recreational Retailer,,Clatsop,050 10025514D43,OLCC,Oregon Liquor and Cannabis Commission,Adult-Use and Medicinal,OR,,,,,SWEET RELIEF NATURAL MEDICINE,,,,,,,,,2023-05-02T00:00:00,,,Astoria,46.1892176,-123.828053,1444 Commercial St.,97103,Active,,
050 10109648FB8,The Farmacy,,Recreational Retailer,,Clatsop,050 10109648FB8,OLCC,Oregon Liquor and Cannabis Commission,Adult-Use and Medicinal,OR,,,,,THE FARMACY,,,,,,,,,2023-05-02T00:00:00,,,Astoria,46.1898588,-123.8115323,2911 Marine Dr. Suite B,97103,Active,,
050 10124193FBD,Bahama Buds,,Recreational Retailer,,Clatsop,050 10124193FBD,OLCC,Oregon Liquor and Cannabis Commission,Adult-Use,OR,,,,,BAHAMA BUDS,,,,,,,,,2023-05-02T00:00:00,,,Cannon Beach,45.89017810000001,-123.9621487,1088 S Hemlock St,97110,Active,,
050 10140524D3D,Five Zero Trees Cannon Beach,,Recreational Retailer,,Clatsop,050 10140524D3D,OLCC,Oregon Liquor and Cannabis Commission,Adult-Use,OR,,,,,FIVE ZERO TREES CANNON BEACH,,,,,,,,,2023-05-02T00:00:00,,,Cannon Beach,45.8963023,-123.9612269,140 S Hemlock St,97110,Active,,
050 10171226BE6,Oregrown Cannon Beach,,Recreational Retailer,,Clatsop,050 10171226BE6,OLCC,Oregon Liquor and Cannabis Commission,Adult-Use,OR,,,,,OREGROWN CANNON BEACH,,,,,,,,,2023-05-02T00:00:00,,,Cannon Beach,45.89854529999999,-123.9606526,215  N Hemlock St,97110,Active,,
050 1012241E9AE,Singing Sands Cannabis Company,,Recreational Retailer,,Clatsop,050 1012241E9AE,OLCC,Oregon Liquor and Cannabis Commission,Adult-Use,OR,,,,,SINGING SANDS CANNABIS COMPANY,,,,,,,,,2023-05-02T00:00:00,,,Cannon Beach,45.8997133,-123.9605382,279 N Hemlock St,97110,Active,,
050 10083622BC7,Sweet Relief Gearhart,,Recreational Retailer,,Clatsop,050 10083622BC7,OLCC,Oregon Liquor and Cannabis Commission,Adult-Use and Medicinal,OR,,,,,SWEET RELIEF GEARHART,,,,,,,,,2023-05-02T00:00:00,,,Gearhart,46.0352345,-123.9136776,4210 Hwy 101 N.,97138,Active,,
050 1018699F5C5,World Famous Top Shelf Cannabis,,Recreational Retailer,,Clatsop,050 1018699F5C5,OLCC,Oregon Liquor and Cannabis Commission,Adult-Use,OR,,,,,WORLD FAMOUS TOP SHELF CANNABIS,,,,,,,,,2023-05-02T00:00:00,,,Gearhart,46.0254848,-123.9113326,3521 Highway 101 N,97138,Active,,
050 1018133AC46,Brothers Cannabis,,Recreational Retailer,,Clatsop,050 1018133AC46,OLCC,Oregon Liquor and Cannabis Commission,Adult-Use,OR,,,,,BROTHERS CANNABIS,,,,,,,,,2023-05-02T00:00:00,,,Seaside,46.0012053,-123.9168973,1111 N Roosevelt Dr Ste 324,97138,Active,,
050 10051024930,Canna Beach Junction,,Recreational Retailer,,Clatsop,050 10051024930,OLCC,Oregon Liquor and Cannabis Commission,Adult-Use and Medicinal,OR,,,,,CANNA BEACH JUNCTION,,,,,,,,,2023-05-02T00:00:00,,,Seaside,45.9448015,-123.9220974,84834 Highway 101,97138,Active,,
050 10020483760,Cannabis Nation,,Recreational Retailer,,Clatsop,050 10020483760,OLCC,Oregon Liquor and Cannabis Commission,Adult-Use and Medicinal,OR,,,,,CANNABIS NATION,,,,,,,,,2023-05-02T00:00:00,,,Seaside,45.9900941,-123.9221029,550 S Roosevelt Dr,97138,Active,,
050 10187941F4A,Coastal Craft Cannabis,,Recreational Retailer,,Clatsop,050 10187941F4A,OLCC,Oregon Liquor and Cannabis Commission,Adult-Use,OR,,,,,COASTAL CRAFT CANNABIS,,,,,,,,,2023-05-02T00:00:00,,,Seaside,45.9952861,-123.9198959,200 N Roosevelt Dr,97138,Active,,
050 1004691B5CD,Highway 420,,Recreational Retailer,,Clatsop,050 1004691B5CD,OLCC,Oregon Liquor and Cannabis Commission,Adult-Use and Medicinal,OR,,,,,HIGHWAY 420,,,,,,,,,2023-05-02T00:00:00,,,Seaside,45.9823903,-123.9257016,1803 S Roosevelt Dr  Suite C,97138,Active,,
050 1004580125D,Oasis Cannabis,,Recreational Retailer,,Clatsop,050 1004580125D,OLCC,Oregon Liquor and Cannabis Commission,Adult-Use and Medicinal,OR,,,,,OASIS CANNABIS,,,,,,,,,2023-05-02T00:00:00,,,Seaside,45.9866249,-123.9234804,1111 S. Holladay Drive,97138,Active,,
050 1004244CF83,Tsunami Marijuana Llc,,Recreational Retailer,,Clatsop,050 1004244CF83,OLCC,Oregon Liquor and Cannabis Commission,Adult-Use and Medicinal,OR,,,,,TSUNAMI MARIJUANA LLC,,,,,,,,,2023-05-02T00:00:00,,,Seaside,46.0041711,-123.9157533,1555 N Roosevelt Dr,97138,Active,,
050 1014405321C,Western Oregon Dispensary,,Recreational Retailer,,Clatsop,050 1014405321C,OLCC,Oregon Liquor and Cannabis Commission,Adult-Use,OR,,,,,WESTERN OREGON DISPENSARY,,,,,,,,,2023-05-02T00:00:00,,,Seaside,44.5055605,-118.2640149,38012 Hwy 26 #2,97138,Active,,
050 1007581CF85,Hashstoria,,Recreational Retailer,,Clatsop,050 1007581CF85,OLCC,Oregon Liquor and Cannabis Commission,Adult-Use,OR,,,,,HASHSTORIA,,,,,,,,,2023-05-02T00:00:00,,,Westport,46.1326105,-123.3748481,49332 Hwy 30 Ste. B,97016,Active,,
050 1004252574B,"Today'S Herbal Choice Rainier, Llc",,Recreational Retailer,,Columbia,050 1004252574B,OLCC,Oregon Liquor and Cannabis Commission,Adult-Use and Medicinal,OR,,,,,"TODAY'S HERBAL CHOICE RAINIER, LLC",,,,,,,,,2023-05-02T00:00:00,,,Rainier,46.0965762,-122.9606969,75936 Rockcrest St Unit B1,97048,Active,,
050 1002710CD3B,Emerald City Dispensary,,Recreational Retailer,,Columbia,050 1002710CD3B,OLCC,Oregon Liquor and Cannabis Commission,Adult-Use and Medicinal,OR,,,,,EMERALD CITY DISPENSARY ,,,,,,,,,2023-05-02T00:00:00,,,Scappoose,45.72730989999999,-122.8754192,50414 Columbia River,97056,Active,,
050 1005553BACC,Green Lion,,Recreational Retailer,,Columbia,050 1005553BACC,OLCC,Oregon Liquor and Cannabis Commission,Adult-Use,OR,,,,,GREEN LION,,,,,,,,,2023-05-02T00:00:00,,,Scappoose,45.7238415,-122.8752461,50178 Columbia River Highway,97056,Active,,
050 1005805038C,Sweet Relief Scappoose,,Recreational Retailer,,Columbia,050 1005805038C,OLCC,Oregon Liquor and Cannabis Commission,Adult-Use and Medicinal,OR,,,,,SWEET RELIEF SCAPPOOSE,,,,,,,,,2023-05-02T00:00:00,,,Scappoose,45.757601,-122.8784352,52515 Columbia River Hwy,97056,Active,,
050 1012848DB9F,Good Good,,Recreational Retailer,,Columbia,050 1012848DB9F,OLCC,Oregon Liquor and Cannabis Commission,Adult-Use,OR,,,,,GOOD GOOD ,,,,,,,,,2023-05-02T00:00:00,,,St. Helens,45.8641183,-122.7987864,100 St. Helens Street,97051,Active,,
050 1005553BACC,Green Lion,,Recreational Retailer,,Columbia,050 1005553BACC,OLCC,Oregon Liquor and Cannabis Commission,Adult-Use and Medicinal,OR,,,,,GREEN LION,,,,,,,,,2023-05-02T00:00:00,,,St. Helens,45.8560939,-122.8247181,365 S. Columbia River Hwy,97051,Active,,
050 10025563EE3,Sweet Relief St. Helens,,Recreational Retailer,,Columbia,050 10025563EE3,OLCC,Oregon Liquor and Cannabis Commission,Adult-Use and Medicinal,OR,,,,,SWEET RELIEF ST. HELENS,,,,,,,,,2023-05-02T00:00:00,,,St. Helens,45.85879629999999,-122.8159648,1809 Columbia Blvd,97051,Active,,
050 10001263A2F,Vernonia'S Natural Choice,,Recreational Retailer,,Columbia,050 10001263A2F,OLCC,Oregon Liquor and Cannabis Commission,Adult-Use and Medicinal,OR,,,,,VERNONIA'S NATURAL CHOICE,,,,,,,,,2023-05-02T00:00:00,,,Vernonia,45.8586855,-123.197782,736 Bridge Street Ste 1 Po Box 385,97064,Active,,
050 10032056BC2,The Flowershop St. Helens,,Recreational Retailer,,Columbia,050 10032056BC2,OLCC,Oregon Liquor and Cannabis Commission,Adult-Use and Medicinal,OR,,,,,THE FLOWERSHOP ST. HELENS,,,,,,,,,2023-05-02T00:00:00,,,Warren,45.8202336,-122.8486822,56821 Columbia River Hwy,97053,Active,,
050 1003361BA17,Herbal Choices,,Recreational Retailer,,Coos,050 1003361BA17,OLCC,Oregon Liquor and Cannabis Commission,Adult-Use and Medicinal,OR,,,,,HERBAL CHOICES ,,,,,,,,,2023-05-02T00:00:00,,,Bandon,43.104628,-124.4148196,50375 Hwy 101,97411,Active,,
050 1012479EF11,Red Barn Dispensary,,Recreational Retailer,,Coos,050 1012479EF11,OLCC,Oregon Liquor and Cannabis Commission,Adult-Use,OR,,,,,RED BARN DISPENSARY,,,,,,,,,2023-05-02T00:00:00,,,Bandon,43.1189978,-124.408448,265 North Ave.,97411,Active,,
050 10073803B80,Bahama Buds,,Recreational Retailer,,Coos,050 10073803B80,OLCC,Oregon Liquor and Cannabis Commission,Adult-Use and Medicinal,OR,,,,,BAHAMA BUDS,,,,,,,,,2023-05-02T00:00:00,,,Coos Bay,43.3783087,-124.2175812,1415 N Bayshore Dr,97420,Active,,
050 1003361BA17,Herbal Choices,,Recreational Retailer,,Coos,050 1003361BA17,OLCC,Oregon Liquor and Cannabis Commission,Adult-Use and Medicinal,OR,,,,,HERBAL CHOICES,,,,,,,,,2023-05-02T00:00:00,,,Coos Bay,43.3382444,-124.318572,63247 Troller Road,97420,Active,,
050 1003361BA17,Herbal Choices,,Recreational Retailer,,Coos,050 1003361BA17,OLCC,Oregon Liquor and Cannabis Commission,Adult-Use and Medicinal,OR,,,,,HERBAL CHOICES,,,,,,,,,2023-05-02T00:00:00,,,Coos Bay,43.35864,-124.2124236,965 S 1St St,97420,Active,,
050 100807035DC,King Kannabis,,Recreational Retailer,,Coos,050 100807035DC,OLCC,Oregon Liquor and Cannabis Commission,Adult-Use and Medicinal,OR,,,,,KING KANNABIS,,,,,,,,,2023-05-02T00:00:00,,,Coos Bay,43.3919843,-124.2614949,1544 Newmark Avenue,97420,Active,,
050 10118198534,Mr. Nice Guy Retail,,Recreational Retailer,,Coos,050 10118198534,OLCC,Oregon Liquor and Cannabis Commission,Adult-Use,OR,,,,,MR. NICE GUY RETAIL,,,,,,,,,2023-05-02T00:00:00,,,Coos Bay,43.3662174,-124.2133077,275 S. Broadway,97420,Active,,
050 1023065BA7E,Pioneer Cannabis Co.,,Recreational Retailer,,Coos,050 1023065BA7E,OLCC,Oregon Liquor and Cannabis Commission,Adult-Use,OR,,,,,PIONEER CANNABIS CO.,,,,,,,,,2023-05-02T00:00:00,,,Coos Bay,43.35605590000001,-124.2064049,63049 Highway 101,97420,Active,,
050 10124861F1E,Redbarn Dispensary,,Recreational Retailer,,Coos,050 10124861F1E,OLCC,Oregon Liquor and Cannabis Commission,Adult-Use,OR,,,,,REDBARN DISPENSARY,,,,,,,,,2023-05-02T00:00:00,,,Coos Bay,43.392426,-124.2778897,170 S Empire Blvd,97420,Active,,
050 1009278EFBC,Rooted Coast Cannabis,,Recreational Retailer,,Coos,050 1009278EFBC,OLCC,Oregon Liquor and Cannabis Commission,Adult-Use and Medicinal,OR,,,,,ROOTED COAST CANNABIS,,,,,,,,,2023-05-02T00:00:00,,,Coos Bay,43.3873133,-124.238609,2770 Woodland Drive Suite A,97420,Active,,
050 1004871D96B,S & S Emporium,,Recreational Retailer,,Coos,050 1004871D96B,OLCC,Oregon Liquor and Cannabis Commission,Adult-Use and Medicinal,OR,,,,,S & S EMPORIUM,,,,,,,,,2023-05-02T00:00:00,,,Coos Bay,43.3658515,-124.1962663,294 Central,97420,Active,,
050 1021663B76F,Hash It Out,,Recreational Retailer,,Coos,050 1021663B76F,OLCC,Oregon Liquor and Cannabis Commission,Adult-Use,OR,,,,,HASH IT OUT,,,,,,,,,2023-05-02T00:00:00,,,Coquille,43.18642639999999,-124.2001806,1080 West Central Blvd,97423,Active,,
050 10084881C6D,Natural High,,Recreational Retailer,,Coos,050 10084881C6D,OLCC,Oregon Liquor and Cannabis Commission,Adult-Use and Medicinal,OR,,,,,NATURAL HIGH,,,,,,,,,2023-05-02T00:00:00,,,Coquille,43.1741886,-124.1970781,749 Riverside Drive Suite A,97423,Active,,
050 1012479EF11,Red Barn Dispensary,,Recreational Retailer,,Coos,050 1012479EF11,OLCC,Oregon Liquor and Cannabis Commission,Adult-Use,OR,,,,,RED BARN DISPENSARY,,,,,,,,,2023-05-02T00:00:00,,,Coquille,43.17541800000001,-124.1908599,0 North Birch Street,97423,Active,,
050 101122730F7,Buds 4 U,,Recreational Retailer,,Coos,050 101122730F7,OLCC,Oregon Liquor and Cannabis Commission,Adult-Use,OR,,,,,BUDS 4 U,,,,,,,,,2023-05-02T00:00:00,,,Lakeside,43.59150100000001,-124.181954,72217 Hwy101,97449,Active,,
050 1011585E7DC,La Mota,,Recreational Retailer,,Coos,050 1011585E7DC,OLCC,Oregon Liquor and Cannabis Commission,Adult-Use,OR,,,,,LA MOTA,,,,,,,,,2023-05-02T00:00:00,,,Myrtle Point,43.0508117,-124.1299423,1994 Roseburg Road,97458,Active,,
050 10124861F1E,Redbarn Dispensary,,Recreational Retailer,,Coos,050 10124861F1E,OLCC,Oregon Liquor and Cannabis Commission,Adult-Use,OR,,,,,REDBARN DISPENSARY,,,,,,,,,2023-05-02T00:00:00,,,Myrtle Point,43.0596148,-124.1363202,1107 Maryland Ave.,97458,Active,,
050 1004819175D,Coastal High Ways,,Recreational Retailer,,Coos,050 1004819175D,OLCC,Oregon Liquor and Cannabis Commission,Adult-Use,OR,,,,,COASTAL HIGH WAYS,,,,,,,,,2023-05-02T00:00:00,,,North Bend,43.403425,-124.2391068,2233 Broadway,97459,Active,,
050 1014898CB9E,Green Lion,,Recreational Retailer,,Coos,050 1014898CB9E,OLCC,Oregon Liquor and Cannabis Commission,Adult-Use,OR,,,,,GREEN LION ,,,,,,,,,2023-05-02T00:00:00,,,North Bend,43.40678990000001,-124.2359919,1760 Virginia Ave,97459,Active,,
050 1003361BA17,Herbal Choices,,Recreational Retailer,,Coos,050 1003361BA17,OLCC,Oregon Liquor and Cannabis Commission,Adult-Use,OR,,,,,HERBAL CHOICES,,,,,,,,,2023-05-02T00:00:00,,,North Bend,43.4087885,-124.2236954,1845 Sherman Avenue,97459,Active,,
050 1017254B390,High Tide Nw Llc,,Recreational Retailer,,Coos,050 1017254B390,OLCC,Oregon Liquor and Cannabis Commission,Adult-Use,OR,,,,,HIGH TIDE NW LLC,,,,,,,,,2023-05-02T00:00:00,,,North Bend,43.406779,-124.227893,1074 Virginia Ave,97459,Active,,
050 1011585E7DC,La Mota,,Recreational Retailer,,Coos,050 1011585E7DC,OLCC,Oregon Liquor and Cannabis Commission,Adult-Use,OR,,,,,LA MOTA,,,,,,,,,2023-05-02T00:00:00,,,North Bend,43.4114519,-124.2237791,1625 Sherman Ave,97459,Active,,
050 1003813BCA1,Positive Vibrations,,Recreational Retailer,,Coos,050 1003813BCA1,OLCC,Oregon Liquor and Cannabis Commission,Adult-Use and Medicinal,OR,,,,,POSITIVE VIBRATIONS,,,,,,,,,2023-05-02T00:00:00,,,North Bend,43.389503,-124.2207415,3682 Tremont St,97459,Active,,
050 10054414005,Bud Bros Llc,,Recreational Retailer,,Curry,050 10054414005,OLCC,Oregon Liquor and Cannabis Commission,Adult-Use and Medicinal,OR,,,,,BUD BROS LLC,,,,,,,,,2023-05-02T00:00:00,,,Brookings,42.0575137,-124.2970109,"1240 Chetco Ave., Ste E, F",97415,Active,,
050 10011855BAC,High Tide Wellness Center,,Recreational Retailer,,Curry,050 10011855BAC,OLCC,Oregon Liquor and Cannabis Commission,Adult-Use and Medicinal,OR,,,,,HIGH TIDE WELLNESS CENTER,,,,,,,,,2023-05-02T00:00:00,,,Brookings,42.0421671,-124.2487559,15957 Us-101 Suite #4,97415,Active,,
050 10162085768,High Tide Wellness Center Llc.,,Recreational Retailer,,Curry,050 10162085768,OLCC,Oregon Liquor and Cannabis Commission,Adult-Use,OR,,,,,HIGH TIDE WELLNESS CENTER LLC.,,,,,,,,,2023-05-02T00:00:00,,,Brookings,42.055327,-124.2927311,1105 Chetco Avenue,97415,Active,,
050 1009085FCAD,La Mota Brookings,,Recreational Retailer,,Curry,050 1009085FCAD,OLCC,Oregon Liquor and Cannabis Commission,Adult-Use,OR,,,,,LA MOTA BROOKINGS ,,,,,,,,,2023-05-02T00:00:00,,,Brookings,42.0515913,-124.2807668,307 Fern Ave,97415,Active,,
050 101747791DA,Luanka Llc,,Recreational Retailer,,Curry,050 101747791DA,OLCC,Oregon Liquor and Cannabis Commission,Adult-Use,OR,,,,,LUANKA LLC,,,,,,,,,2023-05-02T00:00:00,,,Brookings,42.0351171,-124.2421696,15714 Hwy 101 Suite #B,97415,Active,,
050 100825128A0,South Coast Dispensaries And More,,Recreational Retailer,,Curry,050 100825128A0,OLCC,Oregon Liquor and Cannabis Commission,Adult-Use and Medicinal,OR,,,,,SOUTH COAST DISPENSARIES AND MORE,,,,,,,,,2023-05-02T00:00:00,,,Brookings,42.0550965,-124.2919429,1025 Chetco Ave #4,97415,Active,,
050 10052669AAA,Stateline Cannabis,,Recreational Retailer,,Curry,050 10052669AAA,OLCC,Oregon Liquor and Cannabis Commission,Adult-Use and Medicinal,OR,,,,,STATELINE CANNABIS,,,,,,,,,2023-05-02T00:00:00,,,Brookings,41.9997036,-124.2079237,"14377 Highway 101 S.,  Unit B",97415,Active,,
050 10068296AF9,"Tryke City, Llc",,Recreational Retailer,,Curry,050 10068296AF9,OLCC,Oregon Liquor and Cannabis Commission,Adult-Use and Medicinal,OR,,,,,"TRYKE CITY, LLC",,,,,,,,,2023-05-02T00:00:00,,,Brookings,42.0529611,-124.2783638,407 Oak St. Unit B,97415,Active,,
050 1005050D2DA,West Coast Organics,,Recreational Retailer,,Curry,050 1005050D2DA,OLCC,Oregon Liquor and Cannabis Commission,Adult-Use and Medicinal,OR,,,,,WEST COAST ORGANICS,,,,,,,,,2023-05-02T00:00:00,,,Brookings,42.0518254,-124.2889414,855 Railroad Street Ste. C,97415,Active,,
050 10047520A20,World Famous Top Shelf Cannabis,,Recreational Retailer,,Curry,050 10047520A20,OLCC,Oregon Liquor and Cannabis Commission,Adult-Use,OR,,,,,WORLD FAMOUS TOP SHELF CANNABIS,,,,,,,,,2023-05-02T00:00:00,,,Brookings,42.0524978,-124.2836271,704 Chetco Ave Suite A,97415,Active,,
050 1003493E0C7,Club Sockeye,,Recreational Retailer,,Curry,050 1003493E0C7,OLCC,Oregon Liquor and Cannabis Commission,Adult-Use and Medicinal,OR,,,,,CLUB SOCKEYE,,,,,,,,,2023-05-02T00:00:00,,,Gold Beach,42.4208644,-124.4178943,29970 Ellensburg Ave,97444,Active,,
050 10079307113,La Mota,,Recreational Retailer,,Curry,050 10079307113,OLCC,Oregon Liquor and Cannabis Commission,Adult-Use,OR,,,,,LA MOTA ,,,,,,,,,2023-05-02T00:00:00,,,Gold Beach,42.4176752,-124.4196802,29846 Ellensburg Ave,97444,Active,,
050 10067366FA8,Budmart,,Recreational Retailer,,Curry,050 10067366FA8,OLCC,Oregon Liquor and Cannabis Commission,Adult-Use and Medicinal,OR,,,,,BUDMART,,,,,,,,,2023-05-02T00:00:00,,,Harbor,42.0494837,-124.2620753,97900 Shopping Center Ave. Suite #37,97415,Active,,
050 1016923EE82,Pops' Llc,,Recreational Retailer,,Curry,050 1016923EE82,OLCC,Oregon Liquor and Cannabis Commission,Adult-Use,OR,,,,,POPS' LLC,,,,,,,,,2023-05-02T00:00:00,,,Port Orford,42.7436964,-124.494065,"264 Sixth St, Unit A",97465,Active,,
050 10045287738,5Th Lmnt,,Recreational Retailer,,Deschutes,050 10045287738,OLCC,Oregon Liquor and Cannabis Commission,Adult-Use and Medicinal,OR,,,,,5TH LMNT,,,,,,,,,2023-05-02T00:00:00,,,Bend,44.0451007,-121.3262338,385 Sw Columbia Street,97702,Active,,
050 10027156F6D,Cannabend,,Recreational Retailer,,Deschutes,050 10027156F6D,OLCC,Oregon Liquor and Cannabis Commission,Adult-Use and Medicinal,OR,,,,,CANNABEND,,,,,,,,,2023-05-02T00:00:00,,,Bend,44.08609269999999,-121.3058414,3312 N Highway 97,97703,Active,,
050 10050484E34,Cannabis Nation Sunriver,,Recreational Retailer,,Deschutes,050 10050484E34,OLCC,Oregon Liquor and Cannabis Commission,Adult-Use and Medicinal,OR,,,,,CANNABIS NATION SUNRIVER,,,,,,,,,2023-05-02T00:00:00,,,Bend,43.8627226,-121.456825,56789 Lunar Drive,97707,Active,,
050 1006946EE11,Cannavida,,Recreational Retailer,,Deschutes,050 1006946EE11,OLCC,Oregon Liquor and Cannabis Commission,Adult-Use,OR,,,,,CANNAVIDA,,,,,,,,,2023-05-02T00:00:00,,,Bend,44.0557493,-121.3017578,325 Ne Franklin Ave,97701,Active,,
050 10000590807,Diamondtree,,Recreational Retailer,,Deschutes,050 10000590807,OLCC,Oregon Liquor and Cannabis Commission,Adult-Use and Medicinal,OR,,,,,DIAMONDTREE,,,,,,,,,2023-05-02T00:00:00,,,Bend,44.0546681,-121.263071,2715 E Highway 20,97701,Active,,
050 10000590807,Diamondtree,,Recreational Retailer,,Deschutes,050 10000590807,OLCC,Oregon Liquor and Cannabis Commission,Adult-Use and Medicinal,OR,,,,,DIAMONDTREE,,,,,,,,,2023-05-02T00:00:00,,,Bend,44.0564028,-121.3295625,1233 Nw Galveston Ave,97701,Active,,
050 1016622D255,Dr. Jolly'S,,Recreational Retailer,,Deschutes,050 1016622D255,OLCC,Oregon Liquor and Cannabis Commission,Adult-Use,OR,,,,,DR. JOLLY'S,,,,,,,,,2023-05-02T00:00:00,,,Bend,44.0461063,-121.3027633,415 Se 3Rd St,97702,Active,,
050 10170433A1A,"Elevated Cultivation, A High Desert Flower Dispensary",,Recreational Retailer,,Deschutes,050 10170433A1A,OLCC,Oregon Liquor and Cannabis Commission,Adult-Use,OR,,,,,"ELEVATED CULTIVATION, A HIGH DESERT FLOWER DISPENSARY",,,,,,,,,2023-05-02T00:00:00,,,Bend,44.0496515,-121.3031282,265 Se Scott Street,97702,Active,,
050 101153999FB,Fyre,,Recreational Retailer,,Deschutes,050 101153999FB,OLCC,Oregon Liquor and Cannabis Commission,Adult-Use,OR,,,,,FYRE,,,,,,,,,2023-05-02T00:00:00,,,Bend,44.0758729,-121.3052527,2650 Ne Division St,97703,Active,,
050 10121623400,Green Cross Cannabis Emporium,,Recreational Retailer,,Deschutes,050 10121623400,OLCC,Oregon Liquor and Cannabis Commission,Adult-Use,OR,,,,,GREEN CROSS CANNABIS EMPORIUM,,,,,,,,,2023-05-02T00:00:00,,,Bend,44.046445,-121.3321517,341 Sw Century Dr.,97702,Active,,
050 10044623308,Jenny'S Dispensary,,Recreational Retailer,,Deschutes,050 10044623308,OLCC,Oregon Liquor and Cannabis Commission,Adult-Use and Medicinal,OR,,,,,JENNY'S DISPENSARY,,,,,,,,,2023-05-02T00:00:00,,,Bend,44.0595248,-121.3021624,932 Ne 3Rd St,97701,Active,,
050 10008384059,Miracle Greens,,Recreational Retailer,,Deschutes,050 10008384059,OLCC,Oregon Liquor and Cannabis Commission,Adult-Use and Medicinal,OR,,,,,MIRACLE GREENS,,,,,,,,,2023-05-02T00:00:00,,,Bend,44.0414255,-121.3033979,905 Se 3Rd St,97702,Active,,
050 10135587382,Mr. Nice Guy Bend,,Recreational Retailer,,Deschutes,050 10135587382,OLCC,Oregon Liquor and Cannabis Commission,Adult-Use and Medicinal,OR,,,,,MR. NICE GUY BEND,,,,,,,,,2023-05-02T00:00:00,,,Bend,44.0493752,-121.3032763,224 Se Davis Ave,97702,Active,,
050 1013874BDF5,Oregon Euphorics,,Recreational Retailer,,Deschutes,050 1013874BDF5,OLCC,Oregon Liquor and Cannabis Commission,Adult-Use,OR,,,,,OREGON EUPHORICS,,,,,,,,,2023-05-02T00:00:00,,,Bend,44.05094709999999,-121.3301666,70 Sw Century Dr. Suite #170,97702,Active,,
050 10035451904,Oregrown Bend,,Recreational Retailer,,Deschutes,050 10035451904,OLCC,Oregon Liquor and Cannabis Commission,Adult-Use and Medicinal,OR,,,,,OREGROWN BEND,,,,,,,,,2023-05-02T00:00:00,,,Bend,44.0616776,-121.3116487,1199 Nw Wall St.,97703,Active,,
050 10022589CE7,Plantae,,Recreational Retailer,,Deschutes,050 10022589CE7,OLCC,Oregon Liquor and Cannabis Commission,Adult-Use and Medicinal,OR,,,,,PLANTAE,,,,,,,,,2023-05-02T00:00:00,,,Bend,44.0541452,-121.2718036,2115 Ne Hwy 20 Suite 107,97701,Active,,
050 1022022C2C4,Smokelore,,Recreational Retailer,,Deschutes,050 1022022C2C4,OLCC,Oregon Liquor and Cannabis Commission,Adult-Use,OR,,,,,SMOKELORE,,,,,,,,,2023-05-02T00:00:00,,,Bend,44.0539784,-121.3084973,324 Nw Hill St,97703,Active,,
050 10044860EA3,Substance,,Recreational Retailer,,Deschutes,050 10044860EA3,OLCC,Oregon Liquor and Cannabis Commission,Adult-Use and Medicinal,OR,,,,,SUBSTANCE,,,,,,,,,2023-05-02T00:00:00,,,Bend,44.0704962,-121.3058599,1814 Ne Division St.,97701,Active,,
050 10044860EA3,Substance,,Recreational Retailer,,Deschutes,050 10044860EA3,OLCC,Oregon Liquor and Cannabis Commission,Adult-Use and Medicinal,OR,,,,,SUBSTANCE,,,,,,,,,2023-05-02T00:00:00,,,Bend,44.091334,-121.3057519,20365 Empire Ave. Ste 140,97703,Active,,
050 10044860EA3,Substance,,Recreational Retailer,,Deschutes,050 10044860EA3,OLCC,Oregon Liquor and Cannabis Commission,Adult-Use and Medicinal,OR,,,,,SUBSTANCE,,,,,,,,,2023-05-02T00:00:00,,,Bend,44.03003020000001,-121.3105744,61406 S Hwy 97,97702,Active,,
050 1021698ED82,The Flower Room,,Recreational Retailer,,Deschutes,050 1021698ED82,OLCC,Oregon Liquor and Cannabis Commission,Adult-Use,OR,,,,,THE FLOWER ROOM,,,,,,,,,2023-05-02T00:00:00,,,Bend,44.05830479999999,-121.3090102,817 Nw Hill St,97703,Active,,
050 1016525DC37,The Herb Center,,Recreational Retailer,,Deschutes,050 1016525DC37,OLCC,Oregon Liquor and Cannabis Commission,Adult-Use,OR,,,,,THE HERB CENTER,,,,,,,,,2023-05-02T00:00:00,,,Bend,44.07183920000001,-121.3061175,2205 Ne Division Street Suite 150,97703,Active,,
050 1004132F2CF,The Local Market,,Recreational Retailer,,Deschutes,050 1004132F2CF,OLCC,Oregon Liquor and Cannabis Commission,Adult-Use and Medicinal,OR,,,,,THE LOCAL MARKET,,,,,,,,,2023-05-02T00:00:00,,,Bend,44.0623986,-121.3052436,1216 Ne 1St Street Suite 100,97701,Active,,
050 100516333C2,Tokyo South,,Recreational Retailer,,Deschutes,050 100516333C2,OLCC,Oregon Liquor and Cannabis Commission,Adult-Use and Medicinal,OR,,,,,TOKYO SOUTH,,,,,,,,,2023-05-02T00:00:00,,,Bend,44.0236799,-121.3146455,61230 S Hwy 97,97702,Active,,
050 1000360C340,Tokyo Starfish,,Recreational Retailer,,Deschutes,050 1000360C340,OLCC,Oregon Liquor and Cannabis Commission,Adult-Use and Medicinal,OR,,,,,TOKYO STARFISH,,,,,,,,,2023-05-02T00:00:00,,,Bend,44.0516612,-121.3151897,542 Nw Arizona Avenue,97701,Active,,
050 1011273FDDC,Tokyo Starfish 3,,Recreational Retailer,,Deschutes,050 1011273FDDC,OLCC,Oregon Liquor and Cannabis Commission,Adult-Use and Medicinal,OR,,,,,TOKYO STARFISH 3,,,,,,,,,2023-05-02T00:00:00,,,Bend,44.0411931,-121.3035149,923 Se 3Rd St.,97702,Active,,
050 1003951867F,Top Shelf Medicine,,Recreational Retailer,,Deschutes,050 1003951867F,OLCC,Oregon Liquor and Cannabis Commission,Adult-Use,OR,,,,,TOP SHELF MEDICINE,,,,,,,,,2023-05-02T00:00:00,,,Bend,44.0595873,-121.2934998,815 Ne Greenwood Ave,97701,Active,,
050 1006553111A,Green Knottz,,Recreational Retailer,,Deschutes,050 1006553111A,OLCC,Oregon Liquor and Cannabis Commission,Adult-Use and Medicinal,OR,,,,,GREEN KNOTTZ,,,,,,,,,2023-05-02T00:00:00,,,La Pine,43.6725917,-121.5007818,51546 Highway 97 #7,97739,Active,,
050 10061656460,Hd Botanicals,,Recreational Retailer,,Deschutes,050 10061656460,OLCC,Oregon Liquor and Cannabis Commission,Adult-Use and Medicinal,OR,,,,,HD BOTANICALS,,,,,,,,,2023-05-02T00:00:00,,,La Pine,43.67039949999999,-121.503636,51366 Hwy 97,97739,Active,,
050 1012526D914,House Of Hash,,Recreational Retailer,,Deschutes,050 1012526D914,OLCC,Oregon Liquor and Cannabis Commission,Adult-Use,OR,,,,,HOUSE OF HASH,,,,,,,,,2023-05-02T00:00:00,,,La Pine,43.6717983,-121.5076391,51456 Hwy 97 #3,97739,Active,,
050 1007465E4E4,Hyroot Organics,,Recreational Retailer,,Deschutes,050 1007465E4E4,OLCC,Oregon Liquor and Cannabis Commission,Adult-Use,OR,,,,,HYROOT ORGANICS,,,,,,,,,2023-05-02T00:00:00,,,La Pine,43.7040878,-121.502986,52410 River Pine Rd,97739,Active,,
050 101881063C7,Paka House Cannabis,,Recreational Retailer,,Deschutes,050 101881063C7,OLCC,Oregon Liquor and Cannabis Commission,Adult-Use,OR,,,,,PAKA HOUSE CANNABIS,,,,,,,,,2023-05-02T00:00:00,,,La Pine,43.67039949999999,-121.503636,52690 Hwy 97 Suite A,97739,Active,,
050 1000779DEF8,La Mota,,Recreational Retailer,,Douglas,050 1000779DEF8,OLCC,Oregon Liquor and Cannabis Commission,Adult-Use and Medicinal,OR,,,,,LA MOTA,,,,,,,,,2023-05-02T00:00:00,,,Drain,43.6633334,-123.3164069,257 2Nd St,97435,Active,,
050 1004542CDD8,Redbarn Cannabis,,Recreational Retailer,,Douglas,050 1004542CDD8,OLCC,Oregon Liquor and Cannabis Commission,Adult-Use and Medicinal,OR,,,,,REDBARN CANNABIS,,,,,,,,,2023-05-02T00:00:00,,,Myrtle Creek,43.0064426,-123.2999196,1069 N Old Pacific Hwy,97457,Active,,
050 1011388D21A,Redbarn Dispensary,,Recreational Retailer,,Douglas,050 1011388D21A,OLCC,Oregon Liquor and Cannabis Commission,Adult-Use,OR,,,,,REDBARN DISPENSARY,,,,,,,,,2023-05-02T00:00:00,,,Myrtle Creek,43.0145629,-123.2934393,902 S Main,97457,Active,,
050 10119109DCD,Coastal High Ways Reedsport,,Recreational Retailer,,Douglas,050 10119109DCD,OLCC,Oregon Liquor and Cannabis Commission,Adult-Use,OR,,,,,COASTAL HIGH WAYS REEDSPORT,,,,,,,,,2023-05-02T00:00:00,,,Reedsport,43.7017988,-124.0980828,470 Fir Ave,97467,Active,,
050 10111819607,Herbal Choices,,Recreational Retailer,,Douglas,050 10111819607,OLCC,Oregon Liquor and Cannabis Commission,Adult-Use,OR,,,,,HERBAL CHOICES,,,,,,,,,2023-05-02T00:00:00,,,Reedsport,43.6964111,-124.1185435,1891 Winchester Avenue,97467,Active,,
050 10092871208,The House Of Dank Llc,,Recreational Retailer,,Douglas,050 10092871208,OLCC,Oregon Liquor and Cannabis Commission,Adult-Use and Medicinal,OR,,,,,THE HOUSE OF DANK LLC,,,,,,,,,2023-05-02T00:00:00,,,Reedsport,43.7025906,-124.0967291,379 Fir Ave  Units 6-8,97467,Active,,
050 10103955057,"Today'S Herbal Choice Reedsport, Llc",,Recreational Retailer,,Douglas,050 10103955057,OLCC,Oregon Liquor and Cannabis Commission,Adult-Use,OR,,,,,"TODAY'S HERBAL CHOICE REEDSPORT, LLC",,,,,,,,,2023-05-02T00:00:00,,,Reedsport,46.2944965,-123.962593,1051 Hwy 101 S,97467,Active,,
050 100708760AF,420 Club Llc,,Recreational Retailer,,Douglas,050 100708760AF,OLCC,Oregon Liquor and Cannabis Commission,Adult-Use and Medicinal,OR,,,,,420 CLUB LLC,,,,,,,,,2023-05-02T00:00:00,,,Roseburg,43.241523,-123.3532288,2566 Ne Stephens St,97470,Active,,
050 10173159C9A,Cannaking Marijuana Dispensaries,,Recreational Retailer,,Douglas,050 10173159C9A,OLCC,Oregon Liquor and Cannabis Commission,Adult-Use,OR,,,,,CANNAKING MARIJUANA DISPENSARIES,,,,,,,,,2023-05-02T00:00:00,,,Roseburg,43.2271168,-123.3591627,1449 Nw Mulholland Dr,97470,Active,,
050 10049124667,Cougar Cannabis Llc,,Recreational Retailer,,Douglas,050 10049124667,OLCC,Oregon Liquor and Cannabis Commission,Adult-Use and Medicinal,OR,,,,,COUGAR CANNABIS LLC,,,,,,,,,2023-05-02T00:00:00,,,Roseburg,43.2131287,-123.3337758,1989 Ne Diamond Lake Blvd,97470,Active,,
050 1012006BB1E,Emerald Triangle Dispensary,,Recreational Retailer,,Douglas,050 1012006BB1E,OLCC,Oregon Liquor and Cannabis Commission,Adult-Use,OR,,,,,EMERALD TRIANGLE DISPENSARY,,,,,,,,,2023-05-02T00:00:00,,,Roseburg,43.2351828,-123.3782069,1630 Nw Garden Valley Blvd Suite 101 & 103,97471,Active,,
050 1008712E87C,Fx 420 Inc,,Recreational Retailer,,Douglas,050 1008712E87C,OLCC,Oregon Liquor and Cannabis Commission,Adult-Use and Medicinal,OR,,,,,FX 420 INC,,,,,,,,,2023-05-02T00:00:00,,,Roseburg,43.22634470000001,-123.3552392,"161 Nw Garden Valley Blvd, Suite 105",97470,Active,,
050 1000779DEF8,La Mota,,Recreational Retailer,,Douglas,050 1000779DEF8,OLCC,Oregon Liquor and Cannabis Commission,Adult-Use and Medicinal,OR,,,,,LA MOTA ,,,,,,,,,2023-05-02T00:00:00,,,Roseburg,43.2088707,-123.346669,644 Se Cass Ave,97470,Active,,
050 101068041F4,La Mota Roseburg 2 Llc,,Recreational Retailer,,Douglas,050 101068041F4,OLCC,Oregon Liquor and Cannabis Commission,Adult-Use,OR,,,,,LA MOTA ROSEBURG 2 LLC,,,,,,,,,2023-05-02T00:00:00,,,Roseburg,43.216505,-123.3417381,573 Ne Stephen'S St,97478,Active,,
050 1011388D21A,Redbarn Dispensary,,Recreational Retailer,,Douglas,050 1011388D21A,OLCC,Oregon Liquor and Cannabis Commission,Adult-Use,OR,,,,,REDBARN DISPENSARY,,,,,,,,,2023-05-02T00:00:00,,,Roseburg,43.2133404,-123.359493,634 W Umpqua St,97471,Active,,
050 1011388D21A,Redbarn Dispensary,,Recreational Retailer,,Douglas,050 1011388D21A,OLCC,Oregon Liquor and Cannabis Commission,Adult-Use and Medicinal,OR,,,,,REDBARN DISPENSARY,,,,,,,,,2023-05-02T00:00:00,,,Roseburg,43.2316587,-123.3512389,1810 Ne Stephens St.,97470,Active,,
050 101648406F4,Smiles,,Recreational Retailer,,Douglas,050 101648406F4,OLCC,Oregon Liquor and Cannabis Commission,Adult-Use,OR,,,,,SMILES,,,,,,,,,2023-05-02T00:00:00,,,Roseburg,43.2228712,-123.3470285,655 Ne Chestnut Ave,97470,Active,,
,Green Knottz Chiloquin,,,,Error,,OLCC,Oregon Liquor and Cannabis Commission,Adult-Use,OR,,,,,GREEN KNOTTZ CHILOQUIN,,,,,,,,,2023-05-02T00:00:00,,,Chiloquin,42.5756704,-121.8631055,131 S 1St Ave.,97624,Active,,
,Rocky Mtn Dispensary,,,,Error,,OLCC,Oregon Liquor and Cannabis Commission,Adult-Use and Medicinal,OR,,,,,ROCKY MTN DISPENSARY,,,,,,,,,2023-05-02T00:00:00,,,John Day,44.4197789,-118.9655295,743 W Main Street,97845,Active,,
,M Thrive Organics Llc,,,,Error,,OLCC,Oregon Liquor and Cannabis Commission,Adult-Use,OR,,,,,M THRIVE ORGANICS LLC,,,,,,,,,2023-05-02T00:00:00,,,Joseph,45.3574062,-117.2294915,600 N Main Street,97846,Active,,
,A Better Way Cannabis,,,,Error,,OLCC,Oregon Liquor and Cannabis Commission,Adult-Use,OR,,,,,A BETTER WAY CANNABIS,,,,,,,,,2023-05-02T00:00:00,,,Klamath Falls,42.1985198,-121.7566975,3255 Washburn Way #4,97603,Active,,
,Emerald Triangle Dispensary,,,,Error,,OLCC,Oregon Liquor and Cannabis Commission,Adult-Use,OR,,,,,EMERALD TRIANGLE DISPENSARY,,,,,,,,,2023-05-02T00:00:00,,,Klamath Falls,42.2070733,-121.7580508,2226 Washburn Way,97603,Active,,
,Emerald Triangle Dispensary,,,,Error,,OLCC,Oregon Liquor and Cannabis Commission,Adult-Use,OR,,,,,EMERALD TRIANGLE DISPENSARY,,,,,,,,,2023-05-02T00:00:00,,,Klamath Falls,42.1945889,-121.7579249,3480 Washburn Way Suite D,97603,Active,,
,Green Knottz Kfalls,,,,Error,,OLCC,Oregon Liquor and Cannabis Commission,Adult-Use,OR,,,,,GREEN KNOTTZ KFALLS,,,,,,,,,2023-05-02T00:00:00,,,Klamath Falls,42.2123704,-121.7586891,2437 S 6Th St.,97601,Active,,
,High Lakes,,,,Error,,OLCC,Oregon Liquor and Cannabis Commission,Adult-Use,OR,,,,,HIGH LAKES,,,,,,,,,2023-05-02T00:00:00,,,Klamath Falls,42.2568863,-121.7995576,3945 N Highway 97,97601,Active,,
,High Lakes Cannabis Co,,,,Error,,OLCC,Oregon Liquor and Cannabis Commission,Adult-Use,OR,,,,,HIGH LAKES CANNABIS CO,,,,,,,,,2023-05-02T00:00:00,,,Klamath Falls,42.201343,-121.7595261,2820 Maywood Dr,97601,Active,,
,Klamath Falls Cannabis,,,,Error,,OLCC,Oregon Liquor and Cannabis Commission,Adult-Use,OR,,,,,KLAMATH FALLS CANNABIS,,,,,,,,,2023-05-02T00:00:00,,,Klamath Falls,42.2088389,-121.7532994,"2972 South 6Th Street Suites A,B,C & D",97603,Active,,
,Burnt River Farms,,,,Error,,OLCC,Oregon Liquor and Cannabis Commission,Adult-Use,OR,,,,,BURNT RIVER FARMS,,,,,,,,,2023-05-02T00:00:00,,,Ontario,44.0460511,-116.9820233,1055 Nw Washington Ave.,97914,Active,,
,Cannabis & Glass,,,,Error,,OLCC,Oregon Liquor and Cannabis Commission,Adult-Use,OR,,,,,CANNABIS & GLASS,,,,,,,,,2023-05-02T00:00:00,,,Ontario,44.0228562,-116.9398821,182 East Lane,97914,Active,,
,Elevation 2150,,,,Error,,OLCC,Oregon Liquor and Cannabis Commission,Adult-Use,OR,,,,,ELEVATION 2150,,,,,,,,,2023-05-02T00:00:00,,,Ontario,44.02446370000001,-117.0034558,2876 Sw 4Th Ave Suite 1,97914,Active,,
,High Supply,,,,Error,,OLCC,Oregon Liquor and Cannabis Commission,Adult-Use,OR,,,,,HIGH SUPPLY,,,,,,,,,2023-05-02T00:00:00,,,Ontario,44.0298341,-116.9557853,482 Ne 3Rd St,97914,Active,,
,Hotbox Farms,,,,Error,,OLCC,Oregon Liquor and Cannabis Commission,Adult-Use,OR,,,,,HOTBOX FARMS,,,,,,,,,2023-05-02T00:00:00,,,Ontario,44.0277343,-116.943844,325 Ne Goodfellow Street,97914,Active,,
,"Nectar Markets, Llc",,,,Error,,OLCC,Oregon Liquor and Cannabis Commission,Adult-Use,OR,,,,,"NECTAR MARKETS, LLC",,,,,,,,,2023-05-02T00:00:00,,,Ontario,44.01470279999999,-116.9625681,1200 Se 1St Street,97914,Active,,
,The Bud House,,,,Error,,OLCC,Oregon Liquor and Cannabis Commission,Adult-Use,OR,,,,,THE BUD HOUSE,,,,,,,,,2023-05-02T00:00:00,,,Ontario,44.0270326,-116.9586738,115 Ne 2Nd St,97914,Active,,
,The Red Eye,,,,Error,,OLCC,Oregon Liquor and Cannabis Commission,Adult-Use,OR,,,,,THE RED EYE,,,,,,,,,2023-05-02T00:00:00,,,Ontario,44.020763,-117.006755,833 Sw 30Th St,97914,Active,,
,Top Crop Cannabis,,,,Error,,OLCC,Oregon Liquor and Cannabis Commission,Adult-Use,OR,,,,,TOP CROP CANNABIS,,,,,,,,,2023-05-02T00:00:00,,,Ontario,44.0226066,-116.9507594,297 Se 10Th Street,97914,Active,,
,Treasure Valley Cannabis Company,,,,Error,,OLCC,Oregon Liquor and Cannabis Commission,Adult-Use,OR,,,,,TREASURE VALLEY CANNABIS COMPANY,,,,,,,,,2023-05-02T00:00:00,,,Ontario,44.0143558,-116.9567005,560 Se 12Th Avenue,97914,Active,,
,Weedology,,,,Error,,OLCC,Oregon Liquor and Cannabis Commission,Adult-Use,OR,,,,,WEEDOLOGY,,,,,,,,,2023-05-02T00:00:00,,,Ontario,44.02539580000001,-116.9541797,591 East Idaho,97914,Active,,
,Zion,,,,Error,,OLCC,Oregon Liquor and Cannabis Commission,Adult-Use,OR,,,,,ZION,,,,,,,,,2023-05-02T00:00:00,,,Ontario,44.023035,-116.945229,340 Se 13Th St,97914,Active,,
050 10097447A5F,Blazen Cannabis,,Recreational Retailer,,Harney,050 10097447A5F,OLCC,Oregon Liquor and Cannabis Commission,Adult-Use and Medicinal,OR,,,,,BLAZEN CANNABIS,,,,,,,,,2023-05-02T00:00:00,,,Hines,43.546123,-119.085174,800 Highway 20 S,97738,Active,,
050 10051014E88,Tumbleweed Cannabis Co. Llc,,Recreational Retailer,,Harney,050 10051014E88,OLCC,Oregon Liquor and Cannabis Commission,Adult-Use and Medicinal,OR,,,,,TUMBLEWEED CANNABIS CO. LLC,,,,,,,,,2023-05-02T00:00:00,,,Hines,43.5670543,-119.0795085,310 North Highway 20,97738,Active,,
050 1000459CA6F,Evergreen Hood River,,Recreational Retailer,,Hood River,050 1000459CA6F,OLCC,Oregon Liquor and Cannabis Commission,Adult-Use and Medicinal,OR,,,,,EVERGREEN HOOD RIVER,,,,,,,,,2023-05-02T00:00:00,,,Hood River,45.6999353,-121.5249419,1408 13Th St,97031,Active,,
050 1004661768A,Farm Grass Table,,Recreational Retailer,,Hood River,050 1004661768A,OLCC,Oregon Liquor and Cannabis Commission,Adult-Use and Medicinal,OR,,,,,FARM GRASS TABLE,,,,,,,,,2023-05-02T00:00:00,,,Hood River,45.7100732,-121.5581082,4140 Westcliff Drive,97031,Active,,
050 1013873660A,Frontier Farms - Hood River,,Recreational Retailer,,Hood River,050 1013873660A,OLCC,Oregon Liquor and Cannabis Commission,Adult-Use,OR,,,,,FRONTIER FARMS - HOOD RIVER,,,,,,,,,2023-05-02T00:00:00,,,Hood River,45.7090358,-121.5165836,602 Oak St.,97031,Active,,
050 1000163439B,Gorge Greenery,,Recreational Retailer,,Hood River,050 1000163439B,OLCC,Oregon Liquor and Cannabis Commission,Adult-Use and Medicinal,OR,,,,,GORGE GREENERY ,,,,,,,,,2023-05-02T00:00:00,,,Hood River,45.7085765,-121.5110042,13 Oak Street,97031,Active,,
050 1000085D89E,High Winds,,Recreational Retailer,,Hood River,050 1000085D89E,OLCC,Oregon Liquor and Cannabis Commission,Adult-Use and Medicinal,OR,,,,,HIGH WINDS,,,,,,,,,2023-05-02T00:00:00,,,Hood River,45.7093121,-121.5309722,1817 Cascade Ave,97031,Active,,
050 100041086CC,Hood River Naturals,,Recreational Retailer,,Hood River,050 100041086CC,OLCC,Oregon Liquor and Cannabis Commission,Adult-Use and Medicinal,OR,,,,,HOOD RIVER NATURALS,,,,,,,,,2023-05-02T00:00:00,,,Hood River,45.711792,-121.522689,1020 Wasco Suite K,97031,Active,,
050 10001271938,Breeze Botanicals Ashland,,Recreational Retailer,,Jackson,050 10001271938,OLCC,Oregon Liquor and Cannabis Commission,Adult-Use and Medicinal,OR,,,,,BREEZE BOTANICALS ASHLAND,,,,,,,,,2023-05-02T00:00:00,,,Ashland,42.183626,-122.6886811,1526 Siskiyou Blvd,97520,Active,,
050 10075721DCC,Kaleafa,,Recreational Retailer,,Jackson,050 10075721DCC,OLCC,Oregon Liquor and Cannabis Commission,Adult-Use and Medicinal,OR,,,,,KALEAFA,,,,,,,,,2023-05-02T00:00:00,,,Ashland,42.1866317,-122.6935403,"1253 Siskiyou Blvd., Ste. C",97520,Active,,
050 1022344EC85,Kingston Cannabis Company,,Recreational Retailer,,Jackson,050 1022344EC85,OLCC,Oregon Liquor and Cannabis Commission,Adult-Use,OR,,,,,KINGSTON CANNABIS COMPANY,,,,,,,,,2023-05-02T00:00:00,,,Ashland,42.1850405,-122.6683069,2366 Ashland Street,97520,Active,,
050 1000200318F,Madrone Cannabis Club,,Recreational Retailer,,Jackson,050 1000200318F,OLCC,Oregon Liquor and Cannabis Commission,Adult-Use and Medicinal,OR,,,,,MADRONE CANNABIS CLUB,,,,,,,,,2023-05-02T00:00:00,,,Ashland,42.1843934,-122.6553961,481 Applegate Way,97520,Active,,
050 101676773B7,Nectar,,Recreational Retailer,,Jackson,050 101676773B7,OLCC,Oregon Liquor and Cannabis Commission,Adult-Use,OR,,,,,NECTAR,,,,,,,,,2023-05-02T00:00:00,,,Ashland,42.2052216,-122.7200206,488 N Main St,97520,Active,,
050 101344798CE,Rogue Valley Cannabis - Ashland,,Recreational Retailer,,Jackson,050 101344798CE,OLCC,Oregon Liquor and Cannabis Commission,Adult-Use and Medicinal,OR,,,,,ROGUE VALLEY CANNABIS - ASHLAND,,,,,,,,,2023-05-02T00:00:00,,,Ashland,42.1937337,-122.7078138,505 Siskiyou Blvd,97520,Active,,
050 10051449C85,Rogue Valley Cannabis,,Recreational Retailer,,Jackson,050 10051449C85,OLCC,Oregon Liquor and Cannabis Commission,Adult-Use and Medicinal,OR,,,,,ROGUE VALLEY CANNABIS,,,,,,,,,2023-05-02T00:00:00,,,Central Point,42.4090821,-122.8552949,6388 Crater Lake,97502,Active,,
050 1000100101A,Breeze Botanicals Gold Hill,,Recreational Retailer,,Jackson,050 1000100101A,OLCC,Oregon Liquor and Cannabis Commission,Adult-Use and Medicinal,OR,,,,,BREEZE BOTANICALS GOLD HILL,,,,,,,,,2023-05-02T00:00:00,,,Gold Hill,42.4313879,-123.0472997,315 2Nd Ave,97525,Active,,
050 10050652956,Skunkrx,,Recreational Retailer,,Jackson,050 10050652956,OLCC,Oregon Liquor and Cannabis Commission,Adult-Use,OR,,,,,SKUNKRX,,,,,,,,,2023-05-02T00:00:00,,,Grants Pass,42.4301113,-123.1722316,8979 Rogue River Hwy,97527,Active,,
050 1017716E529,Abccoop1,,Recreational Retailer,,Jackson,050 1017716E529,OLCC,Oregon Liquor and Cannabis Commission,Adult-Use,OR,,,,,ABCCOOP1,,,,,,,,,2023-05-02T00:00:00,,,Medford,42.3379653,-122.8698614,633 Market Street Ste 100,97504,Active,,
050 100516768FC,American Cannabis Company,,Recreational Retailer,,Jackson,050 100516768FC,OLCC,Oregon Liquor and Cannabis Commission,Adult-Use and Medicinal,OR,,,,,AMERICAN CANNABIS COMPANY,,,,,,,,,2023-05-02T00:00:00,,,Medford,42.3232775,-122.8963318,2131 W Main Suite A,97501,Active,,
050 10126938755,Budγçös,,Recreational Retailer,,Jackson,050 10126938755,OLCC,Oregon Liquor and Cannabis Commission,Adult-Use,OR,,,,,BUDΓÇÖS,,,,,,,,,2023-05-02T00:00:00,,,Medford,42.3265473,-122.8695874,101 S Riverside Avenue,97501,Active,,
050 10051948111,C&C Farms Rec Shop,,Recreational Retailer,,Jackson,050 10051948111,OLCC,Oregon Liquor and Cannabis Commission,Adult-Use,OR,,,,,C&C FARMS REC SHOP,,,,,,,,,2023-05-02T00:00:00,,,Medford,42.3249191,-122.9016035,2390 W Main St Suite D,97501,Active,,
050 10188845BB4,Cannabis Liquidation Outlet,,Recreational Retailer,,Jackson,050 10188845BB4,OLCC,Oregon Liquor and Cannabis Commission,Adult-Use,OR,,,,,CANNABIS LIQUIDATION OUTLET,,,,,,,,,2023-05-02T00:00:00,,,Medford,42.3177393,-122.8651106,924 S Central Ave Unit 3,97501,Active,,
050 100485158FE,"Cannabiz Experience, Llc",,Recreational Retailer,,Jackson,050 100485158FE,OLCC,Oregon Liquor and Cannabis Commission,Adult-Use and Medicinal,OR,,,,,"CANNABIZ EXPERIENCE, LLC",,,,,,,,,2023-05-02T00:00:00,,,Medford,42.3307888,-122.8729415,333 N. Riverside,97501,Active,,
050 10061095779,Cloud 9 Wellness,,Recreational Retailer,,Jackson,050 10061095779,OLCC,Oregon Liquor and Cannabis Commission,Adult-Use and Medicinal,OR,,,,,CLOUD 9 WELLNESS,,,,,,,,,2023-05-02T00:00:00,,,Medford,42.3548509,-122.8680602,2560-C Crater Lake Hwy,97504,Active,,
050 101894058F6,Crater Cannabis,,Recreational Retailer,,Jackson,050 101894058F6,OLCC,Oregon Liquor and Cannabis Commission,Adult-Use,OR,,,,,CRATER CANNABIS,,,,,,,,,2023-05-02T00:00:00,,,Medford,42.3404923,-122.8603432,1180 Crater Lake Avenue,97504,Active,,
050 101614187E6,Eleven Names,,Recreational Retailer,,Jackson,050 101614187E6,OLCC,Oregon Liquor and Cannabis Commission,Adult-Use,OR,,,,,ELEVEN NAMES,,,,,,,,,2023-05-02T00:00:00,,,Medford,42.31961210000001,-122.8627279,853 South Riverside Ave #C,97501,Active,,
050 10050834F0C,Emerald Triangle Dispensary,,Recreational Retailer,,Jackson,050 10050834F0C,OLCC,Oregon Liquor and Cannabis Commission,Adult-Use and Medicinal,OR,,,,,EMERALD TRIANGLE DISPENSARY,,,,,,,,,2023-05-02T00:00:00,,,Medford,42.32417,-122.869006,246 East 10Th Street,97501,Active,,
050 10050834F0C,Emerald Triangle Dispensary,,Recreational Retailer,,Jackson,050 10050834F0C,OLCC,Oregon Liquor and Cannabis Commission,Adult-Use,OR,,,,,EMERALD TRIANGLE DISPENSARY,,,,,,,,,2023-05-02T00:00:00,,,Medford,42.3413117,-122.8584676,1818 Mcandrews,97501,Active,,
050 10050834F0C,Emerald Triangle Dispensary,,Recreational Retailer,,Jackson,050 10050834F0C,OLCC,Oregon Liquor and Cannabis Commission,Adult-Use,OR,,,,,EMERALD TRIANGLE DISPENSARY,,,,,,,,,2023-05-02T00:00:00,,,Medford,42.39018,-122.8849723,5022 Table Rock Rd Suite A,97502,Active,,
050 10050834F0C,Emerald Triangle Dispensary,,Recreational Retailer,,Jackson,050 10050834F0C,OLCC,Oregon Liquor and Cannabis Commission,Adult-Use,OR,,,,,EMERALD TRIANGLE DISPENSARY,,,,,,,,,2023-05-02T00:00:00,,,Medford,42.3413546,-122.8793057,335 East Mcandrews Road,97501,Active,,
050 10026282919,Fireside Dispensary,,Recreational Retailer,,Jackson,050 10026282919,OLCC,Oregon Liquor and Cannabis Commission,Adult-Use and Medicinal,OR,,,,,FIRESIDE DISPENSARY,,,,,,,,,2023-05-02T00:00:00,,,Medford,42.280344,-122.822153,4149 S Pacific Hwy Unit A,97535,Active,,
050 10060288656,Ground Up Farms,,Recreational Retailer,,Jackson,050 10060288656,OLCC,Oregon Liquor and Cannabis Commission,Adult-Use and Medicinal,OR,,,,,GROUND UP FARMS,,,,,,,,,2023-05-02T00:00:00,,,Medford,42.3229195,-122.8685075,429 S Central Avenue,97501,Active,,
050 10032676561,Hijinx Cannabis Co,,Recreational Retailer,,Jackson,050 10032676561,OLCC,Oregon Liquor and Cannabis Commission,Adult-Use and Medicinal,OR,,,,,HIJINX CANNABIS CO,,,,,,,,,2023-05-02T00:00:00,,,Medford,42.2830664,-122.8263495,3943 S. Pacific Highway,97501,Active,,
050 1009362B0FF,Kanopy 7,,Recreational Retailer,,Jackson,050 1009362B0FF,OLCC,Oregon Liquor and Cannabis Commission,Adult-Use and Medicinal,OR,,,,,KANOPY 7,,,,,,,,,2023-05-02T00:00:00,,,Medford,42.3277468,-122.8986582,1252 W Mcandrews Road Unit 2,97501,Active,,
050 100136209F4,La Mota,,Recreational Retailer,,Jackson,050 100136209F4,OLCC,Oregon Liquor and Cannabis Commission,Adult-Use,OR,,,,,LA MOTA,,,,,,,,,2023-05-02T00:00:00,,,Medford,42.3234935,-122.8942494,1945 W Main St,97501,Active,,
050 100136209F4,La Mota,,Recreational Retailer,,Jackson,050 100136209F4,OLCC,Oregon Liquor and Cannabis Commission,Adult-Use,OR,,,,,LA MOTA,,,,,,,,,2023-05-02T00:00:00,,,Medford,42.31317800000001,-122.8612021,1258 S Riverside Avenue,97501,Active,,
050 100136209F4,La Mota,,Recreational Retailer,,Jackson,050 100136209F4,OLCC,Oregon Liquor and Cannabis Commission,Adult-Use,OR,,,,,LA MOTA,,,,,,,,,2023-05-02T00:00:00,,,Medford,42.3177393,-122.8651106,924 S Central Ave Unit 2,97501,Active,,
050 100136209F4,La Mota,,Recreational Retailer,,Jackson,050 100136209F4,OLCC,Oregon Liquor and Cannabis Commission,Adult-Use,OR,,,,,LA MOTA ,,,,,,,,,2023-05-02T00:00:00,,,Medford,42.32712960000001,-122.8701435,17 S Riverside Ave,97501,Active,,
050 100136209F4,La Mota,,Recreational Retailer,,Jackson,050 100136209F4,OLCC,Oregon Liquor and Cannabis Commission,Adult-Use and Medicinal,OR,,,,,LA MOTA ,,,,,,,,,2023-05-02T00:00:00,,,Medford,42.3132135,-122.8770272,620 W Stewart Ave,97501,Active,,
050 10112894E36,La Mota Court Llc,,Recreational Retailer,,Jackson,050 10112894E36,OLCC,Oregon Liquor and Cannabis Commission,Adult-Use,OR,,,,,LA MOTA COURT LLC,,,,,,,,,2023-05-02T00:00:00,,,Medford,42.3366943,-122.8806201,1037 Court St,97501,Active,,
050 1010491A550,La Mota Medford 3,,Recreational Retailer,,Jackson,050 1010491A550,OLCC,Oregon Liquor and Cannabis Commission,Adult-Use,OR,,,,,LA MOTA MEDFORD 3 ,,,,,,,,,2023-05-02T00:00:00,,,Medford,42.3581434,-122.9030824,3460 N Pacific Hwy,97501,Active,,
050 10088018221,Mother Earth Medicines,,Recreational Retailer,,Jackson,050 10088018221,OLCC,Oregon Liquor and Cannabis Commission,Adult-Use and Medicinal,OR,,,,,MOTHER EARTH MEDICINES,,,,,,,,,2023-05-02T00:00:00,,,Medford,42.3265581,-122.8702591,36 S. Riverside Avenue,97501,Active,,
050 10116382457,Mr. Nice Guy Retail,,Recreational Retailer,,Jackson,050 10116382457,OLCC,Oregon Liquor and Cannabis Commission,Adult-Use,OR,,,,,MR. NICE GUY RETAIL,,,,,,,,,2023-05-02T00:00:00,,,Medford,42.3315347,-122.8670099,609 E. Jackson Street,97504,Active,,
050 101676773B7,Nectar,,Recreational Retailer,,Jackson,050 101676773B7,OLCC,Oregon Liquor and Cannabis Commission,Adult-Use,OR,,,,,NECTAR,,,,,,,,,2023-05-02T00:00:00,,,Medford,42.31772660000001,-122.8590636,259 E Barnett Rd Ste 2,97501,Active,,
050 101676773B7,Nectar,,Recreational Retailer,,Jackson,050 101676773B7,OLCC,Oregon Liquor and Cannabis Commission,Adult-Use,OR,,,,,NECTAR,,,,,,,,,2023-05-02T00:00:00,,,Medford,42.3178029,-122.8590686,259 E Barnett Rd Suite 1,97501,Active,,
050 10121913172,Ocean Grown Cannabis Company,,Recreational Retailer,,Jackson,050 10121913172,OLCC,Oregon Liquor and Cannabis Commission,Adult-Use,OR,,,,,OCEAN GROWN CANNABIS COMPANY,,,,,,,,,2023-05-02T00:00:00,,,Medford,42.3896095,-122.853955,1597 E Vilas Road East,97502,Active,,
050 100069626B0,Oregon Farmacy,,Recreational Retailer,,Jackson,050 100069626B0,OLCC,Oregon Liquor and Cannabis Commission,Adult-Use and Medicinal,OR,,,,,OREGON FARMACY,,,,,,,,,2023-05-02T00:00:00,,,Medford,42.3263106,-122.8743599,1 West 6Th Street Suite 104,97501,Active,,
050 1005779006B,Oregon Grown Cannabis Recreational Dispensary,,Recreational Retailer,,Jackson,050 1005779006B,OLCC,Oregon Liquor and Cannabis Commission,Adult-Use and Medicinal,OR,,,,,OREGON GROWN CANNABIS RECREATIONAL DISPENSARY,,,,,,,,,2023-05-02T00:00:00,,,Medford,42.3125173,-122.8886181,1201 W. Stewart Ave,97501,Active,,
050 100480492FF,Pharm To Table,,Recreational Retailer,,Jackson,050 100480492FF,OLCC,Oregon Liquor and Cannabis Commission,Adult-Use and Medicinal,OR,,,,,PHARM TO TABLE,,,,,,,,,2023-05-02T00:00:00,,,Medford,42.2875406,-122.8339516,3528 S. Pacific Highway,97501,Active,,
050 100480492FF,Pharm To Table,,Recreational Retailer,,Jackson,050 100480492FF,OLCC,Oregon Liquor and Cannabis Commission,Adult-Use and Medicinal,OR,,,,,PHARM TO TABLE,,,,,,,,,2023-05-02T00:00:00,,,Medford,42.35765139999999,-122.9027132,3434 North Pacific Highway,97501,Active,,
050 1008483E7CB,Rogue Valley Cannabis - West Main,,Recreational Retailer,,Jackson,050 1008483E7CB,OLCC,Oregon Liquor and Cannabis Commission,Adult-Use and Medicinal,OR,,,,,ROGUE VALLEY CANNABIS - WEST MAIN,,,,,,,,,2023-05-02T00:00:00,,,Medford,42.3240913,-122.8954968,2060 West Main St,97501,Active,,
050 101133291FA,Sensible Cannabis Company,,Recreational Retailer,,Jackson,050 101133291FA,OLCC,Oregon Liquor and Cannabis Commission,Adult-Use,OR,,,,,SENSIBLE CANNABIS COMPANY,,,,,,,,,2023-05-02T00:00:00,,,Medford,42.35583250000001,-122.9010192,3338 N Pacific Hwy,97504,Active,,
050 1014846FBEA,Southern Oregon Cannabis Connection,,Recreational Retailer,,Jackson,050 1014846FBEA,OLCC,Oregon Liquor and Cannabis Commission,Adult-Use,OR,,,,,SOUTHERN OREGON CANNABIS CONNECTION,,,,,,,,,2023-05-02T00:00:00,,,Medford,42.3217597,-122.8663722,603 S. Riverside Ave.,97501,Active,,
050 10170556BAB,Substance,,Recreational Retailer,,Jackson,050 10170556BAB,OLCC,Oregon Liquor and Cannabis Commission,Adult-Use,OR,,,,,SUBSTANCE,,,,,,,,,2023-05-02T00:00:00,,,Medford,42.3411212,-122.8595798,1749 E Mcandrews Rd,97504,Active,,
050 10170556BAB,Substance,,Recreational Retailer,,Jackson,050 10170556BAB,OLCC,Oregon Liquor and Cannabis Commission,Adult-Use,OR,,,,,SUBSTANCE,,,,,,,,,2023-05-02T00:00:00,,,Medford,42.3641505,-122.8566048,3425 Crater Lake Hwy,97504,Active,,
050 10211129638,The Herbsman,,Recreational Retailer,,Jackson,050 10211129638,OLCC,Oregon Liquor and Cannabis Commission,Adult-Use,OR,,,,,THE HERBSMAN,,,,,,,,,2023-05-02T00:00:00,,,Medford,42.3139303,-122.861714,1244 S. Riverside Ave,97501,Active,,
050 1010254919C,The Spot Cannabis Collective,,Recreational Retailer,,Jackson,050 1010254919C,OLCC,Oregon Liquor and Cannabis Commission,Adult-Use,OR,,,,,THE SPOT CANNABIS COLLECTIVE,,,,,,,,,2023-05-02T00:00:00,,,Medford,42.3553852,-122.8670178,2590 Crater Lake Highway,97504,Active,,
050 1010254919C,The Spot Cannabis Collective,,Recreational Retailer,,Jackson,050 1010254919C,OLCC,Oregon Liquor and Cannabis Commission,Adult-Use,OR,,,,,THE SPOT CANNABIS COLLECTIVE,,,,,,,,,2023-05-02T00:00:00,,,Medford,42.3115882,-122.8539988,"1345 Center Dr., Suite D",97501,Active,,
050 1012246E7D7,Top Shelf Wellness Center,,Recreational Retailer,,Jackson,050 1012246E7D7,OLCC,Oregon Liquor and Cannabis Commission,Adult-Use,OR,,,,,TOP SHELF WELLNESS CENTER,,,,,,,,,2023-05-02T00:00:00,,,Medford,42.3466946,-122.8859672,1925 Elm Ave,97501,Active,,
050 1005582DBA5,Weedbucks,,Recreational Retailer,,Jackson,050 1005582DBA5,OLCC,Oregon Liquor and Cannabis Commission,Adult-Use and Medicinal,OR,,,,,WEEDBUCKS,,,,,,,,,2023-05-02T00:00:00,,,Medford,42.3228014,-122.8683927,437 S. Central Avenue,97501,Active,,
050 100136209F4,La Mota,,Recreational Retailer,,Jackson,050 100136209F4,OLCC,Oregon Liquor and Cannabis Commission,Adult-Use,OR,,,,,LA MOTA ,,,,,,,,,2023-05-02T00:00:00,,,Oakridge,43.7480678,-122.4594731,48257 E. 1St St.,97463,Active,,
050 1012246E7D7,Top Shelf Wellness Center,,Recreational Retailer,,Jackson,050 1012246E7D7,OLCC,Oregon Liquor and Cannabis Commission,Adult-Use,OR,,,,,TOP SHELF WELLNESS CENTER,,,,,,,,,2023-05-02T00:00:00,,,Phoenix,42.28186,-122.8180732,205 N Phoenix Rd Suite #C,97535,Active,,
050 10113069B02,Rebirth Portland/Power Plant,,Recreational Retailer,,Jackson,050 10113069B02,OLCC,Oregon Liquor and Cannabis Commission,Adult-Use,OR,,,,,REBIRTH PORTLAND/POWER PLANT,,,,,,,,,2023-05-02T00:00:00,,,Portland,45.4771973,-122.5580545,10215 Se Foster Road,97266,Active,,
050 1001576D112,Rogue River Herbal Pmc,,Recreational Retailer,,Jackson,050 1001576D112,OLCC,Oregon Liquor and Cannabis Commission,Adult-Use and Medicinal,OR,,,,,ROGUE RIVER HERBAL PMC,,,,,,,,,2023-05-02T00:00:00,,,Rogue River,42.4323659,-123.1636931,510 East Main St  Ste C,97537,Active,,
050 1005582DBA5,Weedbucks,,Recreational Retailer,,Jackson,050 1005582DBA5,OLCC,Oregon Liquor and Cannabis Commission,Adult-Use,OR,,,,,WEEDBUCKS,,,,,,,,,2023-05-02T00:00:00,,,Rogue River,42.43158,-123.1678164,204 Madrone Street,97537,Active,,
050 10050834F0C,Emerald Triangle Dispensary,,Recreational Retailer,,Jackson,050 10050834F0C,OLCC,Oregon Liquor and Cannabis Commission,Adult-Use,OR,,,,,EMERALD TRIANGLE DISPENSARY,,,,,,,,,2023-05-02T00:00:00,,,Talent,42.2456671,-122.7850824,"103 N Pacific Hwy Units A, B And C",97540,Active,,
050 100534417C0,Grateful Meds,,Recreational Retailer,,Jackson,050 100534417C0,OLCC,Oregon Liquor and Cannabis Commission,Adult-Use and Medicinal,OR,,,,,GRATEFUL MEDS,,,,,,,,,2023-05-02T00:00:00,,,Talent,42.240907,-122.7761624,630 Hwy 99,97540,Active,,
050 10172122CAC,Re-Up,,Recreational Retailer,,Jackson,050 10172122CAC,OLCC,Oregon Liquor and Cannabis Commission,Adult-Use,OR,,,,,RE-UP,,,,,,,,,2023-05-02T00:00:00,,,Talent,42.237715,-122.769459,1007 S. Pacific Highway Unit G,97540,Active,,
050 1012246E7D7,Top Shelf Wellness Center,,Recreational Retailer,,Jackson,050 1012246E7D7,OLCC,Oregon Liquor and Cannabis Commission,Adult-Use and Medicinal,OR,,,,,TOP SHELF WELLNESS CENTER,,,,,,,,,2023-05-02T00:00:00,,,White City,42.4207429,-122.8518391,7162 Crater Lake Hwy,97503,Active,,
050 10049684964,Central Organics,,Recreational Retailer,,Jefferson,050 10049684964,OLCC,Oregon Liquor and Cannabis Commission,Adult-Use and Medicinal,OR,,,,,CENTRAL ORGANICS,,,,,,,,,2023-05-02T00:00:00,,,Madras,44.6243942,-121.1310409,780 Sw 4Th St,97741,Active,,
050 1000076B368,Diamondtree,,Recreational Retailer,,Jefferson,050 1000076B368,OLCC,Oregon Liquor and Cannabis Commission,Adult-Use and Medicinal,OR,,,,,DIAMONDTREE,,,,,,,,,2023-05-02T00:00:00,,,Madras,44.640774,-121.1299616,380 N Highway 26,97741,Active,,
050 1010724DE65,Green Knottz Madras,,Recreational Retailer,,Jefferson,050 1010724DE65,OLCC,Oregon Liquor and Cannabis Commission,Adult-Use and Medicinal,OR,,,,,GREEN KNOTTZ MADRAS,,,,,,,,,2023-05-02T00:00:00,,,Madras,44.633795,-121.1316536,108 Sw D St  Ste A,97741,Active,,
050 1010879025E,Pioneer Cannabis Co.,,Recreational Retailer,,Jefferson,050 1010879025E,OLCC,Oregon Liquor and Cannabis Commission,Adult-Use and Medicinal,OR,,,,,PIONEER CANNABIS CO.,,,,,,,,,2023-05-02T00:00:00,,,Madras,44.6342165,-121.1293334,141 Se 5Th Street,97741,Active,,
050 10037199BA2,Plantae,,Recreational Retailer,,Jefferson,050 10037199BA2,OLCC,Oregon Liquor and Cannabis Commission,Adult-Use and Medicinal,OR,,,,,PLANTAE,,,,,,,,,2023-05-02T00:00:00,,,Madras,44.6334544,-121.1294872,1100 Sw Hwy 97  Ste 103,97741,Active,,
050 10056960FF0,Bud Bros Llc,,Recreational Retailer,,Josephine,050 10056960FF0,OLCC,Oregon Liquor and Cannabis Commission,Adult-Use and Medicinal,OR,,,,,BUD BROS LLC,,,,,,,,,2023-05-02T00:00:00,,,Cave Junction,42.1708034,-123.6455429,335 South Redwood Highway,97523,Active,,
050 10055477B6C,Papa'S Dispensary,,Recreational Retailer,,Josephine,050 10055477B6C,OLCC,Oregon Liquor and Cannabis Commission,Adult-Use and Medicinal,OR,,,,,PAPA'S DISPENSARY,,,,,,,,,2023-05-02T00:00:00,,,Cave Junction,42.1703197,-123.6464537,214 N. Redwood Hwy. Suite E,97523,Active,,
050 1016704544A,Budz Cannabis Superstore,,Recreational Retailer,,Josephine,050 1016704544A,OLCC,Oregon Liquor and Cannabis Commission,Adult-Use,OR,,,,,BUDZ CANNABIS SUPERSTORE,,,,,,,,,2023-05-02T00:00:00,,,Grants Pass,42.49667890000001,-123.3681983,3600 Merlin Rd,97526,Active,,
050 1009200822A,Cafe Verde,,Recreational Retailer,,Josephine,050 1009200822A,OLCC,Oregon Liquor and Cannabis Commission,Adult-Use and Medicinal,OR,,,,,CAFE VERDE,,,,,,,,,2023-05-02T00:00:00,,,Grants Pass,42.4240489,-123.2910866,2455 Rogue River Highway,97527,Active,,
050 10053021A3C,Diamond Cannabis,,Recreational Retailer,,Josephine,050 10053021A3C,OLCC,Oregon Liquor and Cannabis Commission,Adult-Use and Medicinal,OR,,,,,DIAMOND CANNABIS ,,,,,,,,,2023-05-02T00:00:00,,,Grants Pass,42.43817000000001,-123.32798,300 Sw 6Th Street,97526,Active,,
050 1005499C76F,Forward Cannabis,,Recreational Retailer,,Josephine,050 1005499C76F,OLCC,Oregon Liquor and Cannabis Commission,Adult-Use and Medicinal,OR,,,,,FORWARD CANNABIS,,,,,,,,,2023-05-02T00:00:00,,,Grants Pass,42.4559877,-123.3213745,1580 Ne 7Th Street Suite A,97526,Active,,
050 101796000AF,Nectar; Nectar Markets,,Recreational Retailer,,Josephine,050 101796000AF,OLCC,Oregon Liquor and Cannabis Commission,Adult-Use,OR,,,,,NECTAR; NECTAR MARKETS,,,,,,,,,2023-05-02T00:00:00,,,Grants Pass,42.4360696,-123.3083786,162 Ne Beacon Dr Suite 105,97526,Active,,
050 100950903F9,Redwood Cannabis Dispensary,,Recreational Retailer,,Josephine,050 100950903F9,OLCC,Oregon Liquor and Cannabis Commission,Adult-Use,OR,,,,,REDWOOD CANNABIS DISPENSARY,,,,,,,,,2023-05-02T00:00:00,,,Grants Pass,42.4381334,-123.3152576,825 Ne F St,97526,Active,,
050 1005629EC8B,Southern Oregon Cannabis Connection,,Recreational Retailer,,Josephine,050 1005629EC8B,OLCC,Oregon Liquor and Cannabis Commission,Adult-Use and Medicinal,OR,,,,,SOUTHERN OREGON CANNABIS CONNECTION,,,,,,,,,2023-05-02T00:00:00,,,Grants Pass,42.4612388,-123.3212074,1950 Ne 7Th Street,97526,Active,,
050 10043201EF5,Tamerans,,Recreational Retailer,,Josephine,050 10043201EF5,OLCC,Oregon Liquor and Cannabis Commission,Adult-Use and Medicinal,OR,,,,,TAMERANS,,,,,,,,,2023-05-02T00:00:00,,,Grants Pass,42.4971086,-123.3707826,3388 Merlin Rd.,97526,Active,,
050 1015330739B,Zuni Products,,Recreational Retailer,,Josephine,050 1015330739B,OLCC,Oregon Liquor and Cannabis Commission,Adult-Use,OR,,,,,ZUNI PRODUCTS,,,,,,,,,2023-05-02T00:00:00,,,Grants Pass,42.397476,-123.3976121,3224 Demaray Drive,97527,Active,,
050 10042321958,Bud Junction,,Recreational Retailer,,Josephine,050 10042321958,OLCC,Oregon Liquor and Cannabis Commission,Adult-Use and Medicinal,OR,,,,,BUD JUNCTION,,,,,,,,,2023-05-02T00:00:00,,,Kerby,42.1935726,-123.6503987,24394 Redwood Hwy,97531,Active,,
050 101304477BC,Kush Gardens Co,,Recreational Retailer,,Josephine,050 101304477BC,OLCC,Oregon Liquor and Cannabis Commission,Adult-Use,OR,,,,,KUSH GARDENS CO,,,,,,,,,2023-05-02T00:00:00,,,Merlin,42.5166682,-123.4256026,215 Galice Rd,97532,Active,,
050 1016693DF27,River City Retail,,Recreational Retailer,,Josephine,050 1016693DF27,OLCC,Oregon Liquor and Cannabis Commission,Adult-Use,OR,,,,,RIVER CITY RETAIL,,,,,,,,,2023-05-02T00:00:00,,,Merlin,42.516727,-123.4246147,115 Galice Road Suite A,97523,Active,,
050 1017346D1E7,Weedbucks,,Recreational Retailer,,Josephine,050 1017346D1E7,OLCC,Oregon Liquor and Cannabis Commission,Adult-Use,OR,,,,,WEEDBUCKS,,,,,,,,,2023-05-02T00:00:00,,,Merlin,42.5166724,-123.428294,330 Galice Rd,97523,Active,,
050 10160898042,Substance,,Recreational Retailer,,Lake,050 10160898042,OLCC,Oregon Liquor and Cannabis Commission,Adult-Use,OR,,,,,SUBSTANCE,,,,,,,,,2023-05-02T00:00:00,,,Lakeview,42.1899715,-120.3446128,26 N E St,97630,Active,,
050 10085813943,The New Amsterdam,,Recreational Retailer,,Lake,050 10085813943,OLCC,Oregon Liquor and Cannabis Commission,Adult-Use and Medicinal,OR,,,,,THE NEW AMSTERDAM,,,,,,,,,2023-05-02T00:00:00,,,Lakeview,42.1898558,-120.3461652,15 N F St,97630,Active,,
050 10109129484,Blue River Grass Station,,Recreational Retailer,,Lane,050 10109129484,OLCC,Oregon Liquor and Cannabis Commission,Adult-Use,OR,,,,,BLUE RIVER GRASS STATION,,,,,,,,,2023-05-02T00:00:00,,,Blue River,44.1540435,-122.3393967,51752 Blue River Drive,97413,Active,,
050 1001084EC49,Apothecaria,,Recreational Retailer,,Lane,050 1001084EC49,OLCC,Oregon Liquor and Cannabis Commission,Adult-Use and Medicinal,OR,,,,,APOTHECARIA,,,,,,,,,2023-05-02T00:00:00,,,Cottage Grove,43.8025023,-123.0398073,700 Row River Road,97424,Active,,
050 10034791408,Mandy'S Sugar Shack,,Recreational Retailer,,Lane,050 10034791408,OLCC,Oregon Liquor and Cannabis Commission,Adult-Use and Medicinal,OR,,,,,MANDY'S SUGAR SHACK,,,,,,,,,2023-05-02T00:00:00,,,Cottage Grove,43.7941834,-123.0616599,339 Hwy 99 South,97424,Active,,
050 1016174005F,Substance,,Recreational Retailer,,Lane,050 1016174005F,OLCC,Oregon Liquor and Cannabis Commission,Adult-Use,OR,,,,,SUBSTANCE,,,,,,,,,2023-05-02T00:00:00,,,Cottage Grove,43.7988657,-123.0389659,2715 Row River Rd Ste A,97424,Active,,
050 10006222890,The Holistic Coop Llc,,Recreational Retailer,,Lane,050 10006222890,OLCC,Oregon Liquor and Cannabis Commission,Adult-Use and Medicinal,OR,,,,,THE HOLISTIC COOP LLC,,,,,,,,,2023-05-02T00:00:00,,,Cottage Grove,43.7969628,-123.0569507,1049 E Main St,97424,Active,,
050 1002566EF10,The Medication Station,,Recreational Retailer,,Lane,050 1002566EF10,OLCC,Oregon Liquor and Cannabis Commission,Adult-Use and Medicinal,OR,,,,,THE MEDICATION STATION,,,,,,,,,2023-05-02T00:00:00,,,Cottage Grove,43.7940014,-123.0615668,1041 Hwy 99 North,97424,Active,,
050 1022348FA16,Adna Retail Oregon Llc,,Recreational Retailer,,Lane,050 1022348FA16,OLCC,Oregon Liquor and Cannabis Commission,Adult-Use,OR,,,,,ADNA RETAIL OREGON LLC,,,,,,,,,2023-05-02T00:00:00,,,Eugene,44.05244709999999,-123.1178922,1681 W 7Th Ave,97402,Active,,
050 1000628466D,Amazon Organics,,Recreational Retailer,,Lane,050 1000628466D,OLCC,Oregon Liquor and Cannabis Commission,Adult-Use and Medicinal,OR,,,,,AMAZON ORGANICS,,,,,,,,,2023-05-02T00:00:00,,,Eugene,44.019185,-123.081164,3443 Hilyard St.  Suite F,97405,Active,,
050 102272132EC,Apis Hyve Llc,,Recreational Retailer,,Lane,050 102272132EC,OLCC,Oregon Liquor and Cannabis Commission,Adult-Use,OR,,,,,APIS HYVE LLC,,,,,,,,,2023-05-02T00:00:00,,,Eugene,44.0475953,-123.1342474,2836 W. 11Th Ave Unit 2,97402,Active,,
050 10028857D5D,Apothca,,Recreational Retailer,,Lane,050 10028857D5D,OLCC,Oregon Liquor and Cannabis Commission,Adult-Use and Medicinal,OR,,,,,APOTHCA,,,,,,,,,2023-05-02T00:00:00,,,Eugene,44.04652249999999,-123.0799524,1205 Alder St,97401,Active,,
050 1017560D988,Canna Leaf Eugene Inc.,,Recreational Retailer,,Lane,050 1017560D988,OLCC,Oregon Liquor and Cannabis Commission,Adult-Use,OR,,,,,CANNA LEAF EUGENE INC.,,,,,,,,,2023-05-02T00:00:00,,,Eugene,44.0502242,-123.0853038,485 E Broadway,97401,Active,,
050 10184402F3F,Chalice Farms,,Recreational Retailer,,Lane,050 10184402F3F,OLCC,Oregon Liquor and Cannabis Commission,Adult-Use,OR,,,,,CHALICE FARMS,,,,,,,,,2023-05-02T00:00:00,,,Eugene,44.0474638,-123.0839579,588 E 11Th Ave,97401,Active,,
050 1017143AEF5,Cookies,,Recreational Retailer,,Lane,050 1017143AEF5,OLCC,Oregon Liquor and Cannabis Commission,Adult-Use,OR,,,,,COOKIES,,,,,,,,,2023-05-02T00:00:00,,,Eugene,44.0471501,-123.088439,1158 High St  #103,97401,Active,,
050 10116834C7B,Electric Lettuce Eugene,,Recreational Retailer,,Lane,050 10116834C7B,OLCC,Oregon Liquor and Cannabis Commission,Adult-Use,OR,,,,,ELECTRIC LETTUCE EUGENE,,,,,,,,,2023-05-02T00:00:00,,,Eugene,44.0478929,-123.1111883,1201 W 11Th Ave,97402,Active,,
050 1014769D853,Elev8 Cannabis,,Recreational Retailer,,Lane,050 1014769D853,OLCC,Oregon Liquor and Cannabis Commission,Adult-Use,OR,,,,,ELEV8 CANNABIS ,,,,,,,,,2023-05-02T00:00:00,,,Eugene,44.0442543,-123.0909204,1409 Oak St,97401,Active,,
050 10002659379,Emerald City Medicinal,,Recreational Retailer,,Lane,050 10002659379,OLCC,Oregon Liquor and Cannabis Commission,Adult-Use and Medicinal,OR,,,,,EMERALD CITY MEDICINAL ,,,,,,,,,2023-05-02T00:00:00,,,Eugene,44.0530166,-123.1150442,1474 West 6Th Avenue,97402,Active,,
050 1000954D8AD,Eugene Og,,Recreational Retailer,,Lane,050 1000954D8AD,OLCC,Oregon Liquor and Cannabis Commission,Adult-Use and Medicinal,OR,,,,,EUGENE OG,,,,,,,,,2023-05-02T00:00:00,,,Eugene,44.0453177,-123.0624264,2045 Franklin Blvd.,97403,Active,,
050 1002612F763,Eugreen Health Center; Verde,,Recreational Retailer,,Lane,050 1002612F763,OLCC,Oregon Liquor and Cannabis Commission,Adult-Use and Medicinal,OR,,,,,EUGREEN HEALTH CENTER; VERDE,,,,,,,,,2023-05-02T00:00:00,,,Eugene,44.0491775,-123.1517014,1000 Obie Street Suite A,97402,Active,,
050 1002612F763,Eugreen Health Center; Verde,,Recreational Retailer,,Lane,050 1002612F763,OLCC,Oregon Liquor and Cannabis Commission,Adult-Use and Medicinal,OR,,,,,EUGREEN HEALTH CENTER; VERDE,,,,,,,,,2023-05-02T00:00:00,,,Eugene,44.0474114,-123.0924724,1111 Willamette St.,97401,Active,,
050 10106088065,Firehorse Trading Co.,,Recreational Retailer,,Lane,050 10106088065,OLCC,Oregon Liquor and Cannabis Commission,Adult-Use and Medicinal,OR,,,,,FIREHORSE TRADING CO.,,,,,,,,,2023-05-02T00:00:00,,,Eugene,44.0524036,-123.0963779,233 W. 7Th Ave.  Suite B,97401,Active,,
050 10027689736,Flowr Of Lyfe,,Recreational Retailer,,Lane,050 10027689736,OLCC,Oregon Liquor and Cannabis Commission,Adult-Use and Medicinal,OR,,,,,FLOWR OF LYFE,,,,,,,,,2023-05-02T00:00:00,,,Eugene,44.049812,-123.0945991,114 West Broadway,97401,Active,,
050 10155684476,Going Green Eugene,,Recreational Retailer,,Lane,050 10155684476,OLCC,Oregon Liquor and Cannabis Commission,Adult-Use,OR,,,,,GOING GREEN EUGENE,,,,,,,,,2023-05-02T00:00:00,,,Eugene,44.0589289,-123.0993481,439 W 1St Ave,97401,Active,,
050 1005305255D,Grasslands Dispensary,,Recreational Retailer,,Lane,050 1005305255D,OLCC,Oregon Liquor and Cannabis Commission,Adult-Use,OR,,,,,GRASSLANDS DISPENSARY,,,,,,,,,2023-05-02T00:00:00,,,Eugene,44.0581306,-123.0990799,154 Lawrence St,97401,Active,,
050 1010887904B,Green Health Eugene,,Recreational Retailer,,Lane,050 1010887904B,OLCC,Oregon Liquor and Cannabis Commission,Adult-Use and Medicinal,OR,,,,,GREEN HEALTH EUGENE ,,,,,,,,,2023-05-02T00:00:00,,,Eugene,44.0682588,-123.1403588,607 Highway 99 N,97402,Active,,
050 1006519C12E,Green Therapy,,Recreational Retailer,,Lane,050 1006519C12E,OLCC,Oregon Liquor and Cannabis Commission,Adult-Use and Medicinal,OR,,,,,GREEN THERAPY ,,,,,,,,,2023-05-02T00:00:00,,,Eugene,44.1030411,-123.1719789,85938 Hwy 99 S,97405,Active,,
050 10068739F36,High 5 Cannabis,,Recreational Retailer,,Lane,050 10068739F36,OLCC,Oregon Liquor and Cannabis Commission,Adult-Use and Medicinal,OR,,,,,HIGH 5 CANNABIS,,,,,,,,,2023-05-02T00:00:00,,,Eugene,44.0131628,-123.0217361,86531 College View Road,97405,Active,,
050 101440792DC,Holy Grail,,Recreational Retailer,,Lane,050 101440792DC,OLCC,Oregon Liquor and Cannabis Commission,Adult-Use,OR,,,,,HOLY GRAIL,,,,,,,,,2023-05-02T00:00:00,,,Eugene,44.0456656,-123.0970981,1293 Lincoln Street,97401,Active,,
050 10034717686,"Hwy 99 Cannabis, Co.",,Recreational Retailer,,Lane,050 10034717686,OLCC,Oregon Liquor and Cannabis Commission,Adult-Use and Medicinal,OR,,,,,"HWY 99 CANNABIS, CO.",,,,,,,,,2023-05-02T00:00:00,,,Eugene,44.073116,-123.1448522,1083 B Hwy 99 N.,97402,Active,,
050 10009611DA7,Jamaica Joel'S,,Recreational Retailer,,Lane,050 10009611DA7,OLCC,Oregon Liquor and Cannabis Commission,Adult-Use and Medicinal,OR,,,,,JAMAICA JOEL'S,,,,,,,,,2023-05-02T00:00:00,,,Eugene,44.045632,-123.0932959,37 W. 13Th Ave. Suite 201,97401,Active,,
050 1002683515A,La Mota,,Recreational Retailer,,Lane,050 1002683515A,OLCC,Oregon Liquor and Cannabis Commission,Adult-Use and Medicinal,OR,,,,,LA MOTA ,,,,,,,,,2023-05-02T00:00:00,,,Eugene,44.0526338,-123.1120584,1291 W 7Th Ave,97402,Active,,
050 10157958B19,Lucky Lion,,Recreational Retailer,,Lane,050 10157958B19,OLCC,Oregon Liquor and Cannabis Commission,Adult-Use,OR,,,,,LUCKY LION,,,,,,,,,2023-05-02T00:00:00,,,Eugene,44.052179,-123.1261763,2164 W 7Th Ave,97402,Active,,
050 10183821921,Mood,,Recreational Retailer,,Lane,050 10183821921,OLCC,Oregon Liquor and Cannabis Commission,Adult-Use,OR,,,,,MOOD,,,,,,,,,2023-05-02T00:00:00,,,Eugene,44.1188065,-123.1373548,40 River Loop 2 Suite B,97404,Active,,
050 100386665E6,Moss Crossing,,Recreational Retailer,,Lane,050 100386665E6,OLCC,Oregon Liquor and Cannabis Commission,Adult-Use and Medicinal,OR,,,,,MOSS CROSSING,,,,,,,,,2023-05-02T00:00:00,,,Eugene,44.0284594,-123.105192,2751 Friendly St.,97405,Active,,
050 1003305612E,Nectar,,Recreational Retailer,,Lane,050 1003305612E,OLCC,Oregon Liquor and Cannabis Commission,Adult-Use and Medicinal,OR,,,,,NECTAR,,,,,,,,,2023-05-02T00:00:00,,,Eugene,44.0658954,-123.118028,340 River Road,97404,Active,,
050 1003305612E,Nectar,,Recreational Retailer,,Lane,050 1003305612E,OLCC,Oregon Liquor and Cannabis Commission,Adult-Use,OR,,,,,NECTAR,,,,,,,,,2023-05-02T00:00:00,,,Eugene,44.0530061,-123.1030838,698 W. 6Th Avenue,97402,Active,,
050 101684733C4,Next Level Wellness,,Recreational Retailer,,Lane,050 101684733C4,OLCC,Oregon Liquor and Cannabis Commission,Adult-Use,OR,,,,,NEXT LEVEL WELLNESS,,,,,,,,,2023-05-02T00:00:00,,,Eugene,44.0272788,-123.090465,2837 Willamette Street Suite A,97405,Active,,
050 1000345DEA9,Nodak Green Prairie,,Recreational Retailer,,Lane,050 1000345DEA9,OLCC,Oregon Liquor and Cannabis Commission,Adult-Use and Medicinal,OR,,,,,NODAK GREEN PRAIRIE,,,,,,,,,2023-05-02T00:00:00,,,Eugene,44.0668432,-123.0732575,390 Coburg Road Suite A - 2,97401,Active,,
050 100536953E1,Oregon Medigreen,,Recreational Retailer,,Lane,050 100536953E1,OLCC,Oregon Liquor and Cannabis Commission,Adult-Use,OR,,,,,OREGON MEDIGREEN,,,,,,,,,2023-05-02T00:00:00,,,Eugene,44.053729,-123.0990901,570 Lawrence St #112,97401,Active,,
050 10004429B31,Oregon'S Green Rush,,Recreational Retailer,,Lane,050 10004429B31,OLCC,Oregon Liquor and Cannabis Commission,Adult-Use and Medicinal,OR,,,,,OREGON'S GREEN RUSH,,,,,,,,,2023-05-02T00:00:00,,,Eugene,44.1023589,-123.1313268,2644 River Road #5,97404,Active,,
050 10076228AAB,Oregrown Eugene,,Recreational Retailer,,Lane,050 10076228AAB,OLCC,Oregon Liquor and Cannabis Commission,Adult-Use and Medicinal,OR,,,,,OREGROWN EUGENE,,,,,,,,,2023-05-02T00:00:00,,,Eugene,44.0535232,-123.0962327,211 W. 6Th Avenue,97401,Active,,
050 1016162FFA8,Peach Cannabis,,Recreational Retailer,,Lane,050 1016162FFA8,OLCC,Oregon Liquor and Cannabis Commission,Adult-Use,OR,,,,,PEACH CANNABIS,,,,,,,,,2023-05-02T00:00:00,,,Eugene,44.04278619999999,-123.0907596,1553 Oak Street,97401,Active,,
050 100912345DE,Phresh Start,,Recreational Retailer,,Lane,050 100912345DE,OLCC,Oregon Liquor and Cannabis Commission,Adult-Use and Medicinal,OR,,,,,PHRESH START,,,,,,,,,2023-05-02T00:00:00,,,Eugene,44.0851722,-123.1837219,4925 Barger Drive Ste. A,97402,Active,,
050 100912345DE,Phresh Start,,Recreational Retailer,,Lane,050 100912345DE,OLCC,Oregon Liquor and Cannabis Commission,Adult-Use,OR,,,,,PHRESH START,,,,,,,,,2023-05-02T00:00:00,,,Eugene,44.0490812,-123.1476052,1055 Bailey Hill Rd Ste. C & G,97402,Active,,
050 10172490C68,Prohibition Falls,,Recreational Retailer,,Lane,050 10172490C68,OLCC,Oregon Liquor and Cannabis Commission,Adult-Use,OR,,,,,PROHIBITION FALLS,,,,,,,,,2023-05-02T00:00:00,,,Eugene,44.0475881,-123.1269852,2270 W 11Th,97402,Active,,
050 10046951423,Quick Stop Cannabis,,Recreational Retailer,,Lane,050 10046951423,OLCC,Oregon Liquor and Cannabis Commission,Adult-Use and Medicinal,OR,,,,,QUICK STOP CANNABIS,,,,,,,,,2023-05-02T00:00:00,,,Eugene,44.05244709999999,-123.1178922,1681 W. 7Th Avenue,97402,Active,,
050 1004664909E,Rare Earth Dispensary Llc,,Recreational Retailer,,Lane,050 1004664909E,OLCC,Oregon Liquor and Cannabis Commission,Adult-Use and Medicinal,OR,,,,,RARE EARTH DISPENSARY LLC,,,,,,,,,2023-05-02T00:00:00,,,Eugene,44.0654411,-123.1392307,2880 Elmira Rd Suite B,97402,Active,,
050 1018661FB12,Snugz,,Recreational Retailer,,Lane,050 1018661FB12,OLCC,Oregon Liquor and Cannabis Commission,Adult-Use,OR,,,,,SNUGZ,,,,,,,,,2023-05-02T00:00:00,,,Eugene,44.05940340000001,-123.1112348,1235 Railroad Blvd,97402,Active,,
050 1004297C917,Solutions Of The Millennium Llc,,Recreational Retailer,,Lane,050 1004297C917,OLCC,Oregon Liquor and Cannabis Commission,Adult-Use and Medicinal,OR,,,,,SOLUTIONS OF THE MILLENNIUM LLC,,,,,,,,,2023-05-02T00:00:00,,,Eugene,44.0264077,-123.089518,2893 Oak St,97405,Active,,
050 100580873A9,Spacebuds,,Recreational Retailer,,Lane,050 100580873A9,OLCC,Oregon Liquor and Cannabis Commission,Adult-Use and Medicinal,OR,,,,,SPACEBUDS,,,,,,,,,2023-05-02T00:00:00,,,Eugene,44.0516535,-123.0970479,741 Lincoln Street,97401,Active,,
050 10187356E01,Sugartop Buddery,,Recreational Retailer,,Lane,050 10187356E01,OLCC,Oregon Liquor and Cannabis Commission,Adult-Use,OR,,,,,SUGARTOP BUDDERY,,,,,,,,,2023-05-02T00:00:00,,,Eugene,44.0454856,-123.160879,1299 Ocean St,97402,Active,,
050 10042166E81,Sweet Tree Farms,,Recreational Retailer,,Lane,050 10042166E81,OLCC,Oregon Liquor and Cannabis Commission,Adult-Use and Medicinal,OR,,,,,SWEET TREE FARMS,,,,,,,,,2023-05-02T00:00:00,,,Eugene,44.0485958,-123.1618482,4097 West 11Th Ave,97402,Active,,
050 1011403433E,Terpene Station,,Recreational Retailer,,Lane,050 1011403433E,OLCC,Oregon Liquor and Cannabis Commission,Adult-Use and Medicinal,OR,,,,,TERPENE STATION,,,,,,,,,2023-05-02T00:00:00,,,Eugene,44.0718514,-123.1181399,645 River Road Suite 3,97404,Active,,
050 1007242C532,The Greener Side Detroit Lake,,Recreational Retailer,,Lane,050 1007242C532,OLCC,Oregon Liquor and Cannabis Commission,Adult-Use and Medicinal,OR,,,,,THE GREENER SIDE DETROIT LAKE,,,,,,,,,2023-05-02T00:00:00,,,Eugene,44.0860985,-123.1237042,1407 River Road,97404,Active,,
050 100035555F6,The Herbal Connection,,Recreational Retailer,,Lane,050 100035555F6,OLCC,Oregon Liquor and Cannabis Commission,Adult-Use and Medicinal,OR,,,,,THE HERBAL CONNECTION ,,,,,,,,,2023-05-02T00:00:00,,,Eugene,44.0968801,-123.1181915,463 River Ave.,97404,Active,,
050 10049104CFE,The People'S Wellness Center,,Recreational Retailer,,Lane,050 10049104CFE,OLCC,Oregon Liquor and Cannabis Commission,Adult-Use and Medicinal,OR,,,,,THE PEOPLE'S WELLNESS CENTER,,,,,,,,,2023-05-02T00:00:00,,,Eugene,44.0606751,-123.0787384,71 Centennial Loop Suite B,97401,Active,,
050 1017428AB09,Tj'S On 7Th,,Recreational Retailer,,Lane,050 1017428AB09,OLCC,Oregon Liquor and Cannabis Commission,Adult-Use,OR,,,,,TJ'S ON 7TH,,,,,,,,,2023-05-02T00:00:00,,,Eugene,44.052449,-123.122301,1985 W 7Th Ave,97402,Active,,
050 1014653D811,Tj'S On The Alley,,Recreational Retailer,,Lane,050 1014653D811,OLCC,Oregon Liquor and Cannabis Commission,Adult-Use,OR,,,,,TJ'S ON THE ALLEY,,,,,,,,,2023-05-02T00:00:00,,,Eugene,44.0484583,-123.0923179,1027 Willamette Street,97401,Active,,
050 10146546503,Tj'S Provisions,,Recreational Retailer,,Lane,050 10146546503,OLCC,Oregon Liquor and Cannabis Commission,Adult-Use,OR,,,,,TJ'S PROVISIONS,,,,,,,,,2023-05-02T00:00:00,,,Eugene,44.0827266,-123.1539894,1910 Empire Park Drive,97402,Active,,
050 1013202F7FC,Top Crop Cannabis,,Recreational Retailer,,Lane,050 1013202F7FC,OLCC,Oregon Liquor and Cannabis Commission,Adult-Use and Medicinal,OR,,,,,TOP CROP CANNABIS,,,,,,,,,2023-05-02T00:00:00,,,Eugene,44.0475637,-123.1398368,"3170 W. 11Th Avenue, Unit A",97402,Active,,
050 100427434E1,Track Town Collective,,Recreational Retailer,,Lane,050 100427434E1,OLCC,Oregon Liquor and Cannabis Commission,Adult-Use,OR,,,,,TRACK TOWN COLLECTIVE,,,,,,,,,2023-05-02T00:00:00,,,Eugene,44.0452604,-123.0391725,3675 Franklin Blvd,97403,Active,,
050 1001915EA16,Twenty After Four Wellness Center,,Recreational Retailer,,Lane,050 1001915EA16,OLCC,Oregon Liquor and Cannabis Commission,Adult-Use,OR,,,,,TWENTY AFTER FOUR WELLNESS CENTER,,,,,,,,,2023-05-02T00:00:00,,,Eugene,44.05510049999999,-123.1092711,420 Blair Blvd Suite A,97402,Active,,
050 10186339455,Weedagain,,Recreational Retailer,,Lane,050 10186339455,OLCC,Oregon Liquor and Cannabis Commission,Adult-Use,OR,,,,,WEEDAGAIN,,,,,,,,,2023-05-02T00:00:00,,,Eugene,44.0179544,-123.0246511,86784 Franklin Blvd Unit A,97405,Active,,
050 10027870140,Buds 4 U,,Recreational Retailer,,Lane,050 10027870140,OLCC,Oregon Liquor and Cannabis Commission,Adult-Use and Medicinal,OR,,,,,BUDS 4 U,,,,,,,,,2023-05-02T00:00:00,,,Florence,43.9708792,-124.1049541,1480 Rhododendron Dr,97439,Active,,
050 10052557A5E,Premium Choice Marijuana,,Recreational Retailer,,Lane,050 10052557A5E,OLCC,Oregon Liquor and Cannabis Commission,Adult-Use and Medicinal,OR,,,,,PREMIUM CHOICE MARIJUANA,,,,,,,,,2023-05-02T00:00:00,,,Florence,43.9739839,-124.1022369,1770 Hwy 126,97439,Active,,
050 1022840966C,Private Reserve Cannabis 101,,Recreational Retailer,,Lane,050 1022840966C,OLCC,Oregon Liquor and Cannabis Commission,Adult-Use,OR,,,,,PRIVATE RESERVE CANNABIS 101,,,,,,,,,2023-05-02T00:00:00,,,Florence,43.9511145,-124.1038922,85289 Hwy 101,97439,Active,,
050 1007718656B,The Arboretum,,Recreational Retailer,,Lane,050 1007718656B,OLCC,Oregon Liquor and Cannabis Commission,Adult-Use and Medicinal,OR,,,,,THE ARBORETUM,,,,,,,,,2023-05-02T00:00:00,,,Florence,43.9804257,-124.1015097,1541 Hwy 101,97439,Active,,
050 10027870140,Buds 4 U,,Recreational Retailer,,Lane,050 10027870140,OLCC,Oregon Liquor and Cannabis Commission,Adult-Use and Medicinal,OR,,,,,BUDS 4 U,,,,,,,,,2023-05-02T00:00:00,,,Mapleton,44.0250832,-123.8570988,10778 Highway 126,97453,Active,,
050 1017271C92C,Kush Dispensary,,Recreational Retailer,,Lane,050 1017271C92C,OLCC,Oregon Liquor and Cannabis Commission,Adult-Use,OR,,,,,KUSH DISPENSARY,,,,,,,,,2023-05-02T00:00:00,,,Oakridge,43.74332769999999,-122.4643711,48122 Hwy 58 #A,97463,Active,,
050 10186339455,Weedagain,,Recreational Retailer,,Lane,050 10186339455,OLCC,Oregon Liquor and Cannabis Commission,Adult-Use,OR,,,,,WEEDAGAIN ,,,,,,,,,2023-05-02T00:00:00,,,Oakridge,43.7460449,-122.4819806,47670 Highway 58 Suite B,97463,Active,,
050 1022348FA16,Adna Retail Oregon Llc,,Recreational Retailer,,Lane,050 1022348FA16,OLCC,Oregon Liquor and Cannabis Commission,Adult-Use,OR,,,,,ADNA RETAIL OREGON LLC,,,,,,,,,2023-05-02T00:00:00,,,Springfield,44.04551619999999,-122.9938287,2147 Main St,97477,Active,,
050 10010193FDD,"Cannabis, Llc",,Recreational Retailer,,Lane,050 10010193FDD,OLCC,Oregon Liquor and Cannabis Commission,Adult-Use and Medicinal,OR,,,,,"CANNABIS, LLC",,,,,,,,,2023-05-02T00:00:00,,,Springfield,44.0462315,-122.9961973,1936 Main Street,97477,Active,,
050 10184402F3F,Chalice Farms,,Recreational Retailer,,Lane,050 10184402F3F,OLCC,Oregon Liquor and Cannabis Commission,Adult-Use,OR,,,,,CHALICE FARMS,,,,,,,,,2023-05-02T00:00:00,,,Springfield,44.0461746,-122.9884498,2600 Main Street Suite E,97477,Active,,
050 1004923B1AA,Deep Roots Cannabis,,Recreational Retailer,,Lane,050 1004923B1AA,OLCC,Oregon Liquor and Cannabis Commission,Adult-Use and Medicinal,OR,,,,,DEEP ROOTS CANNABIS,,,,,,,,,2023-05-02T00:00:00,,,Springfield,44.0592888,-122.9935177,2155 Olympic St.,97477,Active,,
050 10010073418,Good Karma,,Recreational Retailer,,Lane,050 10010073418,OLCC,Oregon Liquor and Cannabis Commission,Adult-Use and Medicinal,OR,,,,,GOOD KARMA,,,,,,,,,2023-05-02T00:00:00,,,Springfield,44.04621110000001,-122.9788052,3332 Main St,97478,Active,,
050 10114859E17,Hashstoria,,Recreational Retailer,,Lane,050 10114859E17,OLCC,Oregon Liquor and Cannabis Commission,Adult-Use,OR,,,,,HASHSTORIA,,,,,,,,,2023-05-02T00:00:00,,,Springfield,44.0461168,-122.9976619,1840 Main St,97477,Active,,
050 1016536C5D3,Mr. Nice Guy Springfield,,Recreational Retailer,,Lane,050 1016536C5D3,OLCC,Oregon Liquor and Cannabis Commission,Adult-Use,OR,,,,,MR. NICE GUY SPRINGFIELD,,,,,,,,,2023-05-02T00:00:00,,,Springfield,44.0461154,-123.0012053,1628 Main St,97477,Active,,
050 1009286BD03,Nectar Markets,,Recreational Retailer,,Lane,050 1009286BD03,OLCC,Oregon Liquor and Cannabis Commission,Adult-Use and Medicinal,OR,,,,,NECTAR MARKETS,,,,,,,,,2023-05-02T00:00:00,,,Springfield,44.0461548,-122.9741351,3650 Main Street,97478,Active,,
050 1012077A338,Old School Bliss,,Recreational Retailer,,Lane,050 1012077A338,OLCC,Oregon Liquor and Cannabis Commission,Adult-Use,OR,,,,,OLD SCHOOL BLISS,,,,,,,,,2023-05-02T00:00:00,,,Springfield,44.0602413,-122.9950653,2090 Olympic St  Ste D,97477,Active,,
050 1004716B1DB,Phresh Start Llc,,Recreational Retailer,,Lane,050 1004716B1DB,OLCC,Oregon Liquor and Cannabis Commission,Adult-Use and Medicinal,OR,,,,,PHRESH START LLC,,,,,,,,,2023-05-02T00:00:00,,,Springfield,44.0589051,-122.9938839,1623 21St St  Ste B,97477,Active,,
050 1018861F686,Prspct,,Recreational Retailer,,Lane,050 1018861F686,OLCC,Oregon Liquor and Cannabis Commission,Adult-Use,OR,,,,,PRSPCT,,,,,,,,,2023-05-02T00:00:00,,,Springfield,44.0592692,-122.9913272,2321 Olympic St,97477,Active,,
050 1005168B9ED,Redbarn Dispensary,,Recreational Retailer,,Lane,050 1005168B9ED,OLCC,Oregon Liquor and Cannabis Commission,Adult-Use,OR,,,,,REDBARN DISPENSARY,,,,,,,,,2023-05-02T00:00:00,,,Springfield,44.0795332,-123.04285,1045 Gateway Loop # A & B,97477,Active,,
050 1016174005F,Substance,,Recreational Retailer,,Lane,050 1016174005F,OLCC,Oregon Liquor and Cannabis Commission,Adult-Use,OR,,,,,SUBSTANCE,,,,,,,,,2023-05-02T00:00:00,,,Springfield,44.0593852,-122.9908867,2329 Olympic St,97477,Active,,
050 1011666F84B,Urban Canna Apothecary,,Recreational Retailer,,Lane,050 1011666F84B,OLCC,Oregon Liquor and Cannabis Commission,Adult-Use,OR,,,,,URBAN CANNA APOTHECARY ,,,,,,,,,2023-05-02T00:00:00,,,Springfield,44.0455104,-122.9747621,1815 Main Street #A,97477,Active,,
050 1018312953C,Buds4U,,Recreational Retailer,,Lane,050 1018312953C,OLCC,Oregon Liquor and Cannabis Commission,Adult-Use,OR,,,,,BUDS4U,,,,,,,,,2023-05-02T00:00:00,,,Veneta,44.053562,-123.323966,25805 Hwy 126 Suite 1-B,97487,Active,,
050 10010004FFE,Mr. Nice Guy Veneta,,Recreational Retailer,,Lane,050 10010004FFE,OLCC,Oregon Liquor and Cannabis Commission,Adult-Use and Medicinal,OR,,,,,MR. NICE GUY VENETA,,,,,,,,,2023-05-02T00:00:00,,,Veneta,44.0529862,-123.3326795,25561 Hwy 126,97487,Active,,
050 1000929AF4B,Oregon'S Herbal Remedies,,Recreational Retailer,,Lane,050 1000929AF4B,OLCC,Oregon Liquor and Cannabis Commission,Adult-Use and Medicinal,OR,,,,,OREGON'S HERBAL REMEDIES,,,,,,,,,2023-05-02T00:00:00,,,Veneta,44.0553082,-123.3538752,88344 Territorial Rd,97487,Active,,
050 1008663DE73,Hippy Trip,,Recreational Retailer,,Lincoln,050 1008663DE73,OLCC,Oregon Liquor and Cannabis Commission,Adult-Use and Medicinal,OR,,,,,HIPPY TRIP,,,,,,,,,2023-05-02T00:00:00,,,Depoe Bay,44.8085739,-124.0620422,249 S Us-101,97341,Active,,
050 10010041E88,Mr. Nice Guy Depoe,,Recreational Retailer,,Lincoln,050 10010041E88,OLCC,Oregon Liquor and Cannabis Commission,Adult-Use and Medicinal,OR,,,,,MR. NICE GUY DEPOE,,,,,,,,,2023-05-02T00:00:00,,,Depoe Bay,44.81298640000001,-124.0620847,104 N Hwy 101,97341,Active,,
050 1018487D91D,Pete'S Farm Dispensary,,Recreational Retailer,,Lincoln,050 1018487D91D,OLCC,Oregon Liquor and Cannabis Commission,Adult-Use,OR,,,,,PETE'S FARM DISPENSARY,,,,,,,,,2023-05-02T00:00:00,,,Depoe Bay,44.8064641,-124.0615333,433 N. Hwy 101,97341,Active,,
050 1005927788A,Touch Of Aloha,,Recreational Retailer,,Lincoln,050 1005927788A,OLCC,Oregon Liquor and Cannabis Commission,Adult-Use,OR,,,,,TOUCH OF ALOHA,,,,,,,,,2023-05-02T00:00:00,,,Depoe Bay,44.8492246,-124.0448918,3885 N Highway 101  Suite B,97341,Active,,
050 100515855E1,Attis Trading Company,,Recreational Retailer,,Lincoln,050 100515855E1,OLCC,Oregon Liquor and Cannabis Commission,Adult-Use and Medicinal,OR,,,,,ATTIS TRADING COMPANY,,,,,,,,,2023-05-02T00:00:00,,,Lincoln City,44.9873631,-124.0054925,3026 Ne Hwy 101 #1,97367,Active,,
050 1004082F8AD,Lincoln City Collective,,Recreational Retailer,,Lincoln,050 1004082F8AD,OLCC,Oregon Liquor and Cannabis Commission,Adult-Use and Medicinal,OR,,,,,LINCOLN CITY COLLECTIVE,,,,,,,,,2023-05-02T00:00:00,,,Lincoln City,44.9285089,-124.0156925,1266 Sw 50Th St,97367,Active,,
050 10013998C72,Pacific Wave,,Recreational Retailer,,Lincoln,050 10013998C72,OLCC,Oregon Liquor and Cannabis Commission,Adult-Use and Medicinal,OR,,,,,PACIFIC WAVE,,,,,,,,,2023-05-02T00:00:00,,,Lincoln City,44.9786742,-124.0114993,1543 Nw 19Th Suite B,97367,Active,,
050 10001832DA7,Pipe Dreams Dispensary,,Recreational Retailer,,Lincoln,050 10001832DA7,OLCC,Oregon Liquor and Cannabis Commission,Adult-Use and Medicinal,OR,,,,,PIPE DREAMS DISPENSARY,,,,,,,,,2023-05-02T00:00:00,,,Lincoln City,44.955451,-124.0141772,"1745 Sw Highway 101 Suites A, B & C",97367,Active,,
050 10162945466,Smooth Roots (Lincoln City),,Recreational Retailer,,Lincoln,050 10162945466,OLCC,Oregon Liquor and Cannabis Commission,Adult-Use,OR,,,,,SMOOTH ROOTS (LINCOLN CITY),,,,,,,,,2023-05-02T00:00:00,,,Lincoln City,44.9644823,-124.0178377,325 Sw Hwy 101,97367,Active,,
050 1003823E63C,Sunray Cannabis,,Recreational Retailer,,Lincoln,050 1003823E63C,OLCC,Oregon Liquor and Cannabis Commission,Adult-Use and Medicinal,OR,,,,,SUNRAY CANNABIS ,,,,,,,,,2023-05-02T00:00:00,,,Lincoln City,44.9751286,-124.0130276,1347 Nw Hwy 101,97367,Active,,
050 1005537C257,T.E.R.P Collective Inc,,Recreational Retailer,,Lincoln,050 1005537C257,OLCC,Oregon Liquor and Cannabis Commission,Adult-Use and Medicinal,OR,,,,,T.E.R.P COLLECTIVE INC,,,,,,,,,2023-05-02T00:00:00,,,Lincoln City,44.9960903,-124.0043128,4355 Ne Hwy 101 Suite A,97367,Active,,
050 1000358C0EF,Cannamedicine Newport,,Recreational Retailer,,Lincoln,050 1000358C0EF,OLCC,Oregon Liquor and Cannabis Commission,Adult-Use and Medicinal,OR,,,,,CANNAMEDICINE NEWPORT,,,,,,,,,2023-05-02T00:00:00,,,Newport,44.6480487,-124.0543344,157 Nw 15Th St.,97365,Active,,
050 10005564876,I And I Newport,,Recreational Retailer,,Lincoln,050 10005564876,OLCC,Oregon Liquor and Cannabis Commission,Adult-Use and Medicinal,OR,,,,,I AND I NEWPORT,,,,,,,,,2023-05-02T00:00:00,,,Newport,44.6295706,-124.0543619,452 Sw Bay Blvd,97365,Active,,
050 10006568A0C,Oregon Bud Company,,Recreational Retailer,,Lincoln,050 10006568A0C,OLCC,Oregon Liquor and Cannabis Commission,Adult-Use and Medicinal,OR,,,,,OREGON BUD COMPANY,,,,,,,,,2023-05-02T00:00:00,,,Newport,44.6259416,-124.0601244,1155 Sw Coast Hwy,97365,Active,,
050 1003171DF64,Oregon Coast Dispensary Inc,,Recreational Retailer,,Lincoln,050 1003171DF64,OLCC,Oregon Liquor and Cannabis Commission,Adult-Use and Medicinal,OR,,,,,OREGON COAST DISPENSARY INC,,,,,,,,,2023-05-02T00:00:00,,,Newport,44.6391591,-124.0611039,861 A. Nw Beach Drive,97365,Active,,
050 10143394D2C,Seaweed Reef,,Recreational Retailer,,Lincoln,050 10143394D2C,OLCC,Oregon Liquor and Cannabis Commission,Adult-Use,OR,,,,,SEAWEED REEF,,,,,,,,,2023-05-02T00:00:00,,,Newport,44.6768653,-124.0613093,5417 N Coast Hwy Unit 3,97365,Active,,
050 10025655A62,The Medication Station,,Recreational Retailer,,Lincoln,050 10025655A62,OLCC,Oregon Liquor and Cannabis Commission,Adult-Use and Medicinal,OR,,,,,THE MEDICATION STATION,,,,,,,,,2023-05-02T00:00:00,,,Newport,44.6327908,-124.0578627,454 Sw Coast Highway,97365,Active,,
050 1011675DFC6,Top Shelf Medicine,,Recreational Retailer,,Lincoln,050 1011675DFC6,OLCC,Oregon Liquor and Cannabis Commission,Adult-Use,OR,,,,,TOP SHELF MEDICINE ,,,,,,,,,2023-05-02T00:00:00,,,Newport,44.6304382,-124.0602471,657 Sw Coast Hwy,97365,Active,,
050 1004552C21B,Otis Collective,,Recreational Retailer,,Lincoln,050 1004552C21B,OLCC,Oregon Liquor and Cannabis Commission,Adult-Use and Medicinal,OR,,,,,OTIS COLLECTIVE,,,,,,,,,2023-05-02T00:00:00,,,Otis,45.0195242,-123.949561,1257 Salmon River Hwy,97368,Active,,
050 10055680FB3,Bernie'S Universal Dispensaries,,Recreational Retailer,,Lincoln,050 10055680FB3,OLCC,Oregon Liquor and Cannabis Commission,Adult-Use and Medicinal,OR,,,,,BERNIE'S UNIVERSAL DISPENSARIES,,,,,,,,,2023-05-02T00:00:00,,,South Beach,44.61027259999999,-124.0517965,3842 S Coast Hwy,97366,Active,,
050 10014652EE2,Green Dragon Herbal Clinic,,Recreational Retailer,,Lincoln,050 10014652EE2,OLCC,Oregon Liquor and Cannabis Commission,Adult-Use and Medicinal,OR,,,,,GREEN DRAGON HERBAL CLINIC,,,,,,,,,2023-05-02T00:00:00,,,Toledo,44.621027,-123.9375555,185 N. Main St,97391,Active,,
050 1014594A9CC,Discovery Cannabis,,Recreational Retailer,,Lincoln,050 1014594A9CC,OLCC,Oregon Liquor and Cannabis Commission,Adult-Use,OR,,,,,DISCOVERY CANNABIS,,,,,,,,,2023-05-02T00:00:00,,,Waldport,44.4247154,-124.068902,250 Sw Hwy 101,97394,Active,,
050 1017168D93A,Farmer Ken'S,,Recreational Retailer,,Lincoln,050 1017168D93A,OLCC,Oregon Liquor and Cannabis Commission,Adult-Use,OR,,,,,FARMER KEN'S,,,,,,,,,2023-05-02T00:00:00,,,Waldport,44.4257764,-124.0678272,150 Sw Hwy 101,97394,Active,,
050 10010057BC0,Mr. Nice Guy Waldport,,Recreational Retailer,,Lincoln,050 10010057BC0,OLCC,Oregon Liquor and Cannabis Commission,Adult-Use and Medicinal,OR,,,,,MR. NICE GUY WALDPORT,,,,,,,,,2023-05-02T00:00:00,,,Waldport,44.427644,-124.0628182,220 Nw Alsea Hwy #34,97394,Active,,
050 10223602B78,Sea Of Green,,Recreational Retailer,,Lincoln,050 10223602B78,OLCC,Oregon Liquor and Cannabis Commission,Adult-Use,OR,,,,,SEA OF GREEN,,,,,,,,,2023-05-02T00:00:00,,,Waldport,44.4158755,-124.0814514,1466 Sw Pacific Coast Hwy,97394,Active,,
050 1011062F6DA,Yachats Cannabis Company,,Recreational Retailer,,Lincoln,050 1011062F6DA,OLCC,Oregon Liquor and Cannabis Commission,Adult-Use and Medicinal,OR,,,,,YACHATS CANNABIS COMPANY,,,,,,,,,2023-05-02T00:00:00,,,Yachats,44.3126536,-124.1042891,430 N Hwy 101,97498,Active,,
050 1011974206C,Beaver Bowls,,Recreational Retailer,,Linn,050 1011974206C,OLCC,Oregon Liquor and Cannabis Commission,Adult-Use,OR,,,,,BEAVER BOWLS,,,,,,,,,2023-05-02T00:00:00,,,Albany,44.63361949999999,-123.0863523,1434 Pacific Blvd Se,97321,Active,,
050 1016990CA13,Chalice Farms/Homegrown,,Recreational Retailer,,Linn,050 1016990CA13,OLCC,Oregon Liquor and Cannabis Commission,Adult-Use,OR,,,,,CHALICE FARMS/HOMEGROWN,,,,,,,,,2023-05-02T00:00:00,,,Albany,44.6326586,-123.092992,921 Se 9Th Ave,97322,Active,,
050 100736767B7,Cloud 9 Cannabis,,Recreational Retailer,,Linn,050 100736767B7,OLCC,Oregon Liquor and Cannabis Commission,Adult-Use and Medicinal,OR,,,,,CLOUD 9 CANNABIS,,,,,,,,,2023-05-02T00:00:00,,,Albany,44.6450931,-123.0591493,154 Manor St Ne,97322,Active,,
050 1012475B14E,Emerald Triangle Dispensary,,Recreational Retailer,,Linn,050 1012475B14E,OLCC,Oregon Liquor and Cannabis Commission,Adult-Use,OR,,,,,EMERALD TRIANGLE DISPENSARY,,,,,,,,,2023-05-02T00:00:00,,,Albany,44.6327664,-123.0937856,838 Pacific Blvd Se,97321,Active,,
050 1007437F64E,Four Seasons Dispensary And Resource Center,,Recreational Retailer,,Linn,050 1007437F64E,OLCC,Oregon Liquor and Cannabis Commission,Adult-Use and Medicinal,OR,,,,,FOUR SEASONS DISPENSARY AND RESOURCE CENTER,,,,,,,,,2023-05-02T00:00:00,,,Albany,44.56828609999999,-123.1518984,30943 Ehlen Drive Ste A,97321,Active,,
050 1005284C8D3,"Going Green Albany, Inc.",,Recreational Retailer,,Linn,050 1005284C8D3,OLCC,Oregon Liquor and Cannabis Commission,Adult-Use and Medicinal,OR,,,,,"GOING GREEN ALBANY, INC.",,,,,,,,,2023-05-02T00:00:00,,,Albany,44.6302688,-123.0542285,1225 S Commercial Way Se,97322,Active,,
050 1023875D6FF,Green Room (Albany),,Recreational Retailer,,Linn,050 1023875D6FF,OLCC,Oregon Liquor and Cannabis Commission,Adult-Use,OR,,,,,GREEN ROOM (ALBANY),,,,,,,,,2023-05-02T00:00:00,,,Albany,44.6326881,-123.0944716,820 Pacific Blvd Suite B,97321,Active,,
050 100542973D6,Oregon Cannabis Co.,,Recreational Retailer,,Linn,050 100542973D6,OLCC,Oregon Liquor and Cannabis Commission,Adult-Use and Medicinal,OR,,,,,OREGON CANNABIS CO. ,,,,,,,,,2023-05-02T00:00:00,,,Albany,44.6344062,-123.0812387,1977 Santiam Hwy.,97322,Active,,
050 10189098D1F,The Cannabis Shop,,Recreational Retailer,,Linn,050 10189098D1F,OLCC,Oregon Liquor and Cannabis Commission,Adult-Use,OR,,,,,THE CANNABIS SHOP,,,,,,,,,2023-05-02T00:00:00,,,Albany,44.6678593,-123.056762,37575 Century Drive Ne,97322,Active,,
050 10055307DA2,Green Cross Dispensary,,Recreational Retailer,,Linn,050 10055307DA2,OLCC,Oregon Liquor and Cannabis Commission,Adult-Use and Medicinal,OR,,,,,GREEN CROSS DISPENSARY,,,,,,,,,2023-05-02T00:00:00,,,Brownsville,44.3866582,-122.9866921,221 West Bishop Way,97327,Active,,
050 102229620BA,Canna Bros.,,Recreational Retailer,,Linn,050 102229620BA,OLCC,Oregon Liquor and Cannabis Commission,Adult-Use,OR,,,,,CANNA BROS.,,,,,,,,,2023-05-02T00:00:00,,,Lebanon,44.5354142,-122.9067888,1111 S Main St,97355,Active,,
050 1018900DA30,Cannabis Liquidation Outlet,,Recreational Retailer,,Linn,050 1018900DA30,OLCC,Oregon Liquor and Cannabis Commission,Adult-Use,OR,,,,,CANNABIS LIQUIDATION OUTLET,,,,,,,,,2023-05-02T00:00:00,,,Lebanon,44.5331119,-122.9066243,1355 S Main Street,97355,Active,,
050 100392377F1,La Mota,,Recreational Retailer,,Linn,050 100392377F1,OLCC,Oregon Liquor and Cannabis Commission,Adult-Use and Medicinal,OR,,,,,LA MOTA,,,,,,,,,2023-05-02T00:00:00,,,Lebanon,44.5397959,-122.9072014,620 S Main St,97355,Active,,
050 10076627A48,La Mota Lebanon 2 Llc,,Recreational Retailer,,Linn,050 10076627A48,OLCC,Oregon Liquor and Cannabis Commission,Adult-Use,OR,,,,,LA MOTA LEBANON 2 LLC ,,,,,,,,,2023-05-02T00:00:00,,,Lebanon,44.5475541,-122.9074687,260 N Santiam Hwy,97355,Active,,
050 100858709AE,La Mota Lebanon 3 Llc,,Recreational Retailer,,Linn,050 100858709AE,OLCC,Oregon Liquor and Cannabis Commission,Adult-Use,OR,,,,,LA MOTA LEBANON 3 LLC ,,,,,,,,,2023-05-02T00:00:00,,,Lebanon,44.5207282,-122.90678,2645 S Main Rd,97355,Active,,
050 10052346C33,Modern Forest,,Recreational Retailer,,Linn,050 10052346C33,OLCC,Oregon Liquor and Cannabis Commission,Adult-Use and Medicinal,OR,,,,,MODERN FOREST,,,,,,,,,2023-05-02T00:00:00,,,Lebanon,44.539617,-122.907482,634 S. Main Street,97355,Active,,
050 1008370DC68,Mr. Nice Guy Lebanon,,Recreational Retailer,,Linn,050 1008370DC68,OLCC,Oregon Liquor and Cannabis Commission,Adult-Use and Medicinal,OR,,,,,MR. NICE GUY LEBANON,,,,,,,,,2023-05-02T00:00:00,,,Lebanon,44.5388783,-122.9057487,700 Park St,97355,Active,,
050 10085557734,The Oz. House,,Recreational Retailer,,Linn,050 10085557734,OLCC,Oregon Liquor and Cannabis Commission,Adult-Use and Medicinal,OR,,,,,THE OZ. HOUSE,,,,,,,,,2023-05-02T00:00:00,,,Lebanon,44.53894469999999,-122.9057302,712 Park St,97355,Active,,
050 1012716F28A,"17 Farms, Llc",,Recreational Retailer,,Linn,050 1012716F28A,OLCC,Oregon Liquor and Cannabis Commission,Adult-Use,OR,,,,,"17 FARMS, LLC",,,,,,,,,2023-05-02T00:00:00,,,Sweet Home,44.3984101,-122.7377967,550 Main Street,97386,Active,,
050 10069997015,Going Green Sweet Home,,Recreational Retailer,,Linn,050 10069997015,OLCC,Oregon Liquor and Cannabis Commission,Adult-Use and Medicinal,OR,,,,,GOING GREEN SWEET HOME,,,,,,,,,2023-05-02T00:00:00,,,Sweet Home,44.4005833,-122.7160568,2252 Main Street,97386,Active,,
050 100392377F1,La Mota,,Recreational Retailer,,Linn,050 100392377F1,OLCC,Oregon Liquor and Cannabis Commission,Adult-Use,OR,,,,,LA MOTA,,,,,,,,,2023-05-02T00:00:00,,,Sweet Home,44.3973114,-122.7315235,1025 Main Street,97386,Active,,
050 100392377F1,La Mota,,Recreational Retailer,,Linn,050 100392377F1,OLCC,Oregon Liquor and Cannabis Commission,Adult-Use,OR,,,,,LA MOTA ,,,,,,,,,2023-05-02T00:00:00,,,Sweet Home,44.4047612,-122.6898772,4320 Hwy 20,97386,Active,,
050 10106545CBB,La Mota Sweet Home Llc,,Recreational Retailer,,Linn,050 10106545CBB,OLCC,Oregon Liquor and Cannabis Commission,Adult-Use and Medicinal,OR,,,,,LA MOTA SWEET HOME LLC,,,,,,,,,2023-05-02T00:00:00,,,Sweet Home,44.3973114,-122.7315235,1025-1027 Main Street,97386,Active,,
050 10127721FCB,Modern Forest Sweet Home,,Recreational Retailer,,Linn,050 10127721FCB,OLCC,Oregon Liquor and Cannabis Commission,Adult-Use,OR,,,,,MODERN FOREST SWEET HOME,,,,,,,,,2023-05-02T00:00:00,,,Sweet Home,44.4000972,-122.74128,150 S Main St,97386,Active,,
050 100562112C2,Tangent Farmacy,,Recreational Retailer,,Linn,050 100562112C2,OLCC,Oregon Liquor and Cannabis Commission,Adult-Use and Medicinal,OR,,,,,TANGENT FARMACY,,,,,,,,,2023-05-02T00:00:00,,,Tangent,44.5411362,-123.1104266,32990 Hwy 99E,97389,Active,,
050 1016172E2AC,Justice Cannabis Company,,Recreational Retailer,,Marion,050 1016172E2AC,OLCC,Oregon Liquor and Cannabis Commission,Adult-Use,OR,,,,,JUSTICE CANNABIS COMPANY,,,,,,,,,2023-05-02T00:00:00,,,Aurora,45.2311012,-122.7555771,21558 Or-99E,97002,Active,,
050 1007695C5F7,Hierba Buena,,Recreational Retailer,,Marion,050 1007695C5F7,OLCC,Oregon Liquor and Cannabis Commission,Adult-Use,OR,,,,,HIERBA BUENA ,,,,,,,,,2023-05-02T00:00:00,,,Hubbard,45.1814832,-122.8039153,3674 Pacific Hwy,97032,Active,,
050 10191166307,Elevate Northwest,,Recreational Retailer,,Marion,050 10191166307,OLCC,Oregon Liquor and Cannabis Commission,Adult-Use,OR,,,,,ELEVATE NORTHWEST ,,,,,,,,,2023-05-02T00:00:00,,,Keizer,44.9801903,-123.0262456,3700 River Rd N Suite 9,97303,Active,,
050 1000651584B,Oregon Bud Company,,Recreational Retailer,,Marion,050 1000651584B,OLCC,Oregon Liquor and Cannabis Commission,Adult-Use and Medicinal,OR,,,,,OREGON BUD COMPANY ,,,,,,,,,2023-05-02T00:00:00,,,Keizer,44.9756288,-123.0268591,3450 River Rd N,97303,Active,,
050 1017194C683,Stokes Cannabis,,Recreational Retailer,,Marion,050 1017194C683,OLCC,Oregon Liquor and Cannabis Commission,Adult-Use,OR,,,,,STOKES CANNABIS,,,,,,,,,2023-05-02T00:00:00,,,Keizer,44.9907111,-123.02629,4570 River Rd N,97303,Active,,
050 10044492D86,The Grass Hut Ii,,Recreational Retailer,,Marion,050 10044492D86,OLCC,Oregon Liquor and Cannabis Commission,Adult-Use and Medicinal,OR,,,,,THE GRASS HUT II,,,,,,,,,2023-05-02T00:00:00,,,Keizer,44.98415,-123.0253042,4085 Cherry Avenue Ne,97303,Active,,
050 10041223AB3,Canyon Cannabis,,Recreational Retailer,,Marion,050 10041223AB3,OLCC,Oregon Liquor and Cannabis Commission,Adult-Use and Medicinal,OR,,,,,CANYON CANNABIS,,,,,,,,,2023-05-02T00:00:00,,,Mill City,44.7557729,-122.4714871,415 Ne Santiam Blvd,97360,Active,,
050 100834893DE,A Prime Leaf,,Recreational Retailer,,Marion,050 100834893DE,OLCC,Oregon Liquor and Cannabis Commission,Adult-Use and Medicinal,OR,,,,,A PRIME LEAF,,,,,,,,,2023-05-02T00:00:00,,,Salem,44.9117896,-123.0304152,2974 12Th St Se,97302,Active,,
050 1017795BA15,Astral Markets,,Recreational Retailer,,Marion,050 1017795BA15,OLCC,Oregon Liquor and Cannabis Commission,Adult-Use,OR,,,,,ASTRAL MARKETS,,,,,,,,,2023-05-02T00:00:00,,,Salem,44.8885115,-123.0323618,4560 Commercial Street Se,97302,Active,,
050 1018084C48A,Canna Bros.,,Recreational Retailer,,Marion,050 1018084C48A,OLCC,Oregon Liquor and Cannabis Commission,Adult-Use,OR,,,,,CANNA BROS. ,,,,,,,,,2023-05-02T00:00:00,,,Salem,44.9231286,-123.0143044,1252 23Rd St Se Suite 150,97302,Active,,
050 1000170A08B,Cannamedicine,,Recreational Retailer,,Marion,050 1000170A08B,OLCC,Oregon Liquor and Cannabis Commission,Adult-Use and Medicinal,OR,,,,,CANNAMEDICINE,,,,,,,,,2023-05-02T00:00:00,,,Salem,44.9100184,-123.0461647,3212 Triangle Dr Se,97302,Active,,
050 10052560FB5,Capitol Green Leaf,,Recreational Retailer,,Marion,050 10052560FB5,OLCC,Oregon Liquor and Cannabis Commission,Adult-Use and Medicinal,OR,,,,,CAPITOL GREEN LEAF,,,,,,,,,2023-05-02T00:00:00,,,Salem,44.9546328,-123.0201962,1890 Capitol St Ne,97301,Active,,
050 1016993F313,Chalice Farms/Homegrown,,Recreational Retailer,,Marion,050 1016993F313,OLCC,Oregon Liquor and Cannabis Commission,Adult-Use,OR,,,,,CHALICE FARMS/HOMEGROWN,,,,,,,,,2023-05-02T00:00:00,,,Salem,44.9517203,-122.9981014,1803 Lansing Ave Ne,97301,Active,,
050 1016993F313,Chalice Farms/Homegrown,,Recreational Retailer,,Marion,050 1016993F313,OLCC,Oregon Liquor and Cannabis Commission,Adult-Use,OR,,,,,CHALICE FARMS/HOMEGROWN,,,,,,,,,2023-05-02T00:00:00,,,Salem,44.9679663,-123.0314166,2820 Liberty Street Ne,97301,Active,,
050 10160557FF1,Cherry City Compassion,,Recreational Retailer,,Marion,050 10160557FF1,OLCC,Oregon Liquor and Cannabis Commission,Adult-Use,OR,,,,,CHERRY CITY COMPASSION,,,,,,,,,2023-05-02T00:00:00,,,Salem,44.9201082,-123.0107271,1855 25Th Street,97302,Active,,
050 10228847753,Chronic West,,Recreational Retailer,,Marion,050 10228847753,OLCC,Oregon Liquor and Cannabis Commission,Adult-Use,OR,,,,,CHRONIC WEST,,,,,,,,,2023-05-02T00:00:00,,,Salem,44.9346361,-123.0186424,1860 State St,97301,Active,,
050 10052885D4C,Diem,,Recreational Retailer,,Marion,050 10052885D4C,OLCC,Oregon Liquor and Cannabis Commission,Adult-Use and Medicinal,OR,,,,,DIEM,,,,,,,,,2023-05-02T00:00:00,,,Salem,44.9308456,-123.043614,1040 Commercial Street Se,97302,Active,,
050 1015197A5ED,Eden,,Recreational Retailer,,Marion,050 1015197A5ED,OLCC,Oregon Liquor and Cannabis Commission,Adult-Use,OR,,,,,EDEN,,,,,,,,,2023-05-02T00:00:00,,,Salem,44.9869466,-122.9891176,4618 Portland Rd. Ne #110,97305,Active,,
050 1022388374D,Good Karma Commercial,,Recreational Retailer,,Marion,050 1022388374D,OLCC,Oregon Liquor and Cannabis Commission,Adult-Use,OR,,,,,GOOD KARMA COMMERCIAL,,,,,,,,,2023-05-02T00:00:00,,,Salem,44.9018267,-123.0407504,3755 Commercial St Se,97302,Active,,
050 100137839DD,Green Cross Cannabis Emporium,,Recreational Retailer,,Marion,050 100137839DD,OLCC,Oregon Liquor and Cannabis Commission,Adult-Use and Medicinal,OR,,,,,GREEN CROSS CANNABIS EMPORIUM,,,,,,,,,2023-05-02T00:00:00,,,Salem,44.88848369999999,-123.0331346,4550 Commercial St Se,97302,Active,,
050 100137839DD,Green Cross Cannabis Emporium,,Recreational Retailer,,Marion,050 100137839DD,OLCC,Oregon Liquor and Cannabis Commission,Adult-Use and Medicinal,OR,,,,,GREEN CROSS CANNABIS EMPORIUM,,,,,,,,,2023-05-02T00:00:00,,,Salem,44.9722775,-123.0301756,3165 River Road N,97303,Active,,
050 100137839DD,Green Cross Cannabis Emporium,,Recreational Retailer,,Marion,050 100137839DD,OLCC,Oregon Liquor and Cannabis Commission,Adult-Use,OR,,,,,GREEN CROSS CANNABIS EMPORIUM,,,,,,,,,2023-05-02T00:00:00,,,Salem,44.9395303,-123.0182717,1695 Center St Ne,97301,Active,,
050 10134898DE3,Growing Releaf Salem,,Recreational Retailer,,Marion,050 10134898DE3,OLCC,Oregon Liquor and Cannabis Commission,Adult-Use,OR,,,,,GROWING RELEAF SALEM,,,,,,,,,2023-05-02T00:00:00,,,Salem,44.9546131,-123.0333742,309 Shipping St Ne,97301,Active,,
050 1005488731C,Herbal Remedies 2,,Recreational Retailer,,Marion,050 1005488731C,OLCC,Oregon Liquor and Cannabis Commission,Adult-Use and Medicinal,OR,,,,,HERBAL REMEDIES 2,,,,,,,,,2023-05-02T00:00:00,,,Salem,44.8989859,-123.0380551,3940 Commercial St Se,97302,Active,,
050 10008629837,Hi Cascade,,Recreational Retailer,,Marion,050 10008629837,OLCC,Oregon Liquor and Cannabis Commission,Adult-Use and Medicinal,OR,,,,,HI CASCADE,,,,,,,,,2023-05-02T00:00:00,,,Salem,44.8817471,-123.029234,5070 Commercial St Se Suite 115 & 120,97306,Active,,
050 1013753ACFE,La Mota,,Recreational Retailer,,Marion,050 1013753ACFE,OLCC,Oregon Liquor and Cannabis Commission,Adult-Use,OR,,,,,LA MOTA ,,,,,,,,,2023-05-02T00:00:00,,,Salem,44.9498171,-122.9842454,1685 Lancaster Dr Ne,97301,Active,,
050 10167004BB9,Lit Company,,Recreational Retailer,,Marion,050 10167004BB9,OLCC,Oregon Liquor and Cannabis Commission,Adult-Use,OR,,,,,LIT COMPANY,,,,,,,,,2023-05-02T00:00:00,,,Salem,44.92313,-123.014309,1252 23Rd Street Se  Suite 120,97302,Active,,
050 100088728CB,Livewell Cannabis,,Recreational Retailer,,Marion,050 100088728CB,OLCC,Oregon Liquor and Cannabis Commission,Adult-Use and Medicinal,OR,,,,,LIVEWELL CANNABIS,,,,,,,,,2023-05-02T00:00:00,,,Salem,44.9392567,-122.9914549,696 Hawthorne Ave Ne,97301,Active,,
050 100869451F2,Livewell Dispensary,,Recreational Retailer,,Marion,050 100869451F2,OLCC,Oregon Liquor and Cannabis Commission,Adult-Use and Medicinal,OR,,,,,LIVEWELL DISPENSARY,,,,,,,,,2023-05-02T00:00:00,,,Salem,44.9537938,-123.0294438,1522 Broadway St Ne,97301,Active,,
050 1008335A9E3,Mr. Nice Guy Market St,,Recreational Retailer,,Marion,050 1008335A9E3,OLCC,Oregon Liquor and Cannabis Commission,Adult-Use,OR,,,,,MR. NICE GUY MARKET ST,,,,,,,,,2023-05-02T00:00:00,,,Salem,44.94956790000001,-123.0010219,2794 Market St Ne,97301,Active,,
050 10079072E3A,Mr. Nice Guy Salem,,Recreational Retailer,,Marion,050 10079072E3A,OLCC,Oregon Liquor and Cannabis Commission,Adult-Use and Medicinal,OR,,,,,MR. NICE GUY SALEM,,,,,,,,,2023-05-02T00:00:00,,,Salem,44.9358368,-123.0235829,1460 State Street,97301,Active,,
050 1000206828A,Nectar,,Recreational Retailer,,Marion,050 1000206828A,OLCC,Oregon Liquor and Cannabis Commission,Adult-Use and Medicinal,OR,,,,,NECTAR,,,,,,,,,2023-05-02T00:00:00,,,Salem,44.8954498,-123.0553963,4142 Liberty Road S,97302,Active,,
050 1000206828A,Nectar,,Recreational Retailer,,Marion,050 1000206828A,OLCC,Oregon Liquor and Cannabis Commission,Adult-Use,OR,,,,,NECTAR,,,,,,,,,2023-05-02T00:00:00,,,Salem,44.8855818,-123.0317256,1130 Royvonne Ave Ste 103,97302,Active,,
050 1000206828A,Nectar,,Recreational Retailer,,Marion,050 1000206828A,OLCC,Oregon Liquor and Cannabis Commission,Adult-Use,OR,,,,,NECTAR,,,,,,,,,2023-05-02T00:00:00,,,Salem,44.9044186,-123.0408072,3514 Commercial St Se,97302,Active,,
050 1000206828A,Nectar,,Recreational Retailer,,Marion,050 1000206828A,OLCC,Oregon Liquor and Cannabis Commission,Adult-Use,OR,,,,,NECTAR ,,,,,,,,,2023-05-02T00:00:00,,,Salem,44.8855138,-123.0317222,"1130 Royvonne Ave Se, #104",97302,Active,,
050 101185442C9,Og Collective,,Recreational Retailer,,Marion,050 101185442C9,OLCC,Oregon Liquor and Cannabis Commission,Adult-Use,OR,,,,,OG COLLECTIVE,,,,,,,,,2023-05-02T00:00:00,,,Salem,44.9553437,-123.0322953,1617 Liberty St Ne,97301,Active,,
050 100157201FF,"Og Collective, Llc",,Recreational Retailer,,Marion,050 100157201FF,OLCC,Oregon Liquor and Cannabis Commission,Adult-Use and Medicinal,OR,,,,,"OG COLLECTIVE, LLC",,,,,,,,,2023-05-02T00:00:00,,,Salem,44.9038112,-123.0415512,3537 Commercial St Se,97302,Active,,
050 100157201FF,"Og Collective, Llc",,Recreational Retailer,,Marion,050 100157201FF,OLCC,Oregon Liquor and Cannabis Commission,Adult-Use and Medicinal,OR,,,,,"OG COLLECTIVE, LLC",,,,,,,,,2023-05-02T00:00:00,,,Salem,44.9688667,-122.9908248,3410 Hawthorne Ave Ne,97301,Active,,
050 100157201FF,"Og Collective, Llc",,Recreational Retailer,,Marion,050 100157201FF,OLCC,Oregon Liquor and Cannabis Commission,Adult-Use and Medicinal,OR,,,,,"OG COLLECTIVE, LLC",,,,,,,,,2023-05-02T00:00:00,,,Salem,44.925945,-123.029834,1255 Cross St Se Suite 150,97302,Active,,
050 10226385291,Paka House Cannabis,,Recreational Retailer,,Marion,050 10226385291,OLCC,Oregon Liquor and Cannabis Commission,Adult-Use,OR,,,,,PAKA HOUSE CANNABIS,,,,,,,,,2023-05-02T00:00:00,,,Salem,44.9246421,-123.0301865,1310 12Th St Se,97302,Active,,
050 10044474E1C,Piper'S Dispensary,,Recreational Retailer,,Marion,050 10044474E1C,OLCC,Oregon Liquor and Cannabis Commission,Adult-Use and Medicinal,OR,,,,,PIPER'S DISPENSARY,,,,,,,,,2023-05-02T00:00:00,,,Salem,44.93967749999999,-123.0176324,1729 Center St. Ne #170,97301,Active,,
050 10168807BB0,Power Plant Salem,,Recreational Retailer,,Marion,050 10168807BB0,OLCC,Oregon Liquor and Cannabis Commission,Adult-Use,OR,,,,,POWER PLANT SALEM,,,,,,,,,2023-05-02T00:00:00,,,Salem,44.8918292,-123.0336933,4340 Commercial St Se Suite 170,97302,Active,,
050 1009465D34F,Preserve Oregon,,Recreational Retailer,,Marion,050 1009465D34F,OLCC,Oregon Liquor and Cannabis Commission,Adult-Use and Medicinal,OR,,,,,PRESERVE OREGON,,,,,,,,,2023-05-02T00:00:00,,,Salem,44.9291048,-123.0444862,1201 Commercial St Se,97302,Active,,
050 1005776B2C0,Reefer Madness,,Recreational Retailer,,Marion,050 1005776B2C0,OLCC,Oregon Liquor and Cannabis Commission,Adult-Use and Medicinal,OR,,,,,REEFER MADNESS,,,,,,,,,2023-05-02T00:00:00,,,Salem,44.9540563,-123.0250369,1675 Fairgrounds Rd. Ne,97301,Active,,
050 1008736780D,"Salem Organics, Llc",,Recreational Retailer,,Marion,050 1008736780D,OLCC,Oregon Liquor and Cannabis Commission,Adult-Use and Medicinal,OR,,,,,"SALEM ORGANICS, LLC",,,,,,,,,2023-05-02T00:00:00,,,Salem,44.8840178,-123.0311255,4980 Commercial Street Se,97302,Active,,
050 1011108FB30,Simple Cannabis Co.,,Recreational Retailer,,Marion,050 1011108FB30,OLCC,Oregon Liquor and Cannabis Commission,Adult-Use,OR,,,,,SIMPLE CANNABIS CO.,,,,,,,,,2023-05-02T00:00:00,,,Salem,44.9233851,-123.0304882,1448 12Th St Se,97302,Active,,
050 10044175634,Thc Recreation Station Salem,,Recreational Retailer,,Marion,050 10044175634,OLCC,Oregon Liquor and Cannabis Commission,Adult-Use and Medicinal,OR,,,,,THC RECREATION STATION SALEM,,,,,,,,,2023-05-02T00:00:00,,,Salem,44.9222483,-123.0295167,1295 Oxford St Se,97302,Active,,
050 1010641CEDD,The Bake Shop,,Recreational Retailer,,Marion,050 1010641CEDD,OLCC,Oregon Liquor and Cannabis Commission,Adult-Use,OR,,,,,THE BAKE SHOP,,,,,,,,,2023-05-02T00:00:00,,,Salem,44.9672528,-123.0092452,3125B Portland Rd Ne,97301,Active,,
050 10226326FC2,The Chronic On Commercial,,Recreational Retailer,,Marion,050 10226326FC2,OLCC,Oregon Liquor and Cannabis Commission,Adult-Use,OR,,,,,THE CHRONIC ON COMMERCIAL,,,,,,,,,2023-05-02T00:00:00,,,Salem,44.9114127,-123.0446441,3024 Commercial St Se,97302,Active,,
050 100431414A0,The Holistic Choice,,Recreational Retailer,,Marion,050 100431414A0,OLCC,Oregon Liquor and Cannabis Commission,Adult-Use and Medicinal,OR,,,,,THE HOLISTIC CHOICE,,,,,,,,,2023-05-02T00:00:00,,,Salem,44.9306981,-123.0447359,1045 Commercial St Se,97302,Active,,
050 1000080680D,The Joint On Market,,Recreational Retailer,,Marion,050 1000080680D,OLCC,Oregon Liquor and Cannabis Commission,Adult-Use and Medicinal,OR,,,,,THE JOINT ON MARKET,,,,,,,,,2023-05-02T00:00:00,,,Salem,44.9497718,-122.9945983,3270 Market St. Ne,97301,Active,,
050 1002423E8DA,The Joint On State,,Recreational Retailer,,Marion,050 1002423E8DA,OLCC,Oregon Liquor and Cannabis Commission,Adult-Use and Medicinal,OR,,,,,THE JOINT ON STATE,,,,,,,,,2023-05-02T00:00:00,,,Salem,44.9331689,-123.0133069,2350 State St,97301,Active,,
050 10170663A49,The Rock Dispensary,,Recreational Retailer,,Marion,050 10170663A49,OLCC,Oregon Liquor and Cannabis Commission,Adult-Use,OR,,,,,THE ROCK DISPENSARY,,,,,,,,,2023-05-02T00:00:00,,,Salem,44.95261920000001,-122.9845551,1911 Lancaster Dr Ne,97305,Active,,
050 1017432812F,Tj'S On Broadway,,Recreational Retailer,,Marion,050 1017432812F,OLCC,Oregon Liquor and Cannabis Commission,Adult-Use,OR,,,,,TJ'S ON BROADWAY,,,,,,,,,2023-05-02T00:00:00,,,Salem,44.9534052,-123.0308584,1487 Broadway St Ne,97301,Active,,
050 10103753D2B,Truth Dispensary,,Recreational Retailer,,Marion,050 10103753D2B,OLCC,Oregon Liquor and Cannabis Commission,Adult-Use and Medicinal,OR,,,,,TRUTH DISPENSARY,,,,,,,,,2023-05-02T00:00:00,,,Salem,44.951102,-122.9840288,1735 Lancaster Dr. Ne,97305,Active,,
050 10114946F80,Weedagain,,Recreational Retailer,,Marion,050 10114946F80,OLCC,Oregon Liquor and Cannabis Commission,Adult-Use,OR,,,,,WEEDAGAIN,,,,,,,,,2023-05-02T00:00:00,,,Salem,44.9230027,-123.0127099,2410 Mission Street Se Suite 010,97302,Active,,
050 10114946F80,Weedagain,,Recreational Retailer,,Marion,050 10114946F80,OLCC,Oregon Liquor and Cannabis Commission,Adult-Use,OR,,,,,WEEDAGAIN,,,,,,,,,2023-05-02T00:00:00,,,Salem,44.9593011,-123.0159557,2390 Fairgrounds Rd Ne,97301,Active,,
050 101220555C6,"Yak, Inc.",,Recreational Retailer,,Marion,050 101220555C6,OLCC,Oregon Liquor and Cannabis Commission,Adult-Use,OR,,,,,"YAK, INC.",,,,,,,,,2023-05-02T00:00:00,,,Salem,44.9250887,-123.0300633,1215 Wilbur St Se,97302,Active,,
050 10096429A3B,Silver Creek Dispensary,,Recreational Retailer,,Marion,050 10096429A3B,OLCC,Oregon Liquor and Cannabis Commission,Adult-Use and Medicinal,OR,,,,,SILVER CREEK DISPENSARY,,,,,,,,,2023-05-02T00:00:00,,,Silverton,45.005895,-122.7817505,307 E. Main Street,97381,Active,,
050 1001843EA13,The Lucky Leaf,,Recreational Retailer,,Marion,050 1001843EA13,OLCC,Oregon Liquor and Cannabis Commission,Adult-Use and Medicinal,OR,,,,,THE LUCKY LEAF,,,,,,,,,2023-05-02T00:00:00,,,Silverton,45.0041063,-122.7816228,208 Jersey St,97381,Active,,
050 10107001EDC,Canna Bros. Stayton,,Recreational Retailer,,Marion,050 10107001EDC,OLCC,Oregon Liquor and Cannabis Commission,Adult-Use,OR,,,,,CANNA BROS. STAYTON,,,,,,,,,2023-05-02T00:00:00,,,Stayton,44.812995,-122.792826,2420 Martin Dr,97383,Active,,
050 10049061904,Homegrown Remedies,,Recreational Retailer,,Marion,050 10049061904,OLCC,Oregon Liquor and Cannabis Commission,Adult-Use and Medicinal,OR,,,,,HOMEGROWN REMEDIES,,,,,,,,,2023-05-02T00:00:00,,,Stayton,44.79698639999999,-122.7925667,277 N 3Rd Ave,97383,Active,,
050 10129165BBF,"Today'S Herbal Choice Stayton, Llc",,Recreational Retailer,,Marion,050 10129165BBF,OLCC,Oregon Liquor and Cannabis Commission,Adult-Use,OR,,,,,"TODAY'S HERBAL CHOICE STAYTON, LLC",,,,,,,,,2023-05-02T00:00:00,,,Stayton,44.7985181,-122.8146316,494 Wilco Road,97132,Active,,
050 10097838926,Hgr2,,Recreational Retailer,,Marion,050 10097838926,OLCC,Oregon Liquor and Cannabis Commission,Adult-Use and Medicinal,OR,,,,,HGR2,,,,,,,,,2023-05-02T00:00:00,,,Turner,44.8491352,-122.9546727,7314 3Rd St Se,97392,Active,,
050 1007069E349,Treestar,,Recreational Retailer,,Marion,050 1007069E349,OLCC,Oregon Liquor and Cannabis Commission,Adult-Use and Medicinal,OR,,,,,TREESTAR,,,,,,,,,2023-05-02T00:00:00,,,Woodburn,45.1578379,-122.830404,1385 Industrial Ave.,97071,Active,,
050 10020141411,Cannabis Nation Gresham,,Recreational Retailer,,Multnomah,050 10020141411,OLCC,Oregon Liquor and Cannabis Commission,Adult-Use and Medicinal,OR,,,,,CANNABIS NATION GRESHAM,,,,,,,,,2023-05-02T00:00:00,,,Gresham,45.50453419999999,-122.4164426,1500 Ne Division St,97030,Active,,
050 10064647FD2,Green Mountain Fire,,Recreational Retailer,,Multnomah,050 10064647FD2,OLCC,Oregon Liquor and Cannabis Commission,Adult-Use and Medicinal,OR,,,,,GREEN MOUNTAIN FIRE,,,,,,,,,2023-05-02T00:00:00,,,Gresham,45.51928239999999,-122.4362079,21951 Se Stark St.,97030,Active,,
050 10051364EB2,Kaleafa Gresham,,Recreational Retailer,,Multnomah,050 10051364EB2,OLCC,Oregon Liquor and Cannabis Commission,Adult-Use and Medicinal,OR,,,,,KALEAFA GRESHAM,,,,,,,,,2023-05-02T00:00:00,,,Gresham,45.4863838,-122.3971055,1450 Se Orient Drive,97080,Active,,
050 10001759551,Nectar,,Recreational Retailer,,Multnomah,050 10001759551,OLCC,Oregon Liquor and Cannabis Commission,Adult-Use and Medicinal,OR,,,,,NECTAR,,,,,,,,,2023-05-02T00:00:00,,,Gresham,45.5107775,-122.4370704,505 Nw Burnside,97030,Active,,
050 10001759551,Nectar,,Recreational Retailer,,Multnomah,050 10001759551,OLCC,Oregon Liquor and Cannabis Commission,Adult-Use,OR,,,,,NECTAR,,,,,,,,,2023-05-02T00:00:00,,,Gresham,45.5198749,-122.4969795,407 Se 162Nd Ave,97233,Active,,
050 10166519CEB,Nectar; Nectar Markets,,Recreational Retailer,,Multnomah,050 10166519CEB,OLCC,Oregon Liquor and Cannabis Commission,Adult-Use,OR,,,,,NECTAR; NECTAR MARKETS,,,,,,,,,2023-05-02T00:00:00,,,Gresham,45.4973991,-122.4076554,2445 Se 3Rd St,97080,Active,,
050 1004330B65D,Swed.Co,,Recreational Retailer,,Multnomah,050 1004330B65D,OLCC,Oregon Liquor and Cannabis Commission,Adult-Use and Medicinal,OR,,,,,SWED.CO,,,,,,,,,2023-05-02T00:00:00,,,Gresham,45.514242,-122.4535661,2058 Nw Burnside,97030,Active,,
050 10054963D9C,4.0 Belmont,,Recreational Retailer,,Multnomah,050 10054963D9C,OLCC,Oregon Liquor and Cannabis Commission,Adult-Use,OR,,,,,4.0 BELMONT,,,,,,,,,2023-05-02T00:00:00,,,Portland,45.5167329,-122.6213537,4011 Se Belmont St.,97214,Active,,
050 1023045DDCD,Adna Retail Oregon Llc,,Recreational Retailer,,Multnomah,050 1023045DDCD,OLCC,Oregon Liquor and Cannabis Commission,Adult-Use,OR,,,,,ADNA RETAIL OREGON LLC,,,,,,,,,2023-05-02T00:00:00,,,Portland,45.5037663,-122.5336184,12550 Se Division St,97236,Active,,
050 1000821199B,Alternative Remedies,,Recreational Retailer,,Multnomah,050 1000821199B,OLCC,Oregon Liquor and Cannabis Commission,Adult-Use and Medicinal,OR,,,,,ALTERNATIVE REMEDIES,,,,,,,,,2023-05-02T00:00:00,,,Portland,45.4688257,-122.5802249,8109 Se Flavel,97206,Active,,
050 10009640876,Alternative Solutions,,Recreational Retailer,,Multnomah,050 10009640876,OLCC,Oregon Liquor and Cannabis Commission,Adult-Use and Medicinal,OR,,,,,ALTERNATIVE SOLUTIONS ,,,,,,,,,2023-05-02T00:00:00,,,Portland,45.4975957,-122.5239329,13560 Se Powell Blvd.,97236,Active,,
050 1014138FB3D,Amberlight Cannabis House,,Recreational Retailer,,Multnomah,050 1014138FB3D,OLCC,Oregon Liquor and Cannabis Commission,Adult-Use,OR,,,,,AMBERLIGHT CANNABIS HOUSE,,,,,,,,,2023-05-02T00:00:00,,,Portland,45.5050959,-122.6122374,2407 Se 49Th Ave,97206,Active,,
050 1003040668A,Americanna Rx,,Recreational Retailer,,Multnomah,050 1003040668A,OLCC,Oregon Liquor and Cannabis Commission,Adult-Use and Medicinal,OR,,,,,AMERICANNA RX,,,,,,,,,2023-05-02T00:00:00,,,Portland,45.5542903,-122.5735224,8654 Ne Sandy Blvd,97220,Active,,
050 1016538BD86,Arcanna,,Recreational Retailer,,Multnomah,050 1016538BD86,OLCC,Oregon Liquor and Cannabis Commission,Adult-Use,OR,,,,,ARCANNA,,,,,,,,,2023-05-02T00:00:00,,,Portland,45.5484307,-122.6157258,4605 Ne Fremont St Suite 105,97213,Active,,
050 100089293F9,Archive Portland,,Recreational Retailer,,Multnomah,050 100089293F9,OLCC,Oregon Liquor and Cannabis Commission,Adult-Use and Medicinal,OR,,,,,ARCHIVE PORTLAND,,,,,,,,,2023-05-02T00:00:00,,,Portland,45.4767555,-122.5532534,10645 Se Henry Street Suite B,97266,Active,,
050 10237733790,Arise Cannabis,,Recreational Retailer,,Multnomah,050 10237733790,OLCC,Oregon Liquor and Cannabis Commission,Adult-Use,OR,,,,,ARISE CANNABIS,,,,,,,,,2023-05-02T00:00:00,,,Portland,45.4645449,-122.6552115,1035 Se Tacoma Street Unit A,97202,Active,,
050 1013413CA5B,Ascend Dispensary,,Recreational Retailer,,Multnomah,050 1013413CA5B,OLCC,Oregon Liquor and Cannabis Commission,Adult-Use and Medicinal,OR,,,,,ASCEND DISPENSARY,,,,,,,,,2023-05-02T00:00:00,,,Portland,45.5534626,-122.5206833,13836 & 13826 Ne Sandy Blvd,97230,Active,,
050 1005117D2A6,Attis Trading Company,,Recreational Retailer,,Multnomah,050 1005117D2A6,OLCC,Oregon Liquor and Cannabis Commission,Adult-Use and Medicinal,OR,,,,,ATTIS TRADING COMPANY,,,,,,,,,2023-05-02T00:00:00,,,Portland,45.4688952,-122.6925977,7737 Sw Barbur Blvd,97219,Active,,
050 1005117D2A6,Attis Trading Company,,Recreational Retailer,,Multnomah,050 1005117D2A6,OLCC,Oregon Liquor and Cannabis Commission,Adult-Use and Medicinal,OR,,,,,ATTIS TRADING COMPANY,,,,,,,,,2023-05-02T00:00:00,,,Portland,45.5587303,-122.5978595,4920 Ne Cully Blvd,97218,Active,,
050 1005117D2A6,Attis Trading Company,,Recreational Retailer,,Multnomah,050 1005117D2A6,OLCC,Oregon Liquor and Cannabis Commission,Adult-Use and Medicinal,OR,,,,,ATTIS TRADING COMPANY,,,,,,,,,2023-05-02T00:00:00,,,Portland,45.4930467,-122.6393,"2606 Se Gladstone St, #101",97202,Active,,
050 1000942FDE4,Belmont Collective,,Recreational Retailer,,Multnomah,050 1000942FDE4,OLCC,Oregon Liquor and Cannabis Commission,Adult-Use and Medicinal,OR,,,,,BELMONT COLLECTIVE,,,,,,,,,2023-05-02T00:00:00,,,Portland,45.5162474,-122.6447665,2036 Se Belmont St,97214,Active,,
050 1011885C837,Big Medicine Botanicals Llc,,Recreational Retailer,,Multnomah,050 1011885C837,OLCC,Oregon Liquor and Cannabis Commission,Adult-Use,OR,,,,,BIG MEDICINE BOTANICALS LLC,,,,,,,,,2023-05-02T00:00:00,,,Portland,45.5692738,-122.6054039,5594 Ne Columbia Blvd,97218,Active,,
050 1018267C84D,Blue Dream Cannabis & Vintage,,Recreational Retailer,,Multnomah,050 1018267C84D,OLCC,Oregon Liquor and Cannabis Commission,Adult-Use,OR,,,,,BLUE DREAM CANNABIS & VINTAGE,,,,,,,,,2023-05-02T00:00:00,,,Portland,45.4997453,-122.6506313,1436 Se Powell Blvd,97202,Active,,
050 10041989EBF,Bridge City Collective,,Recreational Retailer,,Multnomah,050 10041989EBF,OLCC,Oregon Liquor and Cannabis Commission,Adult-Use and Medicinal,OR,,,,,BRIDGE CITY COLLECTIVE,,,,,,,,,2023-05-02T00:00:00,,,Portland,45.5548984,-122.6663956,4312 N Williams Ave,97217,Active,,
050 10041989EBF,Bridge City Collective,,Recreational Retailer,,Multnomah,050 10041989EBF,OLCC,Oregon Liquor and Cannabis Commission,Adult-Use and Medicinal,OR,,,,,BRIDGE CITY COLLECTIVE,,,,,,,,,2023-05-02T00:00:00,,,Portland,45.521209,-122.6610497,215 Se Grand Avenue,97214,Active,,
050 101040688B0,Broadway Cannabis Market,,Recreational Retailer,,Multnomah,050 101040688B0,OLCC,Oregon Liquor and Cannabis Commission,Adult-Use,OR,,,,,BROADWAY CANNABIS MARKET,,,,,,,,,2023-05-02T00:00:00,,,Portland,45.52636280000001,-122.677948,427 Nw Broadway Ave,97209,Active,,
050 101040688B0,Broadway Cannabis Market,,Recreational Retailer,,Multnomah,050 101040688B0,OLCC,Oregon Liquor and Cannabis Commission,Adult-Use,OR,,,,,BROADWAY CANNABIS MARKET,,,,,,,,,2023-05-02T00:00:00,,,Portland,45.5224687,-122.6782954,219 Sw Broadway,97205,Active,,
050 100288253F9,Brothers Cannabis,,Recreational Retailer,,Multnomah,050 100288253F9,OLCC,Oregon Liquor and Cannabis Commission,Adult-Use and Medicinal,OR,,,,,BROTHERS CANNABIS,,,,,,,,,2023-05-02T00:00:00,,,Portland,45.5049336,-122.6261699,3609 Se Division St,97202,Active,,
050 100288253F9,Brothers Cannabis,,Recreational Retailer,,Multnomah,050 100288253F9,OLCC,Oregon Liquor and Cannabis Commission,Adult-Use and Medicinal,OR,,,,,BROTHERS CANNABIS,,,,,,,,,2023-05-02T00:00:00,,,Portland,45.5169485,-122.6520865,1328 Se Morrison St.,97214,Active,,
050 100288253F9,Brothers Cannabis,,Recreational Retailer,,Multnomah,050 100288253F9,OLCC,Oregon Liquor and Cannabis Commission,Adult-Use,OR,,,,,BROTHERS CANNABIS,,,,,,,,,2023-05-02T00:00:00,,,Portland,45.47103509999999,-122.6486609,1639 Se Flavel,97202,Active,,
050 10007839141,Budlandia,,Recreational Retailer,,Multnomah,050 10007839141,OLCC,Oregon Liquor and Cannabis Commission,Adult-Use and Medicinal,OR,,,,,BUDLANDIA,,,,,,,,,2023-05-02T00:00:00,,,Portland,45.5042918,-122.4940437,16440 Se Division St Suite B,97236,Active,,
050 10007839141,Budlandia,,Recreational Retailer,,Multnomah,050 10007839141,OLCC,Oregon Liquor and Cannabis Commission,Adult-Use and Medicinal,OR,,,,,BUDLANDIA,,,,,,,,,2023-05-02T00:00:00,,,Portland,45.50160349999999,-122.5791214,8135 Se Woodward St,97206,Active,,
050 10007839141,Budlandia,,Recreational Retailer,,Multnomah,050 10007839141,OLCC,Oregon Liquor and Cannabis Commission,Adult-Use,OR,,,,,BUDLANDIA,,,,,,,,,2023-05-02T00:00:00,,,Portland,45.5778522,-122.6609394,7536 Ne Martin Luther King Blvd,97211,Active,,
050 1014534AF69,Buzz Box,,Recreational Retailer,,Multnomah,050 1014534AF69,OLCC,Oregon Liquor and Cannabis Commission,Adult-Use,OR,,,,,BUZZ BOX,,,,,,,,,2023-05-02T00:00:00,,,Portland,45.4978041,-122.5952366,6611 Se Powell Blvd,97206,Active,,
050 10173621447,Ca,,Recreational Retailer,,Multnomah,050 10173621447,OLCC,Oregon Liquor and Cannabis Commission,Adult-Use,OR,,,,,CA,,,,,,,,,2023-05-02T00:00:00,,,Portland,45.5291228,-122.6368274,2812 Ne Sandy Blvd,97232,Active,,
050 1013745FADA,Canna Daddy'S,,Recreational Retailer,,Multnomah,050 1013745FADA,OLCC,Oregon Liquor and Cannabis Commission,Adult-Use,OR,,,,,CANNA DADDY'S,,,,,,,,,2023-05-02T00:00:00,,,Portland,45.5044158,-122.4870106,17020 Se Division St.,97236,Active,,
050 10052863E43,Cannabis Corner,,Recreational Retailer,,Multnomah,050 10052863E43,OLCC,Oregon Liquor and Cannabis Commission,Adult-Use and Medicinal,OR,,,,,CANNABIS CORNER,,,,,,,,,2023-05-02T00:00:00,,,Portland,45.48324119999999,-122.5894743,5431 Se  72Nd Ave.,97206,Active,,
050 101564175EC,Cannabis Curb,,Recreational Retailer,,Multnomah,050 101564175EC,OLCC,Oregon Liquor and Cannabis Commission,Adult-Use,OR,,,,,CANNABIS CURB,,,,,,,,,2023-05-02T00:00:00,,,Portland,45.5530722,-122.6620222,"4069 Ne Mlk Jr Bvld, Unit A",97217,Active,,
050 10190292D44,Cannabis Liquidation Outlet,,Recreational Retailer,,Multnomah,050 10190292D44,OLCC,Oregon Liquor and Cannabis Commission,Adult-Use,OR,,,,,CANNABIS LIQUIDATION OUTLET,,,,,,,,,2023-05-02T00:00:00,,,Portland,45.5192296,-122.5392378,12015 Se Stark St,97216,Active,,
050 10053314FB4,Cannasource,,Recreational Retailer,,Multnomah,050 10053314FB4,OLCC,Oregon Liquor and Cannabis Commission,Adult-Use and Medicinal,OR,,,,,CANNASOURCE,,,,,,,,,2023-05-02T00:00:00,,,Portland,45.5551313,-122.5115181,4435 Ne 148Th Ave Unit C,97230,Active,,
050 102242182F0,Carefree Cannabis,,Recreational Retailer,,Multnomah,050 102242182F0,OLCC,Oregon Liquor and Cannabis Commission,Adult-Use,OR,,,,,CAREFREE CANNABIS,,,,,,,,,2023-05-02T00:00:00,,,Portland,45.56256519999999,-122.6014242,5926 Ne Killingsworth St,97218,Active,,
050 1007988A80E,Chalice Farms,,Recreational Retailer,,Multnomah,050 1007988A80E,OLCC,Oregon Liquor and Cannabis Commission,Adult-Use and Medicinal,OR,,,,,CHALICE FARMS,,,,,,,,,2023-05-02T00:00:00,,,Portland,45.56331549999999,-122.5256061,"13315 Ne Airport Way, 700A",97230,Active,,
050 1007988A80E,Chalice Farms,,Recreational Retailer,,Multnomah,050 1007988A80E,OLCC,Oregon Liquor and Cannabis Commission,Adult-Use and Medicinal,OR,,,,,CHALICE FARMS,,,,,,,,,2023-05-02T00:00:00,,,Portland,45.4977415,-122.6073051,5333 Se Powell Blvd,97206,Active,,
050 1007988A80E,Chalice Farms,,Recreational Retailer,,Multnomah,050 1007988A80E,OLCC,Oregon Liquor and Cannabis Commission,Adult-Use and Medicinal,OR,,,,,CHALICE FARMS,,,,,,,,,2023-05-02T00:00:00,,,Portland,45.5164783,-122.6734059,823 Sw Naito Parkway,97204,Active,,
050 1007988A80E,Chalice Farms,,Recreational Retailer,,Multnomah,050 1007988A80E,OLCC,Oregon Liquor and Cannabis Commission,Adult-Use,OR,,,,,CHALICE FARMS,,,,,,,,,2023-05-02T00:00:00,,,Portland,45.4868477,-122.7423314,6330 Sw Beaverton Hillsdale Hwy,97221,Active,,
050 1007988A80E,Chalice Farms,,Recreational Retailer,,Multnomah,050 1007988A80E,OLCC,Oregon Liquor and Cannabis Commission,Adult-Use,OR,,,,,CHALICE FARMS,,,,,,,,,2023-05-02T00:00:00,,,Portland,45.523471,-122.697035,2231 W Burnside Street,97210,Active,,
050 1007988A80E,Chalice Farms,,Recreational Retailer,,Multnomah,050 1007988A80E,OLCC,Oregon Liquor and Cannabis Commission,Adult-Use,OR,,,,,CHALICE FARMS,,,,,,,,,2023-05-02T00:00:00,,,Portland,45.5090576,-122.6590921,1917 Se 7Th Avenue,97214,Active,,
050 1007988A80E,Chalice Farms,,Recreational Retailer,,Multnomah,050 1007988A80E,OLCC,Oregon Liquor and Cannabis Commission,Adult-Use,OR,,,,,CHALICE FARMS,,,,,,,,,2023-05-02T00:00:00,,,Portland,45.4861938,-122.6489631,5035 Se Mcloughlin Blvd,97206,Active,,
050 1017648E8FD,Chronix Cannabis Dispensary,,Recreational Retailer,,Multnomah,050 1017648E8FD,OLCC,Oregon Liquor and Cannabis Commission,Adult-Use,OR,,,,,CHRONIX CANNABIS DISPENSARY,,,,,,,,,2023-05-02T00:00:00,,,Portland,45.5297783,-122.5793942,933 N.E. 82Nd Ave,97220,Active,,
050 1000235878E,Club Sky High,,Recreational Retailer,,Multnomah,050 1000235878E,OLCC,Oregon Liquor and Cannabis Commission,Adult-Use and Medicinal,OR,,,,,CLUB SKY HIGH,,,,,,,,,2023-05-02T00:00:00,,,Portland,45.5922812,-122.756702,8957 N Lombard St.,97203,Active,,
050 1007334E153,Cookies,,Recreational Retailer,,Multnomah,050 1007334E153,OLCC,Oregon Liquor and Cannabis Commission,Adult-Use,OR,,,,,COOKIES,,,,,,,,,2023-05-02T00:00:00,,,Portland,45.5051122,-122.5814226,7916 Se Division St,97206,Active,,
050 1017100AA13,Cookies Halsey,,Recreational Retailer,,Multnomah,050 1017100AA13,OLCC,Oregon Liquor and Cannabis Commission,Adult-Use,OR,,,,,COOKIES HALSEY,,,,,,,,,2023-05-02T00:00:00,,,Portland,45.5337895,-122.49692,16102 Ne Halsey Street,97230,Active,,
050 1022846D477,Couch Street Llc,,Recreational Retailer,,Multnomah,050 1022846D477,OLCC,Oregon Liquor and Cannabis Commission,Adult-Use,OR,,,,,COUCH STREET LLC,,,,,,,,,2023-05-02T00:00:00,,,Portland,45.52394229999999,-122.6580567,105 Ne 8Th Ave.,97232,Active,,
050 1021983EA8C,Cultiv8,,Recreational Retailer,,Multnomah,050 1021983EA8C,OLCC,Oregon Liquor and Cannabis Commission,Adult-Use,OR,,,,,CULTIV8 ,,,,,,,,,2023-05-02T00:00:00,,,Portland,45.4847723,-122.6085779,5230 Se 52Nd Ave,97206,Active,,
050 1004610DCA2,Curaleaf,,Recreational Retailer,,Multnomah,050 1004610DCA2,OLCC,Oregon Liquor and Cannabis Commission,Adult-Use,OR,,,,,CURALEAF,,,,,,,,,2023-05-02T00:00:00,,,Portland,45.548403,-122.6100834,5103 Ne Fremont St,97213,Active,,
050 10050430383,Cured Green,,Recreational Retailer,,Multnomah,050 10050430383,OLCC,Oregon Liquor and Cannabis Commission,Adult-Use,OR,,,,,CURED GREEN,,,,,,,,,2023-05-02T00:00:00,,,Portland,45.5772944,-122.7050846,3715 N Lombard St Ste. B,97217,Active,,
050 1003518CE3D,Deanz Greenz,,Recreational Retailer,,Multnomah,050 1003518CE3D,OLCC,Oregon Liquor and Cannabis Commission,Adult-Use and Medicinal,OR,,,,,DEANZ GREENZ,,,,,,,,,2023-05-02T00:00:00,,,Portland,45.5591436,-122.5553693,10415 Ne Sandy Blvd.,97220,Active,,
050 1003518CE3D,Deanz Greenz,,Recreational Retailer,,Multnomah,050 1003518CE3D,OLCC,Oregon Liquor and Cannabis Commission,Adult-Use and Medicinal,OR,,,,,DEANZ GREENZ,,,,,,,,,2023-05-02T00:00:00,,,Portland,45.4817457,-122.5761738,5625 B Se 85Th Avenue,97266,Active,,
050 1003518CE3D,Deanz Greenz,,Recreational Retailer,,Multnomah,050 1003518CE3D,OLCC,Oregon Liquor and Cannabis Commission,Adult-Use,OR,,,,,DEANZ GREENZ,,,,,,,,,2023-05-02T00:00:00,,,Portland,45.5038737,-122.5172789,14154 Se Division St,97236,Active,,
050 10070593E9E,Diem,,Recreational Retailer,,Multnomah,050 10070593E9E,OLCC,Oregon Liquor and Cannabis Commission,Adult-Use and Medicinal,OR,,,,,DIEM,,,,,,,,,2023-05-02T00:00:00,,,Portland,45.4798856,-122.6497667,5903 Se Milwaukie Ave,97202,Active,,
050 10070593E9E,Diem,,Recreational Retailer,,Multnomah,050 10070593E9E,OLCC,Oregon Liquor and Cannabis Commission,Adult-Use,OR,,,,,DIEM,,,,,,,,,2023-05-02T00:00:00,,,Portland,45.5798433,-122.6562983,851 Ne Columbia Blvd.,97211,Active,,
050 1005063D72C,Doctor'S Orders,,Recreational Retailer,,Multnomah,050 1005063D72C,OLCC,Oregon Liquor and Cannabis Commission,Adult-Use and Medicinal,OR,,,,,DOCTOR'S ORDERS,,,,,,,,,2023-05-02T00:00:00,,,Portland,45.5475428,-122.5784395,3424 Ne 82Nd Ave,97220,Active,,
050 100374466A6,Eden,,Recreational Retailer,,Multnomah,050 100374466A6,OLCC,Oregon Liquor and Cannabis Commission,Adult-Use,OR,,,,,EDEN,,,,,,,,,2023-05-02T00:00:00,,,Portland,45.549004,-122.5864769,7420 Ne Sandy Boulevard,97213,Active,,
050 100374466A6,Eden,,Recreational Retailer,,Multnomah,050 100374466A6,OLCC,Oregon Liquor and Cannabis Commission,Adult-Use,OR,,,,,EDEN,,,,,,,,,2023-05-02T00:00:00,,,Portland,45.5685043,-122.5463201,11309 Ne Holman St,97220,Active,,
050 100374466A6,Eden,,Recreational Retailer,,Multnomah,050 100374466A6,OLCC,Oregon Liquor and Cannabis Commission,Adult-Use,OR,,,,,EDEN,,,,,,,,,2023-05-02T00:00:00,,,Portland,45.52177,-122.6532656,128 Se 12Th Ave.,97214,Active,,
050 100374466A6,Eden,,Recreational Retailer,,Multnomah,050 100374466A6,OLCC,Oregon Liquor and Cannabis Commission,Adult-Use,OR,,,,,EDEN,,,,,,,,,2023-05-02T00:00:00,,,Portland,45.4927267,-122.6016043,4124 Se 60Th Ave. Suite B,97220,Active,,
050 1013239D34B,Electric Lettuce Alberta,,Recreational Retailer,,Multnomah,050 1013239D34B,OLCC,Oregon Liquor and Cannabis Commission,Adult-Use,OR,,,,,ELECTRIC LETTUCE ALBERTA,,,,,,,,,2023-05-02T00:00:00,,,Portland,45.5592402,-122.6522682,1313 Ne Alberta St,97211,Active,,
050 10140374FF8,Electric Lettuce Foster-Powell,,Recreational Retailer,,Multnomah,050 10140374FF8,OLCC,Oregon Liquor and Cannabis Commission,Adult-Use,OR,,,,,ELECTRIC LETTUCE FOSTER-POWELL,,,,,,,,,2023-05-02T00:00:00,,,Portland,45.4940022,-122.6058696,"5522 Se Foster Road,",97206,Active,,
050 1012021E786,Electric Lettuce Holgate,,Recreational Retailer,,Multnomah,050 1012021E786,OLCC,Oregon Liquor and Cannabis Commission,Adult-Use,OR,,,,,ELECTRIC LETTUCE HOLGATE,,,,,,,,,2023-05-02T00:00:00,,,Portland,45.4899659,-122.5382728,12131 Se Holgate Blvd,97266,Active,,
050 1001702682A,Electric Lettuce Lloyd District,,Recreational Retailer,,Multnomah,050 1001702682A,OLCC,Oregon Liquor and Cannabis Commission,Adult-Use and Medicinal,OR,,,,,ELECTRIC LETTUCE LLOYD DISTRICT,,,,,,,,,2023-05-02T00:00:00,,,Portland,45.5345115,-122.6634883,203 Ne Weidler St.,97232,Active,,
050 1014039487F,Electric Lettuce Montavilla,,Recreational Retailer,,Multnomah,050 1014039487F,OLCC,Oregon Liquor and Cannabis Commission,Adult-Use,OR,,,,,ELECTRIC LETTUCE MONTAVILLA ,,,,,,,,,2023-05-02T00:00:00,,,Portland,45.5266701,-122.5884152,7201 Ne Glisan St. Suite D,97213,Active,,
050 1014530D0F6,Electric Lettuce Old Town,,Recreational Retailer,,Multnomah,050 1014530D0F6,OLCC,Oregon Liquor and Cannabis Commission,Adult-Use,OR,,,,,ELECTRIC LETTUCE OLD TOWN,,,,,,,,,2023-05-02T00:00:00,,,Portland,45.5236856,-122.6728254,214 Nw Couch Street,97209,Active,,
050 101478142AC,Electric Lettuce Sellwood,,Recreational Retailer,,Multnomah,050 101478142AC,OLCC,Oregon Liquor and Cannabis Commission,Adult-Use,OR,,,,,ELECTRIC LETTUCE SELLWOOD,,,,,,,,,2023-05-02T00:00:00,,,Portland,45.4691457,-122.6531851,7703 Se 13Th Ave.,97202,Active,,
050 1013305B57E,Farma,,Recreational Retailer,,Multnomah,050 1013305B57E,OLCC,Oregon Liquor and Cannabis Commission,Adult-Use and Medicinal,OR,,,,,FARMA,,,,,,,,,2023-05-02T00:00:00,,,Portland,45.5120885,-122.6562814,916 Se Hawthorne Blvd.,97214,Active,,
050 100930492A3,Fidus Pdx,,Recreational Retailer,,Multnomah,050 100930492A3,OLCC,Oregon Liquor and Cannabis Commission,Adult-Use and Medicinal,OR,,,,,FIDUS PDX,,,,,,,,,2023-05-02T00:00:00,,,Portland,45.4702303,-122.7079607,7501 Sw Capitol Hwy,97219,Active,,
050 1014058379E,Five Zero Trees Portland East,,Recreational Retailer,,Multnomah,050 1014058379E,OLCC,Oregon Liquor and Cannabis Commission,Adult-Use,OR,,,,,FIVE ZERO TREES PORTLAND EAST ,,,,,,,,,2023-05-02T00:00:00,,,Portland,45.5052927,-122.5584063,10209-02 Se Division Ave.,97266,Active,,
050 10140556CE8,Five Zero Trees Portland West,,Recreational Retailer,,Multnomah,050 10140556CE8,OLCC,Oregon Liquor and Cannabis Commission,Adult-Use,OR,,,,,FIVE ZERO TREES PORTLAND WEST,,,,,,,,,2023-05-02T00:00:00,,,Portland,45.4866973,-122.7323812,5336 Sw Beaverton-Hillsdale Hwy.,97221,Active,,
050 1011662585D,Floyd'S,,Recreational Retailer,,Multnomah,050 1011662585D,OLCC,Oregon Liquor and Cannabis Commission,Adult-Use,OR,,,,,FLOYD'S,,,,,,,,,2023-05-02T00:00:00,,,Portland,45.540868,-122.7041316,2515 Nw Nicolai,97210,Active,,
050 1011662585D,Floyd'S,,Recreational Retailer,,Multnomah,050 1011662585D,OLCC,Oregon Liquor and Cannabis Commission,Adult-Use,OR,,,,,FLOYD'S ,,,,,,,,,2023-05-02T00:00:00,,,Portland,45.5044558,-122.5540835,10561 Se Division,97266,Active,,
050 10068514E68,Floyd'S Fine Cannabis,,Recreational Retailer,,Multnomah,050 10068514E68,OLCC,Oregon Liquor and Cannabis Commission,Adult-Use and Medicinal,OR,,,,,FLOYD'S FINE CANNABIS,,,,,,,,,2023-05-02T00:00:00,,,Portland,45.48507600000001,-122.637784,5217 Se 28Th Ave,97202,Active,,
050 10068514E68,Floyd'S Fine Cannabis,,Recreational Retailer,,Multnomah,050 10068514E68,OLCC,Oregon Liquor and Cannabis Commission,Adult-Use and Medicinal,OR,,,,,FLOYD'S FINE CANNABIS,,,,,,,,,2023-05-02T00:00:00,,,Portland,45.543205,-122.6016779,5944 Ne Sandy Blvd,97213,Active,,
050 10068514E68,Floyd'S Fine Cannabis,,Recreational Retailer,,Multnomah,050 10068514E68,OLCC,Oregon Liquor and Cannabis Commission,Adult-Use and Medicinal,OR,,,,,FLOYD'S FINE CANNABIS,,,,,,,,,2023-05-02T00:00:00,,,Portland,45.53527769999999,-122.6573773,801 Ne Broadway,97232,Active,,
050 10068514E68,Floyd'S Fine Cannabis,,Recreational Retailer,,Multnomah,050 10068514E68,OLCC,Oregon Liquor and Cannabis Commission,Adult-Use,OR,,,,,FLOYD'S FINE CANNABIS,,,,,,,,,2023-05-02T00:00:00,,,Portland,45.5846909,-122.6832747,1602 N Columbia,97217,Active,,
050 1014882C655,Gnome Grown Oregon,,Recreational Retailer,,Multnomah,050 1014882C655,OLCC,Oregon Liquor and Cannabis Commission,Adult-Use,OR,,,,,GNOME GROWN OREGON,,,,,,,,,2023-05-02T00:00:00,,,Portland,45.5592853,-122.6365833,5012 Ne 28Th Ave,97211,Active,,
050 1003433A4EA,Gram Central Station,,Recreational Retailer,,Multnomah,050 1003433A4EA,OLCC,Oregon Liquor and Cannabis Commission,Adult-Use and Medicinal,OR,,,,,GRAM CENTRAL STATION,,,,,,,,,2023-05-02T00:00:00,,,Portland,45.5695092,-122.6609446,6430 Ne Martin Luther King Jr Blvd,97211,Active,,
050 101547863F7,Gras Cannabis,,Recreational Retailer,,Multnomah,050 101547863F7,OLCC,Oregon Liquor and Cannabis Commission,Adult-Use,OR,,,,,GRAS CANNABIS,,,,,,,,,2023-05-02T00:00:00,,,Portland,45.5184004,-122.6589099,621 Se 7Th Ave Suite A,97214,Active,,
050 10004797E23,Greeley Gallery,,Recreational Retailer,,Multnomah,050 10004797E23,OLCC,Oregon Liquor and Cannabis Commission,Adult-Use and Medicinal,OR,,,,,GREELEY GALLERY,,,,,,,,,2023-05-02T00:00:00,,,Portland,45.5703904,-122.6951168,6512 N Greeley Ave,97217,Active,,
050 1006105BAF2,Green Box,,Recreational Retailer,,Multnomah,050 1006105BAF2,OLCC,Oregon Liquor and Cannabis Commission,Adult-Use and Medicinal,OR,,,,,GREEN BOX,,,,,,,,,2023-05-02T00:00:00,,,Portland,45.4835587,-122.5813875,7966 Se Foster Rd,97206,Active,,
050 1000365F3DF,Green Goddess Remedies,,Recreational Retailer,,Multnomah,050 1000365F3DF,OLCC,Oregon Liquor and Cannabis Commission,Adult-Use and Medicinal,OR,,,,,GREEN GODDESS REMEDIES,,,,,,,,,2023-05-02T00:00:00,,,Portland,45.4549461,-122.7332248,5435 Sw Taylor'S Ferry Rd,97219,Active,,
050 1004550B848,Green Gratitude,,Recreational Retailer,,Multnomah,050 1004550B848,OLCC,Oregon Liquor and Cannabis Commission,Adult-Use and Medicinal,OR,,,,,GREEN GRATITUDE,,,,,,,,,2023-05-02T00:00:00,,,Portland,45.4895484,-122.5565688,10322 Se Holgate Blvd.,97266,Active,,
050 1006382C6BF,Green Muse Llc,,Recreational Retailer,,Multnomah,050 1006382C6BF,OLCC,Oregon Liquor and Cannabis Commission,Adult-Use and Medicinal,OR,,,,,GREEN MUSE LLC,,,,,,,,,2023-05-02T00:00:00,,,Portland,45.5629437,-122.649293,5515 Ne 16Th Ave,97211,Active,,
050 10090892548,Greenery,,Recreational Retailer,,Multnomah,050 10090892548,OLCC,Oregon Liquor and Cannabis Commission,Adult-Use and Medicinal,OR,,,,,GREENERY,,,,,,,,,2023-05-02T00:00:00,,,Portland,45.46178159999999,-122.7030583,8700 Sw Barbur Ct Suite M,97219,Active,,
050 1000146ACE7,Happy Leaf,,Recreational Retailer,,Multnomah,050 1000146ACE7,OLCC,Oregon Liquor and Cannabis Commission,Adult-Use and Medicinal,OR,,,,,HAPPY LEAF,,,,,,,,,2023-05-02T00:00:00,,,Portland,45.535283,-122.6520847,1301 Ne Broadway St,97232,Active,,
050 1023355C084,Herban Llc,,Recreational Retailer,,Multnomah,050 1023355C084,OLCC,Oregon Liquor and Cannabis Commission,Adult-Use,OR,,,,,HERBAN LLC,,,,,,,,,2023-05-02T00:00:00,,,Portland,45.5155377,-122.5374263,1034 Se 122Nd Ave,97233,Active,,
050 101562607D1,High Profile; High Profile Cannabis Shop,,Recreational Retailer,,Multnomah,050 101562607D1,OLCC,Oregon Liquor and Cannabis Commission,Adult-Use,OR,,,,,HIGH PROFILE; HIGH PROFILE CANNABIS SHOP,,,,,,,,,2023-05-02T00:00:00,,,Portland,45.5414544,-122.6619631,"2637 Ne Martin Luther King Jr. Blvd, Ste B",97212,Active,,
050 101554369CB,Home Grown Apothecary,,Recreational Retailer,,Multnomah,050 101554369CB,OLCC,Oregon Liquor and Cannabis Commission,Adult-Use,OR,,,,,HOME GROWN APOTHECARY,,,,,,,,,2023-05-02T00:00:00,,,Portland,45.5294325,-122.6456369,1937 Ne Pacific St.,97232,Active,,
050 10041073E5E,Jayne,,Recreational Retailer,,Multnomah,050 10041073E5E,OLCC,Oregon Liquor and Cannabis Commission,Adult-Use and Medicinal,OR,,,,,JAYNE,,,,,,,,,2023-05-02T00:00:00,,,Portland,45.5387522,-122.6620101,2145 Ne Martin Luther King Jr Blvd Suite A,97212,Active,,
050 1001106576F,Kaleafa,,Recreational Retailer,,Multnomah,050 1001106576F,OLCC,Oregon Liquor and Cannabis Commission,Adult-Use and Medicinal,OR,,,,,KALEAFA,,,,,,,,,2023-05-02T00:00:00,,,Portland,45.4789519,-122.6080467,5232 Se Woodstock Blvd,97206,Active,,
050 1001106576F,Kaleafa,,Recreational Retailer,,Multnomah,050 1001106576F,OLCC,Oregon Liquor and Cannabis Commission,Adult-Use,OR,,,,,KALEAFA,,,,,,,,,2023-05-02T00:00:00,,,Portland,45.5265145,-122.5404705,11821 Ne Glisan St,97230,Active,,
050 10010393593,Kaya Shack,,Recreational Retailer,,Multnomah,050 10010393593,OLCC,Oregon Liquor and Cannabis Commission,Adult-Use and Medicinal,OR,,,,,KAYA SHACK,,,,,,,,,2023-05-02T00:00:00,,,Portland,45.5123328,-122.6481284,1719 Se Hawthorne Blvd,97214,Active,,
050 1000396C575,Kind Heart Collective,,Recreational Retailer,,Multnomah,050 1000396C575,OLCC,Oregon Liquor and Cannabis Commission,Adult-Use and Medicinal,OR,,,,,KIND HEART COLLECTIVE,,,,,,,,,2023-05-02T00:00:00,,,Portland,45.5827195,-122.6871015,8217 N Denver Ave,97217,Active,,
050 10024220915,Kings Of Canna,,Recreational Retailer,,Multnomah,050 10024220915,OLCC,Oregon Liquor and Cannabis Commission,Adult-Use and Medicinal,OR,,,,,KINGS OF CANNA,,,,,,,,,2023-05-02T00:00:00,,,Portland,45.5557054,-122.6504517,1465 Ne Prescott Ste C,97211,Active,,
050 10055625B58,Kush Cart,,Recreational Retailer,,Multnomah,050 10055625B58,OLCC,Oregon Liquor and Cannabis Commission,Adult-Use and Medicinal,OR,,,,,KUSH CART,,,,,,,,,2023-05-02T00:00:00,,,Portland,45.462627,-122.610892,"5100 Se Harney Dr Suites 237, 238, & 239",97206,Active,,
050 1003859B9F6,La Cannaisseur,,Recreational Retailer,,Multnomah,050 1003859B9F6,OLCC,Oregon Liquor and Cannabis Commission,Adult-Use and Medicinal,OR,,,,,LA CANNAISSEUR,,,,,,,,,2023-05-02T00:00:00,,,Portland,45.6030614,-122.7885737,11324 Nw St Helens Rd,97231,Active,,
050 10007012B21,La Mota,,Recreational Retailer,,Multnomah,050 10007012B21,OLCC,Oregon Liquor and Cannabis Commission,Adult-Use and Medicinal,OR,,,,,LA MOTA,,,,,,,,,2023-05-02T00:00:00,,,Portland,45.53708719999999,-122.617214,4450 & 4460 Ne Sandy Blvd,97213,Active,,
050 10007012B21,La Mota,,Recreational Retailer,,Multnomah,050 10007012B21,OLCC,Oregon Liquor and Cannabis Commission,Adult-Use and Medicinal,OR,,,,,LA MOTA,,,,,,,,,2023-05-02T00:00:00,,,Portland,45.4624554,-122.6293161,3226 Se Johnson Creek Blvd,97222,Active,,
050 10007012B21,La Mota,,Recreational Retailer,,Multnomah,050 10007012B21,OLCC,Oregon Liquor and Cannabis Commission,Adult-Use,OR,,,,,LA MOTA,,,,,,,,,2023-05-02T00:00:00,,,Portland,45.5961831,-122.7505759,9440 N. St. Louis Avenue,97203,Active,,
050 10007012B21,La Mota,,Recreational Retailer,,Multnomah,050 10007012B21,OLCC,Oregon Liquor and Cannabis Commission,Adult-Use,OR,,,,,LA MOTA,,,,,,,,,2023-05-02T00:00:00,,,Portland,45.5220555,-122.5213943,13828 E Burnside,97233,Active,,
050 10007012B21,La Mota,,Recreational Retailer,,Multnomah,050 10007012B21,OLCC,Oregon Liquor and Cannabis Commission,Adult-Use,OR,,,,,LA MOTA ,,,,,,,,,2023-05-02T00:00:00,,,Portland,45.558983,-122.5609903,4999 Ne 99Th Ave,97220,Active,,
050 10007012B21,La Mota,,Recreational Retailer,,Multnomah,050 10007012B21,OLCC,Oregon Liquor and Cannabis Commission,Adult-Use and Medicinal,OR,,,,,LA MOTA ,,,,,,,,,2023-05-02T00:00:00,,,Portland,45.4692916,-122.6102591,7435 Se 52Nd Ave,97206,Active,,
050 10071949172,La Mota Front Ave Llc,,Recreational Retailer,,Multnomah,050 10071949172,OLCC,Oregon Liquor and Cannabis Commission,Adult-Use and Medicinal,OR,,,,,LA MOTA FRONT AVE LLC,,,,,,,,,2023-05-02T00:00:00,,,Portland,45.5442496,-122.6994056,3075 Nw Front Ave,97210,Active,,
050 100719502BC,La Mota Sandy Blvd Llc,,Recreational Retailer,,Multnomah,050 100719502BC,OLCC,Oregon Liquor and Cannabis Commission,Adult-Use,OR,,,,,LA MOTA SANDY BLVD LLC,,,,,,,,,2023-05-02T00:00:00,,,Portland,45.5560302,-122.56916,9046 Ne Sandy Blvd,97220,Active,,
050 1008270BB4F,La Mota Sw Portland,,Recreational Retailer,,Multnomah,050 1008270BB4F,OLCC,Oregon Liquor and Cannabis Commission,Adult-Use,OR,,,,,LA MOTA SW PORTLAND ,,,,,,,,,2023-05-02T00:00:00,,,Portland,45.4630577,-122.6903831,1103 Sw Taylors Ferry Rd,97219,Active,,
050 10025185011,Left Coast Connections,,Recreational Retailer,,Multnomah,050 10025185011,OLCC,Oregon Liquor and Cannabis Commission,Adult-Use and Medicinal,OR,,,,,LEFT COAST CONNECTIONS,,,,,,,,,2023-05-02T00:00:00,,,Portland,45.52666780000001,-122.5596858,10055 Ne Glisan St,97220,Active,,
050 1020820F3B0,Lemonnade,,Recreational Retailer,,Multnomah,050 1020820F3B0,OLCC,Oregon Liquor and Cannabis Commission,Adult-Use,OR,,,,,LEMONNADE,,,,,,,,,2023-05-02T00:00:00,,,Portland,45.4435584,-122.7431098,11321 Sw 64Th Avenue,97219,Active,,
050 1007585AD54,Lemonnade Pdx,,Recreational Retailer,,Multnomah,050 1007585AD54,OLCC,Oregon Liquor and Cannabis Commission,Adult-Use,OR,,,,,LEMONNADE PDX,,,,,,,,,2023-05-02T00:00:00,,,Portland,45.56834,-122.5986464,6218 Ne Columbia Blvd,97218,Active,,
050 1021798FA70,Lemonnade St. Johns Inc.,,Recreational Retailer,,Multnomah,050 1021798FA70,OLCC,Oregon Liquor and Cannabis Commission,Adult-Use,OR,,,,,LEMONNADE ST. JOHNS INC.,,,,,,,,,2023-05-02T00:00:00,,,Portland,45.5962475,-122.7462618,8105 N Fessenden St,97203,Active,,
050 1016274AD84,Lifted Northwest,,Recreational Retailer,,Multnomah,050 1016274AD84,OLCC,Oregon Liquor and Cannabis Commission,Adult-Use,OR,,,,,LIFTED NORTHWEST,,,,,,,,,2023-05-02T00:00:00,,,Portland,45.5044473,-122.5486972,11121 Se Division St,97266,Active,,
050 1004323E257,Little Amsterdam Wellness Center,,Recreational Retailer,,Multnomah,050 1004323E257,OLCC,Oregon Liquor and Cannabis Commission,Adult-Use and Medicinal,OR,,,,,LITTLE AMSTERDAM WELLNESS CENTER,,,,,,,,,2023-05-02T00:00:00,,,Portland,45.4731198,-122.6718736,7035 Sw Macadam Avenue,97219,Active,,
050 1004764F055,Local Herb,,Recreational Retailer,,Multnomah,050 1004764F055,OLCC,Oregon Liquor and Cannabis Commission,Adult-Use and Medicinal,OR,,,,,LOCAL HERB,,,,,,,,,2023-05-02T00:00:00,,,Portland,45.5038945,-122.4987545,15948 Se Division,97236,Active,,
050 101205209E9,Love Buzz,,Recreational Retailer,,Multnomah,050 101205209E9,OLCC,Oregon Liquor and Cannabis Commission,Adult-Use,OR,,,,,LOVE BUZZ,,,,,,,,,2023-05-02T00:00:00,,,Portland,45.5267237,-122.6077154,5425 Ne Glisan St.,97213,Active,,
050 101205209E9,Love Buzz,,Recreational Retailer,,Multnomah,050 101205209E9,OLCC,Oregon Liquor and Cannabis Commission,Adult-Use,OR,,,,,LOVE BUZZ,,,,,,,,,2023-05-02T00:00:00,,,Portland,45.53471589999999,-122.5931546,6802 Ne Broadway,97213,Active,,
050 102343185D0,Ltrmn Direct,,Recreational Retailer,,Multnomah,050 102343185D0,OLCC,Oregon Liquor and Cannabis Commission,Adult-Use,OR,,,,,LTRMN DIRECT,,,,,,,,,2023-05-02T00:00:00,,,Portland,45.4907868,-122.641679,4455 Se 24Th Ave,97202,Active,,
050 101369028B1,Lucky Lion,,Recreational Retailer,,Multnomah,050 101369028B1,OLCC,Oregon Liquor and Cannabis Commission,Adult-Use,OR,,,,,LUCKY LION,,,,,,,,,2023-05-02T00:00:00,,,Portland,45.5338311,-122.5827327,7815 Ne Halsey St,97213,Active,,
050 101369028B1,Lucky Lion,,Recreational Retailer,,Multnomah,050 101369028B1,OLCC,Oregon Liquor and Cannabis Commission,Adult-Use,OR,,,,,LUCKY LION,,,,,,,,,2023-05-02T00:00:00,,,Portland,45.49743309999999,-122.5099472,14800 Se Powell Blvd #1,97236,Active,,
050 101369028B1,Lucky Lion,,Recreational Retailer,,Multnomah,050 101369028B1,OLCC,Oregon Liquor and Cannabis Commission,Adult-Use,OR,,,,,LUCKY LION,,,,,,,,,2023-05-02T00:00:00,,,Portland,45.5492909,-122.4965804,16148 Ne Sandy Blvd,97230,Active,,
050 100508675B1,Marijuana Paradise,,Recreational Retailer,,Multnomah,050 100508675B1,OLCC,Oregon Liquor and Cannabis Commission,Adult-Use and Medicinal,OR,,,,,MARIJUANA PARADISE,,,,,,,,,2023-05-02T00:00:00,,,Portland,45.4556183,-122.7170758,9663 Sw Barbur Blvd,97219,Active,,
050 1014802C61A,Mccm Scientific Llc,,Recreational Retailer,,Multnomah,050 1014802C61A,OLCC,Oregon Liquor and Cannabis Commission,Adult-Use,OR,,,,,MCCM SCIENTIFIC LLC ,,,,,,,,,2023-05-02T00:00:00,,,Portland,45.55060450000001,-122.6609955,422 Ne Failing St.,97212,Active,,
050 10111574ADA,Medigreen Collective,,Recreational Retailer,,Multnomah,050 10111574ADA,OLCC,Oregon Liquor and Cannabis Commission,Adult-Use and Medicinal,OR,,,,,MEDIGREEN COLLECTIVE,,,,,,,,,2023-05-02T00:00:00,,,Portland,45.5018863,-122.6584193,729 Se Powell Blvd,97202,Active,,
050 10036766B3B,Mindrite,,Recreational Retailer,,Multnomah,050 10036766B3B,OLCC,Oregon Liquor and Cannabis Commission,Adult-Use and Medicinal,OR,,,,,MINDRITE,,,,,,,,,2023-05-02T00:00:00,,,Portland,45.53056,-122.6893385,1780 Nw Marshall St,97209,Active,,
050 10221550293,Mint Cannabis Co.,,Recreational Retailer,,Multnomah,050 10221550293,OLCC,Oregon Liquor and Cannabis Commission,Adult-Use,OR,,,,,MINT CANNABIS CO.,,,,,,,,,2023-05-02T00:00:00,,,Portland,45.520394,-122.6822658,625 Sw 10Th Ave.,97205,Active,,
050 101105215C0,Mongoose Cannabis,,Recreational Retailer,,Multnomah,050 101105215C0,OLCC,Oregon Liquor and Cannabis Commission,Adult-Use,OR,,,,,MONGOOSE CANNABIS,,,,,,,,,2023-05-02T00:00:00,,,Portland,45.5166418,-122.6331639,3123 Se Belmont St.,97214,Active,,
050 1017411BF2D,Moss Crossing,,Recreational Retailer,,Multnomah,050 1017411BF2D,OLCC,Oregon Liquor and Cannabis Commission,Adult-Use,OR,,,,,MOSS CROSSING,,,,,,,,,2023-05-02T00:00:00,,,Portland,45.5110985,-122.6554556,1632 Se 10Th Ave,97214,Active,,
050 100099996CC,Mr. Nice Guy Holgate,,Recreational Retailer,,Multnomah,050 100099996CC,OLCC,Oregon Liquor and Cannabis Commission,Adult-Use and Medicinal,OR,,,,,MR. NICE GUY HOLGATE,,,,,,,,,2023-05-02T00:00:00,,,Portland,45.489576,-122.5493338,11030 Se Holgate Blvd,97266,Active,,
050 10217737A2D,Mr. Nice Guy Portland,,Recreational Retailer,,Multnomah,050 10217737A2D,OLCC,Oregon Liquor and Cannabis Commission,Adult-Use,OR,,,,,MR. NICE GUY PORTLAND,,,,,,,,,2023-05-02T00:00:00,,,Portland,45.58259109999999,-122.6652733,81 Ne Columbia Blvd Ste A,97211,Active,,
050 101185528BE,Mr. Nice Guy Retail,,Recreational Retailer,,Multnomah,050 101185528BE,OLCC,Oregon Liquor and Cannabis Commission,Adult-Use,OR,,,,,MR. NICE GUY RETAIL,,,,,,,,,2023-05-02T00:00:00,,,Portland,45.5817842,-122.6816479,8106 North Interstate Ave.,97217,Active,,
050 1007856B38D,Multnomah Greens,,Recreational Retailer,,Multnomah,050 1007856B38D,OLCC,Oregon Liquor and Cannabis Commission,Adult-Use and Medicinal,OR,,,,,MULTNOMAH GREENS,,,,,,,,,2023-05-02T00:00:00,,,Portland,45.4666161,-122.7078858,3005 Sw Multnomah Blvd.,97219,Active,,
050 10045414F9E,Natural Remedies,,Recreational Retailer,,Multnomah,050 10045414F9E,OLCC,Oregon Liquor and Cannabis Commission,Adult-Use and Medicinal,OR,,,,,NATURAL REMEDIES,,,,,,,,,2023-05-02T00:00:00,,,Portland,45.4619264,-122.7036423,8720 Sw Barbur Ct Suite Z,97219,Active,,
050 1003343AD7E,Natural Wonders,,Recreational Retailer,,Multnomah,050 1003343AD7E,OLCC,Oregon Liquor and Cannabis Commission,Adult-Use and Medicinal,OR,,,,,NATURAL WONDERS,,,,,,,,,2023-05-02T00:00:00,,,Portland,45.51379,-122.6238114,3831 Se Main St.,97214,Active,,
050 10104115CC6,Nebula Cannabis,,Recreational Retailer,,Multnomah,050 10104115CC6,OLCC,Oregon Liquor and Cannabis Commission,Adult-Use,OR,,,,,NEBULA CANNABIS,,,,,,,,,2023-05-02T00:00:00,,,Portland,45.4971002,-122.5432427,11605 Se Powell Blvd,97266,Active,,
050 10001759551,Nectar,,Recreational Retailer,,Multnomah,050 10001759551,OLCC,Oregon Liquor and Cannabis Commission,Adult-Use and Medicinal,OR,,,,,NECTAR,,,,,,,,,2023-05-02T00:00:00,,,Portland,45.5318842,-122.6296644,3350 Ne Sandy Blvd,97232,Active,,
050 10001759551,Nectar,,Recreational Retailer,,Multnomah,050 10001759551,OLCC,Oregon Liquor and Cannabis Commission,Adult-Use and Medicinal,OR,,,,,NECTAR,,,,,,,,,2023-05-02T00:00:00,,,Portland,45.4462693,-122.7313552,10931 Sw 53Rd Avenue,97219,Active,,
050 10001759551,Nectar,,Recreational Retailer,,Multnomah,050 10001759551,OLCC,Oregon Liquor and Cannabis Commission,Adult-Use and Medicinal,OR,,,,,NECTAR,,,,,,,,,2023-05-02T00:00:00,,,Portland,45.5537654,-122.675767,4125 N Mississippi Avenue,97217,Active,,
050 10001759551,Nectar,,Recreational Retailer,,Multnomah,050 10001759551,OLCC,Oregon Liquor and Cannabis Commission,Adult-Use and Medicinal,OR,,,,,NECTAR,,,,,,,,,2023-05-02T00:00:00,,,Portland,45.4788501,-122.5682091,9222 Se Woodstock Ave,97266,Active,,
050 10001759551,Nectar,,Recreational Retailer,,Multnomah,050 10001759551,OLCC,Oregon Liquor and Cannabis Commission,Adult-Use and Medicinal,OR,,,,,NECTAR,,,,,,,,,2023-05-02T00:00:00,,,Portland,45.5192923,-122.5695328,9127 Se Stark Street,97216,Active,,
050 10001759551,Nectar,,Recreational Retailer,,Multnomah,050 10001759551,OLCC,Oregon Liquor and Cannabis Commission,Adult-Use and Medicinal,OR,,,,,NECTAR,,,,,,,,,2023-05-02T00:00:00,,,Portland,45.4624019,-122.6853258,8601 Sw Terwilliger Blvd,97219,Active,,
050 10001759551,Nectar,,Recreational Retailer,,Multnomah,050 10001759551,OLCC,Oregon Liquor and Cannabis Commission,Adult-Use and Medicinal,OR,,,,,NECTAR,,,,,,,,,2023-05-02T00:00:00,,,Portland,45.486191,-122.7250944,4709 Sw Beaverton Hillsdale Hwy.,97221,Active,,
050 10001759551,Nectar,,Recreational Retailer,,Multnomah,050 10001759551,OLCC,Oregon Liquor and Cannabis Commission,Adult-Use,OR,,,,,NECTAR,,,,,,,,,2023-05-02T00:00:00,,,Portland,45.5186812,-122.5629334,9735 Se Washington St.,97216,Active,,
050 10001759551,Nectar,,Recreational Retailer,,Multnomah,050 10001759551,OLCC,Oregon Liquor and Cannabis Commission,Adult-Use,OR,,,,,NECTAR,,,,,,,,,2023-05-02T00:00:00,,,Portland,45.5051154,-122.5380577,2367 Se 122Nd Ave,97233,Active,,
050 10001759551,Nectar,,Recreational Retailer,,Multnomah,050 10001759551,OLCC,Oregon Liquor and Cannabis Commission,Adult-Use,OR,,,,,NECTAR,,,,,,,,,2023-05-02T00:00:00,,,Portland,45.5050903,-122.6439941,2123 Se Division St Ste 100,97202,Active,,
050 10001759551,Nectar,,Recreational Retailer,,Multnomah,050 10001759551,OLCC,Oregon Liquor and Cannabis Commission,Adult-Use,OR,,,,,NECTAR,,,,,,,,,2023-05-02T00:00:00,,,Portland,45.5589462,-122.6411529,2338 Ne Alberta St,97211,Active,,
050 1011298F0B2,Nectar Markets,,Recreational Retailer,,Multnomah,050 1011298F0B2,OLCC,Oregon Liquor and Cannabis Commission,Adult-Use and Medicinal,OR,,,,,NECTAR MARKETS,,,,,,,,,2023-05-02T00:00:00,,,Portland,45.5300417,-122.5380381,1019 Ne 122Nd Avenue,97230,Active,,
050 1011795F274,"Nectar Markets, Llc",,Recreational Retailer,,Multnomah,050 1011795F274,OLCC,Oregon Liquor and Cannabis Commission,Adult-Use,OR,,,,,"NECTAR MARKETS, LLC",,,,,,,,,2023-05-02T00:00:00,,,Portland,45.5350353,-122.4768671,1624 Ne 181St,97230,Active,,
050 1011795F274,"Nectar Markets, Llc",,Recreational Retailer,,Multnomah,050 1011795F274,OLCC,Oregon Liquor and Cannabis Commission,Adult-Use,OR,,,,,"NECTAR MARKETS, LLC",,,,,,,,,2023-05-02T00:00:00,,,Portland,45.5118932,-122.6410497,2422 Se Hawthorne Blvd,97214,Active,,
050 10166519CEB,Nectar; Nectar Markets,,Recreational Retailer,,Multnomah,050 10166519CEB,OLCC,Oregon Liquor and Cannabis Commission,Adult-Use,OR,,,,,NECTAR; NECTAR MARKETS,,,,,,,,,2023-05-02T00:00:00,,,Portland,45.5462238,-122.5938606,6714 Ne Sandy Blvd,97213,Active,,
050 1017045E3B9,Oasis Cannabis,,Recreational Retailer,,Multnomah,050 1017045E3B9,OLCC,Oregon Liquor and Cannabis Commission,Adult-Use,OR,,,,,OASIS CANNABIS,,,,,,,,,2023-05-02T00:00:00,,,Portland,45.5588495,-122.6308904,4931 Ne 33Rd Avenue,97211,Active,,
050 1005314D346,One Draw Two,,Recreational Retailer,,Multnomah,050 1005314D346,OLCC,Oregon Liquor and Cannabis Commission,Adult-Use and Medicinal,OR,,,,,ONE DRAW TWO,,,,,,,,,2023-05-02T00:00:00,,,Portland,45.533745,-122.5424614,11711 Ne Halsey Street,97220,Active,,
050 10109202F8F,Oregon Bud Company,,Recreational Retailer,,Multnomah,050 10109202F8F,OLCC,Oregon Liquor and Cannabis Commission,Adult-Use and Medicinal,OR,,,,,OREGON BUD COMPANY,,,,,,,,,2023-05-02T00:00:00,,,Portland,45.4826828,-122.5382646,5515 Se 122 Ave,97236,Active,,
050 10109202F8F,Oregon Bud Company,,Recreational Retailer,,Multnomah,050 10109202F8F,OLCC,Oregon Liquor and Cannabis Commission,Adult-Use,OR,,,,,OREGON BUD COMPANY,,,,,,,,,2023-05-02T00:00:00,,,Portland,45.4900373,-122.6231795,4511 Se Cesar E Chavez Blvd,97202,Active,,
050 101460884BD,Oregon Grown,,Recreational Retailer,,Multnomah,050 101460884BD,OLCC,Oregon Liquor and Cannabis Commission,Adult-Use,OR,,,,,OREGON GROWN,,,,,,,,,2023-05-02T00:00:00,,,Portland,45.5200685,-122.5786858,324 Se 82Nd Ave,97216,Active,,
050 100289392BD,Oregon Weedery,,Recreational Retailer,,Multnomah,050 100289392BD,OLCC,Oregon Liquor and Cannabis Commission,Adult-Use and Medicinal,OR,,,,,OREGON WEEDERY,,,,,,,,,2023-05-02T00:00:00,,,Portland,45.5292973,-122.6992302,2327 Nw Kearney St,97210,Active,,
050 10032511404,Oregon'S Best Buds,,Recreational Retailer,,Multnomah,050 10032511404,OLCC,Oregon Liquor and Cannabis Commission,Adult-Use and Medicinal,OR,,,,,OREGON'S BEST BUDS,,,,,,,,,2023-05-02T00:00:00,,,Portland,45.52227569999999,-122.5587272,10128 East Burnside St. A,97216,Active,,
050 1000162E337,Oregon'S Finest,,Recreational Retailer,,Multnomah,050 1000162E337,OLCC,Oregon Liquor and Cannabis Commission,Adult-Use and Medicinal,OR,,,,,OREGON'S FINEST,,,,,,,,,2023-05-02T00:00:00,,,Portland,45.5267315,-122.6609593,505 Ne Grand Ave,97232,Active,,
050 1000162E337,Oregon'S Finest,,Recreational Retailer,,Multnomah,050 1000162E337,OLCC,Oregon Liquor and Cannabis Commission,Adult-Use,OR,,,,,OREGON'S FINEST,,,,,,,,,2023-05-02T00:00:00,,,Portland,45.5294556,-122.6855059,911 Nw 14Th Ave,97209,Active,,
050 10049202770,Oregon'S Own,,Recreational Retailer,,Multnomah,050 10049202770,OLCC,Oregon Liquor and Cannabis Commission,Adult-Use and Medicinal,OR,,,,,OREGON'S OWN,,,,,,,,,2023-05-02T00:00:00,,,Portland,45.4678395,-122.7145615,7881 Sw Capitol Hwy,97219,Active,,
050 10163219ABA,Oregrown Portland,,Recreational Retailer,,Multnomah,050 10163219ABA,OLCC,Oregon Liquor and Cannabis Commission,Adult-Use,OR,,,,,OREGROWN PORTLAND,,,,,,,,,2023-05-02T00:00:00,,,Portland,45.5237985,-122.6538675,111 Ne 12Th Avenue Suite A,97110,Active,,
050 1011932D9DF,Owtlet,,Recreational Retailer,,Multnomah,050 1011932D9DF,OLCC,Oregon Liquor and Cannabis Commission,Adult-Use,OR,,,,,OWTLET,,,,,,,,,2023-05-02T00:00:00,,,Portland,45.5817354,-122.6690772,8140 N Commercial Ave Unit B,97217,Active,,
050 1003636DAFA,Pacific Green,,Recreational Retailer,,Multnomah,050 1003636DAFA,OLCC,Oregon Liquor and Cannabis Commission,Adult-Use and Medicinal,OR,,,,,PACIFIC GREEN,,,,,,,,,2023-05-02T00:00:00,,,Portland,45.5624937,-122.6584313,710 Ne Killingsworth Street,97211,Active,,
050 10040109FC7,Pakalolo,,Recreational Retailer,,Multnomah,050 10040109FC7,OLCC,Oregon Liquor and Cannabis Commission,Adult-Use and Medicinal,OR,,,,,PAKALOLO,,,,,,,,,2023-05-02T00:00:00,,,Portland,45.4901592,-122.6497316,1528 Se Holgate Blvd,97202,Active,,
050 1006287B0C6,Papa Buds,,Recreational Retailer,,Multnomah,050 1006287B0C6,OLCC,Oregon Liquor and Cannabis Commission,Adult-Use and Medicinal,OR,,,,,PAPA BUDS,,,,,,,,,2023-05-02T00:00:00,,,Portland,45.4935896,-122.6223212,4020 Se Cesar E Chavez Blvd,97202,Active,,
050 1004337113E,Paradise Found,,Recreational Retailer,,Multnomah,050 1004337113E,OLCC,Oregon Liquor and Cannabis Commission,Adult-Use and Medicinal,OR,,,,,PARADISE FOUND,,,,,,,,,2023-05-02T00:00:00,,,Portland,45.5338285,-122.5521077,10735 Ne Halsey St,97220,Active,,
050 1017115637F,Pdx Weedz,,Recreational Retailer,,Multnomah,050 1017115637F,OLCC,Oregon Liquor and Cannabis Commission,Adult-Use,OR,,,,,PDX WEEDZ,,,,,,,,,2023-05-02T00:00:00,,,Portland,45.5222345,-122.5625687,9810 East Burnside Street,97216,Active,,
050 1004832102C,Plane Jane'S,,Recreational Retailer,,Multnomah,050 1004832102C,OLCC,Oregon Liquor and Cannabis Commission,Adult-Use and Medicinal,OR,,,,,PLANE JANE'S,,,,,,,,,2023-05-02T00:00:00,,,Portland,45.5650778,-122.5543001,10530 Ne Simpson St.,97220,Active,,
050 101048392D3,Plus Dispensary,,Recreational Retailer,,Multnomah,050 101048392D3,OLCC,Oregon Liquor and Cannabis Commission,Adult-Use and Medicinal,OR,,,,,PLUS DISPENSARY ,,,,,,,,,2023-05-02T00:00:00,,,Portland,45.5232123,-122.5380835,45 Ne 122Nd Ave,97220,Active,,
050 10015902FDC,Portland Best Buds,,Recreational Retailer,,Multnomah,050 10015902FDC,OLCC,Oregon Liquor and Cannabis Commission,Adult-Use and Medicinal,OR,,,,,PORTLAND BEST BUDS,,,,,,,,,2023-05-02T00:00:00,,,Portland,45.5854525,-122.7312097,6313B N. Lombard St,97203,Active,,
050 1004282BD55,Portland Canna Connection,,Recreational Retailer,,Multnomah,050 1004282BD55,OLCC,Oregon Liquor and Cannabis Commission,Adult-Use and Medicinal,OR,,,,,PORTLAND CANNA CONNECTION ,,,,,,,,,2023-05-02T00:00:00,,,Portland,45.51175749999999,-122.6154961,1515 Se 46Th Ave,97215,Active,,
050 10041804D94,Portland Pot Shop,,Recreational Retailer,,Multnomah,050 10041804D94,OLCC,Oregon Liquor and Cannabis Commission,Adult-Use,OR,,,,,PORTLAND POT SHOP,,,,,,,,,2023-05-02T00:00:00,,,Portland,45.5795,-122.7164833,4730 N Lombard St,97203,Active,,
050 10113847600,Potland,,Recreational Retailer,,Multnomah,050 10113847600,OLCC,Oregon Liquor and Cannabis Commission,Adult-Use,OR,,,,,POTLAND,,,,,,,,,2023-05-02T00:00:00,,,Portland,45.57212639999999,-122.6471007,1761 Ne Dekum St,97211,Active,,
050 101144582D7,Potmates,,Recreational Retailer,,Multnomah,050 101144582D7,OLCC,Oregon Liquor and Cannabis Commission,Adult-Use,OR,,,,,POTMATES,,,,,,,,,2023-05-02T00:00:00,,,Portland,45.48606849999999,-122.7243009,4607 Sw Beaverton Hillsdale Hwy,97221,Active,,
050 1002115B192,Puddletown Organics,,Recreational Retailer,,Multnomah,050 1002115B192,OLCC,Oregon Liquor and Cannabis Commission,Adult-Use and Medicinal,OR,,,,,PUDDLETOWN ORGANICS,,,,,,,,,2023-05-02T00:00:00,,,Portland,45.4978656,-122.5780656,8201 Se Powell Blvd Suite F,97266,Active,,
050 1004701F805,Pur Roots,,Recreational Retailer,,Multnomah,050 1004701F805,OLCC,Oregon Liquor and Cannabis Commission,Adult-Use,OR,,,,,PUR ROOTS,,,,,,,,,2023-05-02T00:00:00,,,Portland,45.5671506,-122.6027742,5816 Ne Portland Hwy,97218,Active,,
050 10220347D48,Pur Roots (Powell),,Recreational Retailer,,Multnomah,050 10220347D48,OLCC,Oregon Liquor and Cannabis Commission,Adult-Use,OR,,,,,PUR ROOTS (POWELL),,,,,,,,,2023-05-02T00:00:00,,,Portland,45.4977844,-122.5731153,8701 Se Powell Blvd,97266,Active,,
050 10189027304,Pure Green,,Recreational Retailer,,Multnomah,050 10189027304,OLCC,Oregon Liquor and Cannabis Commission,Adult-Use,OR,,,,,PURE GREEN,,,,,,,,,2023-05-02T00:00:00,,,Portland,45.5340102,-122.624239,3738 Ne Sandy Blvd,97232,Active,,
050 1003834AEE9,Refinery Canna Connoisseur,,Recreational Retailer,,Multnomah,050 1003834AEE9,OLCC,Oregon Liquor and Cannabis Commission,Adult-Use and Medicinal,OR,,,,,REFINERY CANNA CONNOISSEUR,,,,,,,,,2023-05-02T00:00:00,,,Portland,45.5353804,-122.6379357,2707 Ne Broadway St.,97232,Active,,
050 1003834AEE9,Refinery Canna Connoisseur,,Recreational Retailer,,Multnomah,050 1003834AEE9,OLCC,Oregon Liquor and Cannabis Commission,Adult-Use,OR,,,,,REFINERY CANNA CONNOISSEUR,,,,,,,,,2023-05-02T00:00:00,,,Portland,45.5353747,-122.6385311,2627 Ne Broadway,97232,Active,,
050 10070500173,Releaf Health,,Recreational Retailer,,Multnomah,050 10070500173,OLCC,Oregon Liquor and Cannabis Commission,Adult-Use and Medicinal,OR,,,,,RELEAF HEALTH,,,,,,,,,2023-05-02T00:00:00,,,Portland,45.54635469999999,-122.6618614,3213 Ne Martin Luther King Jr Blvd,97212,Active,,
050 1006368EB36,Rip City Delivery,,Recreational Retailer,,Multnomah,050 1006368EB36,OLCC,Oregon Liquor and Cannabis Commission,Adult-Use and Medicinal,OR,,,,,RIP CITY DELIVERY,,,,,,,,,2023-05-02T00:00:00,,,Portland,45.4670002,-122.713361,3518 Sw Multnomah Blvd,97219,Active,,
050 10129671010,Rj'S Leaf,,Recreational Retailer,,Multnomah,050 10129671010,OLCC,Oregon Liquor and Cannabis Commission,Adult-Use,OR,,,,,RJ'S LEAF,,,,,,,,,2023-05-02T00:00:00,,,Portland,45.5478224,-122.7288206,5501 Nw St. Helen'S Road,97210,Active,,
050 10168108EB5,Rose Budz Pdx,,Recreational Retailer,,Multnomah,050 10168108EB5,OLCC,Oregon Liquor and Cannabis Commission,Adult-Use,OR,,,,,ROSE BUDZ PDX,,,,,,,,,2023-05-02T00:00:00,,,Portland,45.5400656,-122.6754927,2410 N Mississippi Ave,97227,Active,,
050 10008176667,Satchel,,Recreational Retailer,,Multnomah,050 10008176667,OLCC,Oregon Liquor and Cannabis Commission,Adult-Use and Medicinal,OR,,,,,SATCHEL,,,,,,,,,2023-05-02T00:00:00,,,Portland,45.5728418,-122.6818635,6900 N. Interstate Avenue,97217,Active,,
050 10201128197,Sensible Cannabis Company,,Recreational Retailer,,Multnomah,050 10201128197,OLCC,Oregon Liquor and Cannabis Commission,Adult-Use,OR,,,,,SENSIBLE CANNABIS COMPANY,,,,,,,,,2023-05-02T00:00:00,,,Portland,45.5369292,-122.6218167,1926 Ne 40Th Ave,97212,Active,,
050 10127610CE8,Sensimilla,,Recreational Retailer,,Multnomah,050 10127610CE8,OLCC,Oregon Liquor and Cannabis Commission,Adult-Use,OR,,,,,SENSIMILLA,,,,,,,,,2023-05-02T00:00:00,,,Portland,45.5769217,-122.6996189,3210 N Lombard St,97217,Active,,
050 1001606EE83,Serra Belmont,,Recreational Retailer,,Multnomah,050 1001606EE83,OLCC,Oregon Liquor and Cannabis Commission,Adult-Use and Medicinal,OR,,,,,SERRA BELMONT,,,,,,,,,2023-05-02T00:00:00,,,Portland,45.5165868,-122.6396356,2519 Se Belmont,97214,Active,,
050 10020753B7D,Serra Downtown,,Recreational Retailer,,Multnomah,050 10020753B7D,OLCC,Oregon Liquor and Cannabis Commission,Adult-Use and Medicinal,OR,,,,,SERRA DOWNTOWN,,,,,,,,,2023-05-02T00:00:00,,,Portland,45.5206144,-122.6718377,220 Sw First Avenue,97204,Active,,
050 100968483EA,Shaman Cannabis - Columbia,,Recreational Retailer,,Multnomah,050 100968483EA,OLCC,Oregon Liquor and Cannabis Commission,Adult-Use,OR,,,,,SHAMAN CANNABIS - COLUMBIA,,,,,,,,,2023-05-02T00:00:00,,,Portland,45.5726678,-122.6236892,3829 Ne Columbia Blvd,97211,Active,,
050 10034516B89,Shango Premium Cannabis,,Recreational Retailer,,Multnomah,050 10034516B89,OLCC,Oregon Liquor and Cannabis Commission,Adult-Use and Medicinal,OR,,,,,SHANGO PREMIUM CANNABIS,,,,,,,,,2023-05-02T00:00:00,,,Portland,45.5667827,-122.5382272,6033-A Ne Win Sivers Drive,97220,Active,,
050 10034516B89,Shango Premium Cannabis,,Recreational Retailer,,Multnomah,050 10034516B89,OLCC,Oregon Liquor and Cannabis Commission,Adult-Use,OR,,,,,SHANGO PREMIUM CANNABIS,,,,,,,,,2023-05-02T00:00:00,,,Portland,45.4828872,-122.5801791,8056 Se Harold St,97206,Active,,
050 10001534ACF,Silver Stem Fine Cannabis,,Recreational Retailer,,Multnomah,050 10001534ACF,OLCC,Oregon Liquor and Cannabis Commission,Adult-Use and Medicinal,OR,,,,,SILVER STEM FINE CANNABIS,,,,,,,,,2023-05-02T00:00:00,,,Portland,45.6115031,-122.675897,12240 N Jantzen Dr,97217,Active,,
050 10182979513,Silverstreak,,Recreational Retailer,,Multnomah,050 10182979513,OLCC,Oregon Liquor and Cannabis Commission,Adult-Use,OR,,,,,SILVERSTREAK,,,,,,,,,2023-05-02T00:00:00,,,Portland,45.4907868,-122.641679,4455 Se 24Th Ave.,97202,Active,,
050 102340533D3,Slim'S Topshelf,,Recreational Retailer,,Multnomah,050 102340533D3,OLCC,Oregon Liquor and Cannabis Commission,Adult-Use,OR,,,,,SLIM'S TOPSHELF,,,,,,,,,2023-05-02T00:00:00,,,Portland,45.5588185,-122.6664192,4936 North Williams Ave,97217,Active,,
050 102238492F7,Smooth Roots (Greeley),,Recreational Retailer,,Multnomah,050 102238492F7,OLCC,Oregon Liquor and Cannabis Commission,Adult-Use,OR,,,,,SMOOTH ROOTS (GREELEY),,,,,,,,,2023-05-02T00:00:00,,,Portland,45.566258,-122.6953115,5938 N Greeley Ave,97217,Active,,
050 10088208976,Somewhere,,Recreational Retailer,,Multnomah,050 10088208976,OLCC,Oregon Liquor and Cannabis Commission,Adult-Use,OR,,,,,SOMEWHERE,,,,,,,,,2023-05-02T00:00:00,,,Portland,45.53184419999999,-122.6950631,2128 Nw Overton Street,97210,Active,,
050 10059292304,Sweet Leaf Illusions,,Recreational Retailer,,Multnomah,050 10059292304,OLCC,Oregon Liquor and Cannabis Commission,Adult-Use,OR,,,,,SWEET LEAF ILLUSIONS,,,,,,,,,2023-05-02T00:00:00,,,Portland,45.4626417,-122.5788668,8434 Se 82Nd Ave,97266,Active,,
050 1010795A99E,Tetra Pdx,,Recreational Retailer,,Multnomah,050 1010795A99E,OLCC,Oregon Liquor and Cannabis Commission,Adult-Use,OR,,,,,TETRA PDX,,,,,,,,,2023-05-02T00:00:00,,,Portland,45.5359917,-122.6668441,1815 N. Williams Ave.,97227,Active,,
050 10099690C5E,The Canna Shoppe,,Recreational Retailer,,Multnomah,050 10099690C5E,OLCC,Oregon Liquor and Cannabis Commission,Adult-Use,OR,,,,,THE CANNA SHOPPE,,,,,,,,,2023-05-02T00:00:00,,,Portland,45.6031852,-122.6761103,925 N Anchor Way,97217,Active,,
050 10099690C5E,The Canna Shoppe,,Recreational Retailer,,Multnomah,050 10099690C5E,OLCC,Oregon Liquor and Cannabis Commission,Adult-Use and Medicinal,OR,,,,,THE CANNA SHOPPE ,,,,,,,,,2023-05-02T00:00:00,,,Portland,45.5335771,-122.5984885,6316 Ne Halsey St,97213,Active,,
050 10082411AE5,The Dime Store,,Recreational Retailer,,Multnomah,050 10082411AE5,OLCC,Oregon Liquor and Cannabis Commission,Adult-Use,OR,,,,,THE DIME STORE ,,,,,,,,,2023-05-02T00:00:00,,,Portland,45.4899915,-122.5783662,8218 Se Holgate Blvd.,97266,Active,,
050 1000236A6D2,The Dispensary On 52Nd,,Recreational Retailer,,Multnomah,050 1000236A6D2,OLCC,Oregon Liquor and Cannabis Commission,Adult-Use and Medicinal,OR,,,,,THE DISPENSARY ON 52ND,,,,,,,,,2023-05-02T00:00:00,,,Portland,45.4904093,-122.6087106,4452 Se 52Nd Ave,97206,Active,,
050 100236001BA,The Green Front,,Recreational Retailer,,Multnomah,050 100236001BA,OLCC,Oregon Liquor and Cannabis Commission,Adult-Use and Medicinal,OR,,,,,THE GREEN FRONT,,,,,,,,,2023-05-02T00:00:00,,,Portland,45.526316,-122.5926722,6834 Ne Glisan St.,97213,Active,,
050 1011548412A,The Green Planet,,Recreational Retailer,,Multnomah,050 1011548412A,OLCC,Oregon Liquor and Cannabis Commission,Adult-Use,OR,,,,,THE GREEN PLANET,,,,,,,,,2023-05-02T00:00:00,,,Portland,45.4919888,-122.485318,17332 Se Powell Blvd,97236,Active,,
050 101869530C3,The Green Remedy,,Recreational Retailer,,Multnomah,050 101869530C3,OLCC,Oregon Liquor and Cannabis Commission,Adult-Use,OR,,,,,THE GREEN REMEDY,,,,,,,,,2023-05-02T00:00:00,,,Portland,45.49694419999999,-122.5349835,12436 Se Powell Blvd.,97236,Active,,
050 10034282CCC,The New Amsterdam,,Recreational Retailer,,Multnomah,050 10034282CCC,OLCC,Oregon Liquor and Cannabis Commission,Adult-Use and Medicinal,OR,,,,,THE NEW AMSTERDAM,,,,,,,,,2023-05-02T00:00:00,,,Portland,45.562926,-122.6894563,2201 N Killingsworth St,97217,Active,,
050 10023615819,Thurman Street Collective,,Recreational Retailer,,Multnomah,050 10023615819,OLCC,Oregon Liquor and Cannabis Commission,Adult-Use and Medicinal,OR,,,,,THURMAN STREET COLLECTIVE ,,,,,,,,,2023-05-02T00:00:00,,,Portland,45.53527589999999,-122.7005718,2384 Nw Thurman St,97210,Active,,
050 10146522DCF,Tj'S On Powell,,Recreational Retailer,,Multnomah,050 10146522DCF,OLCC,Oregon Liquor and Cannabis Commission,Adult-Use,OR,,,,,TJ'S ON POWELL,,,,,,,,,2023-05-02T00:00:00,,,Portland,45.4976862,-122.5821616,7827 Se Powell Blvd,97206,Active,,
050 1010496F611,"Today'S Herbal Choice Barbur, Llc",,Recreational Retailer,,Multnomah,050 1010496F611,OLCC,Oregon Liquor and Cannabis Commission,Adult-Use and Medicinal,OR,,,,,"TODAY'S HERBAL CHOICE BARBUR, LLC",,,,,,,,,2023-05-02T00:00:00,,,Portland,45.458819,-122.7084381,9220 S.W Barbur Blvd Suite 107,97219,Active,,
050 1022326C5A9,Trap Boys,,Recreational Retailer,,Multnomah,050 1022326C5A9,OLCC,Oregon Liquor and Cannabis Commission,Adult-Use,OR,,,,,TRAP BOYS,,,,,,,,,2023-05-02T00:00:00,,,Portland,45.5563957,-122.6011284,4565 Ne 60Th Ave,97218,Active,,
050 1004294B93A,Tree House Collective,,Recreational Retailer,,Multnomah,050 1004294B93A,OLCC,Oregon Liquor and Cannabis Commission,Adult-Use and Medicinal,OR,,,,,TREE HOUSE COLLECTIVE,,,,,,,,,2023-05-02T00:00:00,,,Portland,45.5277718,-122.6411621,2419 Ne Sandy Blvd,97232,Active,,
050 10225541A5A,Treehouse North,,Recreational Retailer,,Multnomah,050 10225541A5A,OLCC,Oregon Liquor and Cannabis Commission,Adult-Use,OR,,,,,TREEHOUSE NORTH,,,,,,,,,2023-05-02T00:00:00,,,Portland,45.5837298,-122.7268969,5701 N Lombard St,97203,Active,,
050 1017498EBF0,Trees Oregon Llc,,Recreational Retailer,,Multnomah,050 1017498EBF0,OLCC,Oregon Liquor and Cannabis Commission,Adult-Use,OR,,,,,TREES OREGON LLC,,,,,,,,,2023-05-02T00:00:00,,,Portland,45.53175299999999,-122.5577744,1234 Ne 102Nd Ave,97220,Active,,
050 10174806A48,"Trees Oregon, Llc",,Recreational Retailer,,Multnomah,050 10174806A48,OLCC,Oregon Liquor and Cannabis Commission,Adult-Use,OR,,,,,"TREES OREGON, LLC",,,,,,,,,2023-05-02T00:00:00,,,Portland,45.4970989,-122.6761439,3607 S Corbett Ave,97239,Active,,
050 10174806A48,"Trees Oregon, Llc",,Recreational Retailer,,Multnomah,050 10174806A48,OLCC,Oregon Liquor and Cannabis Commission,Adult-Use,OR,,,,,"TREES OREGON, LLC",,,,,,,,,2023-05-02T00:00:00,,,Portland,45.5740238,-122.6611381,7050 Ne Mlk Blvd,97211,Active,,
050 1003244C082,Truly Pure,,Recreational Retailer,,Multnomah,050 1003244C082,OLCC,Oregon Liquor and Cannabis Commission,Adult-Use and Medicinal,OR,,,,,TRULY PURE,,,,,,,,,2023-05-02T00:00:00,,,Portland,45.5156649,-122.6601686,1006 Se Grand Ave Suite 104,97214,Active,,
050 10039071885,Uplift Botanicals,,Recreational Retailer,,Multnomah,050 10039071885,OLCC,Oregon Liquor and Cannabis Commission,Adult-Use,OR,,,,,UPLIFT BOTANICALS,,,,,,,,,2023-05-02T00:00:00,,,Portland,45.5624445,-122.6308829,5421 Ne 33Rd Ave,97211,Active,,
050 10038053342,Urban Farmacy,,Recreational Retailer,,Multnomah,050 10038053342,OLCC,Oregon Liquor and Cannabis Commission,Adult-Use and Medicinal,OR,,,,,URBAN FARMACY,,,,,,,,,2023-05-02T00:00:00,,,Portland,45.52607769999999,-122.6020738,420 Ne 60Th Avenue,97213,Active,,
050 101197860FD,Vidaverde,,Recreational Retailer,,Multnomah,050 101197860FD,OLCC,Oregon Liquor and Cannabis Commission,Adult-Use,OR,,,,,VIDAVERDE,,,,,,,,,2023-05-02T00:00:00,,,Portland,45.5265907,-122.5870273,7333 Ne Glisan St.,97213,Active,,
050 100456999AB,Virtue Supply Company,,Recreational Retailer,,Multnomah,050 100456999AB,OLCC,Oregon Liquor and Cannabis Commission,Adult-Use and Medicinal,OR,,,,,VIRTUE SUPPLY COMPANY,,,,,,,,,2023-05-02T00:00:00,,,Portland,45.52679560000001,-122.6821225,510 Nw 11Th Ave,97209,Active,,
050 1015918D2F6,Weed Land Inc,,Recreational Retailer,,Multnomah,050 1015918D2F6,OLCC,Oregon Liquor and Cannabis Commission,Adult-Use,OR,,,,,WEED LAND INC,,,,,,,,,2023-05-02T00:00:00,,,Portland,45.5525651,-122.6813256,4027 N Interstate Ave,97227,Active,,
050 1004135DBFA,West,,Recreational Retailer,,Multnomah,050 1004135DBFA,OLCC,Oregon Liquor and Cannabis Commission,Adult-Use and Medicinal,OR,,,,,WEST,,,,,,,,,2023-05-02T00:00:00,,,Portland,45.5024343,-122.6889343,2824 Sw Sam Jackson Park Rd,97201,Active,,
050 101753431B1,Wild West Emporium - Jantzen Beach,,Recreational Retailer,,Multnomah,050 101753431B1,OLCC,Oregon Liquor and Cannabis Commission,Adult-Use,OR,,,,,WILD WEST EMPORIUM - JANTZEN BEACH,,,,,,,,,2023-05-02T00:00:00,,,Portland,45.6089268,-122.6814818,11850 N Center Ave,97217,Active,,
050 10063534435,"Wild West Emporium, Duke Street",,Recreational Retailer,,Multnomah,050 10063534435,OLCC,Oregon Liquor and Cannabis Commission,Adult-Use and Medicinal,OR,,,,,"WILD WEST EMPORIUM, DUKE STREET",,,,,,,,,2023-05-02T00:00:00,,,Portland,45.4756862,-122.6003995,"6126 Se Duke St, Unit A",97206,Active,,
050 1006325AD11,"Wild West Emporium, Sandy Blvd",,Recreational Retailer,,Multnomah,050 1006325AD11,OLCC,Oregon Liquor and Cannabis Commission,Adult-Use and Medicinal,OR,,,,,"WILD WEST EMPORIUM, SANDY BLVD",,,,,,,,,2023-05-02T00:00:00,,,Portland,45.551101,-122.5040511,"15350 Ne Sandy Blvd, Unit C",97230,Active,,
050 1022872F919,Willamette Valley Cannabis Company,,Recreational Retailer,,Multnomah,050 1022872F919,OLCC,Oregon Liquor and Cannabis Commission,Adult-Use,OR,,,,,WILLAMETTE VALLEY CANNABIS COMPANY,,,,,,,,,2023-05-02T00:00:00,,,Portland,45.4630337,-122.6390453,8265 Se Mcloughlin Blvd,97202,Active,,
050 1017832BF9E,Xclusives Taste,,Recreational Retailer,,Multnomah,050 1017832BF9E,OLCC,Oregon Liquor and Cannabis Commission,Adult-Use,OR,,,,,XCLUSIVES TASTE,,,,,,,,,2023-05-02T00:00:00,,,Portland,45.4977427,-122.6076703,5311 Se Powell Blvd Suite 102,97206,Active,,
050 10039294D00,Zion Cannabis,,Recreational Retailer,,Multnomah,050 10039294D00,OLCC,Oregon Liquor and Cannabis Commission,Adult-Use and Medicinal,OR,,,,,ZION CANNABIS,,,,,,,,,2023-05-02T00:00:00,,,Portland,45.5060977,-122.6845588,2331 Sw 6Th Ave.,97201,Active,,
050 101114664FA,Tetra Cannabis,,Recreational Retailer,,Multnomah,050 101114664FA,OLCC,Oregon Liquor and Cannabis Commission,Adult-Use,OR,,,,,TETRA CANNABIS,,,,,,,,,2023-05-02T00:00:00,,,Troutdale,45.5455934,-122.3875227,809 Ne Harlow Road,97060,Active,,
050 10158844904,"Nw Compassion Medical Center, Inc",,Recreational Retailer,,Multnomah,050 10158844904,OLCC,Oregon Liquor and Cannabis Commission,Adult-Use,OR,,,,,"NW COMPASSION MEDICAL CENTER, INC",,,,,,,,,2023-05-02T00:00:00,,,Wood Village,45.5366458,-122.4181064,1970 Ne 238Th Drive Suite A & B,97060,Active,,
050 10161982296,Knotty Leaves,,Recreational Retailer,,Polk,050 10161982296,OLCC,Oregon Liquor and Cannabis Commission,Adult-Use,OR,,,,,KNOTTY LEAVES,,,,,,,,,2023-05-02T00:00:00,,,Independence,44.8602285,-123.1842961,769 N Main Suite C,97351,Active,,
050 10168033385,Main Street Cannabis,,Recreational Retailer,,Polk,050 10168033385,OLCC,Oregon Liquor and Cannabis Commission,Adult-Use,OR,,,,,MAIN STREET CANNABIS,,,,,,,,,2023-05-02T00:00:00,,,Independence,44.8618549,-123.1841098,"905 N Main Street, Suite A",97351,Active,,
050 1006174477B,Blackbird Crow,,Recreational Retailer,,Polk,050 1006174477B,OLCC,Oregon Liquor and Cannabis Commission,Adult-Use and Medicinal,OR,,,,,BLACKBIRD CROW,,,,,,,,,2023-05-02T00:00:00,,,Monmouth,44.84947409999999,-123.2295787,593 Jackson St E,97361,Active,,
050 100479383D7,Monmouth Cannabis,,Recreational Retailer,,Polk,050 100479383D7,OLCC,Oregon Liquor and Cannabis Commission,Adult-Use and Medicinal,OR,,,,,MONMOUTH CANNABIS,,,,,,,,,2023-05-02T00:00:00,,,Monmouth,44.8472634,-123.2297026,210 South Pacific Highway Suite A,97361,Active,,
050 1006107BBE8,Oasis Cannabis,,Recreational Retailer,,Polk,050 1006107BBE8,OLCC,Oregon Liquor and Cannabis Commission,Adult-Use and Medicinal,OR,,,,,OASIS CANNABIS,,,,,,,,,2023-05-02T00:00:00,,,Monmouth,44.8484118,-123.2337166,221 Main Street East,97361,Active,,
050 10088445D61,Og Collective,,Recreational Retailer,,Polk,050 10088445D61,OLCC,Oregon Liquor and Cannabis Commission,Adult-Use and Medicinal,OR,,,,,OG COLLECTIVE,,,,,,,,,2023-05-02T00:00:00,,,Monmouth,44.8485137,-123.2292989,140/142/144 N Pacific Hwy,97361,Active,,
050 10169922BD5,Chalice Farms/Homegrown,,Recreational Retailer,,Polk,050 10169922BD5,OLCC,Oregon Liquor and Cannabis Commission,Adult-Use,OR,,,,,CHALICE FARMS/HOMEGROWN,,,,,,,,,2023-05-02T00:00:00,,,Salem,44.9418223,-123.0559491,1077 Edgewater Street Nw,97304,Active,,
050 1017243C0D9,Highly Cultivated,,Recreational Retailer,,Polk,050 1017243C0D9,OLCC,Oregon Liquor and Cannabis Commission,Adult-Use,OR,,,,,HIGHLY CULTIVATED ,,,,,,,,,2023-05-02T00:00:00,,,Salem,44.9430124,-123.0534931,901 Edgewater St Nw,97304,Active,,
050 10088445D61,Og Collective,,Recreational Retailer,,Polk,050 10088445D61,OLCC,Oregon Liquor and Cannabis Commission,Adult-Use,OR,,,,,OG COLLECTIVE,,,,,,,,,2023-05-02T00:00:00,,,Salem,44.9426631,-123.0530772,908 Edgewater St Nw Suite 100,97304,Active,,
050 10009873CDF,West Salem Cannabis,,Recreational Retailer,,Polk,050 10009873CDF,OLCC,Oregon Liquor and Cannabis Commission,Adult-Use and Medicinal,OR,,,,,WEST SALEM CANNABIS,,,,,,,,,2023-05-02T00:00:00,,,Salem,44.9294987,-123.0811293,2625 Salem Dallas Hwy Nw Ste 100,97304,Active,,
050 1004054A790,Going Green Grand Ronde,,Recreational Retailer,,Polk,050 1004054A790,OLCC,Oregon Liquor and Cannabis Commission,Adult-Use and Medicinal,OR,,,,,GOING GREEN GRAND RONDE,,,,,,,,,2023-05-02T00:00:00,,,Willamina,45.0608254,-123.5554015,8675 Fort Hill Rd.,97396,Active,,
050 101455619DD,Sr Collective,,Recreational Retailer,,Polk,050 101455619DD,OLCC,Oregon Liquor and Cannabis Commission,Adult-Use,OR,,,,,SR COLLECTIVE,,,,,,,,,2023-05-02T00:00:00,,,Willamina,45.0622965,-123.5623856,26033 Se Salmon River Highway,97396,Active,,
050 1002834A6BC,Oregon Coast Cannabis,,Recreational Retailer,,Tillamook,050 1002834A6BC,OLCC,Oregon Liquor and Cannabis Commission,Adult-Use and Medicinal,OR,,,,,OREGON COAST CANNABIS,,,,,,,,,2023-05-02T00:00:00,,,Manzanita,45.7187952,-123.9275047,868 Laneda Avenue,97130,Active,,
050 1004766AB16,Citi Zen,,Recreational Retailer,,Tillamook,050 1004766AB16,OLCC,Oregon Liquor and Cannabis Commission,Adult-Use and Medicinal,OR,,,,,CITI ZEN,,,,,,,,,2023-05-02T00:00:00,,,Pacific City,45.2018303,-123.9632519,6305 Pacific Ave,97135,Active,,
050 1022771EB29,Green Ridge Pacific City,,Recreational Retailer,,Tillamook,050 1022771EB29,OLCC,Oregon Liquor and Cannabis Commission,Adult-Use,OR,,,,,GREEN RIDGE PACIFIC CITY ,,,,,,,,,2023-05-02T00:00:00,,,Pacific City,45.2022288,-123.962038,34970 Brooten Rd,97135,Active,,
050 10008693DF6,La Mota,,Recreational Retailer,,Tillamook,050 10008693DF6,OLCC,Oregon Liquor and Cannabis Commission,Adult-Use and Medicinal,OR,,,,,LA MOTA,,,,,,,,,2023-05-02T00:00:00,,,Rockaway Beach,45.6121635,-123.9437781,158 S Hwy 101,97136,Active,,
050 100435382A3,Mr. Nice Guy Rockaway,,Recreational Retailer,,Tillamook,050 100435382A3,OLCC,Oregon Liquor and Cannabis Commission,Adult-Use and Medicinal,OR,,,,,MR. NICE GUY ROCKAWAY,,,,,,,,,2023-05-02T00:00:00,,,Rockaway Beach,45.6037312,-123.9452327,656 S. Highway 101,97136,Active,,
050 1004602AE08,West,,Recreational Retailer,,Tillamook,050 1004602AE08,OLCC,Oregon Liquor and Cannabis Commission,Adult-Use and Medicinal,OR,,,,,WEST,,,,,,,,,2023-05-02T00:00:00,,,Rockaway Beach,45.6064261,-123.9446348,480 Hwy101 South,97136,Active,,
050 1005162BFD5,Attis Trading Company,,Recreational Retailer,,Tillamook,050 1005162BFD5,OLCC,Oregon Liquor and Cannabis Commission,Adult-Use and Medicinal,OR,,,,,ATTIS TRADING COMPANY,,,,,,,,,2023-05-02T00:00:00,,,Tillamook,45.4709961,-123.8456318,1830 Goodspeed Road North,97141,Active,,
050 1003307ED92,Nectar,,Recreational Retailer,,Tillamook,050 1003307ED92,OLCC,Oregon Liquor and Cannabis Commission,Adult-Use and Medicinal,OR,,,,,NECTAR,,,,,,,,,2023-05-02T00:00:00,,,Tillamook,45.4615028,-123.8440611,575 Main Avenue North,97141,Active,,
050 1002555FF29,Sweet Relief Tillamook,,Recreational Retailer,,Tillamook,050 1002555FF29,OLCC,Oregon Liquor and Cannabis Commission,Adult-Use and Medicinal,OR,,,,,SWEET RELIEF TILLAMOOK,,,,,,,,,2023-05-02T00:00:00,,,Tillamook,45.4580144,-123.8446389,1906 1St St.,97141,Active,,
050 101187459CB,Today'S Herbal Choice Tillamook Llc,,Recreational Retailer,,Tillamook,050 101187459CB,OLCC,Oregon Liquor and Cannabis Commission,Adult-Use,OR,,,,,TODAY'S HERBAL CHOICE TILLAMOOK LLC,,,,,,,,,2023-05-02T00:00:00,,,Tillamook,45.4696539,-123.8427804,2180 Larson Rd,97141,Active,,
050 1002874797E,Green Man Collective,,Recreational Retailer,,Tillamook,050 1002874797E,OLCC,Oregon Liquor and Cannabis Commission,Adult-Use and Medicinal,OR,,,,,GREEN MAN COLLECTIVE,,,,,,,,,2023-05-02T00:00:00,,,Wheeler,45.6892334,-123.882643,"675 Nehalem Blvd., Ste. A",97147,Active,,
050 1006029FA55,"High Desert Cannabis, Llc",,Recreational Retailer,,Umatilla,050 1006029FA55,OLCC,Oregon Liquor and Cannabis Commission,Adult-Use and Medicinal,OR,,,,,"HIGH DESERT CANNABIS, LLC",,,,,,,,,2023-05-02T00:00:00,,,Pendleton,45.6649584,-118.8051968,341 Sw 20Th St,97801,Active,,
050 10053577FB7,Kind Leaf Pendleton,,Recreational Retailer,,Umatilla,050 10053577FB7,OLCC,Oregon Liquor and Cannabis Commission,Adult-Use and Medicinal,OR,,,,,KIND LEAF PENDLETON,,,,,,,,,2023-05-02T00:00:00,,,Pendleton,45.66819659999999,-118.804303,1733 Sw Court Ave,97801,Active,,
050 1022732561B,Pendleton Cannabis,,Recreational Retailer,,Umatilla,050 1022732561B,OLCC,Oregon Liquor and Cannabis Commission,Adult-Use,OR,,,,,PENDLETON CANNABIS,,,,,,,,,2023-05-02T00:00:00,,,Pendleton,45.6603334,-118.8073758,816 Southgate,97801,Active,,
050 100697186A7,Thur'S Smoke Shop,,Recreational Retailer,,Umatilla,050 100697186A7,OLCC,Oregon Liquor and Cannabis Commission,Adult-Use,OR,,,,,THUR'S SMOKE SHOP,,,,,,,,,2023-05-02T00:00:00,,,Pendleton,45.6744871,-118.7694324,502 Se 16Th St,97801,Active,,
,Columbia River Herbals Llc,,,,Wasco,,OLCC,Oregon Liquor and Cannabis Commission,Adult-Use and Medicinal,OR,,,,,COLUMBIA RIVER HERBALS LLC,,,,,,,,,2023-05-02T00:00:00,,,The Dalles,45.6161238,-121.2106047,2630 W 6Th St,97058,Active,,
,Frontier Farms - The Dalles,,,,Wasco,,OLCC,Oregon Liquor and Cannabis Commission,Adult-Use,OR,,,,,FRONTIER FARMS - THE DALLES,,,,,,,,,2023-05-02T00:00:00,,,The Dalles,45.59952699999999,-121.1775746,609 E. 2Nd St.,97058,Active,,
,High Mountain Recreational,,,,Wasco,,OLCC,Oregon Liquor and Cannabis Commission,Adult-Use and Medicinal,OR,,,,,HIGH MOUNTAIN RECREATIONAL,,,,,,,,,2023-05-02T00:00:00,,,The Dalles,45.6182034,-121.2091973,2722 W 2Nd St,97058,Active,,
,M Thrive Organics Llc,,,,Wasco,,OLCC,Oregon Liquor and Cannabis Commission,Adult-Use and Medicinal,OR,,,,,M THRIVE ORGANICS LLC,,,,,,,,,2023-05-02T00:00:00,,,The Dalles,45.6224308,-121.2117875,3226 West 2Nd Street,97058,Active,,
,Three Kings Organics,,,,Wasco,,OLCC,Oregon Liquor and Cannabis Commission,Adult-Use,OR,,,,,THREE KINGS ORGANICS,,,,,,,,,2023-05-02T00:00:00,,,The Dalles,45.6096335,-121.1983875,224 Terminal Ave,97058,Active,,
050 10145124694,Cream Cannabis,,Recreational Retailer,,Washington,050 10145124694,OLCC,Oregon Liquor and Cannabis Commission,Adult-Use,OR,,,,,CREAM CANNABIS,,,,,,,,,2023-05-02T00:00:00,,,Banks,45.6672389,-123.1680255,47700 Nw Sunset Hwy,97106,Active,,
050 1016124DFA1,Broadway Cannabis Market,,Recreational Retailer,,Washington,050 1016124DFA1,OLCC,Oregon Liquor and Cannabis Commission,Adult-Use,OR,,,,,BROADWAY CANNABIS MARKET,,,,,,,,,2023-05-02T00:00:00,,,Beaverton,45.4862028,-122.7791688,9952 Sw Beaverton Hillsdale Highway,97005,Active,,
050 100164832B5,Cannabis Nation Beaverton,,Recreational Retailer,,Washington,050 100164832B5,OLCC,Oregon Liquor and Cannabis Commission,Adult-Use and Medicinal,OR,,,,,CANNABIS NATION BEAVERTON,,,,,,,,,2023-05-02T00:00:00,,,Beaverton,45.5203784,-122.8409481,15915 Nw Schendel Ave #104,97006,Active,,
050 1009489D6FC,Electric Lettuce Denny,,Recreational Retailer,,Washington,050 1009489D6FC,OLCC,Oregon Liquor and Cannabis Commission,Adult-Use and Medicinal,OR,,,,,ELECTRIC LETTUCE DENNY,,,,,,,,,2023-05-02T00:00:00,,,Beaverton,45.4695961,-122.7840766,6950 Sw 105Th,97008,Active,,
050 10026091C87,"Green Mart, Llc",,Recreational Retailer,,Washington,050 10026091C87,OLCC,Oregon Liquor and Cannabis Commission,Adult-Use,OR,,,,,"GREEN MART, LLC",,,,,,,,,2023-05-02T00:00:00,,,Beaverton,45.5026376,-122.808016,12745 Sw Walker Rd. Ste 100A,97005,Active,,
050 10002248531,Growing Releaf,,Recreational Retailer,,Washington,050 10002248531,OLCC,Oregon Liquor and Cannabis Commission,Adult-Use and Medicinal,OR,,,,,GROWING RELEAF,,,,,,,,,2023-05-02T00:00:00,,,Beaverton,45.48996409999999,-122.7885886,4160 Sw 109Th Ave,97005,Active,,
050 10000407C53,Kaleafa,,Recreational Retailer,,Washington,050 10000407C53,OLCC,Oregon Liquor and Cannabis Commission,Adult-Use and Medicinal,OR,,,,,KALEAFA,,,,,,,,,2023-05-02T00:00:00,,,Beaverton,45.4862696,-122.7890844,10920 Sw Beaverton Hillsdale Hwy.,97005,Active,,
050 1001367CE42,La Mota,,Recreational Retailer,,Washington,050 1001367CE42,OLCC,Oregon Liquor and Cannabis Commission,Adult-Use,OR,,,,,LA MOTA,,,,,,,,,2023-05-02T00:00:00,,,Beaverton,45.493513,-122.8717138,18918 Sw Shaw St,97078,Active,,
050 1001367CE42,La Mota,,Recreational Retailer,,Washington,050 1001367CE42,OLCC,Oregon Liquor and Cannabis Commission,Adult-Use and Medicinal,OR,,,,,LA MOTA ,,,,,,,,,2023-05-02T00:00:00,,,Beaverton,45.4930594,-122.8530733,3695 Sw Elliot Place,97006,Active,,
050 10081197FAB,Nectar,,Recreational Retailer,,Washington,050 10081197FAB,OLCC,Oregon Liquor and Cannabis Commission,Adult-Use and Medicinal,OR,,,,,NECTAR,,,,,,,,,2023-05-02T00:00:00,,,Beaverton,45.457035,-122.7834751,8705 Sw Hall Blvd,97008,Active,,
050 10081197FAB,Nectar,,Recreational Retailer,,Washington,050 10081197FAB,OLCC,Oregon Liquor and Cannabis Commission,Adult-Use and Medicinal,OR,,,,,NECTAR,,,,,,,,,2023-05-02T00:00:00,,,Beaverton,45.4767259,-122.8229022,14195 Sw Allen Blvd.,97005,Active,,
050 10081197FAB,Nectar,,Recreational Retailer,,Washington,050 10081197FAB,OLCC,Oregon Liquor and Cannabis Commission,Adult-Use,OR,,,,,NECTAR ,,,,,,,,,2023-05-02T00:00:00,,,Beaverton,45.5159982,-122.8413285,15930 Sw Regatta Ln,97006,Active,,
050 10081197FAB,Nectar,,Recreational Retailer,,Washington,050 10081197FAB,OLCC,Oregon Liquor and Cannabis Commission,Adult-Use,OR,,,,,NECTAR ,,,,,,,,,2023-05-02T00:00:00,,,Beaverton,45.4966374,-122.8890436,20595 Sw Tualatin Valley Highway Ste 102,97003,Active,,
050 10126352F60,"Nectar Markets, Llc",,Recreational Retailer,,Washington,050 10126352F60,OLCC,Oregon Liquor and Cannabis Commission,Adult-Use,OR,,,,,"NECTAR MARKETS, LLC",,,,,,,,,2023-05-02T00:00:00,,,Beaverton,45.4869172,-122.7845208,10477 Sw Beaverton Hillsdale Hwy.,97005,Active,,
050 1000652B6CC,Oregon Bud Company Llc,,Recreational Retailer,,Washington,050 1000652B6CC,OLCC,Oregon Liquor and Cannabis Commission,Adult-Use and Medicinal,OR,,,,,OREGON BUD COMPANY LLC,,,,,,,,,2023-05-02T00:00:00,,,Beaverton,45.4962753,-122.8081962,3270 Sw Cedar Hills Blvd #104,97005,Active,,
050 1002260AA4F,The Green Planet,,Recreational Retailer,,Washington,050 1002260AA4F,OLCC,Oregon Liquor and Cannabis Commission,Adult-Use and Medicinal,OR,,,,,THE GREEN PLANET,,,,,,,,,2023-05-02T00:00:00,,,Beaverton,45.4929029,-122.780858,10100 Sw Canyon Rd,97005,Active,,
050 1002260AA4F,The Green Planet,,Recreational Retailer,,Washington,050 1002260AA4F,OLCC,Oregon Liquor and Cannabis Commission,Adult-Use,OR,,,,,THE GREEN PLANET,,,,,,,,,2023-05-02T00:00:00,,,Beaverton,45.4970814,-122.8993079,21600 Sw Tv Highway,97006,Active,,
050 101043554F6,Western Oregon Dispensary,,Recreational Retailer,,Washington,050 101043554F6,OLCC,Oregon Liquor and Cannabis Commission,Adult-Use,OR,,,,,WESTERN OREGON DISPENSARY,,,,,,,,,2023-05-02T00:00:00,,,Beaverton,45.4954119,-122.8793443,19665 Sw Tualatin Valley Hwy Suite A,97006,Active,,
050 1011183437D,Mr. Nice Guy Retail,,Recreational Retailer,,Washington,050 1011183437D,OLCC,Oregon Liquor and Cannabis Commission,Adult-Use,OR,,,,,MR. NICE GUY RETAIL,,,,,,,,,2023-05-02T00:00:00,,,Cornelius,45.5203887,-123.0326459,3146 Baseline St,97113,Active,,
050 1013962E065,Bloominati Cannabis Corp.,,Recreational Retailer,,Washington,050 1013962E065,OLCC,Oregon Liquor and Cannabis Commission,Adult-Use,OR,,,,,BLOOMINATI CANNABIS CORP.,,,,,,,,,2023-05-02T00:00:00,,,Forest Grove,45.5194307,-123.103985,2420 Pacific Ave,97116,Active,,
050 10038830A67,Defyne Premium Cannabis,,Recreational Retailer,,Washington,050 10038830A67,OLCC,Oregon Liquor and Cannabis Commission,Adult-Use and Medicinal,OR,,,,,DEFYNE PREMIUM CANNABIS,,,,,,,,,2023-05-02T00:00:00,,,Forest Grove,45.5206534,-123.0804365,3821 Pacific Avenue,97116,Active,,
050 1001367CE42,La Mota,,Recreational Retailer,,Washington,050 1001367CE42,OLCC,Oregon Liquor and Cannabis Commission,Adult-Use,OR,,,,,LA MOTA,,,,,,,,,2023-05-02T00:00:00,,,Forest Grove,45.5203587,-123.0911175,3139 Pacific Ave,97116,Active,,
050 10081197FAB,Nectar,,Recreational Retailer,,Washington,050 10081197FAB,OLCC,Oregon Liquor and Cannabis Commission,Adult-Use,OR,,,,,NECTAR ,,,,,,,,,2023-05-02T00:00:00,,,Forest Grove,45.5204,-123.0884769,3331 Pacific Avenue,97116,Active,,
050 1003982A725,Phresh Cannabis,,Recreational Retailer,,Washington,050 1003982A725,OLCC,Oregon Liquor and Cannabis Commission,Adult-Use,OR,,,,,PHRESH CANNABIS,,,,,,,,,2023-05-02T00:00:00,,,Forest Grove,45.5186477,-123.0974027,2743 19Th Avenue,97116,Active,,
050 10038830A67,Defyne Premium Cannabis,,Recreational Retailer,,Washington,050 10038830A67,OLCC,Oregon Liquor and Cannabis Commission,Adult-Use and Medicinal,OR,,,,,DEFYNE PREMIUM CANNABIS,,,,,,,,,2023-05-02T00:00:00,,,Hillsboro,45.50855380000001,-122.9646145,1775 Se Tualatin Valley Highway  Building A,97123,Active,,
050 10114962EEF,Electric Lettuce Hillsboro,,Recreational Retailer,,Washington,050 10114962EEF,OLCC,Oregon Liquor and Cannabis Commission,Adult-Use,OR,,,,,ELECTRIC LETTUCE HILLSBORO,,,,,,,,,2023-05-02T00:00:00,,,Hillsboro,45.5040583,-122.9532403,2795 Se Tualatin Valley Hwy,97123,Active,,
050 10000407C53,Kaleafa,,Recreational Retailer,,Washington,050 10000407C53,OLCC,Oregon Liquor and Cannabis Commission,Adult-Use,OR,,,,,KALEAFA,,,,,,,,,2023-05-02T00:00:00,,,Hillsboro,45.5178002,-122.9941876,353 Sw Walnut St.,97123,Active,,
050 10081197FAB,Nectar,,Recreational Retailer,,Washington,050 10081197FAB,OLCC,Oregon Liquor and Cannabis Commission,Adult-Use,OR,,,,,NECTAR ,,,,,,,,,2023-05-02T00:00:00,,,Hillsboro,45.5105586,-122.9686485,1180 Se 13Th Ave,97123,Active,,
050 1006350ECEF,Speedy Janes,,Recreational Retailer,,Washington,050 1006350ECEF,OLCC,Oregon Liquor and Cannabis Commission,Adult-Use and Medicinal,OR,,,,,SPEEDY JANES,,,,,,,,,2023-05-02T00:00:00,,,Hillsboro,45.514575,-122.9961396,733 Sw Dennis Ave,97123,Active,,
050 10045653650,The Vth,,Recreational Retailer,,Washington,050 10045653650,OLCC,Oregon Liquor and Cannabis Commission,Adult-Use,OR,,,,,THE VTH,,,,,,,,,2023-05-02T00:00:00,,,Hillsboro,45.5195587,-123.0031463,1234 Sw Baseline St. Suite A,97123,Active,,
050 101043554F6,Western Oregon Dispensary,,Recreational Retailer,,Washington,050 101043554F6,OLCC,Oregon Liquor and Cannabis Commission,Adult-Use,OR,,,,,WESTERN OREGON DISPENSARY,,,,,,,,,2023-05-02T00:00:00,,,Hillsboro,45.5198563,-122.9975084,652 Sw Baseline St.,97123,Active,,
050 1002260AA4F,The Green Planet,,Recreational Retailer,,Washington,050 1002260AA4F,OLCC,Oregon Liquor and Cannabis Commission,Adult-Use and Medicinal,OR,,,,,THE GREEN PLANET,,,,,,,,,2023-05-02T00:00:00,,,King City,45.40854290000001,-122.7953414,15350 Sw 116Th Ave,97224,Active,,
050 10079919CD9,Chalice Farms,,Recreational Retailer,,Washington,050 10079919CD9,OLCC,Oregon Liquor and Cannabis Commission,Adult-Use and Medicinal,OR,,,,,CHALICE FARMS,,,,,,,,,2023-05-02T00:00:00,,,Portland,45.3989229,-122.7992889,"16735 Sw Pacific Hwy,",97224,Active,,
050 100241747B3,Electric Lettuce Cedar Hills,,Recreational Retailer,,Washington,050 100241747B3,OLCC,Oregon Liquor and Cannabis Commission,Adult-Use and Medicinal,OR,,,,,ELECTRIC LETTUCE CEDAR HILLS,,,,,,,,,2023-05-02T00:00:00,,,Portland,45.5093112,-122.7832136,1450 Sw Marlow,97225,Active,,
050 10174822DB9,Local Leaf,,Recreational Retailer,,Washington,050 10174822DB9,OLCC,Oregon Liquor and Cannabis Commission,Adult-Use,OR,,,,,LOCAL LEAF,,,,,,,,,2023-05-02T00:00:00,,,Portland,45.46501780000001,-122.7549036,7625 Sw Oleson Rd,97223,Active,,
050 1017674D3AA,Parlour Cannabis,,Recreational Retailer,,Washington,050 1017674D3AA,OLCC,Oregon Liquor and Cannabis Commission,Adult-Use,OR,,,,,PARLOUR CANNABIS,,,,,,,,,2023-05-02T00:00:00,,,Portland,45.4853763,-122.749366,4702 Sw Scholls Ferry Rd,97225,Active,,
050 1000292877D,Stone Age Farmacy,,Recreational Retailer,,Washington,050 1000292877D,OLCC,Oregon Liquor and Cannabis Commission,Adult-Use and Medicinal,OR,,,,,STONE AGE FARMACY,,,,,,,,,2023-05-02T00:00:00,,,Portland,45.4986616,-122.7652718,8621 Sw Canyon Dr.,97225,Active,,
050 101043554F6,Western Oregon Dispensary,,Recreational Retailer,,Washington,050 101043554F6,OLCC,Oregon Liquor and Cannabis Commission,Adult-Use and Medicinal,OR,,,,,WESTERN OREGON DISPENSARY,,,,,,,,,2023-05-02T00:00:00,,,Portland,45.52525139999999,-122.8123592,760 Nw Dale Ave,97229,Active,,
050 101043554F6,Western Oregon Dispensary,,Recreational Retailer,,Washington,050 101043554F6,OLCC,Oregon Liquor and Cannabis Commission,Adult-Use,OR,,,,,WESTERN OREGON DISPENSARY,,,,,,,,,2023-05-02T00:00:00,,,Sherwood,45.3682493,-122.8315975,15025 Sw Tualatin Sherwood Rd  Suite B,97140,Active,,
050 101323878C8,Cola Cove,,Recreational Retailer,,Washington,050 101323878C8,OLCC,Oregon Liquor and Cannabis Commission,Adult-Use and Medicinal,OR,,,,,COLA COVE,,,,,,,,,2023-05-02T00:00:00,,,Tigard,45.42207699999999,-122.7848712,13553 Sw Pacific Hwy,97223,Active,,
050 1014532539B,Electric Lettuce Tigard,,Recreational Retailer,,Washington,050 1014532539B,OLCC,Oregon Liquor and Cannabis Commission,Adult-Use,OR,,,,,ELECTRIC LETTUCE TIGARD,,,,,,,,,2023-05-02T00:00:00,,,Tigard,45.43800419999999,-122.754254,11642 Sw Pacific Highway  Suite 100,97223,Active,,
050 10000407C53,Kaleafa,,Recreational Retailer,,Washington,050 10000407C53,OLCC,Oregon Liquor and Cannabis Commission,Adult-Use,OR,,,,,KALEAFA,,,,,,,,,2023-05-02T00:00:00,,,Tigard,45.4404395,-122.7492355,11540 Sw Pacific Highway,97223,Active,,
050 10081197FAB,Nectar,,Recreational Retailer,,Washington,050 10081197FAB,OLCC,Oregon Liquor and Cannabis Commission,Adult-Use,OR,,,,,NECTAR,,,,,,,,,2023-05-02T00:00:00,,,Tigard,45.4140745,-122.7932809,11300 Sw Bull Mountain Rd,97224,Active,,
050 1003846F031,The Cdc Dispensary,,Recreational Retailer,,Washington,050 1003846F031,OLCC,Oregon Liquor and Cannabis Commission,Adult-Use and Medicinal,OR,,,,,THE CDC DISPENSARY,,,,,,,,,2023-05-02T00:00:00,,,Tigard,45.4475719,-122.7661797,10015 Sw Hall Blvd Ste B,97223,Active,,
050 1016504DD9E,Northwest Cannabis Company,,Recreational Retailer,,Washington,050 1016504DD9E,OLCC,Oregon Liquor and Cannabis Commission,Adult-Use,OR,,,,,NORTHWEST CANNABIS COMPANY,,,,,,,,,2023-05-02T00:00:00,,,Tualatin,45.3958462,-122.7457582,"17937 Sw Mcewan Road, Suite 200",97224,Active,,
050 10079928B63,Chalice Farms,,Recreational Retailer,,Yamhill,050 10079928B63,OLCC,Oregon Liquor and Cannabis Commission,Adult-Use and Medicinal,OR,,,,,CHALICE FARMS,,,,,,,,,2023-05-02T00:00:00,,,Dundee,45.2739878,-123.0148869,1178 N Hwy 99W,97115,Active,,
050 10032418898,Green Ridge Apothecary,,Recreational Retailer,,Yamhill,050 10032418898,OLCC,Oregon Liquor and Cannabis Commission,Adult-Use and Medicinal,OR,,,,,GREEN RIDGE APOTHECARY,,,,,,,,,2023-05-02T00:00:00,,,Mcminnville,45.2134598,-123.1987588,106 Ne 8Th St,97128,Active,,
050 10024934771,Medicine Tree Llc,,Recreational Retailer,,Yamhill,050 10024934771,OLCC,Oregon Liquor and Cannabis Commission,Adult-Use and Medicinal,OR,,,,,MEDICINE TREE LLC,,,,,,,,,2023-05-02T00:00:00,,,Mcminnville,45.2273311,-123.1772489,2046 Or Hwy 99 Ste A,97128,Active,,
050 100028766B5,New Leaf Midtown,,Recreational Retailer,,Yamhill,050 100028766B5,OLCC,Oregon Liquor and Cannabis Commission,Adult-Use and Medicinal,OR,,,,,NEW LEAF MIDTOWN,,,,,,,,,2023-05-02T00:00:00,,,Mcminnville,45.2247738,-123.1948413,2215 Ne Evans,97128,Active,,
050 10040768BFD,Ocean Grown Cannabis Company Llc,,Recreational Retailer,,Yamhill,050 10040768BFD,OLCC,Oregon Liquor and Cannabis Commission,Adult-Use,OR,,,,,OCEAN GROWN CANNABIS COMPANY LLC,,,,,,,,,2023-05-02T00:00:00,,,Mcminnville,45.161171,-123.204336,13580 Sw Hwy 99W Suite #1,97128,Active,,
050 1015469C6E0,Smooth Roots (Mcminnville),,Recreational Retailer,,Yamhill,050 1015469C6E0,OLCC,Oregon Liquor and Cannabis Commission,Adult-Use,OR,,,,,SMOOTH ROOTS (MCMINNVILLE),,,,,,,,,2023-05-02T00:00:00,,,Mcminnville,45.19813740000001,-123.2055445,1500 Sw Baker Street,97128,Active,,
050 1001649DE75,Top Shelf Cannabis,,Recreational Retailer,,Yamhill,050 1001649DE75,OLCC,Oregon Liquor and Cannabis Commission,Adult-Use and Medicinal,OR,,,,,TOP SHELF CANNABIS ,,,,,,,,,2023-05-02T00:00:00,,,Mcminnville,45.2065787,-123.1985502,353 Se Baker St.  Suite C,97128,Active,,
050 10032789CAF,Canna Bros.,,Recreational Retailer,,Yamhill,050 10032789CAF,OLCC,Oregon Liquor and Cannabis Commission,Adult-Use and Medicinal,OR,,,,,CANNA BROS.,,,,,,,,,2023-05-02T00:00:00,,,Newberg,45.3025901,-122.9572454,2316 E Portland Rd Suite C-2,97132,Active,,
050 100457922B9,Oasis Cannabis,,Recreational Retailer,,Yamhill,050 100457922B9,OLCC,Oregon Liquor and Cannabis Commission,Adult-Use and Medicinal,OR,,,,,OASIS CANNABIS,,,,,,,,,2023-05-02T00:00:00,,,Newberg,45.30257599999999,-122.961755,"308 Villa Road, Suite 115",97132,Active,,
050 10158479E34,"The Green Planet, Inc.",,Recreational Retailer,,Yamhill,050 10158479E34,OLCC,Oregon Liquor and Cannabis Commission,Adult-Use,OR,,,,,"THE GREEN PLANET, INC. ",,,,,,,,,2023-05-02T00:00:00,,,Newberg,45.3006312,-122.9814219,301 W. First Street,97132,Active,,
050 10042907A13,Western Oregon Dispensary Inc,,Recreational Retailer,,Yamhill,050 10042907A13,OLCC,Oregon Liquor and Cannabis Commission,Adult-Use and Medicinal,OR,,,,,WESTERN OREGON DISPENSARY INC,,,,,,,,,2023-05-02T00:00:00,,,Newberg,45.3069276,-122.9474029,1013 N. Springbrook Rd.,97132,Active,,
050 10032789CAF,Canna Bros.,,Recreational Retailer,,Yamhill,050 10032789CAF,OLCC,Oregon Liquor and Cannabis Commission,Adult-Use and Medicinal,OR,,,,,CANNA BROS.,,,,,,,,,2023-05-02T00:00:00,,,Sheridan,45.0975107,-123.4182551,1210 W Main St,97378,Active,,
050 1009127E8AF,Pottonmouth Retail Cannabis,,Recreational Retailer,,Yamhill,050 1009127E8AF,OLCC,Oregon Liquor and Cannabis Commission,Adult-Use and Medicinal,OR,,,,,POTTONMOUTH RETAIL CANNABIS,,,,,,,,,2023-05-02T00:00:00,,,Sheridan,45.0939504,-123.3816917,950 Se Sheridan Road,97378,Active,,
MMP CC 001,Thomas C. Slater Compassion Center,,Commercial - Retailer,,Providence County,MMP CC 001,RIDBH,Rhode Island Department of Business Regulation,Adult Use and Cultivation,RI,,,,,Thomas C. Slater Compassion Center,,,,,,,401-274-1000,https://slatercenter.com,2023-08-02T00:00:00,,,Providence,41.8382888,-71.4137021,1 Corliss St,2904,Active,Yes,Yes
MMP CC 002,Greenleaf Compassionate Care Center,,Commercial - Retailer,,Newport County,MMP CC 002,RIDBH,Rhode Island Department of Business Regulation,Adult Use and Cultivation,RI,,,,,Greenleaf Compassionate Care Center,,,,,,,401-293-5987,https://greenleafcare.org,2023-08-02T00:00:00,,,Portsmouth,41.5754183,-71.2722708,1637 W Main Rd,2871,Active,Yes,Yes
MMP CC 003,RISE Warwick,,Commercial - Retailer,,Kent County,MMP CC 003,RIDBH,Rhode Island Department of Business Regulation,Adult Use and Cultivation,RI,,,,,Summit Medical Compassion Center,,,,,,,401-889-3990,https://risecannabis.com/dispensaries/rhode-island/warwick,2023-08-02T00:00:00,,,Warwick,41.684542,-71.499065,444 Quaker Ln,2886,Active,Yes,Yes
MMP CC 004,Sweetspot Dispensary,,Commercial - Retailer,,Washington County,MMP CC 004,RIDBH,Rhode Island Department of Business Regulation,Adult Use and Cultivation,RI,,,,,Plant Based Compassionate Care,,,,,,,401-271-3869,https://sweetspotfarms.com/about,2023-08-02T00:00:00,,,Exeter,41.5277381,-71.5504921,560 S County Trail Bldg. B,2822,Active,Yes,Yes
MMP CC 005,"Aura of Rhode Island, Inc. F/K/A Pinnacle Compassion Center, Inc.",,Commercial - Retailer,,Providence County,MMP CC 005,RIDBH,Rhode Island Department of Business Regulation,Adult Use,RI,,,,,"Aura of Rhode Island, Inc.",,,,,,,401-335-5356,https://auraofri.com,2023-08-02T00:00:00,,,Central Falls,41.8938803,-71.40418199999999,1136 Lonsdale Ave,2863,Active,No,Yes
MMP CC 006,Mother Earth Wellness Inc.,,Commercial - Retailer,,Providence County,MMP CC 006,RIDBH,Rhode Island Department of Business Regulation,Adult Use and Cultivation,RI,,,,,Mother Earth Wellness Inc.,,,,,,,401-352-4300,https://motherearthri.com,2023-08-02T00:00:00,,,Pawtucket,41.8636284,-71.40263039999999,125 Esten Ave,2860,Active,Yes,Yes
MMP CC 007,Solar Cannabis Co.,,Commercial - Retailer,,Kent County,MMP CC 007,RIDBH,Rhode Island Department of Business Regulation,Adult Use,RI,,,,,Solar Therapeutics Rhode Island,,,,,,,401-642-1919,https://solarthera.com/,2023-08-02T00:00:00,,,Warwick,41.69691230000001,-71.4611317,65 Meadow St a,2886,Active,No,Yes
,,,"
SCLT0015
",,Wiltshire,0,VTCCB,Vermont Cannabis Control Board,Adult-Use,VT,,,,,Epona Farms LLC,,,,,,,,,2023-08-13T15:34:53.223750,,,"Salisbury, UK",51.068785,-1.794472,"Salisbury, UK","Salisbury, UK",,,
,,,"
SCLT0004
",,Clark County,1,VTCCB,Vermont Cannabis Control Board,Adult-Use,VT,,,,,Valley Organics LLC,,,,,,,,,2023-08-13T15:34:53.223750,,,"Jeffersonville, IN, USA",38.2775702,-85.7371847,"Jeffersonville, IN, USA","Jeffersonville, IN, USA",,,
,,,"
SCLT0009
",,Orange County,2,VTCCB,Vermont Cannabis Control Board,Adult-Use,VT,,,,,"Clover Hill Cannabis, LLC",,,,,,,,,2023-08-13T15:34:53.223750,,,Strafford,43.8356198,-72.3662166,South Strafford,VT,,,
,,,"
SCLT0013
",,Essex,3,VTCCB,Vermont Cannabis Control Board,Adult-Use,VT,,,,,Duke's Diesel LLP,,,,,,,,,2023-08-13T15:34:53.223750,,,"Essex, UK",51.57424469999999,0.4856781,"Essex, UK","Essex, UK",,,
,,,"
SCLT0023
",,,4,VTCCB,Vermont Cannabis Control Board,Adult-Use,VT,,,,,"VT Green Castle Reserve, LLC (DBA - VT Green Castle)",,,,,,,,,2023-08-13T15:34:53.223750,,,,,,,,,,
,,,"
SCLT0038
",,Windham County,5,VTCCB,Vermont Cannabis Control Board,Adult-Use,VT,,,,,"Craft Cannabis of Vermont, LLC",,,,,,,,,2023-08-13T15:34:53.223750,,,VT 05301,42.8509152,-72.5578678,Brattleboro,USA,,,
,,,"
SCLT0016
",,,6,VTCCB,Vermont Cannabis Control Board,Adult-Use,VT,,,,,"Justin's Craft Cannabis, LLC",,,,,,,,,2023-08-13T15:34:53.223750,,,,,,,,,,
,,,"
SCLT0020
",,,7,VTCCB,Vermont Cannabis Control Board,Adult-Use,VT,,,,,Emerald Rose Farms LLC,,,,,,,,,2023-08-13T15:34:53.223750,,,,,,,,,,
,,,"
SCLT0080
",,Williams County,8,VTCCB,Vermont Cannabis Control Board,Adult-Use,VT,,,,,Top 1 Co.,,,,,,,,,2023-08-13T15:34:53.223750,,,"Williston, ND 58801, USA",48.1469683,-103.6179745,"Williston, ND 58801, USA","Williston, ND 58801, USA",,,
,,,"
SCLT0136
",,,9,VTCCB,Vermont Cannabis Control Board,Adult-Use,VT,,,,,The Dank Closet,,,,,,,,,2023-08-13T15:34:53.223750,,,,,,,,,,
,,,"
SCLT0062
",,Windsor County,10,VTCCB,Vermont Cannabis Control Board,Adult-Use,VT,,,,,"VVS Labs, LLC",,,,,,,,,2023-08-13T15:34:53.223750,,,Hartford,43.6489596,-72.3192579,White River Junction,VT,,,
,,,"
SCLT0056
",,,11,VTCCB,Vermont Cannabis Control Board,Adult-Use,VT,,,,,"Birdman Inc, Birdman Vermont",,,,,,,,,2023-08-13T15:34:53.223750,,,,,,,,,,
,,,"
SCLT0109
",,,12,VTCCB,Vermont Cannabis Control Board,Adult-Use,VT,,,,,Phyto Physic LLC,,,,,,,,,2023-08-13T15:34:53.223750,,,,,,,,,,
,,,"
SCLT0135
",,,13,VTCCB,Vermont Cannabis Control Board,Adult-Use,VT,,,,,RootLand Cannabis LLC,,,,,,,,,2023-08-13T15:34:53.223750,,,,,,,,,,
,,,"
SCLT0104
",,Worcestershire,14,VTCCB,Vermont Cannabis Control Board,Adult-Use,VT,,,,,BIG Intelligence Group,,,,,,,,,2023-08-13T15:34:53.223750,,,"Worcester, UK",52.193636,-2.221575,"Worcester, UK","Worcester, UK",,,
,,,"
SCLT0187
",,,15,VTCCB,Vermont Cannabis Control Board,Adult-Use,VT,,,,,Cognizant Sparks LLC,,,,,,,,,2023-08-13T15:34:53.223750,,,,,,,,,,
,,,"
SCLT0086
",,Addison County,16,VTCCB,Vermont Cannabis Control Board,Adult-Use,VT,,,,,Mad River Terps LLC,,,,,,,,,2023-08-13T15:34:53.223750,,,VT,44.2272782,-73.05734269999999,Starksboro,USA,,,
,,,"
SCLT0108
",,,17,VTCCB,Vermont Cannabis Control Board,Adult-Use,VT,,,,,RockLake,,,,,,,,,2023-08-13T15:34:53.223750,,,,,,,,,,
,,,"
SCLT0118
",,,18,VTCCB,Vermont Cannabis Control Board,Adult-Use,VT,,,,,Green Mountain Dreams LLC; Green Mountain Dreams,,,,,,,,,2023-08-13T15:34:53.223750,,,,,,,,,,
,,,"
SCLT0145
",,,19,VTCCB,Vermont Cannabis Control Board,Adult-Use,VT,,,,,Green Fish Family Farm LLC,,,,,,,,,2023-08-13T15:34:53.223750,,,,,,,,,,
,,,"
SCLT0134
",,Plymouth County,20,VTCCB,Vermont Cannabis Control Board,Adult-Use,VT,,,,,SA Cultivation LLC,,,,,,,,,2023-08-13T15:34:53.223750,,,"Plymouth, MA, USA",41.9584457,-70.6672621,"Plymouth, MA, USA","Plymouth, MA, USA",,,
,,,"
SCLT0151
",,Caledonia County,21,VTCCB,Vermont Cannabis Control Board,Adult-Use,VT,,,,,Crescent Moon Farm LLC,,,,,,,,,2023-08-13T15:34:53.223750,,,Burke,44.64144170000001,-71.978707,West Burke,05871,,,
,,,"
SCLT0137
",,Addison County,22,VTCCB,Vermont Cannabis Control Board,Adult-Use,VT,,,,,Dedicated,,,,,,,,,2023-08-13T15:34:53.223750,,,VT,44.2056098,-73.2462341,Ferrisburgh,USA,,,
,,,"
SCLT0103
",,Addison County,23,VTCCB,Vermont Cannabis Control Board,Adult-Use,VT,,,,,Florist VT LLC,,,,,,,,,2023-08-13T15:34:53.223750,,,VT,44.2272782,-73.05734269999999,Starksboro,USA,,,
,,,"
SCLT0162
",,Worcester County,24,VTCCB,Vermont Cannabis Control Board,Adult-Use,VT,,,,,DBC LLC; High Altitude Cannabis (DBA),,,,,,,,,2023-08-13T15:34:53.223750,,,"Hardwick, MA, USA",42.3490548,-72.1986558,"Hardwick, MA, USA","Hardwick, MA, USA",,,
,,,"
SCLT0153
",,Greater Manchester,25,VTCCB,Vermont Cannabis Control Board,Adult-Use,VT,,,,,Verdiggity Living Organics LLC,,,,,,,,,2023-08-13T15:34:53.223750,,,"Manchester, UK",53.4807593,-2.2426305,"Manchester, UK","Manchester, UK",,,
,,,"
SCLT0161
",,Berkshire County,26,VTCCB,Vermont Cannabis Control Board,Adult-Use,VT,,,,,King Cola LLC,,,,,,,,,2023-08-13T15:34:53.223750,,,"Williamstown, MA 01267, USA",42.7120196,-73.20368979999999,"Williamstown, MA 01267, USA","Williamstown, MA 01267, USA",,,
,,,"
SCLT0194
",,Essex,27,VTCCB,Vermont Cannabis Control Board,Adult-Use,VT,,,,,Northern Green,,,,,,,,,2023-08-13T15:34:53.223750,,,"Colchester, UK",51.895927,0.8918740000000001,"Colchester, UK","Colchester, UK",,,
,,,"
SCLT0119
",,Windsor County,28,VTCCB,Vermont Cannabis Control Board,Adult-Use,VT,,,,,Grease Line Cannabis,,,,,,,,,2023-08-13T15:34:53.223750,,,VT,43.4033164,-72.4134916,Weathersfield,USA,,,
,,,"
SCLT0113
",,Franklin County,29,VTCCB,Vermont Cannabis Control Board,Adult-Use,VT,,,,,Choice Terp LLC,,,,,,,,,2023-08-13T15:34:53.223750,,,Highgate,44.9385149,-73.0454456,Highgate Center,05459,,,
,,,"
SCLT0120
",,Greater London,30,VTCCB,Vermont Cannabis Control Board,Adult-Use,VT,,,,,Green River Cannabis Company,,,,,,,,,2023-08-13T15:34:53.223750,,,"Hyde Park, London, UK",51.5072682,-0.1657303,"Hyde Park, London, UK","Hyde Park, London, UK",,,
,,,"
SCLT0201
",,,31,VTCCB,Vermont Cannabis Control Board,Adult-Use,VT,,,,,Naked Hemp,,,,,,,,,2023-08-13T15:34:53.223750,,,,,,,,,,
,,,"
SCLT0169
",,Worcester County,32,VTCCB,Vermont Cannabis Control Board,Adult-Use,VT,,,,,Weed Connections,,,,,,,,,2023-08-13T15:34:53.223750,,,"Mendon, MA, USA",42.1056525,-71.5522859,"Mendon, MA, USA","Mendon, MA, USA",,,
,,,"
SCLT0171
",,Bristol City,33,VTCCB,Vermont Cannabis Control Board,Adult-Use,VT,,,,,OGW Cannabis LLC,,,,,,,,,2023-08-13T15:34:53.223750,,,"Bristol, UK",51.454513,-2.58791,"Bristol, UK","Bristol, UK",,,
,,,"
SCLT0121
",,Windsor County,34,VTCCB,Vermont Cannabis Control Board,Adult-Use,VT,,,,,Fern's Flowers LLC; Fern's Flowers,,,,,,,,,2023-08-13T15:34:53.223750,,,Cavendish,43.3910072,-72.63581340000002,Proctorsville,VT,,,
,,,"
SCLT0152
",,Windham County,35,VTCCB,Vermont Cannabis Control Board,Adult-Use,VT,,,,,District 802 LLC,,,,,,,,,2023-08-13T15:34:53.223750,,,VT 05301,42.8509152,-72.5578678,Brattleboro,USA,,,
,,,"
SCLT0160
",,New York County,36,VTCCB,Vermont Cannabis Control Board,Adult-Use,VT,,,,,Turkey Hollow Cannabis,,,,,,,,,2023-08-13T15:34:53.223750,,,"3009 Broadway, New York, NY 10027, USA",40.8095133,-73.96339689999999,"3009 Broadway, New York, NY 10027, USA","3009 Broadway, New York, NY 10027, USA",,,
,,,"
SCLT0130
",,Grand Isle County,37,VTCCB,Vermont Cannabis Control Board,Adult-Use,VT,,,,,Cann Able Farms LLC,,,,,,,,,2023-08-13T15:34:53.223750,,,VT 05440,44.9750541,-73.30022389999999,Alburgh,USA,,,
,,,"
SCLT0143
",,Mecklenburg County,38,VTCCB,Vermont Cannabis Control Board,Adult-Use,VT,,,,,Heady Righton LLC,,,,,,,,,2023-08-13T15:34:53.223750,,,"Charlotte, NC, USA",35.2270869,-80.8431267,"Charlotte, NC, USA","Charlotte, NC, USA",,,
,,,"
SCLT0146
",,Caledonia County,39,VTCCB,Vermont Cannabis Control Board,Adult-Use,VT,,,,,Tall Truck,,,,,,,,,2023-08-13T15:34:53.223750,,,Danville,44.4078953,-72.2104832,West Danville,05873,,,
,,,"
SCLT0168
",,Surrey,40,VTCCB,Vermont Cannabis Control Board,Adult-Use,VT,,,,,Brown Dog Cannabis,,,,,,,,,2023-08-13T15:34:53.223750,,,"Weybridge, UK",51.3716269,-0.457904,"Weybridge, UK","Weybridge, UK",,,
,,,"
SCLT0182
",,Kent,41,VTCCB,Vermont Cannabis Control Board,Adult-Use,VT,,,,,Tunbridge Roots LLC,,,,,,,,,2023-08-13T15:34:53.223750,,,"Royal Tunbridge Wells, Tunbridge Wells, UK",51.132377,0.263695,"Royal Tunbridge Wells, Tunbridge Wells, UK","Royal Tunbridge Wells, Tunbridge Wells, UK",,,
,,,"
SCLT0166
",,Washington County,42,VTCCB,Vermont Cannabis Control Board,Adult-Use,VT,,,,,Four Turtles Farm,,,,,,,,,2023-08-13T15:34:53.223750,,,VT 05602,44.26005929999999,-72.5753869,Montpelier,USA,,,
,,,"
SCLT0142
",,,43,VTCCB,Vermont Cannabis Control Board,Adult-Use,VT,,,,,Sunny View Farm LLC,,,,,,,,,2023-08-13T15:34:53.223750,,,Jericho,31.8611058,35.4617583,Jericho,Jericho,,,
,,,"
SCLT0158
",,,44,VTCCB,Vermont Cannabis Control Board,Adult-Use,VT,,,,,"Apex Arboretum, LLC; dba Green State Dispensary; dba Upstate Elevator Operators",,,,,,,,,2023-08-13T15:34:53.223750,,,,,,,,,,
,,,"
SCLT0216
",,Chittenden County,45,VTCCB,Vermont Cannabis Control Board,Adult-Use,VT,,,,,Passion Fruit Farms LLC,,,,,,,,,2023-08-13T15:34:53.223750,,,VT,44.4904763,-73.1111871,Essex Junction,USA,,,
,,,"
SCLT0149
",,Addison County,46,VTCCB,Vermont Cannabis Control Board,Adult-Use,VT,,,,,VTGRN,,,,,,,,,2023-08-13T15:34:53.223750,,,VT,44.2272782,-73.05734269999999,Starksboro,USA,,,
,,,"
SCLT0208
",,Newport County,47,VTCCB,Vermont Cannabis Control Board,Adult-Use,VT,,,,,TCD Enterprises,,,,,,,,,2023-08-13T15:34:53.223750,,,"Newport, RI, USA",41.4901024,-71.3128285,"Newport, RI, USA","Newport, RI, USA",,,
,,,"
SCLT0191
",,Middlesex County,48,VTCCB,Vermont Cannabis Control Board,Adult-Use,VT,,,,,Humble Skunk,,,,,,,,,2023-08-13T15:34:53.223750,,,"Westford, MA 01886, USA",42.5792583,-71.4378411,"Westford, MA 01886, USA","Westford, MA 01886, USA",,,
,,,"
SCLT0185
",,,49,VTCCB,Vermont Cannabis Control Board,Adult-Use,VT,,,,,Firetower Cannabis LLC,,,,,,,,,2023-08-13T15:34:53.223750,,,,,,,,,,
,,,"
SCLT0193
",,New Haven County,50,VTCCB,Vermont Cannabis Control Board,Adult-Use,VT,,,,,Monarch Cultivation LLC,,,,,,,,,2023-08-13T15:34:53.223750,,,"East Haven, CT, USA",41.2841687,-72.8684565,"East Haven, CT, USA","East Haven, CT, USA",,,
,,,"
SCLT0210
",,,51,VTCCB,Vermont Cannabis Control Board,Adult-Use,VT,,,,,Sleeper's Garden,,,,,,,,,2023-08-13T15:34:53.223750,,,Jericho,31.8611058,35.4617583,Jericho,Jericho,,,
,,,"
SCLT0203
",,West Yorkshire,52,VTCCB,Vermont Cannabis Control Board,Adult-Use,VT,,,,,Cloud 9 THC LLC,,,,,,,,,2023-08-13T15:34:53.223750,,,"East Hardwick, Pontefract WF8, UK",53.6617301,-1.2989609,"East Hardwick, Pontefract WF8, UK","East Hardwick, Pontefract WF8, UK",,,
,,,"
SCLT0218
",,Clark County,53,VTCCB,Vermont Cannabis Control Board,Adult-Use,VT,,,,,Kingdom Boyz,,,,,,,,,2023-08-13T15:34:53.223750,,,"W Charleston Blvd, Las Vegas, NV, USA",36.1591178,-115.2573407,"W Charleston Blvd, Las Vegas, NV, USA","W Charleston Blvd, Las Vegas, NV, USA",,,
,,,"
SCLT0214
",,Worcester County,54,VTCCB,Vermont Cannabis Control Board,Adult-Use,VT,,,,,VTegridy Farms,,,,,,,,,2023-08-13T15:34:53.223750,,,"Hardwick, MA, USA",42.3490548,-72.1986558,"Hardwick, MA, USA","Hardwick, MA, USA",,,
,,,"
SCLT0219
",,Greater London,55,VTCCB,Vermont Cannabis Control Board,Adult-Use,VT,,,,,High Brix Cannabis Vermont,,,,,,,,,2023-08-13T15:34:53.223750,,,"Hyde Park, London, UK",51.5072682,-0.1657303,"Hyde Park, London, UK","Hyde Park, London, UK",,,
,,,"
SCLT0211
",,Derbyshire,56,VTCCB,Vermont Cannabis Control Board,Adult-Use,VT,,,,,Hidden Door Cannabis LLC,,,,,,,,,2023-08-13T15:34:53.223750,,,"Castleton, Hope Valley S33, UK",53.34368139999999,-1.7765105,"Castleton, Hope Valley S33, UK","Castleton, Hope Valley S33, UK",,,
,,,"
SCLT0207
",,Erie County,57,VTCCB,Vermont Cannabis Control Board,Adult-Use,VT,,,,,802Farmacy LLC,,,,,,,,,2023-08-13T15:34:53.223750,,,"3052 Walden Ave, Depew, NY 14043, USA",42.9097292,-78.714281,"3052 Walden Ave, Depew, NY 14043, USA","3052 Walden Ave, Depew, NY 14043, USA",,,
,,,"
SCLT0217
",,,58,VTCCB,Vermont Cannabis Control Board,Adult-Use,VT,,,,,Palm Treez LLC,,,,,,,,,2023-08-13T15:34:53.223750,,,Georgia,42.315407,43.35689199999999,Georgia,Georgia,,,
,,,"
SCLT0213
",,Cumberland County,59,VTCCB,Vermont Cannabis Control Board,Adult-Use,VT,,,,,The Higher Collective,,,,,,,,,2023-08-13T15:34:53.223750,,,"N Middlesex Rd, Middlesex Township, PA 17013, USA",40.2521717,-77.139805,"N Middlesex Rd, Middlesex Township, PA 17013, USA","N Middlesex Rd, Middlesex Township, PA 17013, USA",,,
,,,"
SCLT0224
",,Windham County,60,VTCCB,Vermont Cannabis Control Board,Adult-Use,VT,,,,,"High Priestess LLC, High Priestess",,,,,,,,,2023-08-13T15:34:53.223750,,,VT 05301,42.8509152,-72.5578678,Brattleboro,USA,,,
,,,"
SCLT0225
",,Chittenden County,61,VTCCB,Vermont Cannabis Control Board,Adult-Use,VT,,,,,Mr. Tree,,,,,,,,,2023-08-13T15:34:53.223750,,,VT,44.4669941,-73.1709604,South Burlington,USA,,,
,,,"
SCLT0237
",,Fairfield County,62,VTCCB,Vermont Cannabis Control Board,Adult-Use,VT,,,,,Density,,,,,,,,,2023-08-13T15:34:53.223750,,,"Fairfield, CT, USA",41.1408363,-73.2612615,"Fairfield, CT, USA","Fairfield, CT, USA",,,
,,,SCLT0236,,Dufferin County,63,VTCCB,Vermont Cannabis Control Board,Adult-Use,VT,,,,,"
Cosmic Giggle Cannabis LLC
",,,,,,,,,2023-08-13T15:34:53.223750,,,"Shelburne, ON L9V, Canada",44.07911900000001,-80.2011728,"Shelburne, ON L9V, Canada","Shelburne, ON L9V, Canada",,,
,,,SCLT0235,,,64,VTCCB,Vermont Cannabis Control Board,Adult-Use,VT,,,,,"
Wookberry Farm LLC
",,,,,,,,,2023-08-13T15:34:53.223750,,,"Fairfax, VA, USA",38.84622359999999,-77.30637329999999,"Fairfax, VA, USA","Fairfax, VA, USA",,,
,,,SCLT0233,,,65,VTCCB,Vermont Cannabis Control Board,Adult-Use,VT,,,,,"
Greenmont Craft Cannabis Co
",,,,,,,,,2023-08-13T15:34:53.223750,,,Jericho,31.8611058,35.4617583,Jericho,Jericho,,,
,,,SCLT0243,,Plymouth County,66,VTCCB,Vermont Cannabis Control Board,Adult-Use,VT,,,,,"
Decibel Forest LLC
",,,,,,,,,2023-08-13T15:34:53.223750,,,"Plymouth, MA, USA",41.9584457,-70.6672621,"Plymouth, MA, USA","Plymouth, MA, USA",,,
,,,SCLT0244,,Lebanon County,67,VTCCB,Vermont Cannabis Control Board,Adult-Use,VT,,,,,"
Truefella LLC
",,,,,,,,,2023-08-13T15:34:53.223750,,,"1298 Royal Rd, Annville, PA 17003, USA",40.3158947,-76.50576099999999,"1298 Royal Rd, Annville, PA 17003, USA","1298 Royal Rd, Annville, PA 17003, USA",,,
,,,"
SCLT0246
",,Hertfordshire,68,VTCCB,Vermont Cannabis Control Board,Adult-Use,VT,,,,,Druid Flowers LLC,,,,,,,,,2023-08-13T15:34:53.223750,,,"St Albans, UK",51.752725,-0.339436,"St Albans, UK","St Albans, UK",,,
,,,SCLT0251,,Washington County,69,VTCCB,Vermont Cannabis Control Board,Adult-Use,VT,,,,,"
Shamus Farms LLC
",,,,,,,,,2023-08-13T15:34:53.223750,,,Calais,44.366446,-72.4299853,East Calais,VT,,,
,,,SCLT0256,,Essex County,70,VTCCB,Vermont Cannabis Control Board,Adult-Use,VT,,,,,"
Pine Rock LLC
",,,,,,,,,2023-08-13T15:34:53.223750,,,Brighton,44.8147712,-71.8803728,Island Pond,05846,,,
,,,SCLT0257,,Essex,71,VTCCB,Vermont Cannabis Control Board,Adult-Use,VT,,,,,"
Gnarly Tree Cannabis
",,,,,,,,,2023-08-13T15:34:53.223750,,,"Colchester, UK",51.895927,0.8918740000000001,"Colchester, UK","Colchester, UK",,,
,,,SCLT0259,,Will County,72,VTCCB,Vermont Cannabis Control Board,Adult-Use,VT,,,,,"
Hornbeam Hill Farm LLC
",,,,,,,,,2023-08-13T15:34:53.223750,,,"Plainfield, IL, USA",41.632223,-88.2120315,"Plainfield, IL, USA","Plainfield, IL, USA",,,
,,,SCLT0261,,Orleans County,73,VTCCB,Vermont Cannabis Control Board,Adult-Use,VT,,,,,"
Bel Solas Farm LLC
",,,,,,,,,2023-08-13T15:34:53.223750,,,VT,44.8266615,-72.13480969999999,Brownington,USA,,,
,,,"
SCLT0264
",,District of Columbia,74,VTCCB,Vermont Cannabis Control Board,Adult-Use,VT,,,,,J2 Rules LLC,,,,,,,,,2023-08-13T15:34:53.223750,,,"Washington, DC, USA",38.9071923,-77.0368707,"Washington, DC, USA","Washington, DC, USA",,,
,,,SCLT0273,,Monroe County,75,VTCCB,Vermont Cannabis Control Board,Adult-Use,VT,,,,,"
Green Mountain High Growers
",,,,,,,,,2023-08-13T15:34:53.223750,,,"Pittsford, NY 14534, USA",43.0906186,-77.5149969,"Pittsford, NY 14534, USA","Pittsford, NY 14534, USA",,,
,,,SCLT0222,,Bennington County,76,VTCCB,Vermont Cannabis Control Board,Adult-Use,VT,,,,,"
510 Roots
",,,,,,,,,2023-08-13T15:34:53.223750,,,VT 05201,42.8781345,-73.1967741,Bennington,USA,,,
,,,"
SCLT0289
",,,77,VTCCB,Vermont Cannabis Control Board,Adult-Use,VT,,,,,"
Jellymumbler LLC
",,,,,,,,,2023-08-13T15:34:53.223750,,,,,,,,,,
,,,"
SCLT0290
",,Windham County,78,VTCCB,Vermont Cannabis Control Board,Adult-Use,VT,,,,,"
Black Mountain Magic LLC.
",,,,,,,,,2023-08-13T15:34:53.223750,,,VT 05301,42.8509152,-72.5578678,Brattleboro,USA,,,
,,,"
SCLT0293
",,Dorset,79,VTCCB,Vermont Cannabis Control Board,Adult-Use,VT,,,,,"
Bud's Buds LLC
",,,,,,,,,2023-08-13T15:34:53.223750,,,"Bridport DT6, UK",50.7335769,-2.758301,"Bridport DT6, UK","Bridport DT6, UK",,,
,,,"
SCLT0294
",,Fulton County,80,VTCCB,Vermont Cannabis Control Board,Adult-Use,VT,,,,,"
Happy Harvest Farm L.L.C
",,,,,,,,,2023-08-13T15:34:53.223750,,,"Swanton, OH 43558, USA",41.5886629,-83.89105339999999,"Swanton, OH 43558, USA","Swanton, OH 43558, USA",,,
,,,"
SCLT0295
",,,81,VTCCB,Vermont Cannabis Control Board,Adult-Use,VT,,,,,"
Rhize Cannabis Company, LLC
",,,,,,,,,2023-08-13T15:34:53.223750,,,"Fairfax, VA, USA",38.84622359999999,-77.30637329999999,"Fairfax, VA, USA","Fairfax, VA, USA",,,
,,,,,,82,VTCCB,Vermont Cannabis Control Board,Adult-Use,VT,,,,,,,,,,,,,,2023-08-13T15:34:53.223750,,,,,,,,,,
,,,"
CLTV0055
",,Chittenden County,83,VTCCB,Vermont Cannabis Control Board,Adult-Use,VT,,,,,"
Euphoria Cannabis Products LLC
",,,,,,,,,2023-08-13T15:34:53.223750,,,VT,44.5101525,-73.0834648,Essex,USA,,,
,,,"
CLTV0066
",,Will County,84,VTCCB,Vermont Cannabis Control Board,Adult-Use,VT,,,,,"
Grass Queen, Inc.
",,,,,,,,,2023-08-13T15:34:53.223750,,,"Plainfield, IL, USA",41.632223,-88.2120315,"Plainfield, IL, USA","Plainfield, IL, USA",,,
,,,"
CLTV0089
",,Addison County,85,VTCCB,Vermont Cannabis Control Board,Adult-Use,VT,,,,,"
Bern Living Organics, LLC; Bern Living Organics
",,,,,,,,,2023-08-13T15:34:53.223750,,,VT,44.2056098,-73.2462341,Ferrisburgh,USA,,,
,,,"
CLTV0095
",,Contra Costa County,86,VTCCB,Vermont Cannabis Control Board,Adult-Use,VT,,,,,"
NEK Gardens
",,,,,,,,,2023-08-13T15:34:53.223750,,,"Danville, CA, USA",37.8215929,-121.9999606,"Danville, CA, USA","Danville, CA, USA",,,
,,,"
CLTV0093
",,Windham County,87,VTCCB,Vermont Cannabis Control Board,Adult-Use,VT,,,,,"
Subterra Cannabis LLC
",,,,,,,,,2023-08-13T15:34:53.223750,,,VT 05301,42.8509152,-72.5578678,Brattleboro,USA,,,
,,,"
CLTV0102
",,Greater London,88,VTCCB,Vermont Cannabis Control Board,Adult-Use,VT,,,,,"
Rainbows End Cannabis  or Rainbows End Cannabis LLC
",,,,,,,,,2023-08-13T15:34:53.223750,,,"Westminster, London SW1, UK",51.4974948,-0.1356583,"Westminster, London SW1, UK","Westminster, London SW1, UK",,,
,,,"
CLTV0104
",,Rutland County,89,VTCCB,Vermont Cannabis Control Board,Adult-Use,VT,,,,,"
Giving Tree Cannabis LLC
",,,,,,,,,2023-08-13T15:34:53.223750,,,VT,43.3465552,-73.177286,Pawlet,USA,,,
,,,"
CLTV0083
",,Hertfordshire,90,VTCCB,Vermont Cannabis Control Board,Adult-Use,VT,,,,,"
Green Mountain Cannabis North
",,,,,,,,,2023-08-13T15:34:53.223750,,,"St Albans, UK",51.752725,-0.339436,"St Albans, UK","St Albans, UK",,,
,,,CLTV0109,,Cayuga County,91,VTCCB,Vermont Cannabis Control Board,Adult-Use,VT,,,,,"
The Flying Cactus
",,,,,,,,,2023-08-13T15:34:53.223750,,,"Fair Haven, NY 13156, USA",43.3164558,-76.7021747,"Fair Haven, NY 13156, USA","Fair Haven, NY 13156, USA",,,
,,,CLTV0234,,Hillsborough County,92,VTCCB,Vermont Cannabis Control Board,Adult-Use,VT,,,,,"
Seven Leaf Genetics
",,,,,,,,,2023-08-13T15:34:53.223750,,,"North Hyde Park, Tampa, FL, USA",27.9506018,-82.47884189999999,"North Hyde Park, Tampa, FL, USA","North Hyde Park, Tampa, FL, USA",,,
,,,CLTV0110,,Williams County,93,VTCCB,Vermont Cannabis Control Board,Adult-Use,VT,,,,,"
Gas Factory LLC, DBA Gas Factory
",,,,,,,,,2023-08-13T15:34:53.223750,,,"Williston, ND 58801, USA",48.1469683,-103.6179745,"Williston, ND 58801, USA","Williston, ND 58801, USA",,,
,,,CLTV0242,,Windham County,94,VTCCB,Vermont Cannabis Control Board,Adult-Use,VT,,,,,"
Tao Labs LTD CO
",,,,,,,,,2023-08-13T15:34:53.223750,,,VT 05301,42.8509152,-72.5578678,Brattleboro,USA,,,
,,,CLTV0246,,Monroe County,95,VTCCB,Vermont Cannabis Control Board,Adult-Use,VT,,,,,"
Apex Cannabis LLC
",,,,,,,,,2023-08-13T15:34:53.223750,,,"Pittsford, NY 14534, USA",43.0906186,-77.5149969,"Pittsford, NY 14534, USA","Pittsford, NY 14534, USA",,,
,,,"
CLTV0238
",,Grand Isle County,96,VTCCB,Vermont Cannabis Control Board,Adult-Use,VT,,,,,"
Emerald Visions, LLC
",,,,,,,,,2023-08-13T15:34:53.223750,,,VT 05440,44.9750541,-73.30022389999999,Alburgh,USA,,,
,,,,,,97,VTCCB,Vermont Cannabis Control Board,Adult-Use,VT,,,,,,,,,,,,,,2023-08-13T15:34:53.223750,,,,,,,,,,
,,,"
CLTV0022
",,Essex,98,VTCCB,Vermont Cannabis Control Board,Adult-Use,VT,,,,,"
Arcadia Cannabis Company LLC
",,,,,,,,,2023-08-13T15:34:53.223750,,,"Essex, UK",51.57424469999999,0.4856781,"Essex, UK","Essex, UK",,,
,,,"
CLTV0086
",,Addison County,99,VTCCB,Vermont Cannabis Control Board,Adult-Use,VT,,,,,"
Mr. Z Craft Cannabis Inc.
",,,,,,,,,2023-08-13T15:34:53.223750,,,VT 05753,44.0153371,-73.16734,Middlebury,USA,,,
,,,"
CLTV0068
",,Windham County,100,VTCCB,Vermont Cannabis Control Board,Adult-Use,VT,,,,,"
DEMETERS DG, LLC
",,,,,,,,,2023-08-13T15:34:53.223750,,,VT 05301,42.8509152,-72.5578678,Brattleboro,USA,,,
,,,"
CLTV0077
",,Norfolk County,101,VTCCB,Vermont Cannabis Control Board,Adult-Use,VT,,,,,"Pinnacle Valley Farms, LLC",,,,,,,,,2023-08-13T15:34:53.223750,,,"Randolph, MA 02368, USA",42.1619739,-71.042551,"Randolph, MA 02368, USA","Randolph, MA 02368, USA",,,
,,,"
CLTV0087
",,,102,VTCCB,Vermont Cannabis Control Board,Adult-Use,VT,,,,,"
ForbinsFinest,LLC
",,,,,,,,,2023-08-13T15:34:53.223750,,,,,,,,,,
,,,"
CLTV0090
",,Worcester County,103,VTCCB,Vermont Cannabis Control Board,Adult-Use,VT,,,,,"
The Clean Cannabis Company
",,,,,,,,,2023-08-13T15:34:53.223750,,,"Hardwick, MA, USA",42.3490548,-72.1986558,"Hardwick, MA, USA","Hardwick, MA, USA",,,
,,,CLTV0105,,Derby,104,VTCCB,Vermont Cannabis Control Board,Adult-Use,VT,,,,,Medi Leaf Farms LLC,,,,,,,,,2023-08-13T15:34:53.223750,,,"Derby, UK",52.9225301,-1.4746186,"Derby, UK","Derby, UK",,,
,,,,,,105,VTCCB,Vermont Cannabis Control Board,Adult-Use,VT,,,,,,,,,,,,,,2023-08-13T15:34:53.223750,,,,,,,,,,
,,,"
CLTV0067
",,Addison County,106,VTCCB,Vermont Cannabis Control Board,Adult-Use,VT,,,,,"
Satori Investment Partners VT LLC (d/b/a/ (1) Satori VT and (2) Northeast Processing)
",,,,,,,,,2023-08-13T15:34:53.223750,,,VT 05753,44.0153371,-73.16734,Middlebury,USA,,,
,,,"
SCLT0003
",,,107,VTCCB,Vermont Cannabis Control Board,Adult-Use,VT,,,,,Great Brook Homestead,,,,,,,,,2023-08-13T15:34:53.223750,,,,,,,,,,
,,,"
SCLT0048
",,,108,VTCCB,Vermont Cannabis Control Board,Adult-Use,VT,,,,,"Big Dipper Farm, LLC",,,,,,,,,2023-08-13T15:34:53.223750,,,,,,,,,,
,,,"
SCLT0031
",,,109,VTCCB,Vermont Cannabis Control Board,Adult-Use,VT,,,,,DBA Off Piste Farm,,,,,,,,,2023-08-13T15:34:53.223750,,,,,,,,,,
,,,"
SCLT0026
",,,110,VTCCB,Vermont Cannabis Control Board,Adult-Use,VT,,,,,DBA Kodiac's Treasure,,,,,,,,,2023-08-13T15:34:53.223750,,,,,,,,,,
,,,"
SCLT0024
",,,111,VTCCB,Vermont Cannabis Control Board,Adult-Use,VT,,,,,"Hella Gud, LLC",,,,,,,,,2023-08-13T15:34:53.223750,,,,,,,,,,
,,,"
SCLT0033
",,,112,VTCCB,Vermont Cannabis Control Board,Adult-Use,VT,,,,,Victory Gardens,,,,,,,,,2023-08-13T15:34:53.223750,,,,,,,,,,
,,,"
SCLT0012
",,,113,VTCCB,Vermont Cannabis Control Board,Adult-Use,VT,,,,,DBA Edward's,,,,,,,,,2023-08-13T15:34:53.223750,,,,,,,,,,
,,,"
SCLT0079
",,,114,VTCCB,Vermont Cannabis Control Board,Adult-Use,VT,,,,,Green Mountain Integrity,,,,,,,,,2023-08-13T15:34:53.223750,,,,,,,,,,
,,,"
SCLT0039
",,,115,VTCCB,Vermont Cannabis Control Board,Adult-Use,VT,,,,,Ripple Communications,,,,,,,,,2023-08-13T15:34:53.223750,,,,,,,,,,
,,,"
SCLT0034
",,,116,VTCCB,Vermont Cannabis Control Board,Adult-Use,VT,,,,,"Crystal Mountain, LLC",,,,,,,,,2023-08-13T15:34:53.223750,,,,,,,,,,
,,,"
SCLT0090
",,,117,VTCCB,Vermont Cannabis Control Board,Adult-Use,VT,,,,,High Horse WeedWerks LLC,,,,,,,,,2023-08-13T15:34:53.223750,,,,,,,,,,
,,,"
SCLT0132
",,,118,VTCCB,Vermont Cannabis Control Board,Adult-Use,VT,,,,,Snug Farm,,,,,,,,,2023-08-13T15:34:53.223750,,,,,,,,,,
,,,"
SCLT0084
",,,119,VTCCB,Vermont Cannabis Control Board,Adult-Use,VT,,,,,Split Acres Sungrown LLC,,,,,,,,,2023-08-13T15:34:53.223750,,,,,,,,,,
,,,"
SCLT0021
",,,120,VTCCB,Vermont Cannabis Control Board,Adult-Use,VT,,,,,Lost Lake Cannabis LLC,,,,,,,,,2023-08-13T15:34:53.223750,,,,,,,,,,
,,,"
SCLT0035
",,,121,VTCCB,Vermont Cannabis Control Board,Adult-Use,VT,,,,,Moon Waters Farm of Vermont LLC,,,,,,,,,2023-08-13T15:34:53.223750,,,,,,,,,,
,,,"
SCLT0060
",,,122,VTCCB,Vermont Cannabis Control Board,Adult-Use,VT,,,,,Peregrine Farm LLC,,,,,,,,,2023-08-13T15:34:53.223750,,,,,,,,,,
,,,"
SCLT0045
",,,123,VTCCB,Vermont Cannabis Control Board,Adult-Use,VT,,,,,"Bizzee Beez Organics, LLC",,,,,,,,,2023-08-13T15:34:53.223750,,,,,,,,,,
,,,"
SCLT0133
",,,124,VTCCB,Vermont Cannabis Control Board,Adult-Use,VT,,,,,"Kanna, LLC",,,,,,,,,2023-08-13T15:34:53.223750,,,,,,,,,,
,,,"
SCLT0041
",,,125,VTCCB,Vermont Cannabis Control Board,Adult-Use,VT,,,,,Banting Farm Buds LLC,,,,,,,,,2023-08-13T15:34:53.223750,,,,,,,,,,
,,,"
SCLT0027
",,,126,VTCCB,Vermont Cannabis Control Board,Adult-Use,VT,,,,,"Roaring Branch Farm, LLC",,,,,,,,,2023-08-13T15:34:53.223750,,,,,,,,,,
,,,"
SCLT0037
",,,127,VTCCB,Vermont Cannabis Control Board,Adult-Use,VT,,,,,"High Mountain Homegrown, LLC",,,,,,,,,2023-08-13T15:34:53.223750,,,,,,,,,,
,,,"
SCLT0070
",,,128,VTCCB,Vermont Cannabis Control Board,Adult-Use,VT,,,,,"Birch Haven Farm, LLC",,,,,,,,,2023-08-13T15:34:53.223750,,,,,,,,,,
,,,"
SCLT0030
",,,129,VTCCB,Vermont Cannabis Control Board,Adult-Use,VT,,,,,"Purple Lark Farm, LLC (legal name) and Motherflower (brand name)",,,,,,,,,2023-08-13T15:34:53.223750,,,,,,,,,,
,,,"
SCLT0069
",,,130,VTCCB,Vermont Cannabis Control Board,Adult-Use,VT,,,,,"Rising Sun Sensi, LLC",,,,,,,,,2023-08-13T15:34:53.223750,,,,,,,,,,
,,,"
SCLT0042
",,,131,VTCCB,Vermont Cannabis Control Board,Adult-Use,VT,,,,,"7enith Farm, LLC",,,,,,,,,2023-08-13T15:34:53.223750,,,,,,,,,,
,,,"
SCLT0057
",,,132,VTCCB,Vermont Cannabis Control Board,Adult-Use,VT,,,,,"OK Organix, LLC",,,,,,,,,2023-08-13T15:34:53.223750,,,,,,,,,,
,,,"
SCLT0075
",,,133,VTCCB,Vermont Cannabis Control Board,Adult-Use,VT,,,,,"Cloudy Day Farm, LLC",,,,,,,,,2023-08-13T15:34:53.223750,,,,,,,,,,
,,,"
SCLT0065
",,,134,VTCCB,Vermont Cannabis Control Board,Adult-Use,VT,,,,,"Lovely Cannabis, LLC",,,,,,,,,2023-08-13T15:34:53.223750,,,,,,,,,,
,,,"
SCLT0058
",,,135,VTCCB,Vermont Cannabis Control Board,Adult-Use,VT,,,,,Cleary Farm Cannabis LLC,,,,,,,,,2023-08-13T15:34:53.223750,,,,,,,,,,
,,,"
SCLT0076
",,,136,VTCCB,Vermont Cannabis Control Board,Adult-Use,VT,,,,,Life Arises Farm LLC,,,,,,,,,2023-08-13T15:34:53.223750,,,,,,,,,,
,,,"
SCLT0046
",,,137,VTCCB,Vermont Cannabis Control Board,Adult-Use,VT,,,,,Bud Bird Farm,,,,,,,,,2023-08-13T15:34:53.223750,,,,,,,,,,
,,,"
SCLT0100
",,,138,VTCCB,Vermont Cannabis Control Board,Adult-Use,VT,,,,,Highly Rooted,,,,,,,,,2023-08-13T15:34:53.223750,,,,,,,,,,
,,,"
SCLT0043
",,,139,VTCCB,Vermont Cannabis Control Board,Adult-Use,VT,,,,,Brookfield Buds LLC,,,,,,,,,2023-08-13T15:34:53.223750,,,,,,,,,,
,,,"
SCLT0055
",,,140,VTCCB,Vermont Cannabis Control Board,Adult-Use,VT,,,,,TrichomeVT,,,,,,,,,2023-08-13T15:34:53.223750,,,,,,,,,,
,,,"
SCLT0129
",,,141,VTCCB,Vermont Cannabis Control Board,Adult-Use,VT,,,,,Vermont LTC Grow,,,,,,,,,2023-08-13T15:34:53.223750,,,,,,,,,,
,,,"
SCLT0091
",,,142,VTCCB,Vermont Cannabis Control Board,Adult-Use,VT,,,,,Peanut's Garden LLC,,,,,,,,,2023-08-13T15:34:53.223750,,,,,,,,,,
,,,"
SCLT0059
",,,143,VTCCB,Vermont Cannabis Control Board,Adult-Use,VT,,,,,Encore Herbals LLC,,,,,,,,,2023-08-13T15:34:53.223750,,,,,,,,,,
,,,"
SCLT0052
",,,144,VTCCB,Vermont Cannabis Control Board,Adult-Use,VT,,,,,El Pasic Farm,,,,,,,,,2023-08-13T15:34:53.223750,,,,,,,,,,
,,,"
SCLT0053
",,,145,VTCCB,Vermont Cannabis Control Board,Adult-Use,VT,,,,,"Backwoods Cultivation, Backwoods Farm",,,,,,,,,2023-08-13T15:34:53.223750,,,,,,,,,,
,,,"
SCLT0094
",,,146,VTCCB,Vermont Cannabis Control Board,Adult-Use,VT,,,,,"Sun Road Farms LLC, Sun Road Farms",,,,,,,,,2023-08-13T15:34:53.223750,,,,,,,,,,
,,,"
SCLT0082
",,,147,VTCCB,Vermont Cannabis Control Board,Adult-Use,VT,,,,,High Noon Cultivators LLC,,,,,,,,,2023-08-13T15:34:53.223750,,,,,,,,,,
,,,"
SCLT0066
",,,148,VTCCB,Vermont Cannabis Control Board,Adult-Use,VT,,,,,Montwood Hollow LLC,,,,,,,,,2023-08-13T15:34:53.223750,,,,,,,,,,
,,,"
SCLT0047
",,,149,VTCCB,Vermont Cannabis Control Board,Adult-Use,VT,,,,,Last Minute Farm LLC,,,,,,,,,2023-08-13T15:34:53.223750,,,,,,,,,,
,,,"
SCLT0040
",,,150,VTCCB,Vermont Cannabis Control Board,Adult-Use,VT,,,,,Big Budz LLC,,,,,,,,,2023-08-13T15:34:53.223750,,,,,,,,,,
,,,"
SCLT0178
",,,151,VTCCB,Vermont Cannabis Control Board,Adult-Use,VT,,,,,Cannamentals,,,,,,,,,2023-08-13T15:34:53.223750,,,,,,,,,,
,,,"
SCLT0095
",,,152,VTCCB,Vermont Cannabis Control Board,Adult-Use,VT,,,,,Teatime Herbal Company LLC,,,,,,,,,2023-08-13T15:34:53.223750,,,,,,,,,,
,,,"
SCLT0092
",,,153,VTCCB,Vermont Cannabis Control Board,Adult-Use,VT,,,,,Green of Green Farms LLC,,,,,,,,,2023-08-13T15:34:53.223750,,,,,,,,,,
,,,"
SCLT0114
",,,154,VTCCB,Vermont Cannabis Control Board,Adult-Use,VT,,,,,45 North Nurseries,,,,,,,,,2023-08-13T15:34:53.223750,,,,,,,,,,
,,,"
SCLT0083
",,,155,VTCCB,Vermont Cannabis Control Board,Adult-Use,VT,,,,,Hidden Leaf Homestead,,,,,,,,,2023-08-13T15:34:53.223750,,,,,,,,,,
,,,"
SCLT0157
",,,156,VTCCB,Vermont Cannabis Control Board,Adult-Use,VT,,,,,Kendawg's Kingdom Cannabis,,,,,,,,,2023-08-13T15:34:53.223750,,,,,,,,,,
,,,"
SCLT0101
",,,157,VTCCB,Vermont Cannabis Control Board,Adult-Use,VT,,,,,One Love Cannabis Collective LLC,,,,,,,,,2023-08-13T15:34:53.223750,,,,,,,,,,
,,,"
SCLT0074
",,,158,VTCCB,Vermont Cannabis Control Board,Adult-Use,VT,,,,,Meadow Creek Farm LLC,,,,,,,,,2023-08-13T15:34:53.223750,,,,,,,,,,
,,,"
SCLT0159
",,,159,VTCCB,Vermont Cannabis Control Board,Adult-Use,VT,,,,,Three Barn Farm Cannabis,,,,,,,,,2023-08-13T15:34:53.223750,,,,,,,,,,
,,,"
SCLT0081
",,,160,VTCCB,Vermont Cannabis Control Board,Adult-Use,VT,,,,,Goat Ridge Cannabis LLC,,,,,,,,,2023-08-13T15:34:53.223750,,,,,,,,,,
,,,"
SCLT0177
",,,161,VTCCB,Vermont Cannabis Control Board,Adult-Use,VT,,,,,Burning Bush Farm,,,,,,,,,2023-08-13T15:34:53.223750,,,,,,,,,,
,,,"
SCLT0099
",,,162,VTCCB,Vermont Cannabis Control Board,Adult-Use,VT,,,,,Fox and Hen Farms,,,,,,,,,2023-08-13T15:34:53.223750,,,,,,,,,,
,,,"
SCLT0164
",,,163,VTCCB,Vermont Cannabis Control Board,Adult-Use,VT,,,,,Moonlit Gardens,,,,,,,,,2023-08-13T15:34:53.223750,,,,,,,,,,
,,,"
SCLT0115
",,,164,VTCCB,Vermont Cannabis Control Board,Adult-Use,VT,,,,,Vermont Green Buds LLC,,,,,,,,,2023-08-13T15:34:53.223750,,,,,,,,,,
,,,"
SCLT0067
",,,165,VTCCB,Vermont Cannabis Control Board,Adult-Use,VT,,,,,Green Mountain Gold Farm,,,,,,,,,2023-08-13T15:34:53.223750,,,,,,,,,,
,,,"
SCLT0150
",,,166,VTCCB,Vermont Cannabis Control Board,Adult-Use,VT,,,,,Lovespun Farmstead LLC,,,,,,,,,2023-08-13T15:34:53.223750,,,,,,,,,,
,,,"
SCLT0117
",,,167,VTCCB,Vermont Cannabis Control Board,Adult-Use,VT,,,,,Brigham Hill Cultivation LLC,,,,,,,,,2023-08-13T15:34:53.223750,,,,,,,,,,
,,,"
SCLT0125
",,,168,VTCCB,Vermont Cannabis Control Board,Adult-Use,VT,,,,,Cannabot Farms,,,,,,,,,2023-08-13T15:34:53.223750,,,,,,,,,,
,,,"
SCLT0140
",,,169,VTCCB,Vermont Cannabis Control Board,Adult-Use,VT,,,,,Far Away Farm LLC,,,,,,,,,2023-08-13T15:34:53.223750,,,,,,,,,,
,,,"
SCLT0122
",,,170,VTCCB,Vermont Cannabis Control Board,Adult-Use,VT,,,,,Double Black Grow Company,,,,,,,,,2023-08-13T15:34:53.223750,,,,,,,,,,
,,,"
SCLT0154
",,,171,VTCCB,Vermont Cannabis Control Board,Adult-Use,VT,,,,,American Beauty,,,,,,,,,2023-08-13T15:34:53.223750,,,,,,,,,,
,,,"
SCLT0139
",,,172,VTCCB,Vermont Cannabis Control Board,Adult-Use,VT,,,,,Horseshoe Farms LLC,,,,,,,,,2023-08-13T15:34:53.223750,,,,,,,,,,
,,,"
SCLT0206
",,,173,VTCCB,Vermont Cannabis Control Board,Adult-Use,VT,,,,,Casa Guarne Farms LLC,,,,,,,,,2023-08-13T15:34:53.223750,,,,,,,,,,
,,,"
SCLT0144
",,,174,VTCCB,Vermont Cannabis Control Board,Adult-Use,VT,,,,,Vermont New Heirloom Genetics LLC,,,,,,,,,2023-08-13T15:34:53.223750,,,,,,,,,,
,,,"
SCLT0167
",,,175,VTCCB,Vermont Cannabis Control Board,Adult-Use,VT,,,,,"Tilia Hills, Tilia Hills Farm, Tilia Hills LLC",,,,,,,,,2023-08-13T15:34:53.223750,,,,,,,,,,
,,,"
SCLT0123
",,,176,VTCCB,Vermont Cannabis Control Board,Adult-Use,VT,,,,,"Red Clover Canopies, Inc.",,,,,,,,,2023-08-13T15:34:53.223750,,,,,,,,,,
,,,"
SCLT0148
",,,177,VTCCB,Vermont Cannabis Control Board,Adult-Use,VT,,,,,Cremation Solutions LLC DBA Vermont Pot,,,,,,,,,2023-08-13T15:34:53.223750,,,,,,,,,,
,,,"
SCLT0165
",,,178,VTCCB,Vermont Cannabis Control Board,Adult-Use,VT,,,,,"OnlyinVT LLC, OnlyinVT, Only in VT",,,,,,,,,2023-08-13T15:34:53.223750,,,,,,,,,,
,,,"
SCLT0190
",,,179,VTCCB,Vermont Cannabis Control Board,Adult-Use,VT,,,,,Taconic Chronic LLC,,,,,,,,,2023-08-13T15:34:53.223750,,,,,,,,,,
,,,"
SCLT0179
",,,180,VTCCB,Vermont Cannabis Control Board,Adult-Use,VT,,,,,Mountain Grown Hemp LLC,,,,,,,,,2023-08-13T15:34:53.223750,,,,,,,,,,
,,,"
SCLT0197
",,,181,VTCCB,Vermont Cannabis Control Board,Adult-Use,VT,,,,,Blue Anchor Enterprise,,,,,,,,,2023-08-13T15:34:53.223750,,,,,,,,,,
,,,"
SCLT0215
",,,182,VTCCB,Vermont Cannabis Control Board,Adult-Use,VT,,,,,"River Valley Group, Inc Product Brand: Paradise Farms",,,,,,,,,2023-08-13T15:34:53.223750,,,,,,,,,,
,,,"
SCLT0221
",,,183,VTCCB,Vermont Cannabis Control Board,Adult-Use,VT,,,,,Hero Cannabis LLC,,,,,,,,,2023-08-13T15:34:53.223750,,,,,,,,,,
,,,SCLT0226,,,184,VTCCB,Vermont Cannabis Control Board,Adult-Use,VT,,,,,Fine Bud Farms,,,,,,,,,2023-08-13T15:34:53.223750,,,,,,,,,,
,,,SCLT0238,,,185,VTCCB,Vermont Cannabis Control Board,Adult-Use,VT,,,,,"
Midsomer Green LLC
",,,,,,,,,2023-08-13T15:34:53.223750,,,,,,,,,,
,,,SCLT0228,,,186,VTCCB,Vermont Cannabis Control Board,Adult-Use,VT,,,,,"
Central Piedmont Cannabis Co. Ltd.
",,,,,,,,,2023-08-13T15:34:53.223750,,,,,,,,,,
,,,SCLT0234,,,187,VTCCB,Vermont Cannabis Control Board,Adult-Use,VT,,,,,"
Green Mountain Sativa, LLC
",,,,,,,,,2023-08-13T15:34:53.223750,,,,,,,,,,
,,,SCLT0232,,,188,VTCCB,Vermont Cannabis Control Board,Adult-Use,VT,,,,,"
Norsemen CBD LLC
",,,,,,,,,2023-08-13T15:34:53.223750,,,,,,,,,,
,,,SCLT0240,,,189,VTCCB,Vermont Cannabis Control Board,Adult-Use,VT,,,,,"
Earthbound Genetics LLC
",,,,,,,,,2023-08-13T15:34:53.223750,,,,,,,,,,
,,,SCLT0248,,,190,VTCCB,Vermont Cannabis Control Board,Adult-Use,VT,,,,,"
Paradise Shire
",,,,,,,,,2023-08-13T15:34:53.223750,,,,,,,,,,
,,,SCLT0247,,,191,VTCCB,Vermont Cannabis Control Board,Adult-Use,VT,,,,,"
Windy Hill Farm
",,,,,,,,,2023-08-13T15:34:53.223750,,,,,,,,,,
,,,SCLT0254,,,192,VTCCB,Vermont Cannabis Control Board,Adult-Use,VT,,,,,"
Return To Our Roots Farm
",,,,,,,,,2023-08-13T15:34:53.223750,,,,,,,,,,
,,,SCLT0253,,,193,VTCCB,Vermont Cannabis Control Board,Adult-Use,VT,,,,,"
Green Flash LLC
",,,,,,,,,2023-08-13T15:34:53.223750,,,,,,,,,,
,,,SCLT0252,,,194,VTCCB,Vermont Cannabis Control Board,Adult-Use,VT,,,,,"
Starksboro Sativa & Seed Company
",,,,,,,,,2023-08-13T15:34:53.223750,,,,,,,,,,
,,,SCLT0249,,,195,VTCCB,Vermont Cannabis Control Board,Adult-Use,VT,,,,,"
Coach Grown Farms LLC
",,,,,,,,,2023-08-13T15:34:53.223750,,,,,,,,,,
,,,SCLT0255,,,196,VTCCB,Vermont Cannabis Control Board,Adult-Use,VT,,,,,"
420 Craft Cannabis
",,,,,,,,,2023-08-13T15:34:53.223750,,,,,,,,,,
,,,SCLT0258,,,197,VTCCB,Vermont Cannabis Control Board,Adult-Use,VT,,,,,"
Sweet Leaf Farm LLC
",,,,,,,,,2023-08-13T15:34:53.223750,,,,,,,,,,
,,,SCLT0260,,,198,VTCCB,Vermont Cannabis Control Board,Adult-Use,VT,,,,,Cabbage Collective,,,,,,,,,2023-08-13T15:34:53.223750,,,,,,,,,,
,,,SCLT0263,,,199,VTCCB,Vermont Cannabis Control Board,Adult-Use,VT,,,,,"
Pine Blue LLC
",,,,,,,,,2023-08-13T15:34:53.223750,,,,,,,,,,
,,,SCLT0265,,,200,VTCCB,Vermont Cannabis Control Board,Adult-Use,VT,,,,,"
Green Acres Vermont Cannabis
",,,,,,,,,2023-08-13T15:34:53.223750,,,,,,,,,,
,,,SCLT0266,,,201,VTCCB,Vermont Cannabis Control Board,Adult-Use,VT,,,,,"
Sungrows LLC
",,,,,,,,,2023-08-13T15:34:53.223750,,,,,,,,,,
,,,SCLT0270,,,202,VTCCB,Vermont Cannabis Control Board,Adult-Use,VT,,,,,"
Northern Slopes LLC DBA Samsara Farms
",,,,,,,,,2023-08-13T15:34:53.223750,,,,,,,,,,
,,,SCLT0268,,,203,VTCCB,Vermont Cannabis Control Board,Adult-Use,VT,,,,,"
Pine Crest Healing LLC
",,,,,,,,,2023-08-13T15:34:53.223750,,,,,,,,,,
,,,SCLT0274,,,204,VTCCB,Vermont Cannabis Control Board,Adult-Use,VT,,,,,"
GPC LLC
",,,,,,,,,2023-08-13T15:34:53.223750,,,,,,,,,,
,,,SCLT0276,,,205,VTCCB,Vermont Cannabis Control Board,Adult-Use,VT,,,,,"
Legacy 14 LLC
",,,,,,,,,2023-08-13T15:34:53.223750,,,,,,,,,,
,,,"
SCLT0282
",,,206,VTCCB,Vermont Cannabis Control Board,Adult-Use,VT,,,,,"
Uprising LLC
",,,,,,,,,2023-08-13T15:34:53.223750,,,,,,,,,,
,,,"
SCLT0296
",,,207,VTCCB,Vermont Cannabis Control Board,Adult-Use,VT,,,,,"
Mountain Man Weed Co., LLC.
",,,,,,,,,2023-08-13T15:34:53.223750,,,,,,,,,,
,,,"
SCLT0287
",,,208,VTCCB,Vermont Cannabis Control Board,Adult-Use,VT,,,,,"
Prospect Farm
",,,,,,,,,2023-08-13T15:34:53.223750,,,,,,,,,,
,,,"
SCLT0279
",,,209,VTCCB,Vermont Cannabis Control Board,Adult-Use,VT,,,,,"
Octogenarian Enterprises LLC d/b/a/ Addison Pure
",,,,,,,,,2023-08-13T15:34:53.223750,,,,,,,,,,
,,,"
SCLT0280
",,,210,VTCCB,Vermont Cannabis Control Board,Adult-Use,VT,,,,,"
Guy's Greens, LLC
",,,,,,,,,2023-08-13T15:34:53.223750,,,,,,,,,,
,,,"
SCLT0278
",,,211,VTCCB,Vermont Cannabis Control Board,Adult-Use,VT,,,,,"
Cloud Watch LLC
",,,,,,,,,2023-08-13T15:34:53.223750,,,,,,,,,,
,,,"
CLTV0257
",,,212,VTCCB,Vermont Cannabis Control Board,Adult-Use,VT,,,,,"
Little River Farms
",,,,,,,,,2023-08-13T15:34:53.223750,,,,,,,,,,
,,,"
CLTV0256
",,,213,VTCCB,Vermont Cannabis Control Board,Adult-Use,VT,,,,,"
River Ridge Cannabis LLC
",,,,,,,,,2023-08-13T15:34:53.223750,,,,,,,,,,
,,,"
CLTV0252
",,,214,VTCCB,Vermont Cannabis Control Board,Adult-Use,VT,,,,,"
Pilin’ It Higher Farms LLC
",,,,,,,,,2023-08-13T15:34:53.223750,,,,,,,,,,
,,,"
CLTV0249
",,,215,VTCCB,Vermont Cannabis Control Board,Adult-Use,VT,,,,,"
Treetop Alliance
",,,,,,,,,2023-08-13T15:34:53.223750,,,,,,,,,,
,,,"
CLTV0254
",,,216,VTCCB,Vermont Cannabis Control Board,Adult-Use,VT,,,,,"
Urban Herbn, LLC d.b.a. The House Of Doja
",,,,,,,,,2023-08-13T15:34:53.223750,,,,,,,,,,
,,,"
SCLT0322
",,,217,VTCCB,Vermont Cannabis Control Board,Adult-Use,VT,,,,,"
Bageecha LLC
",,,,,,,,,2023-08-13T15:34:53.223750,,,,,,,,,,
,,,"
SCLT0321
",,,218,VTCCB,Vermont Cannabis Control Board,Adult-Use,VT,,,,,"
DERIKAVE LLC, Maximum Budz
",,,,,,,,,2023-08-13T15:34:53.223750,,,,,,,,,,
,,,"
SCLT0315
",,,219,VTCCB,Vermont Cannabis Control Board,Adult-Use,VT,,,,,"
Friendly Farmers
",,,,,,,,,2023-08-13T15:34:53.223750,,,,,,,,,,
,,,"
SCLT0317
",,,220,VTCCB,Vermont Cannabis Control Board,Adult-Use,VT,,,,,"
Funk’s Farmin’ LLC
",,,,,,,,,2023-08-13T15:34:53.223750,,,,,,,,,,
,,,"
SCLT0318
",,,221,VTCCB,Vermont Cannabis Control Board,Adult-Use,VT,,,,,"
Cosmic Crystals LLC
",,,,,,,,,2023-08-13T15:34:53.223750,,,,,,,,,,
,,,"
SCLT0319
",,,222,VTCCB,Vermont Cannabis Control Board,Adult-Use,VT,,,,,"
Vermont Greenery LLC
",,,,,,,,,2023-08-13T15:34:53.223750,,,,,,,,,,
,,,"
SCLT0306
",,,223,VTCCB,Vermont Cannabis Control Board,Adult-Use,VT,,,,,"
Elderberry Hill Farm LLC
",,,,,,,,,2023-08-13T15:34:53.223750,,,,,,,,,,
,,,"
SCLT0301
",,,224,VTCCB,Vermont Cannabis Control Board,Adult-Use,VT,,,,,"
Fraser Farm Co LLC
",,,,,,,,,2023-08-13T15:34:53.223750,,,,,,,,,,
,,,"
SCLT0303
",,,225,VTCCB,Vermont Cannabis Control Board,Adult-Use,VT,,,,,"
Santiago & Dunbar LLC
",,,,,,,,,2023-08-13T15:34:53.223750,,,,,,,,,,
,,,"
SCLT0299
",,,226,VTCCB,Vermont Cannabis Control Board,Adult-Use,VT,,,,,"
Warm Green LLC
",,,,,,,,,2023-08-13T15:34:53.223750,,,,,,,,,,
,,,"
SCLT0298
",,,227,VTCCB,Vermont Cannabis Control Board,Adult-Use,VT,,,,,"
Grow7West, LLC
",,,,,,,,,2023-08-13T15:34:53.223750,,,,,,,,,,
,,,,,,228,VTCCB,Vermont Cannabis Control Board,Adult-Use,VT,,,,,,,,,,,,,,2023-08-13T15:34:53.223750,,,,,,,,,,
,,,"
CLTV0052
",,,229,VTCCB,Vermont Cannabis Control Board,Adult-Use,VT,,,,,"
Fern's Farm
",,,,,,,,,2023-08-13T15:34:53.223750,,,,,,,,,,
,,,"
CLTV0054
",,,230,VTCCB,Vermont Cannabis Control Board,Adult-Use,VT,,,,,"
Sweet Lou's Farm LLC
",,,,,,,,,2023-08-13T15:34:53.223750,,,,,,,,,,
,,,"
CLTV0056
",,,231,VTCCB,Vermont Cannabis Control Board,Adult-Use,VT,,,,,"
The Cannabis Collective, LLC; The Cannabis Collective
",,,,,,,,,2023-08-13T15:34:53.223750,,,,,,,,,,
,,,"
CLTV0060
",,,232,VTCCB,Vermont Cannabis Control Board,Adult-Use,VT,,,,,"
Frank Farm LLC
",,,,,,,,,2023-08-13T15:34:53.223750,,,,,,,,,,
,,,"
CLTV0063
",,,233,VTCCB,Vermont Cannabis Control Board,Adult-Use,VT,,,,,"
Simpson Brook Farm LLC
",,,,,,,,,2023-08-13T15:34:53.223750,,,,,,,,,,
,,,"
CLTV0074
",,,234,VTCCB,Vermont Cannabis Control Board,Adult-Use,VT,,,,,"
Old School Weed Company
",,,,,,,,,2023-08-13T15:34:53.223750,,,,,,,,,,
,,,"
CLTV0075
",,,235,VTCCB,Vermont Cannabis Control Board,Adult-Use,VT,,,,,"
Wiseacre LLC
",,,,,,,,,2023-08-13T15:34:53.223750,,,,,,,,,,
,,,"
CLTV0078
",,,236,VTCCB,Vermont Cannabis Control Board,Adult-Use,VT,,,,,"
First Light Flowers
",,,,,,,,,2023-08-13T15:34:53.223750,,,,,,,,,,
,,,"
CLTV0084
",,,237,VTCCB,Vermont Cannabis Control Board,Adult-Use,VT,,,,,"
Arden’s Gardens
",,,,,,,,,2023-08-13T15:34:53.223750,,,,,,,,,,
,,,"
CLTV0085
",,,238,VTCCB,Vermont Cannabis Control Board,Adult-Use,VT,,,,,"
Green Mountain Cannabis Cultivators LLC
",,,,,,,,,2023-08-13T15:34:53.223750,,,,,,,,,,
,,,"
CLTV0096
",,,239,VTCCB,Vermont Cannabis Control Board,Adult-Use,VT,,,,,"
Laughing Woods Farm
",,,,,,,,,2023-08-13T15:34:53.223750,,,,,,,,,,
,,,"
CLTV0103
",,,240,VTCCB,Vermont Cannabis Control Board,Adult-Use,VT,,,,,"
Birdseye Botanicals
",,,,,,,,,2023-08-13T15:34:53.223750,,,,,,,,,,
,,,"
CLTV0097
",,,241,VTCCB,Vermont Cannabis Control Board,Adult-Use,VT,,,,,"
Bordertown Apothecary
",,,,,,,,,2023-08-13T15:34:53.223750,,,,,,,,,,
,,,"
CLTV0106
",,,242,VTCCB,Vermont Cannabis Control Board,Adult-Use,VT,,,,,Vermontijuana,,,,,,,,,2023-08-13T15:34:53.223750,,,,,,,,,,
,,,"
CLTV0292
",,,243,VTCCB,Vermont Cannabis Control Board,Adult-Use,VT,,,,,"
Ridgetop Farm, LLC
",,,,,,,,,2023-08-13T15:34:53.223750,,,,,,,,,,
,,,"
CLTV0290
",,,244,VTCCB,Vermont Cannabis Control Board,Adult-Use,VT,,,,,"
Roots Madder
",,,,,,,,,2023-08-13T15:34:53.223750,,,,,,,,,,
,,,"
CLTV0262
",,,245,VTCCB,Vermont Cannabis Control Board,Adult-Use,VT,,,,,"
Meadow Lark Farm
",,,,,,,,,2023-08-13T15:34:53.223750,,,,,,,,,,
,,,"
CLTV0264
",,,246,VTCCB,Vermont Cannabis Control Board,Adult-Use,VT,,,,,"
MG Enterprises, LLC
",,,,,,,,,2023-08-13T15:34:53.223750,,,,,,,,,,
,,,"
CLTV0239
",,,247,VTCCB,Vermont Cannabis Control Board,Adult-Use,VT,,,,,"
Superkind Farms LLC
",,,,,,,,,2023-08-13T15:34:53.223750,,,,,,,,,,
,,,"
CLTV0260
",,,248,VTCCB,Vermont Cannabis Control Board,Adult-Use,VT,,,,,"
Bud Butter
",,,,,,,,,2023-08-13T15:34:53.223750,,,,,,,,,,
,,,"
CLTV0259
",,,249,VTCCB,Vermont Cannabis Control Board,Adult-Use,VT,,,,,"
Next Level Mountain Gardens, LLC
",,,,,,,,,2023-08-13T15:34:53.223750,,,,,,,,,,
,,,"
CLTV0235
",,,250,VTCCB,Vermont Cannabis Control Board,Adult-Use,VT,,,,,"
Birdland LLC, Birdland
",,,,,,,,,2023-08-13T15:34:53.223750,,,,,,,,,,
,,,,,,251,VTCCB,Vermont Cannabis Control Board,Adult-Use,VT,,,,,,,,,,,,,,2023-08-13T15:34:53.223750,,,,,,,,,,
,,,"
CLTV0059
",,,252,VTCCB,Vermont Cannabis Control Board,Adult-Use,VT,,,,,Maple Buckets LLC,,,,,,,,,2023-08-13T15:34:53.223750,,,,,,,,,,
,,,"
CLTV0064
",,,253,VTCCB,Vermont Cannabis Control Board,Adult-Use,VT,,,,,Boreas Ventures LLC,,,,,,,,,2023-08-13T15:34:53.223750,,,,,,,,,,
,,,"
CLTV0098
",,,254,VTCCB,Vermont Cannabis Control Board,Adult-Use,VT,,,,,"
Quintessential Botanicals LLC
",,,,,,,,,2023-08-13T15:34:53.223750,,,,,,,,,,
,,,CLTV0233,,,255,VTCCB,Vermont Cannabis Control Board,Adult-Use,VT,,,,,"
Great Hill Growers LLC
",,,,,,,,,2023-08-13T15:34:53.223750,,,,,,,,,,
,,,"
CLTV0243
",,,256,VTCCB,Vermont Cannabis Control Board,Adult-Use,VT,,,,,Smoke Em If You Got Em LLC DBA SMUGE DBA Rolling J's Farm,,,,,,,,,2023-08-13T15:34:53.223750,,,,,,,,,,
,,,CLTV0248,,,257,VTCCB,Vermont Cannabis Control Board,Adult-Use,VT,,,,,"
Cola Crafting Farms LLC
",,,,,,,,,2023-08-13T15:34:53.223750,,,,,,,,,,
,,,"
CLTV0058
",,,258,VTCCB,Vermont Cannabis Control Board,Adult-Use,VT,,,,,"
Old Growth Organics LLC
",,,,,,,,,2023-08-13T15:34:53.223750,,,,,,,,,,
,,,"
CLTV0250
",,,259,VTCCB,Vermont Cannabis Control Board,Adult-Use,VT,,,,,"
Full Circle Farm LLC
",,,,,,,,,2023-08-13T15:34:53.223750,,,,,,,,,,
,,,"
CLTV0261
",,,260,VTCCB,Vermont Cannabis Control Board,Adult-Use,VT,,,,,"
Shindig & G's Craft Cannabis LLC
",,,,,,,,,2023-08-13T15:34:53.223750,,,,,,,,,,
,,,,,,261,VTCCB,Vermont Cannabis Control Board,Adult-Use,VT,,,,,,,,,,,,,,2023-08-13T15:34:53.223750,,,,,,,,,,
,,,"
CLTV0070
",,,262,VTCCB,Vermont Cannabis Control Board,Adult-Use,VT,,,,,"
Jeezum Crow Bud Company LLC
",,,,,,,,,2023-08-13T15:34:53.223750,,,,,,,,,,
,,,"
CLTV0071
",,,263,VTCCB,Vermont Cannabis Control Board,Adult-Use,VT,,,,,"
Lucky Leaf LLC
",,,,,,,,,2023-08-13T15:34:53.223750,,,,,,,,,,
,,,"
CLTV0072
",,,264,VTCCB,Vermont Cannabis Control Board,Adult-Use,VT,,,,,"
Sweet Rhapsody LLC DBA Skunk Hollow Cannabis
",,,,,,,,,2023-08-13T15:34:53.223750,,,,,,,,,,
,,,"
CLTV0263
",,,265,VTCCB,Vermont Cannabis Control Board,Adult-Use,VT,,,,,"
Ritual Cannabis LLC
",,,,,,,,,2023-08-13T15:34:53.223750,,,,,,,,,,
,,,,,,266,VTCCB,Vermont Cannabis Control Board,Adult-Use,VT,,,,,,,,,,,,,,2023-08-13T15:34:53.223750,,,,,,,,,,
,,,"
CLTV0032
",,,267,VTCCB,Vermont Cannabis Control Board,Adult-Use,VT,,,,,"
Green Mountain Ganja Guys LLC
",,,,,,,,,2023-08-13T15:34:53.223750,,,,,,,,,,
,,,"
CLTV0061
",,,268,VTCCB,Vermont Cannabis Control Board,Adult-Use,VT,,,,,"
Flower First, LLC
",,,,,,,,,2023-08-13T15:34:53.223750,,,,,,,,,,
,,,"
CLTV0065
",,,269,VTCCB,Vermont Cannabis Control Board,Adult-Use,VT,,,,,Mend Botanical,,,,,,,,,2023-08-13T15:34:53.223750,,,,,,,,,,
,,,CLTV0245,,,270,VTCCB,Vermont Cannabis Control Board,Adult-Use,VT,,,,,"
West Coast Development Company
",,,,,,,,,2023-08-13T15:34:53.223750,,,,,,,,,,
,,,CLTV0247,,,271,VTCCB,Vermont Cannabis Control Board,Adult-Use,VT,,,,,"
Sunset Lake Cannabis LLC
",,,,,,,,,2023-08-13T15:34:53.223750,,,,,,,,,,
,,,"
SCLT0008
",,,272,VTCCB,Vermont Cannabis Control Board,Adult-Use,VT,,,,,Green Mountain Kana,,,,,,,,,2023-08-13T15:34:53.223750,,,,,,,,,,
,,,"
SCLT0064
",,,273,VTCCB,Vermont Cannabis Control Board,Adult-Use,VT,,,,,Snowbird Botanicals LLC,,,,,,,,,2023-08-13T15:34:53.223750,,,,,,,,,,
,,,"
SCLT0010
",,,274,VTCCB,Vermont Cannabis Control Board,Adult-Use,VT,,,,,"DP Holdings LLC, Garcia Grows",,,,,,,,,2023-08-13T15:34:53.223750,,,,,,,,,,
,,,"
SCLT0019
",,,275,VTCCB,Vermont Cannabis Control Board,Adult-Use,VT,,,,,DBA Geebee's Organics,,,,,,,,,2023-08-13T15:34:53.223750,,,,,,,,,,
,,,"
SCLT0025
",,,276,VTCCB,Vermont Cannabis Control Board,Adult-Use,VT,,,,,LB Farm LLC,,,,,,,,,2023-08-13T15:34:53.223750,,,,,,,,,,
,,,"
SCLT0147
",,,277,VTCCB,Vermont Cannabis Control Board,Adult-Use,VT,,,,,Happy Valley Products,,,,,,,,,2023-08-13T15:34:53.223750,,,,,,,,,,
,,,"
SCLT0071
",,,278,VTCCB,Vermont Cannabis Control Board,Adult-Use,VT,,,,,Fort Dowd Growers Collective LLC,,,,,,,,,2023-08-13T15:34:53.223750,,,,,,,,,,
,,,"
SCLT0061
",,,279,VTCCB,Vermont Cannabis Control Board,Adult-Use,VT,,,,,Backcountry Botanicals LLC,,,,,,,,,2023-08-13T15:34:53.223750,,,,,,,,,,
,,,"
SCLT0093
",,,280,VTCCB,Vermont Cannabis Control Board,Adult-Use,VT,,,,,Dirt Rich Farms LLC,,,,,,,,,2023-08-13T15:34:53.223750,,,,,,,,,,
,,,"
SCLT0054
",,,281,VTCCB,Vermont Cannabis Control Board,Adult-Use,VT,,,,,1958 LLC,,,,,,,,,2023-08-13T15:34:53.223750,,,,,,,,,,
,,,"
SCLT0112
",,,282,VTCCB,Vermont Cannabis Control Board,Adult-Use,VT,,,,,Midnight Farm,,,,,,,,,2023-08-13T15:34:53.223750,,,,,,,,,,
,,,"
SCLT0205
",,,283,VTCCB,Vermont Cannabis Control Board,Adult-Use,VT,,,,,Tree Amigos,,,,,,,,,2023-08-13T15:34:53.223750,,,,,,,,,,
,,,"
SCLT0063
",,,284,VTCCB,Vermont Cannabis Control Board,Adult-Use,VT,,,,,Maple Maestro LLC,,,,,,,,,2023-08-13T15:34:53.223750,,,,,,,,,,
,,,"
SCLT0097
",,,285,VTCCB,Vermont Cannabis Control Board,Adult-Use,VT,,,,,802 Glue LLC,,,,,,,,,2023-08-13T15:34:53.223750,,,,,,,,,,
,,,"
SCLT0128
",,,286,VTCCB,Vermont Cannabis Control Board,Adult-Use,VT,,,,,Sky High Cannabis,,,,,,,,,2023-08-13T15:34:53.223750,,,,,,,,,,
,,,"
SCLT0077
",,,287,VTCCB,Vermont Cannabis Control Board,Adult-Use,VT,,,,,Island Pond Cannabis Company,,,,,,,,,2023-08-13T15:34:53.223750,,,,,,,,,,
,,,"
SCLT0096
",,,288,VTCCB,Vermont Cannabis Control Board,Adult-Use,VT,,,,,Flavorline Cannabis Company LLC,,,,,,,,,2023-08-13T15:34:53.223750,,,,,,,,,,
,,,"
SCLT0088
",,,289,VTCCB,Vermont Cannabis Control Board,Adult-Use,VT,,,,,"7 B's Farm, LLC",,,,,,,,,2023-08-13T15:34:53.223750,,,,,,,,,,
,,,"
SCLT0107
",,,290,VTCCB,Vermont Cannabis Control Board,Adult-Use,VT,,,,,ZsGreenZ,,,,,,,,,2023-08-13T15:34:53.223750,,,,,,,,,,
,,,"
SCLT0089
",,,291,VTCCB,Vermont Cannabis Control Board,Adult-Use,VT,,,,,Hidden Valley Farm,,,,,,,,,2023-08-13T15:34:53.223750,,,,,,,,,,
,,,"
SCLT0105
",,,292,VTCCB,Vermont Cannabis Control Board,Adult-Use,VT,,,,,"Dalen, LTD",,,,,,,,,2023-08-13T15:34:53.223750,,,,,,,,,,
,,,"
SCLT0173
",,,293,VTCCB,Vermont Cannabis Control Board,Adult-Use,VT,,,,,Overton View Farm LLC,,,,,,,,,2023-08-13T15:34:53.223750,,,,,,,,,,
,,,"
SCLT0072
",,,294,VTCCB,Vermont Cannabis Control Board,Adult-Use,VT,,,,,"LagaMont Breeds, LLC",,,,,,,,,2023-08-13T15:34:53.223750,,,,,,,,,,
,,,"
SCLT0078
",,,295,VTCCB,Vermont Cannabis Control Board,Adult-Use,VT,,,,,"Orleans Cannabis, LLC",,,,,,,,,2023-08-13T15:34:53.223750,,,,,,,,,,
,,,"
SCLT0126
",,,296,VTCCB,Vermont Cannabis Control Board,Adult-Use,VT,,,,,Honey Tree Farm LLC,,,,,,,,,2023-08-13T15:34:53.223750,,,,,,,,,,
,,,"
SCLT0116
",,,297,VTCCB,Vermont Cannabis Control Board,Adult-Use,VT,,,,,Way High Up There,,,,,,,,,2023-08-13T15:34:53.223750,,,,,,,,,,
,,,"
SCLT0098
",,,298,VTCCB,Vermont Cannabis Control Board,Adult-Use,VT,,,,,The Mad Botanist,,,,,,,,,2023-08-13T15:34:53.223750,,,,,,,,,,
,,,"
SCLT0073
",,,299,VTCCB,Vermont Cannabis Control Board,Adult-Use,VT,,,,,Cavelion LLC,,,,,,,,,2023-08-13T15:34:53.223750,,,,,,,,,,
,,,"
SCLT0085
",,,300,VTCCB,Vermont Cannabis Control Board,Adult-Use,VT,,,,,Green State of Mind,,,,,,,,,2023-08-13T15:34:53.223750,,,,,,,,,,
,,,"
SCLT0180
",,,301,VTCCB,Vermont Cannabis Control Board,Adult-Use,VT,,,,,Island Craft Cannabis,,,,,,,,,2023-08-13T15:34:53.223750,,,,,,,,,,
,,,"
SCLT0087
",,,302,VTCCB,Vermont Cannabis Control Board,Adult-Use,VT,,,,,Mythic Gardens,,,,,,,,,2023-08-13T15:34:53.223750,,,,,,,,,,
,,,"
SCLT0111
",,,303,VTCCB,Vermont Cannabis Control Board,Adult-Use,VT,,,,,Giving Tree Farm,,,,,,,,,2023-08-13T15:34:53.223750,,,,,,,,,,
,,,"
SCLT0186
",,,304,VTCCB,Vermont Cannabis Control Board,Adult-Use,VT,,,,,"Vermont Kind Cultivation, LLC",,,,,,,,,2023-08-13T15:34:53.223750,,,,,,,,,,
,,,"
SCLT0138
",,,305,VTCCB,Vermont Cannabis Control Board,Adult-Use,VT,,,,,Central Vermont Cannabis Ltc Co,,,,,,,,,2023-08-13T15:34:53.223750,,,,,,,,,,
,,,"
SCLT0110
",,,306,VTCCB,Vermont Cannabis Control Board,Adult-Use,VT,,,,,Green Mountain Gardens,,,,,,,,,2023-08-13T15:34:53.223750,,,,,,,,,,
,,,"
SCLT0155
",,,307,VTCCB,Vermont Cannabis Control Board,Adult-Use,VT,,,,,Smugglers Notch Cannabis Company,,,,,,,,,2023-08-13T15:34:53.223750,,,,,,,,,,
,,,"
SCLT0183
",,,308,VTCCB,Vermont Cannabis Control Board,Adult-Use,VT,,,,,Cannabis Dream Nursery LLC,,,,,,,,,2023-08-13T15:34:53.223750,,,,,,,,,,
,,,"
SCLT0188
",,,309,VTCCB,Vermont Cannabis Control Board,Adult-Use,VT,,,,,Northeast Kingdom Cannabis,,,,,,,,,2023-08-13T15:34:53.223750,,,,,,,,,,
,,,"
SCLT0131
",,,310,VTCCB,Vermont Cannabis Control Board,Adult-Use,VT,,,,,"Smoke Ranch LLC, dba Smoch Ranch dba Smoke Ranch Redemption",,,,,,,,,2023-08-13T15:34:53.223750,,,,,,,,,,
,,,"
SCLT0192
",,,311,VTCCB,Vermont Cannabis Control Board,Adult-Use,VT,,,,,Boon Botanicals,,,,,,,,,2023-08-13T15:34:53.223750,,,,,,,,,,
,,,"
SCLT0175
",,,312,VTCCB,Vermont Cannabis Control Board,Adult-Use,VT,,,,,Little Garden LLC; Little Garden,,,,,,,,,2023-08-13T15:34:53.223750,,,,,,,,,,
,,,"
SCLT0141
",,,313,VTCCB,Vermont Cannabis Control Board,Adult-Use,VT,,,,,Legacy Vermont Cannabis,,,,,,,,,2023-08-13T15:34:53.223750,,,,,,,,,,
,,,"
SCLT0181
",,,314,VTCCB,Vermont Cannabis Control Board,Adult-Use,VT,,,,,Green Heron Farm,,,,,,,,,2023-08-13T15:34:53.223750,,,,,,,,,,
,,,"
SCLT0106
",,,315,VTCCB,Vermont Cannabis Control Board,Adult-Use,VT,,,,,Tree Frog Farms LLC; Tree Frog Farms,,,,,,,,,2023-08-13T15:34:53.223750,,,,,,,,,,
,,,"
SCLT0102
",,,316,VTCCB,Vermont Cannabis Control Board,Adult-Use,VT,,,,,Vermont Vital Cultivars,,,,,,,,,2023-08-13T15:34:53.223750,,,,,,,,,,
,,,"
SCLT0172
",,,317,VTCCB,Vermont Cannabis Control Board,Adult-Use,VT,,,,,Ammanana Growers LLC; Ammanana Growers,,,,,,,,,2023-08-13T15:34:53.223750,,,,,,,,,,
,,,"
SCLT0202
",,,318,VTCCB,Vermont Cannabis Control Board,Adult-Use,VT,,,,,Bubbling Brook Botanicals LLC; Bubbling Brook VT,,,,,,,,,2023-08-13T15:34:53.223750,,,,,,,,,,
,,,"
SCLT0127
",,,319,VTCCB,Vermont Cannabis Control Board,Adult-Use,VT,,,,,"JPEAMES, LLC; DBA SUN DAY FARMS",,,,,,,,,2023-08-13T15:34:53.223750,,,,,,,,,,
,,,"
SCLT0184
",,,320,VTCCB,Vermont Cannabis Control Board,Adult-Use,VT,,,,,Trichome Ranch LLC,,,,,,,,,2023-08-13T15:34:53.223750,,,,,,,,,,
,,,"
SCLT0156
",,,321,VTCCB,Vermont Cannabis Control Board,Adult-Use,VT,,,,,Green Valley Cannabis LLC,,,,,,,,,2023-08-13T15:34:53.223750,,,,,,,,,,
,,,"
SCLT0163
",,,322,VTCCB,Vermont Cannabis Control Board,Adult-Use,VT,,,,,"GMT Genetix LLC, DBA Fierce Cultivation",,,,,,,,,2023-08-13T15:34:53.223750,,,,,,,,,,
,,,"
SCLT0176
",,,323,VTCCB,Vermont Cannabis Control Board,Adult-Use,VT,,,,,Lamoille Valley Extraction Solutions LLC DBA Zen Valley Cannabis,,,,,,,,,2023-08-13T15:34:53.223750,,,,,,,,,,
,,,"
SCLT0170
",,,324,VTCCB,Vermont Cannabis Control Board,Adult-Use,VT,,,,,Mad Hatter Cannabis and Hemp LLC,,,,,,,,,2023-08-13T15:34:53.223750,,,,,,,,,,
,,,"
SCLT0124
",,,325,VTCCB,Vermont Cannabis Control Board,Adult-Use,VT,,,,,Sugarleaf LLC,,,,,,,,,2023-08-13T15:34:53.223750,,,,,,,,,,
,,,"
SCLT0204
",,,326,VTCCB,Vermont Cannabis Control Board,Adult-Use,VT,,,,,DRADIS,,,,,,,,,2023-08-13T15:34:53.223750,,,,,,,,,,
,,,"
SCLT0195
",,,327,VTCCB,Vermont Cannabis Control Board,Adult-Use,VT,,,,,Vermont Medicine Man Botanicals,,,,,,,,,2023-08-13T15:34:53.223750,,,,,,,,,,
,,,"
SCLT0196
",,,328,VTCCB,Vermont Cannabis Control Board,Adult-Use,VT,,,,,T.K. House of Green,,,,,,,,,2023-08-13T15:34:53.223750,,,,,,,,,,
,,,"
SCLT0198
",,,329,VTCCB,Vermont Cannabis Control Board,Adult-Use,VT,,,,,Fat Cat Farm LLC,,,,,,,,,2023-08-13T15:34:53.223750,,,,,,,,,,
,,,"
SCLT0220
",,,330,VTCCB,Vermont Cannabis Control Board,Adult-Use,VT,,,,,Canna Cultivators Collective,,,,,,,,,2023-08-13T15:34:53.223750,,,,,,,,,,
,,,"
SCLT0212
",,,331,VTCCB,Vermont Cannabis Control Board,Adult-Use,VT,,,,,Alive Cannabis Company LLC,,,,,,,,,2023-08-13T15:34:53.223750,,,,,,,,,,
,,,"
SCLT0223
",,,332,VTCCB,Vermont Cannabis Control Board,Adult-Use,VT,,,,,EDWARD-HASH-HANDS LLC,,,,,,,,,2023-08-13T15:34:53.223750,,,,,,,,,,
,,,SCLT0227,,,333,VTCCB,Vermont Cannabis Control Board,Adult-Use,VT,,,,,"
Vermont Cultivars, LLC
",,,,,,,,,2023-08-13T15:34:53.223750,,,,,,,,,,
,,,SCLT0230,,,334,VTCCB,Vermont Cannabis Control Board,Adult-Use,VT,,,,,"
The Empress 802 LLC DBA Green Goddess Goodies
",,,,,,,,,2023-08-13T15:34:53.223750,,,,,,,,,,
,,,"
SCLT0229
",,,335,VTCCB,Vermont Cannabis Control Board,Adult-Use,VT,,,,,Kind Green Insight LLC / Swift Hawk Canna,,,,,,,,,2023-08-13T15:34:53.223750,,,,,,,,,,
,,,"
SCLT0239
",,,336,VTCCB,Vermont Cannabis Control Board,Adult-Use,VT,,,,,Farmhouse Cannabis LLC,,,,,,,,,2023-08-13T15:34:53.223750,,,,,,,,,,
,,,SCLT0242,,,337,VTCCB,Vermont Cannabis Control Board,Adult-Use,VT,,,,,"
CBBK LLC DBA Master Blaster Cultivators
",,,,,,,,,2023-08-13T15:34:53.223750,,,,,,,,,,
,,,SCLT0271,,,338,VTCCB,Vermont Cannabis Control Board,Adult-Use,VT,,,,,"
Freedom Flower LLC
",,,,,,,,,2023-08-13T15:34:53.223750,,,,,,,,,,
,,,SCLT0269,,,339,VTCCB,Vermont Cannabis Control Board,Adult-Use,VT,,,,,"
Flower Craft Cannabis LLC
",,,,,,,,,2023-08-13T15:34:53.223750,,,,,,,,,,
,,,SCLT0272,,,340,VTCCB,Vermont Cannabis Control Board,Adult-Use,VT,,,,,"
High Hopes LLC
",,,,,,,,,2023-08-13T15:34:53.223750,,,,,,,,,,
,,,SCLT0275,,,341,VTCCB,Vermont Cannabis Control Board,Adult-Use,VT,,,,,"
Parker Hill Cannabis LLC
",,,,,,,,,2023-08-13T15:34:53.223750,,,,,,,,,,
,,,SCLT0250,,,342,VTCCB,Vermont Cannabis Control Board,Adult-Use,VT,,,,,"
In The Weeds LLC
",,,,,,,,,2023-08-13T15:34:53.223750,,,,,,,,,,
,,,SCLT0262,,,343,VTCCB,Vermont Cannabis Control Board,Adult-Use,VT,,,,,Grandma'am's Hill Farm LLC DBA Grandma'am's Grass,,,,,,,,,2023-08-13T15:34:53.223750,,,,,,,,,,
,,,SCLT0267,,,344,VTCCB,Vermont Cannabis Control Board,Adult-Use,VT,,,,,"
Cold Hollow Cannabis LLC
",,,,,,,,,2023-08-13T15:34:53.223750,,,,,,,,,,
,,,"
SCLT0292
",,,345,VTCCB,Vermont Cannabis Control Board,Adult-Use,VT,,,,,"
Rutland Craft Cannabis LTD CO
",,,,,,,,,2023-08-13T15:34:53.223750,,,,,,,,,,
,,,"
SCLT0288
",,,346,VTCCB,Vermont Cannabis Control Board,Adult-Use,VT,,,,,"
Doh Yey Smokieez LLC d/b/a/ Green Mountain Exotics
",,,,,,,,,2023-08-13T15:34:53.223750,,,,,,,,,,
,,,"
SCLT0277
",,,347,VTCCB,Vermont Cannabis Control Board,Adult-Use,VT,,,,,"
Armetra Wilcox LLC DBA Boujee Bones
",,,,,,,,,2023-08-13T15:34:53.223750,,,,,,,,,,
,,,"
SCLT0291
",,,348,VTCCB,Vermont Cannabis Control Board,Adult-Use,VT,,,,,"
The Farm at Bolton Dome LLC
",,,,,,,,,2023-08-13T15:34:53.223750,,,,,,,,,,
,,,"
SCLT0297
",,,349,VTCCB,Vermont Cannabis Control Board,Adult-Use,VT,,,,,"
Longbottom LLC
",,,,,,,,,2023-08-13T15:34:53.223750,,,,,,,,,,
,,,"
SCLT0286
",,,350,VTCCB,Vermont Cannabis Control Board,Adult-Use,VT,,,,,"
LGH LLC
",,,,,,,,,2023-08-13T15:34:53.223750,,,,,,,,,,
,,,"
SCLT0285
",,,351,VTCCB,Vermont Cannabis Control Board,Adult-Use,VT,,,,,"
Volcanic Organic, LLC (DBA Volcanic Botanic)
",,,,,,,,,2023-08-13T15:34:53.223750,,,,,,,,,,
,,,"
SCLT0283
",,,352,VTCCB,Vermont Cannabis Control Board,Adult-Use,VT,,,,,"
TDN Growers, LLC
",,,,,,,,,2023-08-13T15:34:53.223750,,,,,,,,,,
,,,"
SCLT0284
",,,353,VTCCB,Vermont Cannabis Control Board,Adult-Use,VT,,,,,"
Rabbit Hill Farm, LLC
",,,,,,,,,2023-08-13T15:34:53.223750,,,,,,,,,,
,,,SCLT0281,,,354,VTCCB,Vermont Cannabis Control Board,Adult-Use,VT,,,,,"
Juniper Lane LLC dba Juniper Lane
",,,,,,,,,2023-08-13T15:34:53.223750,,,,,,,,,,
,,,"
SCLT0329
",,,355,VTCCB,Vermont Cannabis Control Board,Adult-Use,VT,,,,,"
Seven Peaks LLC
",,,,,,,,,2023-08-13T15:34:53.223750,,,,,,,,,,
,,,"
SCLT0325
",,,356,VTCCB,Vermont Cannabis Control Board,Adult-Use,VT,,,,,"
Hyde Park Headies LLC
",,,,,,,,,2023-08-13T15:34:53.223750,,,,,,,,,,
,,,"
SCLT0326
",,,357,VTCCB,Vermont Cannabis Control Board,Adult-Use,VT,,,,,"
Vail Farm Cannabis LLC
",,,,,,,,,2023-08-13T15:34:53.223750,,,,,,,,,,
,,,"
SCLT0316
",,,358,VTCCB,Vermont Cannabis Control Board,Adult-Use,VT,,,,,"
Wicked Windy Farms LLC
",,,,,,,,,2023-08-13T15:34:53.223750,,,,,,,,,,
,,,"
SCLT0311
",,,359,VTCCB,Vermont Cannabis Control Board,Adult-Use,VT,,,,,"
Milton Gardens LLC
",,,,,,,,,2023-08-13T15:34:53.223750,,,,,,,,,,
,,,"
SCLT0313
",,,360,VTCCB,Vermont Cannabis Control Board,Adult-Use,VT,,,,,"
All Bliss Cannabis, LLC
",,,,,,,,,2023-08-13T15:34:53.223750,,,,,,,,,,
,,,"
SCLT0314
",,,361,VTCCB,Vermont Cannabis Control Board,Adult-Use,VT,,,,,"
Terpslurper Farms
",,,,,,,,,2023-08-13T15:34:53.223750,,,,,,,,,,
,,,"
SCLT0308
",,,362,VTCCB,Vermont Cannabis Control Board,Adult-Use,VT,,,,,"
Stillmore Farms, LLC
",,,,,,,,,2023-08-13T15:34:53.223750,,,,,,,,,,
,,,"
SCLT0309
",,,363,VTCCB,Vermont Cannabis Control Board,Adult-Use,VT,,,,,"
TruCanna LLC
",,,,,,,,,2023-08-13T15:34:53.223750,,,,,,,,,,
,,,"
SCLT0307
",,,364,VTCCB,Vermont Cannabis Control Board,Adult-Use,VT,,,,,"
Root to Vitality Cannabis LLC
",,,,,,,,,2023-08-13T15:34:53.223750,,,,,,,,,,
,,,"
SCLT0305
",,,365,VTCCB,Vermont Cannabis Control Board,Adult-Use,VT,,,,,"
Secret Laboratory, LLC
",,,,,,,,,2023-08-13T15:34:53.223750,,,,,,,,,,
,,,"
SCLT0300
",,,366,VTCCB,Vermont Cannabis Control Board,Adult-Use,VT,,,,,"
Veracious Cultivation & Genetics, LLC
",,,,,,,,,2023-08-13T15:34:53.223750,,,,,,,,,,
,,,,,,367,VTCCB,Vermont Cannabis Control Board,Adult-Use,VT,,,,,,,,,,,,,,2023-08-13T15:34:53.223750,,,,,,,,,,
,,,"
CLTV0057
",,,368,VTCCB,Vermont Cannabis Control Board,Adult-Use,VT,,,,,"
Holland Cannabis LLC
",,,,,,,,,2023-08-13T15:34:53.223750,,,,,,,,,,
,,,"
CLTV0079
",,,369,VTCCB,Vermont Cannabis Control Board,Adult-Use,VT,,,,,"
Faustini Farms
",,,,,,,,,2023-08-13T15:34:53.223750,,,,,,,,,,
,,,"
CLTV0062
",,,370,VTCCB,Vermont Cannabis Control Board,Adult-Use,VT,,,,,"
Stone Leaf Grow LLC
",,,,,,,,,2023-08-13T15:34:53.223750,,,,,,,,,,
,,,"
CLTV0082
",,,371,VTCCB,Vermont Cannabis Control Board,Adult-Use,VT,,,,,"
Mount Gay Farms LLC
",,,,,,,,,2023-08-13T15:34:53.223750,,,,,,,,,,
,,,"
CLTV0100
",,,372,VTCCB,Vermont Cannabis Control Board,Adult-Use,VT,,,,,"
Horticultural Professionals
",,,,,,,,,2023-08-13T15:34:53.223750,,,,,,,,,,
,,,"
CLTV0094
",,,373,VTCCB,Vermont Cannabis Control Board,Adult-Use,VT,,,,,"
First Branch Cannabis
",,,,,,,,,2023-08-13T15:34:53.223750,,,,,,,,,,
,,,"
CLTV0080
",,,374,VTCCB,Vermont Cannabis Control Board,Adult-Use,VT,,,,,"
YBNRML LLC
",,,,,,,,,2023-08-13T15:34:53.223750,,,,,,,,,,
,,,"
CLTV0081
",,,375,VTCCB,Vermont Cannabis Control Board,Adult-Use,VT,,,,,"
Vermont Select, LLC
",,,,,,,,,2023-08-13T15:34:53.223750,,,,,,,,,,
,,,"
CLTV0099
",,,376,VTCCB,Vermont Cannabis Control Board,Adult-Use,VT,,,,,"
Clovis LLC
",,,,,,,,,2023-08-13T15:34:53.223750,,,,,,,,,,
,,,"
CLTV0092
",,,377,VTCCB,Vermont Cannabis Control Board,Adult-Use,VT,,,,,"
Four Clover Corp
",,,,,,,,,2023-08-13T15:34:53.223750,,,,,,,,,,
,,,CLTV0107,,,378,VTCCB,Vermont Cannabis Control Board,Adult-Use,VT,,,,,"
Burrington Hill Co., LLC
",,,,,,,,,2023-08-13T15:34:53.223750,,,,,,,,,,
,,,CLTV0244,,,379,VTCCB,Vermont Cannabis Control Board,Adult-Use,VT,,,,,"
Ferngully Farm LLC
",,,,,,,,,2023-08-13T15:34:53.223750,,,,,,,,,,
,,,CLTV0240,,,380,VTCCB,Vermont Cannabis Control Board,Adult-Use,VT,,,,,"
Green Barn Farm LLC
",,,,,,,,,2023-08-13T15:34:53.223750,,,,,,,,,,
,,,"
CLTV0251
",,,381,VTCCB,Vermont Cannabis Control Board,Adult-Use,VT,,,,,"
Pressure Lab Cultivation LLC
",,,,,,,,,2023-08-13T15:34:53.223750,,,,,,,,,,
,,,"
CLTV0293
",,,382,VTCCB,Vermont Cannabis Control Board,Adult-Use,VT,,,,,"
Bernis Dobis, LLC
",,,,,,,,,2023-08-13T15:34:53.223750,,,,,,,,,,
,,,"
CLTV0258
",,,383,VTCCB,Vermont Cannabis Control Board,Adult-Use,VT,,,,,"
Green Mountain Cure LLC
",,,,,,,,,2023-08-13T15:34:53.223750,,,,,,,,,,
,,,,,,384,VTCCB,Vermont Cannabis Control Board,Adult-Use,VT,,,,,,,,,,,,,,2023-08-13T15:34:53.223750,,,,,,,,,,
,,,"
CLTV0014
",,,385,VTCCB,Vermont Cannabis Control Board,Adult-Use,VT,,,,,"
Family Tree, LLC; Family Tree Hemp Company
",,,,,,,,,2023-08-13T15:34:53.223750,,,,,,,,,,
,,,"
CLTV0088
",,,386,VTCCB,Vermont Cannabis Control Board,Adult-Use,VT,,,,,"
Wolf Creek Farm LLC
",,,,,,,,,2023-08-13T15:34:53.223750,,,,,,,,,,
,,,CLTV0108,,,387,VTCCB,Vermont Cannabis Control Board,Adult-Use,VT,,,,,"
Trombly House of Cannabis LLC
",,,,,,,,,2023-08-13T15:34:53.223750,,,,,,,,,,
,,,"
CLTV0091
",,,388,VTCCB,Vermont Cannabis Control Board,Adult-Use,VT,,,,,Green Mountain Synergy Farm LLC,,,,,,,,,2023-08-13T15:34:53.223750,,,,,,,,,,
,,,,,,389,VTCCB,Vermont Cannabis Control Board,Adult-Use,VT,,,,,,,,,,,,,,2023-08-13T15:34:53.223750,,,,,,,,,,
,,,"
CLTV0076
",,,390,VTCCB,Vermont Cannabis Control Board,Adult-Use,VT,,,,,"
Farmers Underground
",,,,,,,,,2023-08-13T15:34:53.223750,,,,,,,,,,
,,,,,,391,VTCCB,Vermont Cannabis Control Board,Adult-Use,VT,,,,,,,,,,,,,,2023-08-13T15:34:53.223750,,,,,,,,,,
,,,"
CLTV0049
",,,392,VTCCB,Vermont Cannabis Control Board,Adult-Use,VT,,,,,"
Rebel East VT LLC
",,,,,,,,,2023-08-13T15:34:53.223750,,,,,,,,,,
,,,"
TLAB0029
",,Chittenden County,393,VTCCB,Vermont Cannabis Control Board,Adult-Use,VT,,,,,Bia Diagnostics,,,,,,,,,2023-08-13T15:34:53.223750,,,Colchester,44.5075536,-73.176019,480 Hercules Dr #101,05446,,,
,,,"
TLAB0028
",,Chittenden County,394,VTCCB,Vermont Cannabis Control Board,Adult-Use,VT,,,,,"Endyne, Inc",,,,,,,,,2023-08-13T15:34:53.223750,,,Williston,44.4757525,-73.1166265,160 James Brown Dr # F,05495,,,
,,,"
TLAB0030
",,Chittenden County,395,VTCCB,Vermont Cannabis Control Board,Adult-Use,VT,,,,,Onward Analytics,,,,,,,,,2023-08-13T15:34:53.223750,,,Colchester,44.5087803,-73.1863532,261 Mountain View Dr,05446,,,
,,,Integrated,,,396,VTCCB,Vermont Cannabis Control Board,Adult-Use,VT,,,,,"Champlain Valley Dispensary, Inc, CeresMED, Ceres",,,,,,,,,2023-08-13T15:34:53.223750,,,,,,,,,,
,,,Integrated,,,397,VTCCB,Vermont Cannabis Control Board,Adult-Use,VT,,,,,Vermont Patients Alliance,,,,,,,,,2023-08-13T15:34:53.223750,,,,,,,,,,
,,,Integrated,,,398,VTCCB,Vermont Cannabis Control Board,Adult-Use,VT,,,,,"FWR, Inc DBA Grassroots Vermont",,,,,,,,,2023-08-13T15:34:53.223750,,,,,,,,,,
,,,"
RTLR0001
",,Rutland,399,VTCCB,Vermont Cannabis Control Board,Adult-Use,VT,,,,,Mountain Girl Cannabis,,,,,,,,,2023-08-13T15:34:53.223750,,,"Rutland, UK",52.6583014,-0.639643,"Rutland, UK","Rutland, UK",,,
,,,"
RTLR0002
",,Addison County,400,VTCCB,Vermont Cannabis Control Board,Adult-Use,VT,,,,,FLŌRA Cannabis,,,,,,,,,2023-08-13T15:34:53.223750,,,VT 05753,44.0153371,-73.16734,Middlebury,USA,,,
,,,"
RTLR0003
",,Windham County,401,VTCCB,Vermont Cannabis Control Board,Adult-Use,VT,,,,,Vermont Bud Barn,,,,,,,,,2023-08-13T15:34:53.223750,,,VT 05301,42.8509152,-72.5578678,Brattleboro,USA,,,
,,,"
RTLR0004
",,,402,VTCCB,Vermont Cannabis Control Board,Adult-Use,VT,,,,,"
Apex Arboretum Inc. dba Green State Dispensary
",,,,,,,,,2023-08-13T15:34:53.223750,,,,,,,,,,
,,,"
RTLR0007
",,Washington County,403,VTCCB,Vermont Cannabis Control Board,Adult-Use,VT,,,,,Gram Central LLC,,,,,,,,,2023-08-13T15:34:53.223750,,,VT 05602,44.26005929999999,-72.5753869,Montpelier,USA,,,
,,,"
RTLR0006
",,Addison County,404,VTCCB,Vermont Cannabis Control Board,Adult-Use,VT,,,,,9th State Cannabis,,,,,,,,,2023-08-13T15:34:53.223750,,,VT,44.2056098,-73.2462341,Ferrisburgh,USA,,,
,,,"
RTLR0005
",,Wake County,405,VTCCB,Vermont Cannabis Control Board,Adult-Use,VT,,,,,Lamoille County Cannabis,,,,,,,,,2023-08-13T15:34:53.223750,,,"Morrisville, NC, USA",35.823483,-78.8255621,"Morrisville, NC, USA","Morrisville, NC, USA",,,
,,,"
RTLR0008
",,Caledonia County,406,VTCCB,Vermont Cannabis Control Board,Adult-Use,VT,,,,,The Green Man,,,,,,,,,2023-08-13T15:34:53.223750,,,VT,44.4192627,-72.0151183,St Johnsbury,USA,,,
,,,"
RTLR0012
",,Bennington County,407,VTCCB,Vermont Cannabis Control Board,Adult-Use,VT,,,,,Juniper Lane LLC DBA Juniper Lane,,,,,,,,,2023-08-13T15:34:53.223750,,,VT 05201,42.8781345,-73.1967741,Bennington,USA,,,
,,,"
RTLR0009
",,Chittenden County,408,VTCCB,Vermont Cannabis Control Board,Adult-Use,VT,,,,,Native East LLC DBA Winooski Organics,,,,,,,,,2023-08-13T15:34:53.223750,,,VT,44.491438,-73.1856832,Winooski,USA,,,
,,,"
RTLR0010
",,Washington County,409,VTCCB,Vermont Cannabis Control Board,Adult-Use,VT,,,,,Capital Cannabis Company Inc,,,,,,,,,2023-08-13T15:34:53.223750,,,VT 05602,44.26005929999999,-72.5753869,Montpelier,USA,,,
,,,"
RTLR0011
",,,410,VTCCB,Vermont Cannabis Control Board,Adult-Use,VT,,,,,Kingdom Kind,,,,,,,,,2023-08-13T15:34:53.223750,,,,,,,,,,
,,,"
RTLR0019
",,,411,VTCCB,Vermont Cannabis Control Board,Adult-Use,VT,,,,,Grass Queen Inc,,,,,,,,,2023-08-13T15:34:53.223750,,,,,,,,,,
,,,"
RTLR0014
",,Washington County,412,VTCCB,Vermont Cannabis Control Board,Adult-Use,VT,,,,,ZenBarn Ventures Inc,,,,,,,,,2023-08-13T15:34:53.223750,,,VT,44.376896,-72.7189485,Waterbury Center,USA,,,
,,,"
RTLR0015
",,Derby,413,VTCCB,Vermont Cannabis Control Board,Adult-Use,VT,,,,,The High Country,,,,,,,,,2023-08-13T15:34:53.223750,,,"Derby, UK",52.9225301,-1.4746186,"Derby, UK","Derby, UK",,,
,,,"
RTLR0013
",,Essex,414,VTCCB,Vermont Cannabis Control Board,Adult-Use,VT,,,,,Magic Mann,,,,,,,,,2023-08-13T15:34:53.223750,,,"Essex, UK",51.57424469999999,0.4856781,"Essex, UK","Essex, UK",,,
,,,"
RTLR0016
",,Wake County,415,VTCCB,Vermont Cannabis Control Board,Adult-Use,VT,,,,,Higher Elevation,,,,,,,,,2023-08-13T15:34:53.223750,,,"Morrisville, NC, USA",35.823483,-78.8255621,"Morrisville, NC, USA","Morrisville, NC, USA",,,
,,,"
RTLR0020
",,,416,VTCCB,Vermont Cannabis Control Board,Adult-Use,VT,,,,,Forbins Reserve Inc,,,,,,,,,2023-08-13T15:34:53.223750,,,,,,,,,,
,,,"
RTLR0022
",,Rutland,417,VTCCB,Vermont Cannabis Control Board,Adult-Use,VT,,,,,Somewhere On The Mountain,,,,,,,,,2023-08-13T15:34:53.223750,,,"Rutland, UK",52.6583014,-0.639643,"Rutland, UK","Rutland, UK",,,
,,,"
RTLR0018
",,,418,VTCCB,Vermont Cannabis Control Board,Adult-Use,VT,,,,,"Clover VT LLC, DBA Sunday Drive",,,,,,,,,2023-08-13T15:34:53.223750,,,,,,,,,,
,,,"
RTLR0017
",,,419,VTCCB,Vermont Cannabis Control Board,Adult-Use,VT,,,,,"Vermont Hemp Craft LLC, DBA Green Leaf Central",,,,,,,,,2023-08-13T15:34:53.223750,,,,,,,,,,
,,,"
RTLR0021
",,Bristol City,420,VTCCB,Vermont Cannabis Control Board,Adult-Use,VT,,,,,EmeraldRose Retail LLC,,,,,,,,,2023-08-13T15:34:53.223750,,,"Bristol, UK",51.454513,-2.58791,"Bristol, UK","Bristol, UK",,,
,,,"
RTLR0025
",,,421,VTCCB,Vermont Cannabis Control Board,Adult-Use,VT,,,,,"Epona Farms LLC, DBA Epona Farms Store",,,,,,,,,2023-08-13T15:34:53.223750,,,,,,,,,,
,,,"
RTLR0023
",,Caledonia County,422,VTCCB,Vermont Cannabis Control Board,Adult-Use,VT,,,,,Northeast Kannabis,,,,,,,,,2023-08-13T15:34:53.223750,,,VT,44.4192627,-72.0151183,St Johnsbury,USA,,,
,,,"
RTLR0024
",,New Hanover County,423,VTCCB,Vermont Cannabis Control Board,Adult-Use,VT,,,,,"Ratu's Cannabis Supply, LLC",,,,,,,,,2023-08-13T15:34:53.223750,,,"Wilmington, NC, USA",34.2103894,-77.8868117,"Wilmington, NC, USA","Wilmington, NC, USA",,,
,,,"
RTLR0027
",,,424,VTCCB,Vermont Cannabis Control Board,Adult-Use,VT,,,,,Pine Grove Organics LLC,,,,,,,,,2023-08-13T15:34:53.223750,,,,,,,,,,
,,,"
RTLR0029
",,Cayuga County,425,VTCCB,Vermont Cannabis Control Board,Adult-Use,VT,,,,,"TTG LLC, DBA The Trap House",,,,,,,,,2023-08-13T15:34:53.223750,,,"Fair Haven, NY 13156, USA",43.3164558,-76.7021747,"Fair Haven, NY 13156, USA","Fair Haven, NY 13156, USA",,,
,,,"
RTLR0026
",,Washington County,426,VTCCB,Vermont Cannabis Control Board,Adult-Use,VT,,,,,Valley Meade Dispensary,,,,,,,,,2023-08-13T15:34:53.223750,,,VT,44.1926386,-72.7798479,Waitsfield,USA,,,
,,,"
RTLR0033
",,Windsor County,427,VTCCB,Vermont Cannabis Control Board,Adult-Use,VT,,,,,The Tea House,,,,,,,,,2023-08-13T15:34:53.223750,,,Hartford,43.6489596,-72.3192579,White River Junction,VT,,,
,,,"
RTLR0028
",,Cambridgeshire,428,VTCCB,Vermont Cannabis Control Board,Adult-Use,VT,,,,,Cambridge Cannabis Company,,,,,,,,,2023-08-13T15:34:53.223750,,,"Cambridge, UK",52.1950788,0.1312729,"Cambridge, UK","Cambridge, UK",,,
,,,"
RTLR0030
",,,429,VTCCB,Vermont Cannabis Control Board,Adult-Use,VT,,,,,"Cannabis Caboose, DBA De Pot Shop",,,,,,,,,2023-08-13T15:34:53.223750,,,,,,,,,,
,,,"
RTLR0036
",,Norfolk County,430,VTCCB,Vermont Cannabis Control Board,Adult-Use,VT,,,,,VherBio LLC,,,,,,,,,2023-08-13T15:34:53.223750,,,"Randolph, MA 02368, USA",42.1619739,-71.042551,"Randolph, MA 02368, USA","Randolph, MA 02368, USA",,,
,,,"
RTLR0032
",,Washington County,431,VTCCB,Vermont Cannabis Control Board,Adult-Use,VT,,,,,"Dalen LTD, DBA Blue Sage",,,,,,,,,2023-08-13T15:34:53.223750,,,VT,44.1926386,-72.7798479,Waitsfield,USA,,,
,,,"
RTLR0031
",,,432,VTCCB,Vermont Cannabis Control Board,Adult-Use,VT,,,,,Stone Leaf Cannabis LLC,,,,,,,,,2023-08-13T15:34:53.223750,,,,,,,,,,
,,,"
RTLR0034
",,Windham County,433,VTCCB,Vermont Cannabis Control Board,Adult-Use,VT,,,,,Theory Wellness of VT Retail LLC,,,,,,,,,2023-08-13T15:34:53.223750,,,VT 05301,42.8509152,-72.5578678,Brattleboro,USA,,,
,,,"
RTLR0037
",,Franklin County,434,VTCCB,Vermont Cannabis Control Board,Adult-Use,VT,,,,,Mary Jane Mountain,,,,,,,,,2023-08-13T15:34:53.223750,,,Montgomery,44.8785957,-72.6083426,Montgomery Center,VT,,,
,,,"
RTLR0035
",,Plymouth County,435,VTCCB,Vermont Cannabis Control Board,Adult-Use,VT,,,,,Green Union LLC,,,,,,,,,2023-08-13T15:34:53.223750,,,"Plymouth, MA, USA",41.9584457,-70.6672621,"Plymouth, MA, USA","Plymouth, MA, USA",,,
,,,"
RTLR0040
",,Windham County,436,VTCCB,Vermont Cannabis Control Board,Adult-Use,VT,,,,,"Cann Maxx, Cannabis Maximus",,,,,,,,,2023-08-13T15:34:53.223750,,,VT 05301,42.8509152,-72.5578678,Brattleboro,USA,,,
,,,"
RTLR0038
",,Wake County,437,VTCCB,Vermont Cannabis Control Board,Adult-Use,VT,,,,,Big Intelligence Group LLC DBA Wild Legacy Cannabis,,,,,,,,,2023-08-13T15:34:53.223750,,,"Morrisville, NC, USA",35.823483,-78.8255621,"Morrisville, NC, USA","Morrisville, NC, USA",,,
,,,"
RTLR0041
",,New Hanover County,438,VTCCB,Vermont Cannabis Control Board,Adult-Use,VT,,,,,Matterhorn Apothecary,,,,,,,,,2023-08-13T15:34:53.223750,,,"Wilmington, NC, USA",34.2103894,-77.8868117,"Wilmington, NC, USA","Wilmington, NC, USA",,,
,,,"
RTLR0039
",,,439,VTCCB,Vermont Cannabis Control Board,Adult-Use,VT,,,,,Bern Legacy Cannabis,,,,,,,,,2023-08-13T15:34:53.223750,,,,,,,,,,
,,,"
RTLR0042
",,Bennington County,440,VTCCB,Vermont Cannabis Control Board,Adult-Use,VT,,,,,"Silver Therapeutics of Bennington, LLC",,,,,,,,,2023-08-13T15:34:53.223750,,,VT 05201,42.8781345,-73.1967741,Bennington,USA,,,
,,,"
RTLR0043
",,Rutland County,441,VTCCB,Vermont Cannabis Control Board,Adult-Use,VT,,,,,Giving Tree Cannabis,,,,,,,,,2023-08-13T15:34:53.223750,,,VT,43.3465552,-73.177286,Pawlet,USA,,,
,,,"
RTLR0045
",,Hertfordshire,442,VTCCB,Vermont Cannabis Control Board,Adult-Use,VT,,,,,"New England Cannabis Partners LLC, DBA MothaPlant",,,,,,,,,2023-08-13T15:34:53.223750,,,"St Albans, UK",51.752725,-0.339436,"St Albans, UK","St Albans, UK",,,
,,,"
RTLR0044
",,Rutland,443,VTCCB,Vermont Cannabis Control Board,Adult-Use,VT,,,,,Sharp Family Farms DBA The Gas Station,,,,,,,,,2023-08-13T15:34:53.223750,,,"Rutland, UK",52.6583014,-0.639643,"Rutland, UK","Rutland, UK",,,
,,,"
RTLR0047
",,,444,VTCCB,Vermont Cannabis Control Board,Adult-Use,VT,,,,,The Herb Closet LLC,,,,,,,,,2023-08-13T15:34:53.223750,,,,,,,,,,
,,,"
RTLR0046
",,,445,VTCCB,Vermont Cannabis Control Board,Adult-Use,VT,,,,,BB CANN Inc. DBA Float On,,,,,,,,,2023-08-13T15:34:53.223750,,,,,,,,,,
,,,RTLR0048,,New Haven County,446,VTCCB,Vermont Cannabis Control Board,Adult-Use,VT,,,,,"GoodFire, LLP",,,,,,,,,2023-08-13T15:34:53.223750,,,"Waterbury, CT, USA",41.5581525,-73.0514965,"Waterbury, CT, USA","Waterbury, CT, USA",,,
,,,RTLR0049,,,447,VTCCB,Vermont Cannabis Control Board,Adult-Use,VT,,,,,"
802Apoth LLC, DBA TRUE-802 Cannabis
",,,,,,,,,2023-08-13T15:34:53.223750,,,,,,,,,,
,,,"
RTLR0050
",,,448,VTCCB,Vermont Cannabis Control Board,Adult-Use,VT,,,,,Euphoria Cannabis LLC,,,,,,,,,2023-08-13T15:34:53.223750,,,,,,,,,,
,,,RTLR0051,,Cayuga County,449,VTCCB,Vermont Cannabis Control Board,Adult-Use,VT,,,,,"
Cloud9 Cannabis LLC
",,,,,,,,,2023-08-13T15:34:53.223750,,,"Fair Haven, NY 13156, USA",43.3164558,-76.7021747,"Fair Haven, NY 13156, USA","Fair Haven, NY 13156, USA",,,
,,,"
RTLR0052
",,Hertfordshire,450,VTCCB,Vermont Cannabis Control Board,Adult-Use,VT,,,,,Mary Jane Junction,,,,,,,,,2023-08-13T15:34:53.223750,,,"St Albans, UK",51.752725,-0.339436,"St Albans, UK","St Albans, UK",,,
,,,RTLR0053,,Derby,451,VTCCB,Vermont Cannabis Control Board,Adult-Use,VT,,,,,"
Kingdom Boyz
",,,,,,,,,2023-08-13T15:34:53.223750,,,"Derby, UK",52.9225301,-1.4746186,"Derby, UK","Derby, UK",,,
,,,RTLR0055,,Grand Isle County,452,VTCCB,Vermont Cannabis Control Board,Adult-Use,VT,,,,,"
Vermont Altern-Native LLC
",,,,,,,,,2023-08-13T15:34:53.223750,,,VT 05440,44.9750541,-73.30022389999999,Alburgh,USA,,,
,,,"
RTLR0056
",,Washington County,453,VTCCB,Vermont Cannabis Control Board,Adult-Use,VT,,,,,31° North,,,,,,,,,2023-08-13T15:34:53.223750,,,VT,44.376896,-72.7189485,Waterbury Center,USA,,,
,,,RTLR0057,,Hampden County,454,VTCCB,Vermont Cannabis Control Board,Adult-Use,VT,,,,,"
TMM Dispensary LLC
",,,,,,,,,2023-08-13T15:34:53.223750,,,"1 Armory St #2, Springfield, MA 01105, USA",42.1074085,-72.5827199,"1 Armory St #2, Springfield, MA 01105, USA","1 Armory St #2, Springfield, MA 01105, USA",,,
,,,"
RTLR0058
",,West Yorkshire,455,VTCCB,Vermont Cannabis Control Board,Adult-Use,VT,,,,,"
Devils Den Cannabis Company
",,,,,,,,,2023-08-13T15:34:53.223750,,,"Bradford, UK",53.7937996,-1.7563583,"Bradford, UK","Bradford, UK",,,
,,,"
RTLR0062
",,Addison County,456,VTCCB,Vermont Cannabis Control Board,Adult-Use,VT,,,,,"
Little City Greens
",,,,,,,,,2023-08-13T15:34:53.223750,,,VT 05491,44.1672771,-73.2540111,Vergennes,USA,,,
,,,"
RTLR0061
",,Derby,457,VTCCB,Vermont Cannabis Control Board,Adult-Use,VT,,,,,"
Kushies LLC
",,,,,,,,,2023-08-13T15:34:53.223750,,,"Derby, UK",52.9225301,-1.4746186,"Derby, UK","Derby, UK",,,
,,,"
RTLR0060
",,,458,VTCCB,Vermont Cannabis Control Board,Adult-Use,VT,,,,,"
The Dank Closet Dispensary, LLC
",,,,,,,,,2023-08-13T15:34:53.223750,,,,,,,,,,
,,,"
MANU0024
",,,459,VTCCB,Vermont Cannabis Control Board,Adult-Use,VT,,,,,Snowbird Botanicals,,,,,,,,,2023-08-13T15:34:53.223750,,,,,,,,,,
,,,"
MANU0022
",,,460,VTCCB,Vermont Cannabis Control Board,Adult-Use,VT,,,,,Simple VT LLC; DBA YUT Soda,,,,,,,,,2023-08-13T15:34:53.223750,,,,,,,,,,
,,,"
MANU0009
",,,461,VTCCB,Vermont Cannabis Control Board,Adult-Use,VT,,,,,Encore Herbals LLC,,,,,,,,,2023-08-13T15:34:53.223750,,,,,,,,,,
,,,"
MANU0014
",,,462,VTCCB,Vermont Cannabis Control Board,Adult-Use,VT,,,,,Vermont Organic Health & Beauty Solutions LLC,,,,,,,,,2023-08-13T15:34:53.223750,,,,,,,,,,
,,,"
MANU0015
",,,463,VTCCB,Vermont Cannabis Control Board,Adult-Use,VT,,,,,District 802,,,,,,,,,2023-08-13T15:34:53.223750,,,,,,,,,,
,,,"
MANU0033
",,,464,VTCCB,Vermont Cannabis Control Board,Adult-Use,VT,,,,,BLISS POINT CHOCOLATE LLC,,,,,,,,,2023-08-13T15:34:53.223750,,,,,,,,,,
,,,"
MANU0028
",,,465,VTCCB,Vermont Cannabis Control Board,Adult-Use,VT,,,,,Bordertown Apothecary LLC,,,,,,,,,2023-08-13T15:34:53.223750,,,,,,,,,,
,,,"
MANU0058
",,,466,VTCCB,Vermont Cannabis Control Board,Adult-Use,VT,,,,,"
Big Budz LLC
",,,,,,,,,2023-08-13T15:34:53.223750,,,,,,,,,,
,,,"
MANU0067
",,,467,VTCCB,Vermont Cannabis Control Board,Adult-Use,VT,,,,,"
RootLand Cannabis LLC
",,,,,,,,,2023-08-13T15:34:53.223750,,,,,,,,,,
,,,"
MANU0061
",,,468,VTCCB,Vermont Cannabis Control Board,Adult-Use,VT,,,,,"
Moon Rise Alchemy LLC
",,,,,,,,,2023-08-13T15:34:53.223750,,,,,,,,,,
,,,,,,469,VTCCB,Vermont Cannabis Control Board,Adult-Use,VT,,,,,,,,,,,,,,2023-08-13T15:34:53.223750,,,,,,,,,,
,,,"
MANU0001
",,,470,VTCCB,Vermont Cannabis Control Board,Adult-Use,VT,,,,,"
Fog Valley Farm LLC
",,,,,,,,,2023-08-13T15:34:53.223750,,,,,,,,,,
,,,"
MANU0002
",,,471,VTCCB,Vermont Cannabis Control Board,Adult-Use,VT,,,,,"
Family Tree, LLC
",,,,,,,,,2023-08-13T15:34:53.223750,,,,,,,,,,
,,,"
MANU0003
",,,472,VTCCB,Vermont Cannabis Control Board,Adult-Use,VT,,,,,"
Dalen Ltd.
",,,,,,,,,2023-08-13T15:34:53.223750,,,,,,,,,,
,,,"
MANU0004
",,,473,VTCCB,Vermont Cannabis Control Board,Adult-Use,VT,,,,,"
The Cannabis Collective
",,,,,,,,,2023-08-13T15:34:53.223750,,,,,,,,,,
,,,"
MANU0006
",,,474,VTCCB,Vermont Cannabis Control Board,Adult-Use,VT,,,,,"
Lindie's Kitchen
",,,,,,,,,2023-08-13T15:34:53.223750,,,,,,,,,,
,,,"
MANU0007
",,,475,VTCCB,Vermont Cannabis Control Board,Adult-Use,VT,,,,,"
Glocanna, LLC
",,,,,,,,,2023-08-13T15:34:53.223750,,,,,,,,,,
,,,"
MANU0010
",,,476,VTCCB,Vermont Cannabis Control Board,Adult-Use,VT,,,,,"
KnR Cannabis
",,,,,,,,,2023-08-13T15:34:53.223750,,,,,,,,,,
,,,"
MANU0013
",,,477,VTCCB,Vermont Cannabis Control Board,Adult-Use,VT,,,,,"Green Mountain Hash LLP, DBA Low-Key Alchemy, DBA Luna Xochitl",,,,,,,,,2023-08-13T15:34:53.223750,,,,,,,,,,
,,,"
MANU0016
",,,478,VTCCB,Vermont Cannabis Control Board,Adult-Use,VT,,,,,"
Purple Lark Farm LLC.   Brand Name: Motherflower
",,,,,,,,,2023-08-13T15:34:53.223750,,,,,,,,,,
,,,MANU0017,,,479,VTCCB,Vermont Cannabis Control Board,Adult-Use,VT,,,,,"
Altitude Drops
",,,,,,,,,2023-08-13T15:34:53.223750,,,,,,,,,,
,,,MANU0018,,,480,VTCCB,Vermont Cannabis Control Board,Adult-Use,VT,,,,,"
Trichome Ranch, LLC
",,,,,,,,,2023-08-13T15:34:53.223750,,,,,,,,,,
,,,MANU0021,,,481,VTCCB,Vermont Cannabis Control Board,Adult-Use,VT,,,,,"
Green Queen Incredible Edibles
",,,,,,,,,2023-08-13T15:34:53.223750,,,,,,,,,,
,,,MANU0023,,,482,VTCCB,Vermont Cannabis Control Board,Adult-Use,VT,,,,,"
Tir Na Nog Edibles, LLC
",,,,,,,,,2023-08-13T15:34:53.223750,,,,,,,,,,
,,,MANU0025,,,483,VTCCB,Vermont Cannabis Control Board,Adult-Use,VT,,,,,"
Vermontourage Apothecary, LLC
",,,,,,,,,2023-08-13T15:34:53.223750,,,,,,,,,,
,,,"
MANU0026
",,,484,VTCCB,Vermont Cannabis Control Board,Adult-Use,VT,,,,,"
Vermont Herbal Essentials, LLC
",,,,,,,,,2023-08-13T15:34:53.223750,,,,,,,,,,
,,,"
MANU0029
",,,485,VTCCB,Vermont Cannabis Control Board,Adult-Use,VT,,,,,"
GROW. by MJ Cultivators, LLC
",,,,,,,,,2023-08-13T15:34:53.223750,,,,,,,,,,
,,,"
MANU0030
",,,486,VTCCB,Vermont Cannabis Control Board,Adult-Use,VT,,,,,"
Vermont Craft Edibles
",,,,,,,,,2023-08-13T15:34:53.223750,,,,,,,,,,
,,,"
MANU0031
",,,487,VTCCB,Vermont Cannabis Control Board,Adult-Use,VT,,,,,"
Stone Leaf Process, LLC
",,,,,,,,,2023-08-13T15:34:53.223750,,,,,,,,,,
,,,"
MANU0032
",,,488,VTCCB,Vermont Cannabis Control Board,Adult-Use,VT,,,,,"
Freedom Flower LLC
",,,,,,,,,2023-08-13T15:34:53.223750,,,,,,,,,,
,,,"
MANU0034
",,,489,VTCCB,Vermont Cannabis Control Board,Adult-Use,VT,,,,,"
Sunset Lake Cannabis, LLC
",,,,,,,,,2023-08-13T15:34:53.223750,,,,,,,,,,
,,,"
MANU0035
",,,490,VTCCB,Vermont Cannabis Control Board,Adult-Use,VT,,,,,"
Formulation Station Vt LLC, DBA   Formulation Station
",,,,,,,,,2023-08-13T15:34:53.223750,,,,,,,,,,
,,,"
MANU0037
",,,491,VTCCB,Vermont Cannabis Control Board,Adult-Use,VT,,,,,"
Flower First
",,,,,,,,,2023-08-13T15:34:53.223750,,,,,,,,,,
,,,"
MANU0039
",,,492,VTCCB,Vermont Cannabis Control Board,Adult-Use,VT,,,,,"
Bear Mother Cannabis, LLC
",,,,,,,,,2023-08-13T15:34:53.223750,,,,,,,,,,
,,,MANU0042,,,493,VTCCB,Vermont Cannabis Control Board,Adult-Use,VT,,,,,Vermont Select LLC,,,,,,,,,2023-08-13T15:34:53.223750,,,,,,,,,,
,,,MANU0043,,,494,VTCCB,Vermont Cannabis Control Board,Adult-Use,VT,,,,,"
Demeters DG, LLC
",,,,,,,,,2023-08-13T15:34:53.223750,,,,,,,,,,
,,,MANU0045,,,495,VTCCB,Vermont Cannabis Control Board,Adult-Use,VT,,,,,"
The Clean Cannabis Company
",,,,,,,,,2023-08-13T15:34:53.223750,,,,,,,,,,
,,,MANU0047,,,496,VTCCB,Vermont Cannabis Control Board,Adult-Use,VT,,,,,"
Green Mountain Ganja Guys LLC
",,,,,,,,,2023-08-13T15:34:53.223750,,,,,,,,,,
,,,MANU0053,,,497,VTCCB,Vermont Cannabis Control Board,Adult-Use,VT,,,,,"
Colibri Provisions
",,,,,,,,,2023-08-13T15:34:53.223750,,,,,,,,,,
,,,MANU0052,,,498,VTCCB,Vermont Cannabis Control Board,Adult-Use,VT,,,,,"
SA Cultivation LLC
",,,,,,,,,2023-08-13T15:34:53.223750,,,,,,,,,,
,,,MANU0051,,,499,VTCCB,Vermont Cannabis Control Board,Adult-Use,VT,,,,,Ferngully Farm LLC,,,,,,,,,2023-08-13T15:34:53.223750,,,,,,,,,,
,,,MANU0050,,,500,VTCCB,Vermont Cannabis Control Board,Adult-Use,VT,,,,,Sedwin Cannabis LLC,,,,,,,,,2023-08-13T15:34:53.223750,,,,,,,,,,
,,,MANU0054,,,501,VTCCB,Vermont Cannabis Control Board,Adult-Use,VT,,,,,"
Theory Wellness of VT Manufacturing LLC, DBA Theory Wellness
",,,,,,,,,2023-08-13T15:34:53.223750,,,,,,,,,,
,,,MANU0055,,,502,VTCCB,Vermont Cannabis Control Board,Adult-Use,VT,,,,,Vermont Alter-Native LLC,,,,,,,,,2023-08-13T15:34:53.223750,,,,,,,,,,
,,,"
MANU0056
",,,503,VTCCB,Vermont Cannabis Control Board,Adult-Use,VT,,,,,Valley Organics DBA The Evidence Room,,,,,,,,,2023-08-13T15:34:53.223750,,,,,,,,,,
,,,MANU0057,,,504,VTCCB,Vermont Cannabis Control Board,Adult-Use,VT,,,,,"
Tao Labs LTD CO
",,,,,,,,,2023-08-13T15:34:53.223750,,,,,,,,,,
,,,"
MANU0059
",,,505,VTCCB,Vermont Cannabis Control Board,Adult-Use,VT,,,,,"
Urban Herbn dba The House of Doja
",,,,,,,,,2023-08-13T15:34:53.223750,,,,,,,,,,
,,,"
MANU0066
",,,506,VTCCB,Vermont Cannabis Control Board,Adult-Use,VT,,,,,"
Vermont Essentials Manufacturing, LLC d/b/a Vermont Essentials
",,,,,,,,,2023-08-13T15:34:53.223750,,,,,,,,,,
,,,"
MANU0065
",,,507,VTCCB,Vermont Cannabis Control Board,Adult-Use,VT,,,,,"
Rhize Cannabis Company, LLC
",,,,,,,,,2023-08-13T15:34:53.223750,,,,,,,,,,
,,,"
MANU0064
",,,508,VTCCB,Vermont Cannabis Control Board,Adult-Use,VT,,,,,"
Craft Cannabis Co. Manufacturing, LLC
",,,,,,,,,2023-08-13T15:34:53.223750,,,,,,,,,,
,,,"
MANU0063
",,,509,VTCCB,Vermont Cannabis Control Board,Adult-Use,VT,,,,,"
Root to Vitality Cannabis LLC
",,,,,,,,,2023-08-13T15:34:53.223750,,,,,,,,,,
,,,"
MANU0062
",,,510,VTCCB,Vermont Cannabis Control Board,Adult-Use,VT,,,,,"
Last Minute Farm, LLC
",,,,,,,,,2023-08-13T15:34:53.223750,,,,,,,,,,
,,,"
MANU0060
",,,511,VTCCB,Vermont Cannabis Control Board,Adult-Use,VT,,,,,"
Green River Cannabis Company Edibles LLC
",,,,,,,,,2023-08-13T15:34:53.223750,,,,,,,,,,
,,,,,,512,VTCCB,Vermont Cannabis Control Board,Adult-Use,VT,,,,,,,,,,,,,,2023-08-13T15:34:53.223750,,,,,,,,,,
,,,"
MANU0005
",,,513,VTCCB,Vermont Cannabis Control Board,Adult-Use,VT,,,,,"
Kria Commons, LLC
",,,,,,,,,2023-08-13T15:34:53.223750,,,,,,,,,,
,,,"
MANU0008
",,,514,VTCCB,Vermont Cannabis Control Board,Adult-Use,VT,,,,,"
X-Tract Vermont LLC
",,,,,,,,,2023-08-13T15:34:53.223750,,,,,,,,,,
,,,"
MANU0011
",,,515,VTCCB,Vermont Cannabis Control Board,Adult-Use,VT,,,,,"
Satori Investment Partners VT LLC (d/b/a/ Satori VT and Northeast Processing)
",,,,,,,,,2023-08-13T15:34:53.223750,,,,,,,,,,
,,,"
MANU0012
",,,516,VTCCB,Vermont Cannabis Control Board,Adult-Use,VT,,,,,"
Tilia Processing LLC
",,,,,,,,,2023-08-13T15:34:53.223750,,,,,,,,,,
,,,"
MANU0019
",,,517,VTCCB,Vermont Cannabis Control Board,Adult-Use,VT,,,,,"
Green Mountain Scientific Corp.
",,,,,,,,,2023-08-13T15:34:53.223750,,,,,,,,,,
,,,"
MANU0036
",,,518,VTCCB,Vermont Cannabis Control Board,Adult-Use,VT,,,,,"
Drink Taunik LLC
",,,,,,,,,2023-08-13T15:34:53.223750,,,,,,,,,,
,,,"
MANU0027
",,,519,VTCCB,Vermont Cannabis Control Board,Adult-Use,VT,,,,,Vermont Kind Manufacturing LLC,,,,,,,,,2023-08-13T15:34:53.223750,,,,,,,,,,
,,,MANU0044,,,520,VTCCB,Vermont Cannabis Control Board,Adult-Use,VT,,,,,"
Gaston Weed Company
",,,,,,,,,2023-08-13T15:34:53.223750,,,,,,,,,,
,,,MANU0047,,,521,VTCCB,Vermont Cannabis Control Board,Adult-Use,VT,,,,,"
Rutland Craft Cannabis LTD CO
",,,,,,,,,2023-08-13T15:34:53.223750,,,,,,,,,,
,,,"
WHSL0001
",,,522,VTCCB,Vermont Cannabis Control Board,Adult-Use,VT,,,,,Park Rec LLC d/b/a FLORA Cannabis,,,,,,,,,2023-08-13T15:34:53.223750,,,,,,,,,,
,,,"
WHSL0005
",,,523,VTCCB,Vermont Cannabis Control Board,Adult-Use,VT,,,,,Mend Botanical LLC,,,,,,,,,2023-08-13T15:34:53.223750,,,,,,,,,,
,,,"
WHSL0004
",,,524,VTCCB,Vermont Cannabis Control Board,Adult-Use,VT,,,,,"
Apex Arboretum Inc. dba Upstate Elevator Operators
",,,,,,,,,2023-08-13T15:34:53.223750,,,,,,,,,,
,,,"
WHSL0008
",,,525,VTCCB,Vermont Cannabis Control Board,Adult-Use,VT,,,,,Big Intelligence Group,,,,,,,,,2023-08-13T15:34:53.223750,,,,,,,,,,
,,,"
WHSL0002
",,,526,VTCCB,Vermont Cannabis Control Board,Adult-Use,VT,,,,,Vermont Cannabis Distributors,,,,,,,,,2023-08-13T15:34:53.223750,,,,,,,,,,
,,,"
WHSL0003
",,,527,VTCCB,Vermont Cannabis Control Board,Adult-Use,VT,,,,,Northern Craft Cannabis,,,,,,,,,2023-08-13T15:34:53.223750,,,,,,,,,,
,,,"
WHSL0007
",,,528,VTCCB,Vermont Cannabis Control Board,Adult-Use,VT,,,,,Ojorojo Cannabis,,,,,,,,,2023-08-13T15:34:53.223750,,,,,,,,,,
,,,"
WHSL0009
",,,529,VTCCB,Vermont Cannabis Control Board,Adult-Use,VT,,,,,Family Tree LLC,,,,,,,,,2023-08-13T15:34:53.223750,,,,,,,,,,
,,,"
WHSL0006
",,,530,VTCCB,Vermont Cannabis Control Board,Adult-Use,VT,,,,,"
Satori Investment Partners VT LLC (d/b/a/ Satori VT and Northeast Processing)
",,,,,,,,,2023-08-13T15:34:53.223750,,,,,,,,,,
,,,"
WHSL0010
",,,531,VTCCB,Vermont Cannabis Control Board,Adult-Use,VT,,,,,"
Lavishly Sweet, LLC; Lavishly Sweet
",,,,,,,,,2023-08-13T15:34:53.223750,,,,,,,,,,
,,,"
WHSL0011
",,,532,VTCCB,Vermont Cannabis Control Board,Adult-Use,VT,,,,,"
Altius THC LLC
",,,,,,,,,2023-08-13T15:34:53.223750,,,,,,,,,,
430562,#Hashtag,,Adult-Use Retailer,,KING,6033581390010004.0,WSLCB,Washington State Liquor and Cannabis Board,Adult-Use,WA,,,,,#Hashtag,,,,,,,5042315918,,2023-08-08T00:00:00,,,SEATTLE                 ,48.7566916,-122.4661538,224 NICKERSON ST,981091622,ACTIVE (ISSUED),,
423413,112Th Street Cannabis,,Adult-Use Retailer,,PIERCE,6033491670010006.0,WSLCB,Washington State Liquor and Cannabis Board,Adult-Use,WA,,,,,112Th Street Cannabis,,,,,,,2069924008,,2023-08-08T00:00:00,,,PUYALLUP                ,48.81460389999999,-122.5440638,5809 112TH ST E BLDG B,983734323,ACTIVE (ISSUED),,
355469,2020 Cannabis Solutions Mt Baker Highway,,Adult-Use Retailer,,WHATCOM,6043490200010002.0,WSLCB,Washington State Liquor and Cannabis Board,Adult-Use,WA,,,,,2020 Cannabis Solutions Mt Baker Highway,,,,,,,3607342020,,2023-08-08T00:00:00,,,BELLINGHAM              ,46.3111787,-117.994324,1706 MT BAKER HWY,982268721,ACTIVE (ISSUED),,
422239,2020 Solutions Ephrata,,Adult-Use Retailer,,GRANT,6035723460010001.0,WSLCB,Washington State Liquor and Cannabis Board,Adult-Use,WA,,,,,2020 Solutions Ephrata,,,,,,,3609154944,,2023-08-08T00:00:00,,,EPHRATA                 ,47.0485411,-122.7956133,1615 BASIN ST SW,988232134,ACTIVE (ISSUED),,
415470,2020 Solutions Iron Street,,Adult-Use Retailer,,WHATCOM,6043490150010001.0,WSLCB,Washington State Liquor and Cannabis Board,Adult-Use,WA,,,,,2020 Solutions Iron Street,,,,,,,2068180966,,2023-08-08T00:00:00,,,BELLINGHAM              ,47.00441000000001,-123.4043577,2018 IRON ST STE A,982264212,ACTIVE (ISSUED),,
420908,2020 Solutions Pacific Highway,,Adult-Use Retailer,,WHATCOM,6043490230010001.0,WSLCB,Washington State Liquor and Cannabis Board,Adult-Use,WA,,,,,2020 Solutions Pacific Highway,,,,,,,3607342020,,2023-08-08T00:00:00,,,BELLINGHAM              ,47.049947,-122.994932,4770 PACIFIC HWY STE A,982269049,ACTIVE (ISSUED),,
422363,2020 Solutions Soap Lake,,Adult-Use Retailer,,GRANT,6035723460010002.0,WSLCB,Washington State Liquor and Cannabis Board,Adult-Use,WA,,,,,2020 Solutions Soap Lake,,,,,,,3609154944,,2023-08-08T00:00:00,,,SOAP LAKE               ,47.5548932,-122.2901412,261 STATE HWY 28 WEST,988510000,ACTIVE (ISSUED),,
364709,20After4,,Adult-Use Retailer,,COWLITZ,6033492700010006.0,WSLCB,Washington State Liquor and Cannabis Board,Adult-Use,WA,,,,,20After4,,,,,,,3605629420,,2023-08-08T00:00:00,,,WOODLAND                ,47.822625,-122.2064398,1511 N GOERIG ST,986748466,ACTIVE (ISSUED),,
428654,28 Grahams Cannabis,,Adult-Use Retailer,,PIERCE,6031183740010004.0,WSLCB,Washington State Liquor and Cannabis Board,Adult-Use,WA,,,,,28 Grahams Cannabis,,,,,,,2537405648,,2023-08-08T00:00:00,,,GRAHAM                  ,46.2197696,-119.7845671,10315 200TH ST E,983380000,ACTIVE (ISSUED),,
422099,365 Recreational Cannabis,,Adult-Use Retailer,,COLUMBIA,6041520640010001.0,WSLCB,Washington State Liquor and Cannabis Board,Adult-Use,WA,,,,,365 Recreational Cannabis,,,,,,,5093823161,,2023-08-08T00:00:00,,,DAYTON                  ,48.462616,-122.581321,36711 U.S. HIGHWAY 12,983288622,ACTIVE (ISSUED),,
423784,365 Recreational Cannabis,,Adult-Use Retailer,,KING,6034296550010002.0,WSLCB,Washington State Liquor and Cannabis Board,Adult-Use,WA,,,,,365 Recreational Cannabis,,,,,,,2065577778,,2023-08-08T00:00:00,,,SHORELINE               ,47.1243025,-119.29043,17517 15TH AVE NE #B,981553801,ACTIVE (ISSUED),,
430369,395 Herb,,Adult-Use Retailer,,STEVENS,6042834300010002.0,WSLCB,Washington State Liquor and Cannabis Board,Adult-Use,WA,,,,,395 Herb,,,,,,,5096440420,,2023-08-08T00:00:00,,,LOON LAKE               ,47.70695500000001,-117.1169984,3948B 3RD AVE UNIT 2,991489683,ACTIVE (ISSUED),,
413586,4:20 Friendly,,Adult-Use Retailer,,SPOKANE,6033515760010001.0,WSLCB,Washington State Liquor and Cannabis Board,Adult-Use,WA,,,,,4:20 Friendly,,,,,,,5094990999,,2023-08-08T00:00:00,,,SPOKANE                 ,48.1052754,-123.3734375,1515 LEWIS ST,992249785,ACTIVE (ISSUED),,
424848,420 Capitol,,Adult-Use Retailer,,THURSTON,6035340690010002.0,WSLCB,Washington State Liquor and Cannabis Board,Adult-Use,WA,,,,,420 Capitol,,,,,,,3604026368,,2023-08-08T00:00:00,,,TUMWATER                ,48.1046199,-123.3764364,5980 CAPITOL BLVD SE,985015274,ACTIVE (ISSUED),,
415083,420 Carpenter,,Adult-Use Retailer,,THURSTON,6033585480010002.0,WSLCB,Washington State Liquor and Cannabis Board,Adult-Use,WA,,,,,420 Carpenter,,,,,,,3604026368,,2023-08-08T00:00:00,,,LACEY                   ,47.6568115,-122.6867313,422 CARPENTER RD STE 105,985037906,ACTIVE (ISSUED),,
426678,420 Elma On Main,,Adult-Use Retailer,,GRAYS HARBOR,6035792630010002.0,WSLCB,Washington State Liquor and Cannabis Board,Adult-Use,WA,,,,,420 Elma On Main,,,,,,,2539061919,,2023-08-08T00:00:00,,,ELMA                    ,48.9367674,-122.6684669,306 W MAIN ST,985410000,ACTIVE (ISSUED),,
428560,420 Grand Central,,Adult-Use Retailer,,THURSTON,6041829490010002.0,WSLCB,Washington State Liquor and Cannabis Board,Adult-Use,WA,,,,,420 Grand Central,,,,,,,3604026368,,2023-08-08T00:00:00,,,ROCHESTER               ,48.300546,-117.7609474,19941 OLD HIGHWAY 99 SW,985798689,ACTIVE (ISSUED),,
415526,420 Holiday,,Adult-Use Retailer,,COWLITZ,6033592380010001.0,WSLCB,Washington State Liquor and Cannabis Board,Adult-Use,WA,,,,,420 Holiday,,,,,,,3607033103,,2023-08-08T00:00:00,,,LONGVIEW                ,47.0509658,-122.7918791,2028 10TH AVE,986324007,ACTIVE (ISSUED),,
414550,420 Spot Shop,,Adult-Use Retailer,,KITSAP,6034051800010001.0,WSLCB,Washington State Liquor and Cannabis Board,Adult-Use,WA,,,,,420 Spot Shop,,,,,,,3603405966,,2023-08-08T00:00:00,,,PORT ORCHARD            ,46.9988413,-122.919283,1374 SE LUND AVE,983665628,ACTIVE (ISSUED),,
414733,420 West,,Adult-Use Retailer,,THURSTON,6033585480010001.0,WSLCB,Washington State Liquor and Cannabis Board,Adult-Use,WA,,,,,420 West,,,,,,,3604026368,,2023-08-08T00:00:00,,,OLYMPIA                 ,47.4892614,-122.1935823,410 RONLEE LN NW A1,985029266,ACTIVE (ISSUED),,
421491,A & J Management Group,,Adult-Use Retailer,,THURSTON,6032945690010002.0,WSLCB,Washington State Liquor and Cannabis Board,Adult-Use,WA,,,,,A & J Management Group,,,,,,,5055507710,,2023-08-08T00:00:00,,,OLYMPIA                 ,47.0441733,-124.1564255,234 DIVISION ST NW STE B,985024916,ACTIVE (ISSUED),,
414441,A Greener Today Marijuana,,Adult-Use Retailer,,KING,6034501390010005.0,WSLCB,Washington State Liquor and Cannabis Board,Adult-Use,WA,,,,,A Greener Today Marijuana,,,,,,,2066877877,,2023-08-08T00:00:00,,,SEATTLE                 ,48.8463958,-122.4863354,5209 MARTIN LUTHER KING JR. WAY S,981186131,ACTIVE (ISSUED),,
414814,A Greener Today Marijuana,,Adult-Use Retailer,,KING,6034501390010003.0,WSLCB,Washington State Liquor and Cannabis Board,Adult-Use,WA,,,,,A Greener Today Marijuana,,,,,,,2068017756,,2023-08-08T00:00:00,,,SHORELINE               ,48.42669799999999,-122.359275,16053 AURORA AVE N STE B STE B,981332610,ACTIVE (ISSUED),,
422044,A Greener Today Marijuana,,Adult-Use Retailer,,SNOHOMISH,6041339060010001.0,WSLCB,Washington State Liquor and Cannabis Board,Adult-Use,WA,,,,,A Greener Today Marijuana,,,,,,,4257736021,,2023-08-08T00:00:00,,,BOTHELL                 ,48.7397376,-122.4703586,19315 BOTHELL EVERETT HWY #1 UNIT 1,980127112,ACTIVE (ISSUED),,
422168,A Greener Today Marijuana-Gold Bar,,Adult-Use Retailer,,SNOHOMISH,6035559160010003.0,WSLCB,Washington State Liquor and Cannabis Board,Adult-Use,WA,,,,,A Greener Today Marijuana-Gold Bar,,,,,,,4257736037,,2023-08-08T00:00:00,,,GOLD BAR                ,48.011261,-122.7674567,16810 415TH AVE SE STE A-2,982510000,ACTIVE (ISSUED),,
422109,A Greener Today Marijuana-Lynnwood,,Adult-Use Retailer,,SNOHOMISH,6035559160010002.0,WSLCB,Washington State Liquor and Cannabis Board,Adult-Use,WA,,,,,A Greener Today Marijuana-Lynnwood,,,,,,,4257736037,,2023-08-08T00:00:00,,,LYNNWOOD                ,47.1844298,-122.4623674,14608 HWY 99 SUITE #304,980875500,ACTIVE (ISSUED),,
426039,A Greener Today Walla Walla,,Adult-Use Retailer,,WALLA WALLA,6035146970010003.0,WSLCB,Washington State Liquor and Cannabis Board,Adult-Use,WA,,,,,A Greener Today Walla Walla,,,,,,,2063803608,,2023-08-08T00:00:00,,,WALLA WALLA             ,47.2325274,-122.4732416,655 WEST POPLAR ST,993620000,ACTIVE (ISSUED),,
422849,A Pipe Dream,,Adult-Use Retailer,,LEWIS,6035939070010002.0,WSLCB,Washington State Liquor and Cannabis Board,Adult-Use,WA,,,,,A Pipe Dream,,,,,,,2069632900,,2023-08-08T00:00:00,,,MORTON                  ,47.4445106,-120.3281151,RETAIL TITLE CERTIFICATE,983560000,ACTIVE TITLE CERTIFICATE,,
421114,Abcdef LLC,,Adult-Use Retailer,,CLARK,6047542880010001.0,WSLCB,Washington State Liquor and Cannabis Board,Adult-Use,WA,,,,,Abcdef LLC,,,,,,,3609097037,,2023-08-08T00:00:00,,,CAMAS                   ,47.2231125,-122.4660551,RETAIL TITLE CERTIFICATE,986072454,ACTIVE TITLE CERTIFICATE,,
422765,Access Canibus LLC,,Adult-Use Retailer,,STEVENS,6035572950010001.0,WSLCB,Washington State Liquor and Cannabis Board,Adult-Use,WA,,,,,Access Canibus LLC,,,,,,,3604703051,,2023-08-08T00:00:00,,,VALLEY                  ,48.86148,-122.5851326,3082 WAITTS LAKE RD,991810000,ACTIVE (ISSUED),,
422663,Alien Commander LLC,,Adult-Use Retailer,,KING,6043425950000000.0,WSLCB,Washington State Liquor and Cannabis Board,Adult-Use,WA,,,,,Alien Commander LLC,,,,,,,2064099468,,2023-08-08T00:00:00,,,BELLEVUE                ,47.6022678,-122.6284978,RETAIL TITLE CERTIFICATE,980040000,ACTIVE TITLE CERTIFICATE,,
420497,Alkaloid Cannabis Co,,Adult-Use Retailer,,SPOKANE,6035725900010001.0,WSLCB,Washington State Liquor and Cannabis Board,Adult-Use,WA,,,,,Alkaloid Cannabis Co,,,,,,,5097037058,,2023-08-08T00:00:00,,,SPOKANE                 ,47.2497057,-122.4906391,11414 N NEWPORT HWY,992181616,ACTIVE (ISSUED),,
414225,Altitude,,Adult-Use Retailer,,BENTON,6033570900010001.0,WSLCB,Washington State Liquor and Cannabis Board,Adult-Use,WA,,,,,Altitude,,,,,,,5097864200,,2023-08-08T00:00:00,,,PROSSER                 ,47.6623937,-122.3683572,260 MERLOT DR,993509533,ACTIVE (ISSUED),,
415486,Always Greener Downtown,,Adult-Use Retailer,,KING,6034023580010003.0,WSLCB,Washington State Liquor and Cannabis Board,Adult-Use,WA,,,,,Always Greener Downtown,,,,,,,4258615497,,2023-08-08T00:00:00,,,REDMOND                 ,47.6902366,-122.3449915,15937 REDMOND WAY STE B,980523836,ACTIVE (ISSUED),,
422954,American Harvest,,Adult-Use Retailer,,CHELAN,6033525730010005.0,WSLCB,Washington State Liquor and Cannabis Board,Adult-Use,WA,,,,,American Harvest,,,,,,,5033177035,,2023-08-08T00:00:00,,,PESHASTIN               ,47.5936989,-122.6138684,7550 US 97,988470000,ACTIVE (ISSUED),,
410332,American Mary,,Adult-Use Retailer,,KING,6033452790010001.0,WSLCB,Washington State Liquor and Cannabis Board,Adult-Use,WA,,,,,American Mary,,,,,,,3038295712,,2023-08-08T00:00:00,,,SEATTLE                 ,45.6448615,-122.6021274,321 NE 45TH ST,981056133,ACTIVE (ISSUED),,
420292,American Mary Cannabis 21+,,Adult-Use Retailer,,KING,6031478630010001.0,WSLCB,Washington State Liquor and Cannabis Board,Adult-Use,WA,,,,,American Mary Cannabis 21+,,,,,,,3038295712,,2023-08-08T00:00:00,,,SEATTLE                 ,48.503226,-122.2464773,5300 17TH AVE NW STE A,981073815,ACTIVE (ISSUED),,
421652,Anacortes Cannabis,,Adult-Use Retailer,,SKAGIT,6033570100010002.0,WSLCB,Washington State Liquor and Cannabis Board,Adult-Use,WA,,,,,Anacortes Cannabis,,,,,,,3605886222,,2023-08-08T00:00:00,,,ANACORTES               ,48.3898861,-122.3352197,7656 STATE ROUTE 20 UNIT A,982218311,ACTIVE (ISSUED),,
421110,Apex Cannabis,,Adult-Use Retailer,,GRANT,6033264170010002.0,WSLCB,Washington State Liquor and Cannabis Board,Adult-Use,WA,,,,,Apex Cannabis,,,,,,,5094990646,,2023-08-08T00:00:00,,,MOSES LAKE              ,47.0508347,-122.7969407,955 W BROADWAY AVE,988370000,ACTIVE (ISSUED),,
422447,Apex Cannabis,,Adult-Use Retailer,,SPOKANE,6033264170010004.0,WSLCB,Washington State Liquor and Cannabis Board,Adult-Use,WA,,,,,Apex Cannabis,,,,,,,5094990646,,2023-08-08T00:00:00,,,OTIS ORCHARDS           ,46.1647937,-122.9158913,21502 E GILBERT RD,990279241,ACTIVE (ISSUED),,
425767,Apex Cannabis,,Adult-Use Retailer,,SPOKANE,6033264170010008.0,WSLCB,Washington State Liquor and Cannabis Board,Adult-Use,WA,,,,,Apex Cannabis,,,,,,,5094990646,,2023-08-08T00:00:00,,,SPOKANE                 ,46.1956569,-123.3636068,1325 N DIVISION ST STE 104,992021808,ACTIVE (ISSUED),,
422460,Aristocrat Enterprises Ii,,Adult-Use Retailer,,CLALLAM,6047743750010001.0,WSLCB,Washington State Liquor and Cannabis Board,Adult-Use,WA,,,,,Aristocrat Enterprises Ii,,,,,,,2062000462,,2023-08-08T00:00:00,,,PORT ANGELES            ,48.0123749,-122.5415973,"2947 E HWY 101 STE A, B SUITE A AND B",983629059,ACTIVE (ISSUED),,
414381,Awow Inc. (Title Owner Only),,Adult-Use Retailer,,KING,6034023650000000.0,WSLCB,Washington State Liquor and Cannabis Board,Adult-Use,WA,,,,,Awow Inc. (Title Owner Only),,,,,,,4258299707,,2023-08-08T00:00:00,,,KENT                    ,47.4470639,-122.830186,RETAIL TITLE CERTIFICATE,980320000,ACTIVE TITLE CERTIFICATE,,
414558,B Street Bud,,Adult-Use Retailer,,GRANT,6032410690010002.0,WSLCB,Washington State Liquor and Cannabis Board,Adult-Use,WA,,,,,B Street Bud,,,,,,,5096332453,,2023-08-08T00:00:00,,,GRAND COULEE            ,47.34373009999999,-122.0178749,400 BURDIN AVE,991335009,ACTIVE (ISSUED),,
357353,Barnies Greenery LLC (Title Owner Only),,Adult-Use Retailer,,LEWIS,6043079930000000.0,WSLCB,Washington State Liquor and Cannabis Board,Adult-Use,WA,,,,,Barnies Greenery LLC (Title Owner Only),,,,,,,2532731260,,2023-08-08T00:00:00,,,WINLOCK                 ,46.1435898,-122.9281283,RETAIL TITLE CERTIFICATE,985969750,ACTIVE TITLE CERTIFICATE,,
415127,Bayshore Cannabis Co,,Adult-Use Retailer,,MASON,6041578100010001.0,WSLCB,Washington State Liquor and Cannabis Board,Adult-Use,WA,,,,,Bayshore Cannabis Co,,,,,,,2062344663,,2023-08-08T00:00:00,,,SHELTON                 ,47.0432269,-122.8571266,3831 HIGHWAY 3,985840000,ACTIVE (ISSUED),,
422298,Belfair Cannabis Company,,Adult-Use Retailer,,MASON,6045863300010003.0,WSLCB,Washington State Liquor and Cannabis Board,Adult-Use,WA,,,,,Belfair Cannabis Company,,,,,,,4044063054,,2023-08-08T00:00:00,,,BELFAIR                 ,48.7944259,-122.4853411,24090 NE STATE ROUTE 3 STE I,985289665,ACTIVE (ISSUED),,
421709,Better Buds,,Adult-Use Retailer,,JEFFERSON,6035924360010001.0,WSLCB,Washington State Liquor and Cannabis Board,Adult-Use,WA,,,,,Better Buds,,,,,,,3607316611,,2023-08-08T00:00:00,,,PORT HADLOCK            ,46.1703283,-119.0512156,841 NESS CORNER RD STE B STE B,983399572,ACTIVE (ISSUED),,
422525,Better Buds,,Adult-Use Retailer,,CLALLAM,6033530980010005.0,WSLCB,Washington State Liquor and Cannabis Board,Adult-Use,WA,,,,,Better Buds,,,,,,,3607316611,,2023-08-08T00:00:00,,,PORT ANGELES            ,47.20897679999999,-118.2268762,2840 E HWY 101,983629080,ACTIVE (ISSUED),,
425965,Better Buds,,Adult-Use Retailer,,KITSAP,6033530980010004.0,WSLCB,Washington State Liquor and Cannabis Board,Adult-Use,WA,,,,,Better Buds,,,,,,,3607316611,,2023-08-08T00:00:00,,,SILVERDALE              ,46.4152414,-117.0458336,10384 SILVERDALE WAY NW STE 10,983837670,ACTIVE (ISSUED),,
430175,Better Buds,,Adult-Use Retailer,,COWLITZ,6046285230010001.0,WSLCB,Washington State Liquor and Cannabis Board,Adult-Use,WA,,,,,Better Buds,,,,,,,3607033791,,2023-08-08T00:00:00,,,LONGVIEW                ,46.12072209999999,-122.9327116,946 WASHINGTON WAY STE 100,986324030,ACTIVE (ISSUED),,
429761,Birch Bay Budz,,Adult-Use Retailer,,WHATCOM,6043510130010003.0,WSLCB,Washington State Liquor and Cannabis Board,Adult-Use,WA,,,,,Birch Bay Budz,,,,,,,5092094569,,2023-08-08T00:00:00,,,BLAINE                  ,46.6197842,-120.5114786,8125 BIRCH BAY SQUARE ST #222,982309660,ACTIVE (ISSUED),,
415064,Blaine Cannabis,,Adult-Use Retailer,,WHATCOM,6045989840010001.0,WSLCB,Washington State Liquor and Cannabis Board,Adult-Use,WA,,,,,Blaine Cannabis,,,,,,,3603328922,,2023-08-08T00:00:00,,,BLAINE                  ,47.4876598,-122.2590488,922 PEACE PORTAL DR,982304409,ACTIVE (ISSUED),,
350766,Bloom,,Adult-Use Retailer,,SNOHOMISH,6048652490010001.0,WSLCB,Washington State Liquor and Cannabis Board,Adult-Use,WA,,,,,Bloom,,,,,,,5038057828,,2023-08-08T00:00:00,,,EVERETT                 ,47.6761716,-122.3653162,11311 HWY 99,982044816,ACTIVE (ISSUED),,
414103,Bloom,,Adult-Use Retailer,,PIERCE,6048643700010001.0,WSLCB,Washington State Liquor and Cannabis Board,Adult-Use,WA,,,,,Bloom,,,,,,,5038057828,,2023-08-08T00:00:00,,,TACOMA                  ,47.5129865,-122.6309403,10707 PACIFIC AVE S SUITE D,984446098,ACTIVE (ISSUED),,
422202,Blowin Smoke,,Adult-Use Retailer,,STEVENS,6030688930010003.0,WSLCB,Washington State Liquor and Cannabis Board,Adult-Use,WA,,,,,Blowin Smoke,,,,,,,5099357420,,2023-08-08T00:00:00,,,CHEWELAH                ,45.6703298,-122.5311292,1967 HIGHWAY 395 S STE C,991099708,ACTIVE (ISSUED),,
421335,Bud Barn,,Adult-Use Retailer,,THURSTON,6043374800010001.0,WSLCB,Washington State Liquor and Cannabis Board,Adult-Use,WA,,,,,Bud Barn,,,,,,,3605150258,,2023-08-08T00:00:00,,,OLYMPIA                 ,48.0087717,-122.526794,6725 MARTIN WAY E,985165541,ACTIVE (ISSUED),,
428005,Bud Barn,,Adult-Use Retailer,,THURSTON,6043374800010002.0,WSLCB,Washington State Liquor and Cannabis Board,Adult-Use,WA,,,,,Bud Barn,,,,,,,3609601220,,2023-08-08T00:00:00,,,YELM                    ,48.3157876,-122.6318312,10619 VANCIL RD SE,985979504,ACTIVE (ISSUED),,
413802,Bud Commander,,Adult-Use Retailer,,THURSTON,6033518190010001.0,WSLCB,Washington State Liquor and Cannabis Board,Adult-Use,WA,,,,,Bud Commander,,,,,,,3606881709,,2023-08-08T00:00:00,,,TUMWATER                ,47.37070079999999,-122.3030014,849 TROSPER RD SW STE 207,985128145,ACTIVE (ISSUED),,
422332,Bud Hut,,Adult-Use Retailer,,SAN JUAN,6035726930010004.0,WSLCB,Washington State Liquor and Cannabis Board,Adult-Use,WA,,,,,Bud Hut,,,,,,,3606681111,,2023-08-08T00:00:00,,,FRIDAY HARBOR           ,47.9408902,-122.2171173,70 SALTSPRING DR UNIT 2A UNIT 2A,982509062,ACTIVE (ISSUED),,
413893,Buddy's,,Adult-Use Retailer,,KING,6033590560010001.0,WSLCB,Washington State Liquor and Cannabis Board,Adult-Use,WA,,,,,Buddy's,,,,,,,4252269333,,2023-08-08T00:00:00,,,RENTON                  ,47.0535069,-122.7832525,420 SUNSET BLVD N STE A,980555512,ACTIVE (ISSUED),,
420661,Budeez,,Adult-Use Retailer,,KITSAP,6035688640010001.0,WSLCB,Washington State Liquor and Cannabis Board,Adult-Use,WA,,,,,Budeez,,,,,,,3606207114,,2023-08-08T00:00:00,,,BREMERTON               ,47.5161712,-122.3548285,2111 E 11TH ST,983104810,ACTIVE (ISSUED),,
410831,Budhut,,Adult-Use Retailer,,KING,6045346320010005.0,WSLCB,Washington State Liquor and Cannabis Board,Adult-Use,WA,,,,,Budhut,,,,,,,2066932900,,2023-08-08T00:00:00,,,MAPLE VALLEY            ,47.6562734,-117.4288183,26207 MAPLE VALLEY BLACK DIAMOND RD #C,980388378,ACTIVE (ISSUED),,
413901,Budhut,,Adult-Use Retailer,,ISLAND,6045346320010001.0,WSLCB,Washington State Liquor and Cannabis Board,Adult-Use,WA,,,,,Budhut,,,,,,,2066932900,,2023-08-08T00:00:00,,,CAMANO ISLAND           ,48.24011549999999,-122.421527,1131 E STATE ROUTE 532,982828833,ACTIVE (ISSUED),,
415504,Budhut,,Adult-Use Retailer,,SNOHOMISH,6045346320010002.0,WSLCB,Washington State Liquor and Cannabis Board,Adult-Use,WA,,,,,Budhut,,,,,,,2066932900,,2023-08-08T00:00:00,,,EVERETT                 ,45.7131524,-121.4628957,11603 HWY 99,982044811,ACTIVE (ISSUED),,
421005,Buds Garage,,Adult-Use Retailer,,SNOHOMISH,6033500470010006.0,WSLCB,Washington State Liquor and Cannabis Board,Adult-Use,WA,,,,,Buds Garage,,,,,,,4253219471,,2023-08-08T00:00:00,,,EVERETT                 ,46.8031017,-123.0147132,3015 EVERETT AVE,982013822,ACTIVE (ISSUED),,
424633,Canna Green LLC (Title Owner Only),,Adult-Use Retailer,,FRANKLIN,6043926110010001.0,WSLCB,Washington State Liquor and Cannabis Board,Adult-Use,WA,,,,,Canna Green LLC (Title Owner Only),,,,,,,2532056704,,2023-08-08T00:00:00,,,OTHELLO                 ,47.2024777,-123.0913025,RETAIL TITLE CERTIFICATE,993440000,ACTIVE TITLE CERTIFICATE,,
420666,Canna West Seattle,,Adult-Use Retailer,,KING,6033595980010008.0,WSLCB,Washington State Liquor and Cannabis Board,Adult-Use,WA,,,,,Canna West Seattle,,,,,,,2066969240,,2023-08-08T00:00:00,,,SEATTLE                 ,48.1219256,-123.4441289,5440 CALIFORNIA AVE SW,981361513,ACTIVE (ISSUED),,
414211,Canna4Life,,Adult-Use Retailer,,ASOTIN,6034482820010001.0,WSLCB,Washington State Liquor and Cannabis Board,Adult-Use,WA,,,,,Canna4Life,,,,,,,5099903124,,2023-08-08T00:00:00,,,CLARKSTON               ,48.0105373,-122.7660668,721 6TH ST,994032001,ACTIVE (ISSUED),,
360307,Cannabis & Glass,,Adult-Use Retailer,,SPOKANE,6033510980010004.0,WSLCB,Washington State Liquor and Cannabis Board,Adult-Use,WA,,,,,Cannabis & Glass,,,,,,,5099991112,,2023-08-08T00:00:00,,,SPOKANE                 ,48.1049087,-123.3702332,605 E FRANCIS,992080000,ACTIVE (ISSUED),,
353993,Cannabis 21,,Adult-Use Retailer,,GRAYS HARBOR,6033565140010006.0,WSLCB,Washington State Liquor and Cannabis Board,Adult-Use,WA,,,,,Cannabis 21,,,,,,,3606379282,,2023-08-08T00:00:00,,,HOQUIAM                 ,47.6269322,-117.3697479,428 10TH ST,985500000,ACTIVE (ISSUED),,
414712,Cannabis 21,,Adult-Use Retailer,,GRAYS HARBOR,6033565140010007.0,WSLCB,Washington State Liquor and Cannabis Board,Adult-Use,WA,,,,,Cannabis 21,,,,,,,3606379282,,2023-08-08T00:00:00,,,HOQUIAM                 ,47.5051716,-122.3339984,2294 STATE ROUTE 109,985500000,ACTIVE (ISSUED),,
415567,Cannabis 21,,Adult-Use Retailer,,GRAYS HARBOR,6033565140010002.0,WSLCB,Washington State Liquor and Cannabis Board,Adult-Use,WA,,,,,Cannabis 21,,,,,,,3602397149,,2023-08-08T00:00:00,,,ABERDEEN                ,47.7005548,-117.073726,1000 E WISHKAH ST,985200000,ACTIVE (ISSUED),,
412751,Cannabis City,,Adult-Use Retailer,,KING,6033392690010006.0,WSLCB,Washington State Liquor and Cannabis Board,Adult-Use,WA,,,,,Cannabis City,,,,,,,2064204206,,2023-08-08T00:00:00,,,SEATTLE                 ,47.1510213,-122.3576311,421 S LANDER ST STE A,981345105,ACTIVE (ISSUED),,
430237,Cannabis Coast Forks,,Adult-Use Retailer,,CLALLAM,6040821720010003.0,WSLCB,Washington State Liquor and Cannabis Board,Adult-Use,WA,,,,,Cannabis Coast Forks,,,,,,,3603744020,,2023-08-08T00:00:00,,,FORKS                   ,46.9526247,-122.9022719,362 LA PUSH RD,983319504,ACTIVE (ISSUED),,
414970,Cannabis Country Store,,Adult-Use Retailer,,CLARK,6033592740010003.0,WSLCB,Washington State Liquor and Cannabis Board,Adult-Use,WA,,,,,Cannabis Country Store,,,,,,,3607987194,,2023-08-08T00:00:00,,,BATTLE GROUND           ,48.10240899999999,-122.803905,1910 W MAIN ST SUITE 101,986040000,ACTIVE (ISSUED),,
423542,Cannabis Provisions East,,Adult-Use Retailer,,CHELAN,6031854210010003.0,WSLCB,Washington State Liquor and Cannabis Board,Adult-Use,WA,,,,,Cannabis Provisions East,,,,,,,2533347082,,2023-08-08T00:00:00,,,WENATCHEE               ,48.3415365,-122.340631,831 N MILLER ST,988012046,ACTIVE (ISSUED),,
425585,Cannabis Provisions Inc.,,Adult-Use Retailer,,KING,6032377590010004.0,WSLCB,Washington State Liquor and Cannabis Board,Adult-Use,WA,,,,,Cannabis Provisions Inc.,,,,,,,2066295235,,2023-08-08T00:00:00,,,SHORELINE               ,47.8545275,-122.2905244,938 N 200TH ST STE C,981333149,ACTIVE (ISSUED),,
402780,Cannabis Super Store,,Adult-Use Retailer,,KITTITAS,6048417560010002.0,WSLCB,Washington State Liquor and Cannabis Board,Adult-Use,WA,,,,,Cannabis Super Store,,,,,,,3606311239,,2023-08-08T00:00:00,,,CLE ELUM                ,47.68541949999999,-117.262743,705 EAST 1ST ST,989221252,ACTIVE (ISSUED),,
87932,Cannabiz,,Adult-Use Retailer,,PIERCE,6033429340010001.0,WSLCB,Washington State Liquor and Cannabis Board,Adult-Use,WA,,,,,Cannabiz,,,,,,,2532611850,,2023-08-08T00:00:00,,,PUYALLUP                ,48.7958207,-122.5260944,1109 RIVER RD STE A,983713848,ACTIVE (ISSUED),,
415575,Cannablyss,,Adult-Use Retailer,,SNOHOMISH,6033596150010001.0,WSLCB,Washington State Liquor and Cannabis Board,Adult-Use,WA,,,,,Cannablyss,,,,,,,4253277529,,2023-08-08T00:00:00,,,LAKE STEVENS            ,48.11154089999999,-123.4118187,2705 HARTFORD DR STE A,982589204,ACTIVE (ISSUED),,
413366,Cannarail Station,,Adult-Use Retailer,,GRANT,6035548960010001.0,WSLCB,Washington State Liquor and Cannabis Board,Adult-Use,WA,,,,,Cannarail Station,,,,,,,5067541047,,2023-08-08T00:00:00,,,EPHRATA                 ,46.973365,-123.6915344,1448 BASIN ST NW SUITE A,988239695,ACTIVE (ISSUED),,
414060,Cannarex,,Adult-Use Retailer,,SKAGIT,6033457670010003.0,WSLCB,Washington State Liquor and Cannabis Board,Adult-Use,WA,,,,,Cannarex,,,,,,,3604199735,,2023-08-08T00:00:00,,,MOUNT VERNON            ,48.4470609,-122.4300652,2714 HENSON RD,982739036,ACTIVE (ISSUED),,
421813,Cannazone,,Adult-Use Retailer,,WHATCOM,6046842120010002.0,WSLCB,Washington State Liquor and Cannabis Board,Adult-Use,WA,,,,,Cannazone,,,,,,,8602092288,,2023-08-08T00:00:00,,,BELLINGHAM              ,47.5535932,-122.3356019,5655 GUIDE MERIDIAN STE B SUITE B,982269722,ACTIVE (ISSUED),,
422000,Cannazone,,Adult-Use Retailer,,SKAGIT,6050081050010004.0,WSLCB,Washington State Liquor and Cannabis Board,Adult-Use,WA,,,,,Cannazone,,,,,,,8602092115,,2023-08-08T00:00:00,,,MOUNT VERNON            ,47.1482879,-122.3565645,17903 STATE ROUTE 536,982733269,ACTIVE (ISSUED),,
424599,Cannazone,,Adult-Use Retailer,,SKAGIT,6046842120010001.0,WSLCB,Washington State Liquor and Cannabis Board,Adult-Use,WA,,,,,Cannazone,,,,,,,8602092288,,2023-08-08T00:00:00,,,MOUNT VERNON            ,47.0586286,-122.4046637,17905 STATE ROUTE 536,982733269,ACTIVE (ISSUED),,
427742,Cannazone,,Adult-Use Retailer,,SKAGIT,6046842120010004.0,WSLCB,Washington State Liquor and Cannabis Board,Adult-Use,WA,,,,,Cannazone,,,,,,,8602092288,,2023-08-08T00:00:00,,,MOUNT VERNON            ,47.1027386,-119.3125996,3010 OLD HWY 99 SOUTH RD STE B,982739037,ACTIVE (ISSUED),,
430952,Cannazone,,Adult-Use Retailer,,KING,6047143320010001.0,WSLCB,Washington State Liquor and Cannabis Board,Adult-Use,WA,,,,,Cannazone,,,,,,,8602092288,,2023-08-08T00:00:00,,,NORTH BEND              ,47.4041177,-120.2888617,45120 SE NORTH BEND WAY STE B,980459065,ACTIVE (ISSUED),,
414749,Cascade Herb Company,,Adult-Use Retailer,,WHATCOM,6033587380010004.0,WSLCB,Washington State Liquor and Cannabis Board,Adult-Use,WA,,,,,Cascade Herb Company,,,,,,,3607468587,,2023-08-08T00:00:00,,,FERNDALE                ,45.6482799,-122.6405813,6167 PORTAL WAY,982489363,ACTIVE (ISSUED),,
415094,Cascade Herb Company,,Adult-Use Retailer,,WHATCOM,6033587380010002.0,WSLCB,Washington State Liquor and Cannabis Board,Adult-Use,WA,,,,,Cascade Herb Company,,,,,,,3607782357,,2023-08-08T00:00:00,,,BELLINGHAM              ,47.9118534,-122.2075867,1240 E MAPLE ST STE 103,982255749,ACTIVE (ISSUED),,
425539,Cascade Kropz,,Adult-Use Retailer,,SNOHOMISH,6033656030010003.0,WSLCB,Washington State Liquor and Cannabis Board,Adult-Use,WA,,,,,Cascade Kropz,,,,,,,3606595422,,2023-08-08T00:00:00,,,ARLINGTON               ,46.1646426,-122.9998644,19127 SMOKEY POINT BLVD BLDG 1,982234264,ACTIVE (ISSUED),,
420407,Casita Verde LLC (Title Owner Only),,Adult-Use Retailer,,KING,6043218530000000.0,WSLCB,Washington State Liquor and Cannabis Board,Adult-Use,WA,,,,,Casita Verde LLC (Title Owner Only),,,,,,,7328016300,,2023-08-08T00:00:00,,,RENTON                  ,47.6270659,-122.1676481,RETAIL TITLE CERTIFICATE,980575321,ACTIVE TITLE CERTIFICATE,,
433034,Cathlamet Cannabis Company,,Adult-Use Retailer,,WAHKIAKUM,6048614680010001.0,WSLCB,Washington State Liquor and Cannabis Board,Adult-Use,WA,,,,,Cathlamet Cannabis Company,,,,,,,3603499886,,2023-08-08T00:00:00,,,CATHLAMET               ,48.7888455,-122.5145053,295 WA-4,986120000,ACTIVE (ISSUED),,
422745,Cecss2,,Adult-Use Retailer,,KITSAP,6048417560010003.0,WSLCB,Washington State Liquor and Cannabis Board,Adult-Use,WA,,,,,Cecss2,,,,,,,3606311239,,2023-08-08T00:00:00,,,BAINBRIDGE ISLAND       ,47.4496132,-122.8279511,RETAIL TITLE CERTIFICATE,981102188,ACTIVE TITLE CERTIFICATE,,
423272,Chambers Bay Cannabis Company,,Adult-Use Retailer,,PIERCE,6036213440010001.0,WSLCB,Washington State Liquor and Cannabis Board,Adult-Use,WA,,,,,Chambers Bay Cannabis Company,,,,,,,3607101577,,2023-08-08T00:00:00,,,UNIVERSITY PLACE        ,47.0071544,-120.5708343,RETAIL TITLE CERTIFICATE,984664107,ACTIVE TITLE CERTIFICATE,,
413492,Chimacum Cannabis,,Adult-Use Retailer,,JEFFERSON,6035262460010001.0,WSLCB,Washington State Liquor and Cannabis Board,Adult-Use,WA,,,,,Chimacum Cannabis,,,,,,,2066818394,,2023-08-08T00:00:00,,,CHIMACUM                ,47.6433106,-117.5603166,9034 BEAVER VALLEY ROAD,983258781,ACTIVE (ISSUED),,
415222,Chronic Solutions,,Adult-Use Retailer,,SNOHOMISH,6034419610010001.0,WSLCB,Washington State Liquor and Cannabis Board,Adult-Use,WA,,,,,Chronic Solutions,,,,,,,4256737420,,2023-08-08T00:00:00,,,BOTHELL                 ,48.70515289999999,-119.4395039,"212 W WINESAP RD STE 101, 102",980129210,ACTIVE (ISSUED),,
414817,Cinder,,Adult-Use Retailer,,SPOKANE,6033524120010004.0,WSLCB,Washington State Liquor and Cannabis Board,Adult-Use,WA,,,,,Cinder,,,,,,,5092413726,,2023-08-08T00:00:00,,,SPOKANE VALLEY          ,48.7575963,-122.4651159,1421 N MULLAN RD STE B,992064051,ACTIVE (ISSUED),,
422294,Cinder,,Adult-Use Retailer,,SPOKANE,6033524120010006.0,WSLCB,Washington State Liquor and Cannabis Board,Adult-Use,WA,,,,,Cinder,,,,,,,5092413091,,2023-08-08T00:00:00,,,SPOKANE                 ,48.35838829999999,-120.1106777,6010 N DIVISION ST,992081028,ACTIVE (ISSUED),,
423096,Cinder,,Adult-Use Retailer,,SPOKANE,6033423140010004.0,WSLCB,Washington State Liquor and Cannabis Board,Adult-Use,WA,,,,,Cinder,,,,,,,5092410110,,2023-08-08T00:00:00,,,SPOKANE                 ,47.6172918,-122.3263489,927 W 2ND AVE STE 1,992014501,ACTIVE (ISSUED),,
413358,Clear Choice Cannabis,,Adult-Use Retailer,,PIERCE,6032670810010002.0,WSLCB,Washington State Liquor and Cannabis Board,Adult-Use,WA,,,,,Clear Choice Cannabis,,,,,,,2534445444,,2023-08-08T00:00:00,,,TACOMA                  ,47.61335510000001,-122.3021483,8001 S HOSMER ST,984081017,ACTIVE (ISSUED),,
421877,Clear Choice Cannabis,,Adult-Use Retailer,,KITSAP,6041778340010002.0,WSLCB,Washington State Liquor and Cannabis Board,Adult-Use,WA,,,,,Clear Choice Cannabis,,,,,,,2538826344,,2023-08-08T00:00:00,,,BREMERTON               ,47.5149099,-122.3533315,6733 STATE HWY 303 NE,983113736,ACTIVE (ISSUED),,
422713,Clear Mind Cannabis,,Adult-Use Retailer,,FRANKLIN,6032012110010003.0,WSLCB,Washington State Liquor and Cannabis Board,Adult-Use,WA,,,,,Clear Mind Cannabis,,,,,,,3607981619,,2023-08-08T00:00:00,,,PASCO                   ,48.843682,-122.2881646,RETAIL TITLE CERTIFICATE,993016402,ACTIVE TITLE CERTIFICATE,,
414807,Cliffs Cannabis,,Adult-Use Retailer,,KING,6041302810010005.0,WSLCB,Washington State Liquor and Cannabis Board,Adult-Use,WA,,,,,Cliffs Cannabis,,,,,,,2063355857,,2023-08-08T00:00:00,,,ISSAQUAH                ,46.06144010000001,-118.3520478,1410 NW GILMAN BLVD STE A,980275343,ACTIVE (ISSUED),,
413803,Clutch Cannabis,,Adult-Use Retailer,,KING,6033522420010001.0,WSLCB,Washington State Liquor and Cannabis Board,Adult-Use,WA,,,,,Clutch Cannabis,,,,,,,2063210149,,2023-08-08T00:00:00,,,SEATTLE                 ,46.1625072,-122.9986866,11537 RAINIER AVE S,981783984,ACTIVE (ISSUED),,
412940,Cookies Tacoma,,Adult-Use Retailer,,PIERCE,6041326560010002.0,WSLCB,Washington State Liquor and Cannabis Board,Adult-Use,WA,,,,,Cookies Tacoma,,,,,,,2533023121,,2023-08-08T00:00:00,,,TACOMA                  ,47.222817,-122.4788343,3111 S PINE ST,984094711,ACTIVE (ISSUED),,
414065,Craft Cannabis,,Adult-Use Retailer,,CHELAN,6043381880010001.0,WSLCB,Washington State Liquor and Cannabis Board,Adult-Use,WA,,,,,Craft Cannabis,,,,,,,5096799999,,2023-08-08T00:00:00,,,WENATCHEE               ,47.583461,-122.3295301,1510 N WENATCHEE AVE,988011157,ACTIVE (ISSUED),,
431536,"Craft Cannabis, Inc.",,Adult-Use Retailer,,CLARK,6045325900010002.0,WSLCB,Washington State Liquor and Cannabis Board,Adult-Use,WA,,,,,"Craft Cannabis, Inc.",,,,,,,5033417097,,2023-08-08T00:00:00,,,VANCOUVER               ,45.68479139999999,-122.6011535,8603 NE ANDRESEN RD,986659364,ACTIVE (ISSUED),,
85059,Craft Leavenworth,,Adult-Use Retailer,,CHELAN,6047800470010001.0,WSLCB,Washington State Liquor and Cannabis Board,Adult-Use,WA,,,,,Craft Leavenworth,,,,,,,5033417097,,2023-08-08T00:00:00,,,DRYDEN                  ,47.541234,-120.5609167,8459 MAIN ST UNIT B UNIT B,988210000,ACTIVE (ISSUED),,
423372,Craft Tacoma,,Adult-Use Retailer,,PIERCE,6034797720010003.0,WSLCB,Washington State Liquor and Cannabis Board,Adult-Use,WA,,,,,Craft Tacoma,,,,,,,3604026368,,2023-08-08T00:00:00,,,TACOMA                  ,47.2231125,-122.4660551,2128 S 37TH ST,984097445,ACTIVE (ISSUED),,
413729,Cult Cannabis Co.,,Adult-Use Retailer,,WHATCOM,6033507270010001.0,WSLCB,Washington State Liquor and Cannabis Board,Adult-Use,WA,,,,,Cult Cannabis Co.,,,,,,,3606762539,,2023-08-08T00:00:00,,,FERNDALE                ,48.86148,-122.5851326,6061 PORTAL WAY,982489360,ACTIVE (ISSUED),,
432456,Cutie Judy's Cannabis Company,,Adult-Use Retailer,,GRAYS HARBOR,6033820290010005.0,WSLCB,Washington State Liquor and Cannabis Board,Adult-Use,WA,,,,,Cutie Judy's Cannabis Company,,,,,,,3604955938,,2023-08-08T00:00:00,,,ABERDEEN                ,46.97149049999999,-123.7166159,5613 OLYMPIC HWY,985208866,ACTIVE (ISSUED),,
422817,Dank Of America,,Adult-Use Retailer,,WHATCOM,6036038240010001.0,WSLCB,Washington State Liquor and Cannabis Board,Adult-Use,WA,,,,,Dank Of America,,,,,,,4252314439,,2023-08-08T00:00:00,,,BLAINE                  ,48.9757363,-122.7278073,2530 PEACE PORTAL DR STE B,982308063,ACTIVE (ISSUED),,
364799,Dank's Wonder Emporium,,Adult-Use Retailer,,SNOHOMISH,6048256220010001.0,WSLCB,Washington State Liquor and Cannabis Board,Adult-Use,WA,,,,,Dank's Wonder Emporium,,,,,,,2064583155,,2023-08-08T00:00:00,,,EDMONDS                 ,47.8071691,-122.3305063,7207 212TH ST SW,980207735,ACTIVE (ISSUED),,
412485,Dank's Wonder Emporium,,Adult-Use Retailer,,LEWIS,6033500690010002.0,WSLCB,Washington State Liquor and Cannabis Board,Adult-Use,WA,,,,,Dank's Wonder Emporium,,,,,,,3234543767,,2023-08-08T00:00:00,,,CENTRALIA               ,46.7162136,-122.9542972,RETAIL TITLE CERTIFICATE,985313338,ACTIVE TITLE CERTIFICATE,,
422303,Dash & Wrigley LLC,,Adult-Use Retailer,,KING,6046288750010001.0,WSLCB,Washington State Liquor and Cannabis Board,Adult-Use,WA,,,,,Dash & Wrigley LLC,,,,,,,2062277687,,2023-08-08T00:00:00,,,TUKWILA                 ,47.4867641,-122.2894895,13003 TUKWILA INTERNATIONAL BL UNIT A,981683139,ACTIVE (ISSUED),,
415202,Dave's Place,,Adult-Use Retailer,,YAKIMA,6033561310010002.0,WSLCB,Washington State Liquor and Cannabis Board,Adult-Use,WA,,,,,Dave's Place,,,,,,,5098300275,,2023-08-08T00:00:00,,,SUNNYSIDE               ,46.32838839999999,-120.0419346,10 MAPLE GROVE RD,989440000,ACTIVE (ISSUED),,
414503,Destination Highway 420,,Adult-Use Retailer,,KITSAP,6034539570010001.0,WSLCB,Washington State Liquor and Cannabis Board,Adult-Use,WA,,,,,Destination Highway 420,,,,,,,3606278754,,2023-08-08T00:00:00,,,BREMERTON               ,47.6022678,-122.6284978,1225 HOLLIS ST,983103611,ACTIVE (ISSUED),,
413374,Diamond Green,,Adult-Use Retailer,,PIERCE,6033542940010001.0,WSLCB,Washington State Liquor and Cannabis Board,Adult-Use,WA,,,,,Diamond Green,,,,,,,2532225697,,2023-08-08T00:00:00,,,TACOMA                  ,47.2497057,-122.4906391,4002 S 12TH ST,984051509,ACTIVE (ISSUED),,
423036,Discovery Bay Cannabis,,Adult-Use Retailer,,JEFFERSON,6035859930010001.0,WSLCB,Washington State Liquor and Cannabis Board,Adult-Use,WA,,,,,Discovery Bay Cannabis,,,,,,,2066607221,,2023-08-08T00:00:00,,,PORT TOWNSEND           ,47.994325,-122.8870551,282023 HWY 101,983689331,ACTIVE (ISSUED),,
429044,Dispo 42,,Adult-Use Retailer,,SNOHOMISH,6036041010010002.0,WSLCB,Washington State Liquor and Cannabis Board,Adult-Use,WA,,,,,Dispo 42,,,,,,,4255318999,,2023-08-08T00:00:00,,,MUKILTEO                ,47.89586990000001,-122.2896588,4204 RUSSELL RD STE M,982755424,ACTIVE (ISSUED),,
414174,Dockside Cannabis,,Adult-Use Retailer,,KING,6033563140010001.0,WSLCB,Washington State Liquor and Cannabis Board,Adult-Use,WA,,,,,Dockside Cannabis,,,,,,,2063505366,,2023-08-08T00:00:00,,,SEATTLE                 ,47.5873279,-122.3286651,1728 4TH AVE S,981341502,ACTIVE (ISSUED),,
414569,Dockside Cannabis,,Adult-Use Retailer,,KING,6033546970010003.0,WSLCB,Washington State Liquor and Cannabis Board,Adult-Use,WA,,,,,Dockside Cannabis,,,,,,,2068068759,,2023-08-08T00:00:00,,,SHORELINE               ,47.7379352,-122.3456253,15001 AURORA AVE N STE 15029,981336134,ACTIVE (ISSUED),,
424463,Dockside Cannabis,,Adult-Use Retailer,,KING,6035692810010002.0,WSLCB,Washington State Liquor and Cannabis Board,Adult-Use,WA,,,,,Dockside Cannabis,,,,,,,2068068742,,2023-08-08T00:00:00,,,SEATTLE                 ,47.6623937,-122.3683572,4601 LEARY WAY NW,981074544,ACTIVE (ISSUED),,
430807,Dockside Cannabis,,Adult-Use Retailer,,KING,6035692220010004.0,WSLCB,Washington State Liquor and Cannabis Board,Adult-Use,WA,,,,,Dockside Cannabis,,,,,,,2065564067,,2023-08-08T00:00:00,,,SEATTLE                 ,47.6902366,-122.3449915,8401 AURORA AVE N STE E1,981034332,ACTIVE (ISSUED),,
412865,Douglas County 502,,Adult-Use Retailer,,DOUGLAS,6034219970010001.0,WSLCB,Washington State Liquor and Cannabis Board,Adult-Use,WA,,,,,Douglas County 502,,,,,,,5033177035,,2023-08-08T00:00:00,,,BRIDGEPORT              ,48.0003597,-119.6601907,2512 FOSTER CREEK AVE,988130000,ACTIVE (ISSUED),,
420416,Emerald Coast,,Adult-Use Retailer,,KITSAP,6034157540010001.0,WSLCB,Washington State Liquor and Cannabis Board,Adult-Use,WA,,,,,Emerald Coast,,,,,,,3608131006,,2023-08-08T00:00:00,,,BREMERTON               ,47.57066529999999,-122.653559,939 N CALLOW AVE # 100-B,983123806,ACTIVE (ISSUED),,
414841,Emerald Haze Cannabis Emporium,,Adult-Use Retailer,,KING,6033564060010002.0,WSLCB,Washington State Liquor and Cannabis Board,Adult-Use,WA,,,,,Emerald Haze Cannabis Emporium,,,,,,,2533069151,,2023-08-08T00:00:00,,,RENTON                  ,47.4797688,-122.2177228,4033 NE SUNSET BLVD UNIT 5,980564003,ACTIVE (ISSUED),,
434372,Emerald Leaves,,Adult-Use Retailer,,PIERCE,6035615210010003.0,WSLCB,Washington State Liquor and Cannabis Board,Adult-Use,WA,,,,,Emerald Leaves,,,,,,,2064825627,,2023-08-08T00:00:00,,,TACOMA                  ,47.2556897,-122.4708912,2609 6TH AVE STE 1,984067226,ACTIVE (ISSUED),,
414491,Euphorium 420,,Adult-Use Retailer,,KING,6033549480010002.0,WSLCB,Washington State Liquor and Cannabis Board,Adult-Use,WA,,,,,Euphorium 420,,,,,,,4255774533,,2023-08-08T00:00:00,,,COVINGTON               ,47.3537865,-122.1228956,27623 COVINGTON WAY SE UNIT 1,980429137,ACTIVE (ISSUED),,
414500,Euphorium 420,,Adult-Use Retailer,,SNOHOMISH,6033538920010001.0,WSLCB,Washington State Liquor and Cannabis Board,Adult-Use,WA,,,,,Euphorium 420,,,,,,,4255774533,,2023-08-08T00:00:00,,,LYNNWOOD                ,47.8084426,-122.2595721,20925 CYPRESS WAY STE C-103,980367989,ACTIVE (ISSUED),,
420895,Euphorium 420,,Adult-Use Retailer,,KING,6041488560010001.0,WSLCB,Washington State Liquor and Cannabis Board,Adult-Use,WA,,,,,Euphorium 420,,,,,,,4255774533,,2023-08-08T00:00:00,,,VASHON                  ,47.44421850000001,-122.4609062,17917 VASHON HWY SW,980705204,ACTIVE (ISSUED),,
434063,Euphorium 420,,Adult-Use Retailer,,SNOHOMISH,6033543680010006.0,WSLCB,Washington State Liquor and Cannabis Board,Adult-Use,WA,,,,,Euphorium 420,,,,,,,4256780271,,2023-08-08T00:00:00,,,ARLINGTON               ,48.239722,-122.159681,26828 WA-9,982230000,ACTIVE (ISSUED),,
414714,Evergreen Market - Auburn,,Adult-Use Retailer,,KING,6033577780010001.0,WSLCB,Washington State Liquor and Cannabis Board,Adult-Use,WA,,,,,Evergreen Market - Auburn,,,,,,,2068527155,,2023-08-08T00:00:00,,,AUBURN                  ,47.32173950000001,-122.2242459,402 16TH ST NE STE A-100,980021600,ACTIVE (ISSUED),,
426125,Evergreen Market - Bellevue,,Adult-Use Retailer,,KING,6035781200010005.0,WSLCB,Washington State Liquor and Cannabis Board,Adult-Use,WA,,,,,Evergreen Market - Bellevue,,,,,,,2068527155,,2023-08-08T00:00:00,,,BELLEVUE                ,47.6166551,-122.1846814,638 116TH AVE NE,980045216,ACTIVE (ISSUED),,
357129,Evergreen Market - Kirkland,,Adult-Use Retailer,,KING,6035653130010003.0,WSLCB,Washington State Liquor and Cannabis Board,Adult-Use,WA,,,,,Evergreen Market - Kirkland,,,,,,,4257652935,,2023-08-08T00:00:00,,,KIRKLAND                ,47.7115301,-122.1874827,11438 NE 124TH ST,980344305,ACTIVE (ISSUED),,
413791,Evergreen Market - North Renton,,Adult-Use Retailer,,KING,6033501150010001.0,WSLCB,Washington State Liquor and Cannabis Board,Adult-Use,WA,,,,,Evergreen Market - North Renton,,,,,,,4253188898,,2023-08-08T00:00:00,,,RENTON                  ,47.4888287,-122.2186251,409 RAINIER AVE N,980575319,ACTIVE (ISSUED),,
424747,Evergreen Market - South Renton,,Adult-Use Retailer,,KING,6040059320010003.0,WSLCB,Washington State Liquor and Cannabis Board,Adult-Use,WA,,,,,Evergreen Market - South Renton,,,,,,,4253188898,,2023-08-08T00:00:00,,,RENTON                  ,47.44141459999999,-122.2187896,4242 E VALLEY RD,980574903,ACTIVE (ISSUED),,
417469,Evolve Washington,,Adult-Use Retailer,,WHATCOM,6049730300010002.0,WSLCB,Washington State Liquor and Cannabis Board,Adult-Use,WA,,,,,Evolve Washington,,,,,,,2535694133,,2023-08-08T00:00:00,,,BELLINGHAM              ,48.8121976,-122.5419625,4712 PACIFIC HWY,982269049,ACTIVE (ISSUED),,
79720,Fillabong,,Adult-Use Retailer,,KITSAP,6035601210010004.0,WSLCB,Washington State Liquor and Cannabis Board,Adult-Use,WA,,,,,Fillabong,,,,,,,3604432293,,2023-08-08T00:00:00,,,BREMERTON               ,47.5936989,-122.6138684,3249 PERRY AVE STE B,983105371,ACTIVE (ISSUED),,
415211,Fillabong,,Adult-Use Retailer,,KITSAP,6035601210010002.0,WSLCB,Washington State Liquor and Cannabis Board,Adult-Use,WA,,,,,Fillabong,,,,,,,3606980353,,2023-08-08T00:00:00,,,SILVERDALE              ,47.6547776,-122.6878265,2839 NW KITSAP PL STE A,983839447,ACTIVE (ISSUED),,
428276,Fire And Frost Cannabis,,Adult-Use Retailer,,CLARK,6034341890010003.0,WSLCB,Washington State Liquor and Cannabis Board,Adult-Use,WA,,,,,Fire And Frost Cannabis,,,,,,,3603357823,,2023-08-08T00:00:00,,,VANCOUVER               ,45.6448615,-122.6021274,6818 NE 4TH PLAIN BLVD STE B&C,986617357,ACTIVE (ISSUED),,
421738,Fire Cannabis Co,,Adult-Use Retailer,,OKANOGAN,6033479550010002.0,WSLCB,Washington State Liquor and Cannabis Board,Adult-Use,WA,,,,,Fire Cannabis Co,,,,,,,7202719997,,2023-08-08T00:00:00,,,OMAK                    ,48.4172309,-119.5065717,903 ENGH RD SUITE D,988419627,ACTIVE (ISSUED),,
415303,"Fire Cannabis Co-Yakima, L.L.C.",,Adult-Use Retailer,,YAKIMA,6048319130010001.0,WSLCB,Washington State Liquor and Cannabis Board,Adult-Use,WA,,,,,"Fire Cannabis Co-Yakima, L.L.C.",,,,,,,5093701016,,2023-08-08T00:00:00,,,YAKIMA                  ,46.5859321,-120.481162,1503 A E NOB HILL BLVD,989010000,ACTIVE (ISSUED),,
424498,Five Points Of Pierce County LLC,,Adult-Use Retailer,,LEWIS,6034477130010004.0,WSLCB,Washington State Liquor and Cannabis Board,Adult-Use,WA,,,,,Five Points Of Pierce County LLC,,,,,,,2532731260,,2023-08-08T00:00:00,,,CHEHALIS                ,46.6652443,-122.9698002,RETAIL TITLE CERTIFICATE,985328717,ACTIVE TITLE CERTIFICATE,,
422059,Floral Fanatix LLC,,Adult-Use Retailer,,GRAYS HARBOR,6035815060010001.0,WSLCB,Washington State Liquor and Cannabis Board,Adult-Use,WA,,,,,Floral Fanatix LLC,,,,,,,3608904918,,2023-08-08T00:00:00,,,OCEAN SHORES            ,47.0074167,-124.1613653,RETAIL TITLE CERTIFICATE,985690000,ACTIVE TITLE CERTIFICATE,,
420477,Flower And Weed,,Adult-Use Retailer,,SNOHOMISH,6044618980010001.0,WSLCB,Washington State Liquor and Cannabis Board,Adult-Use,WA,,,,,Flower And Weed,,,,,,,9162247020,,2023-08-08T00:00:00,,,EDMONDS                 ,47.8071867,-122.3309807,7217 212TH ST SW,980267735,ACTIVE (ISSUED),,
414223,Floyd's Cannabis Co.,,Adult-Use Retailer,,CLALLAM,6042674710010001.0,WSLCB,Washington State Liquor and Cannabis Board,Adult-Use,WA,,,,,Floyd's Cannabis Co.,,,,,,,2068530645,,2023-08-08T00:00:00,,,PORT ANGELES            ,48.1093585,-123.4093055,1403 E 1ST STREET,983624607,ACTIVE (ISSUED),,
422055,Floyd's Cannabis Company,,Adult-Use Retailer,,WHITMAN,6035808890010002.0,WSLCB,Washington State Liquor and Cannabis Board,Adult-Use,WA,,,,,Floyd's Cannabis Company,,,,,,,5098723080,,2023-08-08T00:00:00,,,PULLMAN                 ,46.7387744,-117.0530547,5952 AIRPORT RD,991638958,ACTIVE (ISSUED),,
422049,Floyds,,Adult-Use Retailer,,SKAGIT,6035710750010001.0,WSLCB,Washington State Liquor and Cannabis Board,Adult-Use,WA,,,,,Floyds,,,,,,,3605884473,,2023-08-08T00:00:00,,,SEDRO WOOLLEY           ,48.503226,-122.2464773,410 W STATE ST,982841557,ACTIVE (ISSUED),,
430798,Floyds,,Adult-Use Retailer,,MASON,6043887510010003.0,WSLCB,Washington State Liquor and Cannabis Board,Adult-Use,WA,,,,,Floyds,,,,,,,2067710350,,2023-08-08T00:00:00,,,SHELTON                 ,47.2436495,-123.0986971,931 E JOHNS PRAIRIE RD,985841270,ACTIVE (ISSUED),,
413809,Forbidden Cannabis Central District Seattle,,Adult-Use Retailer,,KING,6049148950010001.0,WSLCB,Washington State Liquor and Cannabis Board,Adult-Use,WA,,,,,Forbidden Cannabis Central District Seattle,,,,,,,2064127285,,2023-08-08T00:00:00,,,SEATTLE                 ,47.6127545,-122.3007928,2413 E UNION ST,981223045,ACTIVE (ISSUED),,
422785,Forbidden Cannabis Club,,Adult-Use Retailer,,SKAMANIA,6036035410010001.0,WSLCB,Washington State Liquor and Cannabis Board,Adult-Use,WA,,,,,Forbidden Cannabis Club,,,,,,,2532241442,,2023-08-08T00:00:00,,,CARSON                  ,45.72856609999999,-121.8210206,1171 WIND RIVER HIGHWAY SUITE A,986100000,ACTIVE (ISSUED),,
426808,Forbidden Cannabis Club,,Adult-Use Retailer,,PIERCE,6034232020010003.0,WSLCB,Washington State Liquor and Cannabis Board,Adult-Use,WA,,,,,Forbidden Cannabis Club,,,,,,,2532241442,,2023-08-08T00:00:00,,,BONNEY LAKE             ,47.1770777,-122.1868601,RETAIL TITLE CERTIFICATE,983910000,ACTIVE TITLE CERTIFICATE,,
432498,Forbidden Cannabis Club,,Adult-Use Retailer,,OKANOGAN,6036041410010003.0,WSLCB,Washington State Liquor and Cannabis Board,Adult-Use,WA,,,,,Forbidden Cannabis Club,,,,,,,2532241442,,2023-08-08T00:00:00,,,OKANOGAN                ,48.3811335,-119.5606193,2108 ELMWAY UNIT A,988409621,ACTIVE (ISSUED),,
435277,Forbidden Cannabis Club,,Adult-Use Retailer,,OKANOGAN,6036035380010004.0,WSLCB,Washington State Liquor and Cannabis Board,Adult-Use,WA,,,,,Forbidden Cannabis Club,,,,,,,2532241442,,2023-08-08T00:00:00,,,CARLTON                 ,48.2483406,-120.1160743,2256 SR 153 STE B,988140000,ACTIVE (ISSUED),,
422913,Forbidden Cannabis Club Mt. Vernon,,Adult-Use Retailer,,SKAGIT,6049224840010001.0,WSLCB,Washington State Liquor and Cannabis Board,Adult-Use,WA,,,,,Forbidden Cannabis Club Mt. Vernon,,,,,,,2067696074,,2023-08-08T00:00:00,,,MOUNT VERNON            ,48.3898861,-122.3352197,3818 OLD HIGHWAY 99 S RD,982739018,ACTIVE (ISSUED),,
421632,Forbidden Cannabis Club Olympia,,Adult-Use Retailer,,THURSTON,6046249900010001.0,WSLCB,Washington State Liquor and Cannabis Board,Adult-Use,WA,,,,,Forbidden Cannabis Club Olympia,,,,,,,2064127285,,2023-08-08T00:00:00,,,LACEY                   ,47.0374507,-122.8340464,1123 SLEATER KINNEY RD SE,985032300,ACTIVE (ISSUED),,
425185,Forbidden Cannabis Super Chronic,,Adult-Use Retailer,,THURSTON,6046358250010001.0,WSLCB,Washington State Liquor and Cannabis Board,Adult-Use,WA,,,,,Forbidden Cannabis Super Chronic,,,,,,,2064127285,,2023-08-08T00:00:00,,,LACEY                   ,47.0508347,-122.7969407,6326 MARTIN WAY E STE 103,985165561,ACTIVE (ISSUED),,
414280,Freedom Market,,Adult-Use Retailer,,COWLITZ,6046389790010001.0,WSLCB,Washington State Liquor and Cannabis Board,Adult-Use,WA,,,,,Freedom Market,,,,,,,3606360420,,2023-08-08T00:00:00,,,KELSO                   ,46.1647937,-122.9158913,820A WESTSIDE HWY,986264355,ACTIVE (ISSUED),,
422459,Freedom Market Cathlamet Corp,,Adult-Use Retailer,,WAHKIAKUM,6041543780010001.0,WSLCB,Washington State Liquor and Cannabis Board,Adult-Use,WA,,,,,Freedom Market Cathlamet Corp,,,,,,,3607036090,,2023-08-08T00:00:00,,,CATHLAMET               ,46.1956569,-123.3636068,327 SR 4,986120000,ACTIVE (ISSUED),,
421757,Freedom Market Ilwaco,,Adult-Use Retailer,,PACIFIC,6040523690010001.0,WSLCB,Washington State Liquor and Cannabis Board,Adult-Use,WA,,,,,Freedom Market Ilwaco,,,,,,,3607036090,,2023-08-08T00:00:00,,,ILWACO                  ,46.3055595,-124.0408684,133 HOWERTON AVE SE STE B,986249088,ACTIVE (ISSUED),,
422777,Freeland Cannabis Company,,Adult-Use Retailer,,ISLAND,6036018460010001.0,WSLCB,Washington State Liquor and Cannabis Board,Adult-Use,WA,,,,,Freeland Cannabis Company,,,,,,,4255126880,,2023-08-08T00:00:00,,,FREELAND                ,48.0123749,-122.5415973,18646 SR 525 STE B STE B,982498752,ACTIVE (ISSUED),,
413530,Fresh Greens,,Adult-Use Retailer,,OKANOGAN,6041989910010001.0,WSLCB,Washington State Liquor and Cannabis Board,Adult-Use,WA,,,,,Fresh Greens,,,,,,,5094295556,,2023-08-08T00:00:00,,,WINTHROP                ,48.4779232,-120.1861956,29 HORIZON FLATS RD STE 8,988628400,ACTIVE (ISSUED),,
412922,Fweedom Cannabis,,Adult-Use Retailer,,KING,6028304620010002.0,WSLCB,Washington State Liquor and Cannabis Board,Adult-Use,WA,,,,,Fweedom Cannabis,,,,,,,2064190260,,2023-08-08T00:00:00,,,SEATTLE                 ,47.716045,-122.3453684,12001 AURORA AVE N UNIT #1,981338249,ACTIVE (ISSUED),,
415031,Fweedom Cannabis,,Adult-Use Retailer,,SNOHOMISH,6033575180010001.0,WSLCB,Washington State Liquor and Cannabis Board,Adult-Use,WA,,,,,Fweedom Cannabis,,,,,,,4259540640,,2023-08-08T00:00:00,,,MOUNTLAKE TERRACE       ,47.7999968,-122.3189575,21911 64TH AVE W  STE D STE D,980430000,ACTIVE (ISSUED),,
421695,Galaxy 21,,Adult-Use Retailer,,KING,6049177140010001.0,WSLCB,Washington State Liquor and Cannabis Board,Adult-Use,WA,,,,,Galaxy 21,,,,,,,2065357791,,2023-08-08T00:00:00,,,SEATTLE                 ,47.5040147,-122.3330846,11042 1ST AVENUE S,981681402,ACTIVE (ISSUED),,
415234,Galaxy Cannabis,,Adult-Use Retailer,,KING,6033531960010005.0,WSLCB,Washington State Liquor and Cannabis Board,Adult-Use,WA,,,,,Galaxy Cannabis,,,,,,,2062854005,,2023-08-08T00:00:00,,,SEATTLE                 ,47.6538032,-122.3445024,3845 BRIDGE WAY N,981037994,ACTIVE (ISSUED),,
413558,Ganja Goddess,,Adult-Use Retailer,,KING,6050144320010001.0,WSLCB,Washington State Liquor and Cannabis Board,Adult-Use,WA,,,,,Ganja Goddess,,,,,,,4257376960,,2023-08-08T00:00:00,,,SEATTLE                 ,47.5751701,-122.3347773,3207 1ST AVE S UNIT A UNIT A,981341819,ACTIVE (ISSUED),,
415539,Ganja Vita,,Adult-Use Retailer,,MASON,6033594670010003.0,WSLCB,Washington State Liquor and Cannabis Board,Adult-Use,WA,,,,,Ganja Vita,,,,,,,2535143949,,2023-08-08T00:00:00,,,BELFAIR                 ,47.4470639,-122.830186,23441 NE STATE ROUTE 3,985280000,ACTIVE (ISSUED),,
414292,Golden Dispensaries,,Adult-Use Retailer,,KLICKITAT,6033556170010001.0,WSLCB,Washington State Liquor and Cannabis Board,Adult-Use,WA,,,,,Golden Dispensaries,,,,,,,5097730700,,2023-08-08T00:00:00,,,GOLDENDALE              ,45.8268426,-120.8045869,650 LLAMA LN,986209140,ACTIVE (ISSUED),,
431222,Goobie's Doobies,,Adult-Use Retailer,,KING,6035764710010004.0,WSLCB,Washington State Liquor and Cannabis Board,Adult-Use,WA,,,,,Goobie's Doobies,,,,,,,2534595741,,2023-08-08T00:00:00,,,MAPLE VALLEY            ,47.34373009999999,-122.0178749,28730 MAPLE VALLEY BLACK DIAMOND RD SE STE A,980388195,ACTIVE (ISSUED),,
415294,Goodbuds,,Adult-Use Retailer,,GRANT,6023777230010001.0,WSLCB,Washington State Liquor and Cannabis Board,Adult-Use,WA,,,,,Goodbuds,,,,,,,3609819495,,2023-08-08T00:00:00,,,QUINCY                  ,47.2342997,-119.8525504,5384 NW K RD STE A,988480000,ACTIVE (ISSUED),,
420785,Green Corners Tacoma LLC,,Adult-Use Retailer,,PIERCE,6046612970010001.0,WSLCB,Washington State Liquor and Cannabis Board,Adult-Use,WA,,,,,Green Corners Tacoma LLC,,,,,,,2063830943,,2023-08-08T00:00:00,,,TACOMA                  ,47.2715326,-122.5170578,5917 N 26TH ST STE A,984072359,ACTIVE (ISSUED),,
421789,Green Day Cannabis,,Adult-Use Retailer,,COWLITZ,6035719210010001.0,WSLCB,Washington State Liquor and Cannabis Board,Adult-Use,WA,,,,,Green Day Cannabis,,,,,,,3606063260,,2023-08-08T00:00:00,,,LONGVIEW                ,46.1435898,-122.9281283,945 WASHINGTON WAY STE 121,986324059,ACTIVE (ISSUED),,
421642,Green Dreams,,Adult-Use Retailer,,SNOHOMISH,6045718900010001.0,WSLCB,Washington State Liquor and Cannabis Board,Adult-Use,WA,,,,,Green Dreams,,,,,,,4252639972,,2023-08-08T00:00:00,,,SNOHOMISH               ,47.9495639,-122.1169252,8529 52ND ST SE,982909282,ACTIVE (ISSUED),,
350641,Green Fire Cannabis,,Adult-Use Retailer,,KING,6033271020010001.0,WSLCB,Washington State Liquor and Cannabis Board,Adult-Use,WA,,,,,Green Fire Cannabis,,,,,,,2066233792,,2023-08-08T00:00:00,,,SEATTLE                 ,47.5843895,-122.3337112,1956 1ST AVE S,981341406,ACTIVE (ISSUED),,
415130,Green Lady,,Adult-Use Retailer,,THURSTON,6033601220010003.0,WSLCB,Washington State Liquor and Cannabis Board,Adult-Use,WA,,,,,Green Lady,,,,,,,5098697574,,2023-08-08T00:00:00,,,OLYMPIA                 ,47.0432269,-122.8571266,3044 PACIFIC AVE SE STE B,985012043,ACTIVE (ISSUED),,
421667,Green Lady Everett,,Adult-Use Retailer,,SNOHOMISH,6035644790010002.0,WSLCB,Washington State Liquor and Cannabis Board,Adult-Use,WA,,,,,Green Lady Everett,,,,,,,5098697574,,2023-08-08T00:00:00,,,LYNNWOOD                ,47.8690485,-122.2786549,14221 LAKE RD,980871710,ACTIVE (ISSUED),,
422578,Green Lady Marijuana,,Adult-Use Retailer,,SNOHOMISH,6035989350010001.0,WSLCB,Washington State Liquor and Cannabis Board,Adult-Use,WA,,,,,Green Lady Marijuana,,,,,,,3607898891,,2023-08-08T00:00:00,,,LYNNWOOD                ,47.8209301,-122.3151313,RETAIL TITLE CERTIFICATE,980364716,ACTIVE TITLE CERTIFICATE,,
416540,"Green Lady Westside, Inc.",,Adult-Use Retailer,,THURSTON,6035644790010003.0,WSLCB,Washington State Liquor and Cannabis Board,Adult-Use,WA,,,,,"Green Lady Westside, Inc.",,,,,,,5098697475,,2023-08-08T00:00:00,,,OLYMPIA                 ,47.045924,-122.9307358,2405 HARRISON AVE NW STE 201,985024592,ACTIVE (ISSUED),,
413886,Green Leaf,,Adult-Use Retailer,,WHATCOM,6033576180010002.0,WSLCB,Washington State Liquor and Cannabis Board,Adult-Use,WA,,,,,Green Leaf,,,,,,,3605262198,,2023-08-08T00:00:00,,,BELLINGHAM              ,48.7944259,-122.4853411,4220 MERIDIAN ST STE 102,982269153,ACTIVE (ISSUED),,
414755,Green Life Cannabis,,Adult-Use Retailer,,CHELAN,6033599440010002.0,WSLCB,Washington State Liquor and Cannabis Board,Adult-Use,WA,,,,,Green Life Cannabis,,,,,,,2817260614,,2023-08-08T00:00:00,,,WENATCHEE               ,47.4717573,-120.3323514,3012 GS CENTER RD STE A,988019116,ACTIVE (ISSUED),,
413798,Green Outfitters,,Adult-Use Retailer,,GRAYS HARBOR,6033511700010001.0,WSLCB,Washington State Liquor and Cannabis Board,Adult-Use,WA,,,,,Green Outfitters,,,,,,,4252684391,,2023-08-08T00:00:00,,,OCEAN SHORES            ,47.00497499999999,-124.1658334,668 OCEAN SHORES BLVD NW,985699344,ACTIVE (ISSUED),,
422103,Green Room Oh Inc.,,Adult-Use Retailer,,ISLAND,6041627960010001.0,WSLCB,Washington State Liquor and Cannabis Board,Adult-Use,WA,,,,,Green Room Oh Inc.,,,,,,,2065048629,,2023-08-08T00:00:00,,,OAK HARBOR              ,48.28829469999999,-122.6484205,1640 NE GOLDIE ST STE B,982774835,ACTIVE (ISSUED),,
422027,Green Rush Investment,,Adult-Use Retailer,,KING,6041722670010003.0,WSLCB,Washington State Liquor and Cannabis Board,Adult-Use,WA,,,,,Green Rush Investment,,,,,,,2487050988,,2023-08-08T00:00:00,,,AUBURN                  ,47.3039162,-122.2252083,404 AUBURN WAY S STE 100,980025418,ACTIVE (ISSUED),,
414789,Green Sky Seattle LLC,,Adult-Use Retailer,,SNOHOMISH,6030884050010008.0,WSLCB,Washington State Liquor and Cannabis Board,Adult-Use,WA,,,,,Green Sky Seattle LLC,,,,,,,2067907036,,2023-08-08T00:00:00,,,MARYSVILLE              ,48.0517637,-122.1770818,RETAIL TITLE CERTIFICATE,982717227,ACTIVE TITLE CERTIFICATE,,
422504,Green Solution Place,,Adult-Use Retailer,,SPOKANE,6033498370010005.0,WSLCB,Washington State Liquor and Cannabis Board,Adult-Use,WA,,,,,Green Solution Place,,,,,,,2539732476,,2023-08-08T00:00:00,,,CHENEY                  ,47.49800500000001,-117.5641143,1845 1ST ST,990041966,ACTIVE (ISSUED),,
414506,Green Station 1,,Adult-Use Retailer,,KING,6017919610010003.0,WSLCB,Washington State Liquor and Cannabis Board,Adult-Use,WA,,,,,Green Station 1,,,,,,,2062413760,,2023-08-08T00:00:00,,,SEATAC                  ,47.4435903,-122.2960726,RETAIL TITLE CERTIFICATE,981481965,ACTIVE TITLE CERTIFICATE,,
413801,Green Stop Mt. Baker,,Adult-Use Retailer,,WHATCOM,6048883500010002.0,WSLCB,Washington State Liquor and Cannabis Board,Adult-Use,WA,,,,,Green Stop Mt. Baker,,,,,,,3607468734,,2023-08-08T00:00:00,,,DEMING                  ,48.9244057,-122.0790668,7466 MT BAKER HWY,982449557,ACTIVE (ISSUED),,
425068,Green Theory,,Adult-Use Retailer,,KING,6043045450010002.0,WSLCB,Washington State Liquor and Cannabis Board,Adult-Use,WA,,,,,Green Theory,,,,,,,4255027033,,2023-08-08T00:00:00,,,BELLEVUE                ,47.6279833,-122.1742793,1940 124TH AVE NE STE A-101,980052130,ACTIVE (ISSUED),,
421777,Green Theory Factoria,,Adult-Use Retailer,,KING,6043045450010003.0,WSLCB,Washington State Liquor and Cannabis Board,Adult-Use,WA,,,,,Green Theory Factoria,,,,,,,4254550965,,2023-08-08T00:00:00,,,BELLEVUE                ,47.5730975,-122.1683128,12827 SE 40TH PL,980061232,ACTIVE (ISSUED),,
81400,Green Tiki Cannabis,,Adult-Use Retailer,,KITSAP,6040966540010001.0,WSLCB,Washington State Liquor and Cannabis Board,Adult-Use,WA,,,,,Green Tiki Cannabis,,,,,,,3607101577,,2023-08-08T00:00:00,,,KINGSTON                ,47.8107834,-122.5392322,8208 NE STATE HIGHWAY 104 STE 101,983460000,ACTIVE (ISSUED),,
410273,Green2Go,,Adult-Use Retailer,,BENTON,6033031360010002.0,WSLCB,Washington State Liquor and Cannabis Board,Adult-Use,WA,,,,,Green2Go,,,,,,,5095917100,,2023-08-08T00:00:00,,,KENNEWICK               ,46.1703283,-119.0512156,214307 E SR 397,993377198,ACTIVE (ISSUED),,
422782,Green2Go Pasco,,Adult-Use Retailer,,FRANKLIN,6033031360010007.0,WSLCB,Washington State Liquor and Cannabis Board,Adult-Use,WA,,,,,Green2Go Pasco,,,,,,,5095917100,,2023-08-08T00:00:00,,,PASCO                   ,46.2305049,-119.0922316,RETAIL TITLE CERTIFICATE,993010000,ACTIVE TITLE CERTIFICATE,,
422655,Green2Go Tokio,,Adult-Use Retailer,,ADAMS,6033031360010004.0,WSLCB,Washington State Liquor and Cannabis Board,Adult-Use,WA,,,,,Green2Go Tokio,,,,,,,5095917100,,2023-08-08T00:00:00,,,SPRAGUE                 ,47.20897679999999,-118.2268762,2008 N DURRY RD UNIT 2,990329621,ACTIVE (ISSUED),,
414356,Greenfield Company Cannabis Mercantile,,Adult-Use Retailer,,ASOTIN,6033513920010001.0,WSLCB,Washington State Liquor and Cannabis Board,Adult-Use,WA,,,,,Greenfield Company Cannabis Mercantile,,,,,,,2069621025,,2023-08-08T00:00:00,,,CLARKSTON               ,46.4152414,-117.0458336,728 6TH ST,994032012,ACTIVE (ISSUED),,
420898,Greenhand,,Adult-Use Retailer,,SPOKANE,6032194300010001.0,WSLCB,Washington State Liquor and Cannabis Board,Adult-Use,WA,,,,,Greenhand,,,,,,,2067357072,,2023-08-08T00:00:00,,,SPOKANE                 ,47.6801791,-117.4263491,2424 N MONROE STREET,992053349,ACTIVE (ISSUED),,
415112,Greenlight,,Adult-Use Retailer,,SPOKANE,6033593200010002.0,WSLCB,Washington State Liquor and Cannabis Board,Adult-Use,WA,,,,,Greenlight,,,,,,,5094752821,,2023-08-08T00:00:00,,,MILLWOOD                ,47.6848155,-117.2656635,10309 E TRENT AVE,992064514,ACTIVE (ISSUED),,
414767,Greens On Gold,,Adult-Use Retailer,,LEWIS,6013587260010004.0,WSLCB,Washington State Liquor and Cannabis Board,Adult-Use,WA,,,,,Greens On Gold,,,,,,,3607480807,,2023-08-08T00:00:00,,,CENTRALIA               ,46.7048312,-122.9563956,1039 S GOLD ST,985313711,ACTIVE (ISSUED),,
414295,Greenside,,Adult-Use Retailer,,KING,6033489910010001.0,WSLCB,Washington State Liquor and Cannabis Board,Adult-Use,WA,,,,,Greenside,,,,,,,2067907036,,2023-08-08T00:00:00,,,DES MOINES              ,47.3916879,-122.2956555,23407 PACIFIC HWY S,981988738,ACTIVE (ISSUED),,
413372,Greenside Recreational,,Adult-Use Retailer,,KING,6033489910010002.0,WSLCB,Washington State Liquor and Cannabis Board,Adult-Use,WA,,,,,Greenside Recreational,,,,,,,2068786470,,2023-08-08T00:00:00,,,SEATTLE                 ,47.7002514,-122.3443216,9724 AURORA AVE N,981033223,ACTIVE (ISSUED),,
420400,Greenview Cannabis,,Adult-Use Retailer,,COWLITZ,6033360940010003.0,WSLCB,Washington State Liquor and Cannabis Board,Adult-Use,WA,,,,,Greenview Cannabis,,,,,,,3607891364,,2023-08-08T00:00:00,,,LONGVIEW                ,46.12072209999999,-122.9327116,530 7TH AVE STE D,986320000,ACTIVE (ISSUED),,
413541,Greenway Marijuana,,Adult-Use Retailer,,KITSAP,6033535550010001.0,WSLCB,Washington State Liquor and Cannabis Board,Adult-Use,WA,,,,,Greenway Marijuana,,,,,,,3604436988,,2023-08-08T00:00:00,,,PORT ORCHARD            ,47.504437,-122.637897,4851 GEIGER RD SE,983669350,ACTIVE (ISSUED),,
413428,Greenworks N.W.,,Adult-Use Retailer,,KING,6019957890010004.0,WSLCB,Washington State Liquor and Cannabis Board,Adult-Use,WA,,,,,Greenworks N.W.,,,,,,,2064925132,,2023-08-08T00:00:00,,,SEATTLE                 ,47.7048145,-122.3547173,315 N 105TH ST,981330000,ACTIVE (ISSUED),,
415124,Growers Outlet,,Adult-Use Retailer,,PACIFIC,6033596440010002.0,WSLCB,Washington State Liquor and Cannabis Board,Adult-Use,WA,,,,,Growers Outlet,,,,,,,3605815888,,2023-08-08T00:00:00,,,SOUTH BEND              ,46.66315489999999,-123.8046063,613 MONTANA AVE STE 2,985860000,ACTIVE (ISSUED),,
421900,Gypsy Green,,Adult-Use Retailer,,LEWIS,6032945690010003.0,WSLCB,Washington State Liquor and Cannabis Board,Adult-Use,WA,,,,,Gypsy Green,,,,,,,5055507710,,2023-08-08T00:00:00,,,CHEHALIS                ,46.6747233,-122.9697842,1570 N NATIONAL AVE STE 105,985322215,ACTIVE (ISSUED),,
421873,Hangar 420 Snohomish,,Adult-Use Retailer,,SNOHOMISH,6035813490010004.0,WSLCB,Washington State Liquor and Cannabis Board,Adult-Use,WA,,,,,Hangar 420 Snohomish,,,,,,,2064987171,,2023-08-08T00:00:00,,,SNOHOMISH               ,47.9061542,-122.0980872,9929 AIRPORT WAY UNIT 1,982968229,ACTIVE (ISSUED),,
354876,Happy Time,,Adult-Use Retailer,,YAKIMA,6035158110010002.0,WSLCB,Washington State Liquor and Cannabis Board,Adult-Use,WA,,,,,Happy Time,,,,,,,5094802097,,2023-08-08T00:00:00,,,YAKIMA                  ,46.6197842,-120.5114786,1315 N 1ST ST,989011801,ACTIVE (ISSUED),,
422781,Happy Time LLC 2,,Adult-Use Retailer,,SKAGIT,6046581730010001.0,WSLCB,Washington State Liquor and Cannabis Board,Adult-Use,WA,,,,,Happy Time LLC 2,,,,,,,5094802097,,2023-08-08T00:00:00,,,MOUNT VERNON            ,48.3928287,-122.3347758,200 SUZANNE LANE STE D,982739514,ACTIVE (ISSUED),,
422138,Happy Time LLC 3,,Adult-Use Retailer,,WHITMAN,6046580800010001.0,WSLCB,Washington State Liquor and Cannabis Board,Adult-Use,WA,,,,,Happy Time LLC 3,,,,,,,5094802097,,2023-08-08T00:00:00,,,PULLMAN                 ,46.7268667,-117.1228049,5602 STATE ROUTE 270 STE B,991638708,ACTIVE (ISSUED),,
422328,Happy Tree,,Adult-Use Retailer,,BENTON,6033520160010005.0,WSLCB,Washington State Liquor and Cannabis Board,Adult-Use,WA,,,,,Happy Tree,,,,,,,2532662135,,2023-08-08T00:00:00,,,KENNEWICK               ,46.2086683,-119.119948,RETAIL TITLE CERTIFICATE,993362677,ACTIVE TITLE CERTIFICATE,,
424273,Happy Trees,,Adult-Use Retailer,,KITTITAS,6033520160010003.0,WSLCB,Washington State Liquor and Cannabis Board,Adult-Use,WA,,,,,Happy Trees,,,,,,,2532262135,,2023-08-08T00:00:00,,,CLE ELUM                ,47.1944118,-120.932702,407 E 1ST ST,989221255,ACTIVE (ISSUED),,
415098,Hashtag Cannabis,,Adult-Use Retailer,,SNOHOMISH,6035649850010002.0,WSLCB,Washington State Liquor and Cannabis Board,Adult-Use,WA,,,,,Hashtag Cannabis,,,,,,,2066508928,,2023-08-08T00:00:00,,,EVERETT                 ,47.9065626,-122.2329515,10 SE EVERETT MALL WAY STE C&D,982088125,ACTIVE (ISSUED),,
430254,Hashtag Cannabis,,Adult-Use Retailer,,KING,6035650700010003.0,WSLCB,Washington State Liquor and Cannabis Board,Adult-Use,WA,,,,,Hashtag Cannabis,,,,,,,2066508928,,2023-08-08T00:00:00,,,REDMOND                 ,47.6733299,-122.1235062,7829 LEARY WAY NE,980524338,ACTIVE (ISSUED),,
415333,Have A Heart,,Adult-Use Retailer,,KING,6031909830010002.0,WSLCB,Washington State Liquor and Cannabis Board,Adult-Use,WA,,,,,Have A Heart,,,,,,,2062618206,,2023-08-08T00:00:00,,,SEATTLE                 ,47.4876598,-122.2590488,12833 MARTIN LUTHER KING JR WAY S,981783513,ACTIVE (ISSUED),,
423379,Have A Heart,,Adult-Use Retailer,,KING,6033536370010004.0,WSLCB,Washington State Liquor and Cannabis Board,Adult-Use,WA,,,,,Have A Heart,,,,,,,5202508988,,2023-08-08T00:00:00,,,SEATTLE                 ,47.6129054,-122.3445137,115 BLANCHARD ST,981212020,ACTIVE (ISSUED),,
423536,Have A Heart,,Adult-Use Retailer,,SNOHOMISH,6033603630010004.0,WSLCB,Washington State Liquor and Cannabis Board,Adult-Use,WA,,,,,Have A Heart,,,,,,,2062618206,,2023-08-08T00:00:00,,,BOTHELL                 ,47.7920411,-122.2335724,22624 MERIDIAN AVE S STE B,980218358,ACTIVE (ISSUED),,
421409,Have A Heart Cc,,Adult-Use Retailer,,KING,6031064400010002.0,WSLCB,Washington State Liquor and Cannabis Board,Adult-Use,WA,,,,,Have A Heart Cc,,,,,,,2062574500,,2023-08-08T00:00:00,,,SEATTLE                 ,47.6908253,-122.3608743,300 NW 85TH ST STE A,981170000,ACTIVE (ISSUED),,
402039,Herb's House,,Adult-Use Retailer,,KING,6032851830010001.0,WSLCB,Washington State Liquor and Cannabis Board,Adult-Use,WA,,,,,Herb's House,,,,,,,2065577388,,2023-08-08T00:00:00,,,SEATTLE                 ,47.6761716,-122.3653162,716 NW 65TH ST,981175049,ACTIVE (ISSUED),,
411970,Herbal E Scents,,Adult-Use Retailer,,STEVENS,6024843170010004.0,WSLCB,Washington State Liquor and Cannabis Board,Adult-Use,WA,,,,,Herbal E Scents,,,,,,,5096844420,,2023-08-08T00:00:00,,,COLVILLE                ,48.5550816,-117.9197128,120 NE CANNING DR,991142004,ACTIVE (ISSUED),,
413683,Herbal Nation,,Adult-Use Retailer,,SNOHOMISH,6034896600010001.0,WSLCB,Washington State Liquor and Cannabis Board,Adult-Use,WA,,,,,Herbal Nation,,,,,,,4254861111,,2023-08-08T00:00:00,,,BOTHELL                 ,47.8226798,-122.2081038,19302 BOTHELL EVERETT HWY,980127113,ACTIVE (ISSUED),,
427457,Herban Market,,Adult-Use Retailer,,KITSAP,6035830060010005.0,WSLCB,Washington State Liquor and Cannabis Board,Adult-Use,WA,,,,,Herban Market,,,,,,,3608133644,,2023-08-08T00:00:00,,,PORT ORCHARD            ,47.5129865,-122.6309403,3965 BETHEL RD SE STE 3,983661915,ACTIVE (ISSUED),,
421726,High 502,,Adult-Use Retailer,,LEWIS,6034477130010005.0,WSLCB,Washington State Liquor and Cannabis Board,Adult-Use,WA,,,,,High 502,,,,,,,2532731260,,2023-08-08T00:00:00,,,TOLEDO                  ,46.4398305,-122.846783,RETAIL TITLE CERTIFICATE,985910000,ACTIVE TITLE CERTIFICATE,,
429699,High End Market Place,,Adult-Use Retailer,,CLARK,6033503770010004.0,WSLCB,Washington State Liquor and Cannabis Board,Adult-Use,WA,,,,,High End Market Place,,,,,,,3606953612,,2023-08-08T00:00:00,,,VANCOUVER               ,45.63655379999999,-122.670654,1924 BROADWAY ST STE A,986633380,ACTIVE (ISSUED),,
430097,High Life Cannabis,,Adult-Use Retailer,,STEVENS,6024843170010008.0,WSLCB,Washington State Liquor and Cannabis Board,Adult-Use,WA,,,,,High Life Cannabis,,,,,,,2086102829,,2023-08-08T00:00:00,,,NINE MILE FALLS         ,47.8149775,-117.5770828,5978 HIGHWAY 291 UNIT 6,990269556,ACTIVE (ISSUED),,
414430,High Society,,Adult-Use Retailer,,SNOHOMISH,6033510330010002.0,WSLCB,Washington State Liquor and Cannabis Board,Adult-Use,WA,,,,,High Society,,,,,,,2063071651,,2023-08-08T00:00:00,,,EVERETT                 ,47.9928563,-122.2015442,1824 BROADWAY,982012349,ACTIVE (ISSUED),,
413534,High Society Anacortes,,Adult-Use Retailer,,SKAGIT,6046001880010001.0,WSLCB,Washington State Liquor and Cannabis Board,Adult-Use,WA,,,,,High Society Anacortes,,,,,,,3602992211,,2023-08-08T00:00:00,,,ANACORTES               ,48.4616372,-122.557295,8630 S MARCH POINT RD,982213412,ACTIVE (ISSUED),,
414539,High Society Bellingham,,Adult-Use Retailer,,WHATCOM,6046122220010001.0,WSLCB,Washington State Liquor and Cannabis Board,Adult-Use,WA,,,,,High Society Bellingham,,,,,,,3603063257,,2023-08-08T00:00:00,,,BELLINGHAM              ,48.83358579999999,-122.4863242,5309 GUIDE MERIDIAN RD SUITE A,982260000,ACTIVE (ISSUED),,
413533,High Society Burlington,,Adult-Use Retailer,,SKAGIT,6041319920010001.0,WSLCB,Washington State Liquor and Cannabis Board,Adult-Use,WA,,,,,High Society Burlington,,,,,,,3606610168,,2023-08-08T00:00:00,,,BURLINGTON              ,48.4704947,-122.3361272,735 S. BURLINGTON BLVD,982332219,ACTIVE (ISSUED),,
421702,High-5 Cannabis,,Adult-Use Retailer,,CLARK,6034040170010002.0,WSLCB,Washington State Liquor and Cannabis Board,Adult-Use,WA,,,,,High-5 Cannabis,,,,,,,3605714568,,2023-08-08T00:00:00,,,VANCOUVER               ,45.6703298,-122.5311292,6511 NE 137TH AVE,986825948,ACTIVE (ISSUED),,
427533,High-5 Cannabis,,Adult-Use Retailer,,SKAMANIA,6034040170010003.0,WSLCB,Washington State Liquor and Cannabis Board,Adult-Use,WA,,,,,High-5 Cannabis,,,,,,,3605714568,,2023-08-08T00:00:00,,,STEVENSON               ,45.6961176,-121.8790085,25 NE 2ND ST STE B,986484215,ACTIVE (ISSUED),,
423000,Higher Leaf Marijuana Bellevue,,Adult-Use Retailer,,KING,6033437360010006.0,WSLCB,Washington State Liquor and Cannabis Board,Adult-Use,WA,,,,,Higher Leaf Marijuana Bellevue,,,,,,,4257475967,,2023-08-08T00:00:00,,,BELLEVUE                ,47.5821748,-122.1348077,3079 156TH AVE SE,980076526,ACTIVE (ISSUED),,
422218,Higher Leaf Marijuana Boutique,,Adult-Use Retailer,,KING,6034142130010002.0,WSLCB,Washington State Liquor and Cannabis Board,Adult-Use,WA,,,,,Higher Leaf Marijuana Boutique,,,,,,,4258205967,,2023-08-08T00:00:00,,,KIRKLAND                ,47.7128634,-122.1544873,12525 WILLOWS RD NE STE 10,980348735,ACTIVE (ISSUED),,
413427,Hwy 420,,Adult-Use Retailer,,KITSAP,6027629820010002.0,WSLCB,Washington State Liquor and Cannabis Board,Adult-Use,WA,,,,,Hwy 420,,,,,,,3604408671,,2023-08-08T00:00:00,,,SILVERDALE              ,47.66710519999999,-122.693478,11493 CLEAR CREEK RD,983839657,ACTIVE (ISSUED),,
413843,Hwy 420,,Adult-Use Retailer,,KITSAP,6034060990010001.0,WSLCB,Washington State Liquor and Cannabis Board,Adult-Use,WA,,,,,Hwy 420,,,,,,,3609323182,,2023-08-08T00:00:00,,,BREMERTON               ,47.5539127,-122.6595724,1110 CHARLESTON BEACH RD W,983124504,ACTIVE (ISSUED),,
414750,Iii King Company,,Adult-Use Retailer,,KING,6033505020010001.0,WSLCB,Washington State Liquor and Cannabis Board,Adult-Use,WA,,,,,Iii King Company,,,,,,,2064533445,,2023-08-08T00:00:00,,,SEATTLE                 ,47.4866357,-122.2578718,12925 MARTIN LUTHER KINGJR WAY,981780000,ACTIVE (ISSUED),,
413727,Island Herb,,Adult-Use Retailer,,ISLAND,6033504390010001.0,WSLCB,Washington State Liquor and Cannabis Board,Adult-Use,WA,,,,,Island Herb,,,,,,,3603312898,,2023-08-08T00:00:00,,,FREELAND                ,48.0087717,-122.526794,5565 VANBARR PLACE UNIT F,982490000,ACTIVE (ISSUED),,
414867,Issaquah Cannabis Company,,Adult-Use Retailer,,KING,6033564790010001.0,WSLCB,Washington State Liquor and Cannabis Board,Adult-Use,WA,,,,,Issaquah Cannabis Company,,,,,,,2063355857,,2023-08-08T00:00:00,,,ISSAQUAH                ,47.5394485,-122.0319067,230 NE JUNIPER ST STE#201 STE#201,980272519,ACTIVE (ISSUED),,
423203,It Is Lit,,Adult-Use Retailer,,ADAMS,6035809000010002.0,WSLCB,Washington State Liquor and Cannabis Board,Adult-Use,WA,,,,,It Is Lit,,,,,,,5096600497,,2023-08-08T00:00:00,,,RITZVILLE               ,47.1197682,-118.3629817,1611 S SMITTYS BLVD STE B STE B,991692264,ACTIVE (ISSUED),,
355804,J & K Cannabis,,Adult-Use Retailer,,PIERCE,6030890680010002.0,WSLCB,Washington State Liquor and Cannabis Board,Adult-Use,WA,,,,,J & K Cannabis,,,,,,,2534684440,,2023-08-08T00:00:00,,,LAKEWOOD                ,47.1717649,-122.518458,RETAIL TITLE CERTIFICATE,984991030,ACTIVE TITLE CERTIFICATE,,
422725,Jd's Procurement,,Adult-Use Retailer,,LEWIS,6036027560010001.0,WSLCB,Washington State Liquor and Cannabis Board,Adult-Use,WA,,,,,Jd's Procurement,,,,,,,3607987194,,2023-08-08T00:00:00,,,MOSSYROCK               ,46.5295517,-122.4851112,RETAIL TITLE CERTIFICATE,985640000,ACTIVE TITLE CERTIFICATE,,
420894,Jet Cannabis,,Adult-Use Retailer,,SNOHOMISH,6044313900010001.0,WSLCB,Washington State Liquor and Cannabis Board,Adult-Use,WA,,,,,Jet Cannabis,,,,,,,4253326436,,2023-08-08T00:00:00,,,EVERETT                 ,47.894544,-122.253086,11325 HIGHWAY 99,982044816,ACTIVE (ISSUED),,
415053,Jst International,,Adult-Use Retailer,,KING,6033581190010001.0,WSLCB,Washington State Liquor and Cannabis Board,Adult-Use,WA,,,,,Jst International,,,,,,,2533328800,,2023-08-08T00:00:00,,,FEDERAL WAY             ,47.3223221,-122.3126222,RETAIL TITLE CERTIFICATE,980030000,ACTIVE TITLE CERTIFICATE,,
421826,Kahd Holding,,Adult-Use Retailer,,KING,6035615620010001.0,WSLCB,Washington State Liquor and Cannabis Board,Adult-Use,WA,,,,,Kahd Holding,,,,,,,2068985900,,2023-08-08T00:00:00,,,VASHON                  ,47.4349395,-122.4648135,18850 103RD AVE SW UNIT 105,980705250,ACTIVE (ISSUED),,
414345,Kaleafa,,Adult-Use Retailer,,GRAYS HARBOR,6046242090010001.0,WSLCB,Washington State Liquor and Cannabis Board,Adult-Use,WA,,,,,Kaleafa,,,,,,,3122033450,,2023-08-08T00:00:00,,,ABERDEEN                ,46.9658792,-123.8030324,401 SOUTH BOONE,985208508,ACTIVE (ISSUED),,
417643,Kaleafa,,Adult-Use Retailer,,ISLAND,6033220580010002.0,WSLCB,Washington State Liquor and Cannabis Board,Adult-Use,WA,,,,,Kaleafa,,,,,,,3122033450,,2023-08-08T00:00:00,,,OAK HARBOR              ,48.3157876,-122.6318312,33858 SR 20 STE 102,982772664,ACTIVE (ISSUED),,
429441,Kaleafa,,Adult-Use Retailer,,KING,6035861690010005.0,WSLCB,Washington State Liquor and Cannabis Board,Adult-Use,WA,,,,,Kaleafa,,,,,,,3122033450,,2023-08-08T00:00:00,,,DES MOINES              ,47.37070079999999,-122.3030014,25745 PACIFIC HWY S,981980000,ACTIVE (ISSUED),,
421168,Karma Cannabis,,Adult-Use Retailer,,CLALLAM,6035537530010001.0,WSLCB,Washington State Liquor and Cannabis Board,Adult-Use,WA,,,,,Karma Cannabis,,,,,,,3604606641,,2023-08-08T00:00:00,,,SEQUIM                  ,48.0753955,-123.134376,131 RIVER RD  STE A,983829804,ACTIVE (ISSUED),,
431706,Kelso Marijuana Store,,Adult-Use Retailer,,COWLITZ,6036041950010004.0,WSLCB,Washington State Liquor and Cannabis Board,Adult-Use,WA,,,,,Kelso Marijuana Store,,,,,,,3604258134,,2023-08-08T00:00:00,,,KELSO                   ,46.14400819999999,-122.9074097,508 ALLEN ST UNIT A,986264106,ACTIVE (ISSUED),,
414090,Keystone Creations,,Adult-Use Retailer,,KING,6033491670010002.0,WSLCB,Washington State Liquor and Cannabis Board,Adult-Use,WA,,,,,Keystone Creations,,,,,,,2533559704,,2023-08-08T00:00:00,,,FEDERAL WAY             ,47.3223221,-122.3126222,RETAIL TITLE CERTIFICATE,980034994,ACTIVE TITLE CERTIFICATE,,
425925,King Cronic,,Adult-Use Retailer,,THURSTON,6048027430010001.0,WSLCB,Washington State Liquor and Cannabis Board,Adult-Use,WA,,,,,King Cronic,,,,,,,2063515957,,2023-08-08T00:00:00,,,YELM                    ,46.93578189999999,-122.5932524,1110 E YELM AVE STE C,985977690,ACTIVE (ISSUED),,
434802,Kitsap Cannabis,,Adult-Use Retailer,,KITSAP,6035945810010005.0,WSLCB,Washington State Liquor and Cannabis Board,Adult-Use,WA,,,,,Kitsap Cannabis,,,,,,,3608658092,,2023-08-08T00:00:00,,,BREMERTON               ,47.5273446,-122.7009488,4001 WA-3 W UNIT B,983120000,ACTIVE (ISSUED),,
420336,Kush,,Adult-Use Retailer,,KING,6040934440010001.0,WSLCB,Washington State Liquor and Cannabis Board,Adult-Use,WA,,,,,Kush,,,,,,,4252693242,,2023-08-08T00:00:00,,,KIRKLAND                ,47.6826501,-122.181867,11834 NE 90TH ST,980335814,ACTIVE (ISSUED),,
425493,Kush 21,,Adult-Use Retailer,,SNOHOMISH,6046005620010001.0,WSLCB,Washington State Liquor and Cannabis Board,Adult-Use,WA,,,,,Kush 21,,,,,,,2063830943,,2023-08-08T00:00:00,,,EVERETT                 ,47.8826323,-122.2407373,517 128TH ST SW STE B,982047311,ACTIVE (ISSUED),,
424751,Kush 21 Buckley LLC,,Adult-Use Retailer,,PIERCE,6046521590010001.0,WSLCB,Washington State Liquor and Cannabis Board,Adult-Use,WA,,,,,Kush 21 Buckley LLC,,,,,,,3605611664,,2023-08-08T00:00:00,,,BUCKLEY                 ,47.1592829,-122.0373448,29393 STATE ROUTE 410 E STE D,983219424,ACTIVE (ISSUED),,
421630,Kush Pointe,,Adult-Use Retailer,,SNOHOMISH,6033042060010002.0,WSLCB,Washington State Liquor and Cannabis Board,Adult-Use,WA,,,,,Kush Pointe,,,,,,,2065795394,,2023-08-08T00:00:00,,,MUKILTEO                ,47.8912572,-122.2849762,11811 MUKILTEO SPEEDWAY UNIT 111,982755442,ACTIVE (ISSUED),,
422992,Kush21,,Adult-Use Retailer,,SPOKANE,6043982010010002.0,WSLCB,Washington State Liquor and Cannabis Board,Adult-Use,WA,,,,,Kush21,,,,,,,3605611664,,2023-08-08T00:00:00,,,SPOKANE                 ,47.7181197,-117.3640549,6620 N MARKET ST STE 101,992177809,ACTIVE (ISSUED),,
430737,Kushklub,,Adult-Use Retailer,,KING,6040720270010003.0,WSLCB,Washington State Liquor and Cannabis Board,Adult-Use,WA,,,,,Kushklub,,,,,,,2067691282,,2023-08-08T00:00:00,,,SHORELINE               ,47.7749531,-122.3465864,20019 AURORA AVE N UNIT B,981333120,ACTIVE (ISSUED),,
421552,Kushman,,Adult-Use Retailer,,SNOHOMISH,6027085610010004.0,WSLCB,Washington State Liquor and Cannabis Board,Adult-Use,WA,,,,,Kushman,,,,,,,4254441575,,2023-08-08T00:00:00,,,LYNNWOOD                ,47.8556137,-122.2909541,15804 HIGHWAY 99 UNIT A,980871426,ACTIVE (ISSUED),,
426731,Kushman,,Adult-Use Retailer,,SNOHOMISH,6027085610010009.0,WSLCB,Washington State Liquor and Cannabis Board,Adult-Use,WA,,,,,Kushman,,,,,,,4254441575,,2023-08-08T00:00:00,,,EVERETT                 ,47.9172401,-122.2320449,8911 EVERGREEN WAY,982082626,ACTIVE (ISSUED),,
431271,Kushman's,,Adult-Use Retailer,,SNOHOMISH,6027085610010010.0,WSLCB,Washington State Liquor and Cannabis Board,Adult-Use,WA,,,,,Kushman's,,,,,,,4252457242,,2023-08-08T00:00:00,,,MUKILTEO                ,47.8941355,-122.2895221,11400 MUKILTEO SPEEDWAY #102,982755477,ACTIVE (ISSUED),,
414520,Kushmart,,Adult-Use Retailer,,SNOHOMISH,6033472500010002.0,WSLCB,Washington State Liquor and Cannabis Board,Adult-Use,WA,,,,,Kushmart,,,,,,,2067691282,,2023-08-08T00:00:00,,,EVERETT                 ,47.9408902,-122.2171173,6309 EVERGREEN WAY STE C,982034559,ACTIVE (ISSUED),,
416102,Kushmart South Everett,,Adult-Use Retailer,,SNOHOMISH,6035539770010001.0,WSLCB,Washington State Liquor and Cannabis Board,Adult-Use,WA,,,,,Kushmart South Everett,,,,,,,4255820088,,2023-08-08T00:00:00,,,EVERETT                 ,47.8780673,-122.2694654,13220 HWY 99 S,982045424,ACTIVE (ISSUED),,
414881,Lawrence Enterprises,,Adult-Use Retailer,,SAN JUAN,6033579990010001.0,WSLCB,Washington State Liquor and Cannabis Board,Adult-Use,WA,,,,,Lawrence Enterprises,,,,,,,3603782288,,2023-08-08T00:00:00,,,FRIDAY HARBOR           ,48.5155557,-123.029065,322 DANIEL LN,982506153,ACTIVE (ISSUED),,
417880,Legal Marijuana Superstore,,Adult-Use Retailer,,KITSAP,6033573230010003.0,WSLCB,Washington State Liquor and Cannabis Board,Adult-Use,WA,,,,,Legal Marijuana Superstore,,,,,,,3603401009,,2023-08-08T00:00:00,,,PORT ORCHARD            ,47.5156492,-122.6317752,3610 BETHEL RD SE SUITE 100,983670000,ACTIVE (ISSUED),,
420741,Living Well Enterprises,,Adult-Use Retailer,,KING,6033394100010004.0,WSLCB,Washington State Liquor and Cannabis Board,Adult-Use,WA,,,,,Living Well Enterprises,,,,,,,2068128092,,2023-08-08T00:00:00,,,BURIEN                  ,47.4450477,-122.3286964,17730 AMBAUM BLVD S UNIT E,981481785,ACTIVE (ISSUED),,
429803,Local Amsterdam,,Adult-Use Retailer,,KING,6041937950010004.0,WSLCB,Washington State Liquor and Cannabis Board,Adult-Use,WA,,,,,Local Amsterdam,,,,,,,2063699597,,2023-08-08T00:00:00,,,SEATTLE                 ,47.6486861,-122.3759373,3200 15TH AVE W UNIT B,981191705,ACTIVE (ISSUED),,
422336,Local Roots,,Adult-Use Retailer,,YAKIMA,6046150810010001.0,WSLCB,Washington State Liquor and Cannabis Board,Adult-Use,WA,,,,,Local Roots,,,,,,,2063830943,,2023-08-08T00:00:00,,,YAKIMA                  ,46.6057955,-120.491657,1009 E YAKIMA AVE,989012558,ACTIVE (ISSUED),,
414243,Localamster,,Adult-Use Retailer,,COWLITZ,6041937950010001.0,WSLCB,Washington State Liquor and Cannabis Board,Adult-Use,WA,,,,,Localamster,,,,,,,3603533628,,2023-08-08T00:00:00,,,LONGVIEW                ,46.1223191,-122.9365462,1006 CALIFORNIA WAY,986321615,ACTIVE (ISSUED),,
414823,Locals Canna House,,Adult-Use Retailer,,SPOKANE,6033588730010001.0,WSLCB,Washington State Liquor and Cannabis Board,Adult-Use,WA,,,,,Locals Canna House,,,,,,,5092946552,,2023-08-08T00:00:00,,,SPOKANE VALLEY          ,47.6564401,-117.2751397,9616 E SPRAGUE AVE STE B,992060000,ACTIVE (ISSUED),,
413544,Longview Freedom Market,,Adult-Use Retailer,,COWLITZ,6033544480010001.0,WSLCB,Washington State Liquor and Cannabis Board,Adult-Use,WA,,,,,Longview Freedom Market,,,,,,,3602617055,,2023-08-08T00:00:00,,,LONGVIEW                ,46.1320455,-122.9381,971 14TH AVE STE 110,986324049,ACTIVE (ISSUED),,
422278,Lovely Buds,,Adult-Use Retailer,,SPOKANE,6035877900010001.0,WSLCB,Washington State Liquor and Cannabis Board,Adult-Use,WA,,,,,Lovely Buds,,,,,,,2082904347,,2023-08-08T00:00:00,,,SPOKANE                 ,47.6575067,-117.3497281,4107 E SPRAGUE AVE,992024850,ACTIVE (ISSUED),,
410798,Lovely Buds Division,,Adult-Use Retailer,,SPOKANE,6043040910010001.0,WSLCB,Washington State Liquor and Cannabis Board,Adult-Use,WA,,,,,Lovely Buds Division,,,,,,,2082904347,,2023-08-08T00:00:00,,,SPOKANE                 ,47.6708762,-117.4118131,1403 N DIVISION ST STE A,992021810,ACTIVE (ISSUED),,
412490,Lovely Buds North,,Adult-Use Retailer,,SPOKANE,6035879370010002.0,WSLCB,Washington State Liquor and Cannabis Board,Adult-Use,WA,,,,,Lovely Buds North,,,,,,,4065465411,,2023-08-08T00:00:00,,,SPOKANE                 ,47.7152155,-117.3805435,1919 E FRANCIS AVE STE B,992082747,ACTIVE (ISSUED),,
412370,Loving Farms,,Adult-Use Retailer,,SKAGIT,6033482370010001.0,WSLCB,Washington State Liquor and Cannabis Board,Adult-Use,WA,,,,,Loving Farms,,,,,,,3605405168,,2023-08-08T00:00:00,,,MOUNT VERNON            ,48.4007542,-122.3361106,2615 OLD HIGHWAY 99 S,982730000,ACTIVE (ISSUED),,
414963,Lucid,,Adult-Use Retailer,,THURSTON,6033590350010001.0,WSLCB,Washington State Liquor and Cannabis Board,Adult-Use,WA,,,,,Lucid,,,,,,,5304010839,,2023-08-08T00:00:00,,,LACEY                   ,46.9974107,-122.8199886,4820 YELM HWY SE SUITE D,985033402,ACTIVE (ISSUED),,
415429,Lucid,,Adult-Use Retailer,,THURSTON,6033590350010002.0,WSLCB,Washington State Liquor and Cannabis Board,Adult-Use,WA,,,,,Lucid,,,,,,,5304010839,,2023-08-08T00:00:00,,,OLYMPIA                 ,47.0535069,-122.7832525,7294 MARTIN WAY E,985165533,ACTIVE (ISSUED),,
422194,"Lucid Auburn, 21+ Cannabis, 21+ Marijuana",,Adult-Use Retailer,,KING,6024649910010005.0,WSLCB,Washington State Liquor and Cannabis Board,Adult-Use,WA,,,,,"Lucid Auburn, 21+ Cannabis, 21+ Marijuana",,,,,,,2539732476,,2023-08-08T00:00:00,,,AUBURN                  ,47.33694819999999,-122.2220433,3310 AUBURN WAY N STE C/D,980021800,ACTIVE (ISSUED),,
352673,Lucid Puyallup,,Adult-Use Retailer,,PIERCE,6016367550010006.0,WSLCB,Washington State Liquor and Cannabis Board,Adult-Use,WA,,,,,Lucid Puyallup,,,,,,,2539732476,,2023-08-08T00:00:00,,,PUYALLUP                ,47.2067532,-122.3233523,7924 RIVER ROAD,983713839,ACTIVE (ISSUED),,
415203,Lucky Cannabis,,Adult-Use Retailer,,KING,6042734580010001.0,WSLCB,Washington State Liquor and Cannabis Board,Adult-Use,WA,,,,,Lucky Cannabis,,,,,,,2065882441,,2023-08-08T00:00:00,,,SEATTLE                 ,47.5161712,-122.3548285,9640 16TH AVE SW STE C & D,981062827,ACTIVE (ISSUED),,
422442,Lucky Leaf,,Adult-Use Retailer,,SPOKANE,6033514230010003.0,WSLCB,Washington State Liquor and Cannabis Board,Adult-Use,WA,,,,,Lucky Leaf,,,,,,,5096194248,,2023-08-08T00:00:00,,,SPOKANE                 ,47.6562734,-117.4288183,1111 W 1ST AVE STE A,992014005,ACTIVE (ISSUED),,
414160,Lux Pot Shop,,Adult-Use Retailer,,KING,6034151100010001.0,WSLCB,Washington State Liquor and Cannabis Board,Adult-Use,WA,,,,,Lux Pot Shop,,,,,,,2067193162,,2023-08-08T00:00:00,,,SEATTLE                 ,47.7040382,-122.3022277,10333 LAKE CITY WAY NE #101,981257737,ACTIVE (ISSUED),,
414532,Lux Pot Shop,,Adult-Use Retailer,,KING,6034150760010001.0,WSLCB,Washington State Liquor and Cannabis Board,Adult-Use,WA,,,,,Lux Pot Shop,,,,,,,2067193162,,2023-08-08T00:00:00,,,SEATTLE                 ,47.6648547,-122.3786243,4912 17TH AVE NW STE A,981074726,ACTIVE (ISSUED),,
422579,Lynnwood Holding 99 LLC,,Adult-Use Retailer,,SNOHOMISH,6045560440010001.0,WSLCB,Washington State Liquor and Cannabis Board,Adult-Use,WA,,,,,Lynnwood Holding 99 LLC,,,,,,,2067691282,,2023-08-08T00:00:00,,,LYNNWOOD                ,47.8209301,-122.3151313,RETAIL TITLE CERTIFICATE,980364736,ACTIVE TITLE CERTIFICATE,,
414876,Main Street Marijuana,,Adult-Use Retailer,,CLARK,6033571610010001.0,WSLCB,Washington State Liquor and Cannabis Board,Adult-Use,WA,,,,,Main Street Marijuana,,,,,,,3606063260,,2023-08-08T00:00:00,,,VANCOUVER               ,45.6386414,-122.671677,2314 MAIN ST,986602642,ACTIVE (ISSUED),,
421805,Main Street Marijuana East,,Adult-Use Retailer,,CLARK,6035719200010001.0,WSLCB,Washington State Liquor and Cannabis Board,Adult-Use,WA,,,,,Main Street Marijuana East,,,,,,,3606063260,,2023-08-08T00:00:00,,,VANCOUVER               ,45.6115497,-122.5056079,16219 SE 12TH ST STE 104,986838905,ACTIVE (ISSUED),,
435081,Main Street Marijuana North,,Adult-Use Retailer,,CLARK,6049895210010002.0,WSLCB,Washington State Liquor and Cannabis Board,Adult-Use,WA,,,,,Main Street Marijuana North,,,,,,,3606063260,,2023-08-08T00:00:00,,,VANCOUVER               ,45.679592,-122.6626993,7908 NE HIGHWAY 99,986658824,ACTIVE (ISSUED),,
413414,Margies's Pot Shop,,Adult-Use Retailer,,KLICKITAT,6034303690010001.0,WSLCB,Washington State Liquor and Cannabis Board,Adult-Use,WA,,,,,Margies's Pot Shop,,,,,,,5092813420,,2023-08-08T00:00:00,,,BINGEN                  ,45.7131524,-121.4628957,405 E STEUBEN ST,986059183,ACTIVE (ISSUED),,
426895,Marijuana Club 99,,Adult-Use Retailer,,SNOHOMISH,6035871190010004.0,WSLCB,Washington State Liquor and Cannabis Board,Adult-Use,WA,,,,,Marijuana Club 99,,,,,,,4252688875,,2023-08-08T00:00:00,,,EVERETT                 ,47.8831469,-122.2638992,12631 HWY 99 STE A,982040000,ACTIVE (ISSUED),,
428846,Marijuana Mart,,Adult-Use Retailer,,THURSTON,6033519760010004.0,WSLCB,Washington State Liquor and Cannabis Board,Adult-Use,WA,,,,,Marijuana Mart,,,,,,,3608587188,,2023-08-08T00:00:00,,,ROCHESTER               ,46.8031017,-123.0147132,6230 197TH SW AVE,985790000,ACTIVE (ISSUED),,
435092,Marley 420,,Adult-Use Retailer,,KING,6030644390010003.0,WSLCB,Washington State Liquor and Cannabis Board,Adult-Use,WA,,,,,Marley 420,,,,,,,2067147733,,2023-08-08T00:00:00,,,COVINGTON               ,47.35942,-122.116463,27022 168TH PL SE,980424902,ACTIVE (ISSUED),,
417646,Mary Jane's,,Adult-Use Retailer,,SPOKANE,6041385610010001.0,WSLCB,Washington State Liquor and Cannabis Board,Adult-Use,WA,,,,,Mary Jane's,,,,,,,5098554485,,2023-08-08T00:00:00,,,SPOKANE                 ,47.6839399,-117.3655584,2829 N MARKET ST,992075553,ACTIVE (ISSUED),,
413844,Mary Jane's House Of Marijuana,,Adult-Use Retailer,,CLARK,6033550730010002.0,WSLCB,Washington State Liquor and Cannabis Board,Adult-Use,WA,,,,,Mary Jane's House Of Marijuana,,,,,,,3609312169,,2023-08-08T00:00:00,,,WASHOUGAL               ,45.5811472,-122.3538195,RETAIL TITLE CERTIFICATE,986712123,ACTIVE TITLE CERTIFICATE,,
414864,Mary Janes,,Adult-Use Retailer,,GRANT,6041405300010001.0,WSLCB,Washington State Liquor and Cannabis Board,Adult-Use,WA,,,,,Mary Janes,,,,,,,5098554485,,2023-08-08T00:00:00,,,MOSES LAKE              ,47.124165,-119.2919334,1037 W MARINA DR,988372635,ACTIVE (ISSUED),,
424311,Mary Mart Inc,,Adult-Use Retailer,,PIERCE,6036229840010002.0,WSLCB,Washington State Liquor and Cannabis Board,Adult-Use,WA,,,,,Mary Mart Inc,,,,,,,2539614231,,2023-08-08T00:00:00,,,TACOMA                  ,47.2549928,-122.4752343,3002 6TH AVE STE 100,984066203,ACTIVE (ISSUED),,
415183,Memento Amare LLC,,Adult-Use Retailer,,MASON,6051527880010001.0,WSLCB,Washington State Liquor and Cannabis Board,Adult-Use,WA,,,,,Memento Amare LLC,,,,,,,4044063054,,2023-08-08T00:00:00,,,SHELTON                 ,47.2024777,-123.0913025,1428 OLYMPIC HWY S UNIT 1,985843266,ACTIVE (ISSUED),,
415544,Mergenthaler Washington (Title Owner Only),,Adult-Use Retailer,,KING,6042110130000000.0,WSLCB,Washington State Liquor and Cannabis Board,Adult-Use,WA,,,,,Mergenthaler Washington (Title Owner Only),,,,,,,2063355857,,2023-08-08T00:00:00,,,FEDERAL WAY             ,47.3223221,-122.3126222,RETAIL TITLE CERTIFICATE,980032406,ACTIVE TITLE CERTIFICATE,,
415001,Miller's Marijuana,,Adult-Use Retailer,,GRAYS HARBOR,6033581030010001.0,WSLCB,Washington State Liquor and Cannabis Board,Adult-Use,WA,,,,,Miller's Marijuana,,,,,,,3604709265,,2023-08-08T00:00:00,,,ELMA                    ,46.937822,-123.310123,5675 STATE ROUTE 12 STE 1,985410000,ACTIVE (ISSUED),,
414735,Mister Buds,,Adult-Use Retailer,,CLALLAM,6021513210010001.0,WSLCB,Washington State Liquor and Cannabis Board,Adult-Use,WA,,,,,Mister Buds,,,,,,,3607971966,,2023-08-08T00:00:00,,,PORT ANGELES            ,48.1219256,-123.4441289,536 MARINE DR STE B,983632230,ACTIVE (ISSUED),,
415314,Mj's Pot Shop,,Adult-Use Retailer,,WHITMAN,6034563770010001.0,WSLCB,Washington State Liquor and Cannabis Board,Adult-Use,WA,,,,,Mj's Pot Shop,,,,,,,5093321011,,2023-08-08T00:00:00,,,PULLMAN                 ,46.7198595,-117.1645747,1335 SE BISHOP BLVD,991636408,ACTIVE (ISSUED),,
421918,Mo Beta Green,,Adult-Use Retailer,,JEFFERSON,6046012740010002.0,WSLCB,Washington State Liquor and Cannabis Board,Adult-Use,WA,,,,,Mo Beta Green,,,,,,,3603794689,,2023-08-08T00:00:00,,,CHIMACUM                ,48.0105373,-122.7660668,8962 BEAVER VALLEY RD,983250000,ACTIVE (ISSUED),,
422951,Modern Creations LLC,,Adult-Use Retailer,,KING,6033573650010009.0,WSLCB,Washington State Liquor and Cannabis Board,Adult-Use,WA,,,,,Modern Creations LLC,,,,,,,2063355857,,2023-08-08T00:00:00,,,SEATTLE                 ,47.5063332,-122.332777,10825 MYERS WAY S STE 200,981681367,ACTIVE (ISSUED),,
426443,Molecule,,Adult-Use Retailer,,LINCOLN,6035831590010006.0,WSLCB,Washington State Liquor and Cannabis Board,Adult-Use,WA,,,,,Molecule,,,,,,,5099362310,,2023-08-08T00:00:00,,,DAVENPORT               ,47.6543728,-118.1440077,206 MORGAN ST,991225178,ACTIVE (ISSUED),,
422361,"Mount Baker Retail Partners, LLC",,Adult-Use Retailer,,GRANT,6033568920010005.0,WSLCB,Washington State Liquor and Cannabis Board,Adult-Use,WA,,,,,"Mount Baker Retail Partners, LLC",,,,,,,4257530673,,2023-08-08T00:00:00,,,QUINCY                  ,47.10535609999999,-119.8346058,1209 HWY 281 SPUR SUITE K,988489510,ACTIVE (ISSUED),,
422981,"Mount Baker Retail Partners, LLC",,Adult-Use Retailer,,KING,6033568920010001.0,WSLCB,Washington State Liquor and Cannabis Board,Adult-Use,WA,,,,,"Mount Baker Retail Partners, LLC",,,,,,,2068182083,,2023-08-08T00:00:00,,,TUKWILA                 ,47.4902791,-122.2849004,12539 E MARGINAL WAY S STE C,981682560,ACTIVE (ISSUED),,
422796,Mount Vernon Retail Holdings LLC,,Adult-Use Retailer,,SKAGIT,6048648970010001.0,WSLCB,Washington State Liquor and Cannabis Board,Adult-Use,WA,,,,,Mount Vernon Retail Holdings LLC,,,,,,,2062401308,,2023-08-08T00:00:00,,,MOUNT VERNON            ,48.4264905,-122.3588048,17929 STATE ROUTE 536 STE B STE B,982733216,ACTIVE (ISSUED),,
424190,Mr. Doobees,,Adult-Use Retailer,,PACIFIC,6034123630010003.0,WSLCB,Washington State Liquor and Cannabis Board,Adult-Use,WA,,,,,Mr. Doobees,,,,,,,3608758016,,2023-08-08T00:00:00,,,SEAVIEW                 ,46.3308771,-124.0535759,1410 40TH ST,986442037,ACTIVE (ISSUED),,
427850,Mr. Greens Cannabis,,Adult-Use Retailer,,KING,6041450900010003.0,WSLCB,Washington State Liquor and Cannabis Board,Adult-Use,WA,,,,,Mr. Greens Cannabis,,,,,,,2069202178,,2023-08-08T00:00:00,,,LAKE FOREST PARK        ,47.7390392,-122.290737,15029 BOTHELL WAY NE STE 100,981557600,ACTIVE (ISSUED),,
413789,Mueller Hilltop LLC (Title Owner Only),,Adult-Use Retailer,,KING,6044512990000000.0,WSLCB,Washington State Liquor and Cannabis Board,Adult-Use,WA,,,,,Mueller Hilltop LLC (Title Owner Only),,,,,,,2069924008,,2023-08-08T00:00:00,,,FEDERAL WAY             ,47.3223221,-122.3126222,RETAIL TITLE CERTIFICATE,980034994,ACTIVE TITLE CERTIFICATE,,
413930,Muffys Pot Shop,,Adult-Use Retailer,,CLALLAM,6033593550010001.0,WSLCB,Washington State Liquor and Cannabis Board,Adult-Use,WA,,,,,Muffys Pot Shop,,,,,,,3608082532,,2023-08-08T00:00:00,,,PORT ANGELES            ,48.1049087,-123.3702332,3134 E HIGHWAY 101 SUITE A,983629074,ACTIVE (ISSUED),,
414785,Multiverse Holdings,,Adult-Use Retailer,,KING,6042287530010001.0,WSLCB,Washington State Liquor and Cannabis Board,Adult-Use,WA,,,,,Multiverse Holdings,,,,,,,4256985381,,2023-08-08T00:00:00,,,SEATTLE                 ,47.733317,-122.3130949,14343 15TH AVE NE,981253162,ACTIVE (ISSUED),,
423390,Natural Blessing Cannabis,,Adult-Use Retailer,,PIERCE,6034145890010003.0,WSLCB,Washington State Liquor and Cannabis Board,Adult-Use,WA,,,,,Natural Blessing Cannabis,,,,,,,2534333961,,2023-08-08T00:00:00,,,SPANAWAY                ,47.1016268,-122.4353518,17024 PACIFIC AVE S STE B STE B,983874940,ACTIVE (ISSUED),,
421687,Natural Green,,Adult-Use Retailer,,LINCOLN,6035707080010001.0,WSLCB,Washington State Liquor and Cannabis Board,Adult-Use,WA,,,,,Natural Green,,,,,,,2062269725,,2023-08-08T00:00:00,,,DAVENPORT               ,47.6537506,-118.1417273,51 MORGAN ST UNIT B,991220000,ACTIVE (ISSUED),,
414181,Nature's Gifts,,Adult-Use Retailer,,CLALLAM,6033561890010002.0,WSLCB,Washington State Liquor and Cannabis Board,Adult-Use,WA,,,,,Nature's Gifts,,,,,,,3607971993,,2023-08-08T00:00:00,,,SEQUIM                  ,48.0791123,-123.1204621,755 W WASHINGTON ST STE C,983823272,ACTIVE (ISSUED),,
421698,Next Steps,,Adult-Use Retailer,,SPOKANE,6035719190010001.0,WSLCB,Washington State Liquor and Cannabis Board,Adult-Use,WA,,,,,Next Steps,,,,,,,5202508988,,2023-08-08T00:00:00,,,SPOKANE                 ,47.6269322,-117.3697479,2804 E 30TH AVE,992234782,ACTIVE (ISSUED),,
415658,Nimbin Farm,,Adult-Use Retailer,,KING,6031887750010002.0,WSLCB,Washington State Liquor and Cannabis Board,Adult-Use,WA,,,,,Nimbin Farm,,,,,,,2532617600,,2023-08-08T00:00:00,,,SEATTLE                 ,47.5051716,-122.3339984,10859 1ST AVE S STE A,981681309,ACTIVE (ISSUED),,
424951,Nirvana Cannabis Company,,Adult-Use Retailer,,BENTON,6033591910010007.0,WSLCB,Washington State Liquor and Cannabis Board,Adult-Use,WA,,,,,Nirvana Cannabis Company,,,,,,,5098082391,,2023-08-08T00:00:00,,,RICHLAND                ,46.2572589,-119.3379517,4950 ARENA RD,993527857,ACTIVE (ISSUED),,
427666,Nirvana Cannabis Company,,Adult-Use Retailer,,SPOKANE,6033591910010008.0,WSLCB,Washington State Liquor and Cannabis Board,Adult-Use,WA,,,,,Nirvana Cannabis Company,,,,,,,5098082361,,2023-08-08T00:00:00,,,OTIS ORCHARDS           ,47.7005548,-117.073726,24713 E WELLESLEY AVE,990279709,ACTIVE (ISSUED),,
434100,Nirvana Cannabis Company,,Adult-Use Retailer,,DOUGLAS,6033591910010009.0,WSLCB,Washington State Liquor and Cannabis Board,Adult-Use,WA,,,,,Nirvana Cannabis Company,,,,,,,5098082361,,2023-08-08T00:00:00,,,EAST WENATCHEE          ,47.4022853,-120.2879466,181 ROCK ISLAND RD,988025353,ACTIVE (ISSUED),,
413407,North Bay Marijuana,,Adult-Use Retailer,,MASON,6033496500010002.0,WSLCB,Washington State Liquor and Cannabis Board,Adult-Use,WA,,,,,North Bay Marijuana,,,,,,,3608014269,,2023-08-08T00:00:00,,,ALLYN                   ,47.3891193,-122.8266601,211 E NORTH BAY RD STE B,985240000,ACTIVE (ISSUED),,
423492,Northwest Cannabis Connection,,Adult-Use Retailer,,PIERCE,6032284040010003.0,WSLCB,Washington State Liquor and Cannabis Board,Adult-Use,WA,,,,,Northwest Cannabis Connection,,,,,,,2532920444,,2023-08-08T00:00:00,,,PUYALLUP                ,47.1510213,-122.3576311,11522 CANYON RD E,983734360,ACTIVE (ISSUED),,
425584,Nsk Cannabis,,Adult-Use Retailer,,WHITMAN,6033549100010005.0,WSLCB,Washington State Liquor and Cannabis Board,Adult-Use,WA,,,,,Nsk Cannabis,,,,,,,2069308577,,2023-08-08T00:00:00,,,PULLMAN                 ,46.7392868,-117.1726734,1212 N GRAND AVE,991633427,ACTIVE (ISSUED),,
428760,Nxnw Retail LLC / Cannabis And Glass,,Adult-Use Retailer,,SPOKANE,6033510980010009.0,WSLCB,Washington State Liquor and Cannabis Board,Adult-Use,WA,,,,,Nxnw Retail LLC / Cannabis And Glass,,,,,,,5093096974,,2023-08-08T00:00:00,,,LIBERTY LAKE            ,47.6881158,-117.0681237,25101 E APPLEWAY AVE,990190000,ACTIVE (ISSUED),,
82587,Nxnw Retail LLC/Cannabis & Glass,,Adult-Use Retailer,,SPOKANE,6033510980010007.0,WSLCB,Washington State Liquor and Cannabis Board,Adult-Use,WA,,,,,Nxnw Retail LLC/Cannabis & Glass,,,,,,,5093096974,,2023-08-08T00:00:00,,,MILLWOOD                ,47.6823159,-117.2784751,9403 E TRENT AVE,992064218,ACTIVE (ISSUED),,
428942,Ocean Greens,,Adult-Use Retailer,,KING,6033509090010003.0,WSLCB,Washington State Liquor and Cannabis Board,Adult-Use,WA,,,,,Ocean Greens,,,,,,,2062299893,,2023-08-08T00:00:00,,,SEATTLE                 ,47.7059346,-122.344326,10524 AURORA AVE N,981338812,ACTIVE (ISSUED),,
413551,Old Toby,,Adult-Use Retailer,,LEWIS,6033332780010001.0,WSLCB,Washington State Liquor and Cannabis Board,Adult-Use,WA,,,,,Old Toby,,,,,,,3604853255,,2023-08-08T00:00:00,,,CHEHALIS                ,46.6650043,-122.9732326,391 NW STATE AVE STE 1,985321637,ACTIVE (ISSUED),,
427769,Olympia Weed Company,,Adult-Use Retailer,,THURSTON,6032767240010004.0,WSLCB,Washington State Liquor and Cannabis Board,Adult-Use,WA,,,,,Olympia Weed Company,,,,,,,3609156071,,2023-08-08T00:00:00,,,OLYMPIA                 ,46.9526247,-122.9022719,401 93RD AVE SE,985019701,ACTIVE (ISSUED),,
422466,One Hit Wonder Cannabis,,Adult-Use Retailer,,JEFFERSON,6048709290010001.0,WSLCB,Washington State Liquor and Cannabis Board,Adult-Use,WA,,,,,One Hit Wonder Cannabis,,,,,,,3603383818,,2023-08-08T00:00:00,,,PORT TOWNSEND           ,48.10240899999999,-122.803905,2427 W SIMS WAY STE F,983682247,ACTIVE (ISSUED),,
421910,One Love Collective,,Adult-Use Retailer,,SNOHOMISH,6034929270010001.0,WSLCB,Washington State Liquor and Cannabis Board,Adult-Use,WA,,,,,One Love Collective,,,,,,,2062278088,,2023-08-08T00:00:00,,,MONROE                  ,47.8553772,-121.9709579,RETAIL TITLE CERTIFICATE,982721938,ACTIVE TITLE CERTIFICATE,,
422107,One Love Collective,,Adult-Use Retailer,,KING,6034929270010002.0,WSLCB,Washington State Liquor and Cannabis Board,Adult-Use,WA,,,,,One Love Collective,,,,,,,2062278088,,2023-08-08T00:00:00,,,KENT                    ,47.3830671,-122.234771,RETAIL TITLE CERTIFICATE,980320000,ACTIVE TITLE CERTIFICATE,,
420390,Orcas Island Cannabis,,Adult-Use Retailer,,SAN JUAN,6033043440010001.0,WSLCB,Washington State Liquor and Cannabis Board,Adult-Use,WA,,,,,Orcas Island Cannabis,,,,,,,3603175704,,2023-08-08T00:00:00,,,EASTSOUND               ,48.7028397,-122.9165817,1533 MT BAKER RD,982450000,ACTIVE (ISSUED),,
83380,Orchards Cannabis Market,,Adult-Use Retailer,,CLARK,6044551770010001.0,WSLCB,Washington State Liquor and Cannabis Board,Adult-Use,WA,,,,,Orchards Cannabis Market,,,,,,,3607987194,,2023-08-08T00:00:00,,,VANCOUVER               ,45.6703485,-122.5512822,11800 NE 65TH ST,986625552,ACTIVE (ISSUED),,
425507,Origins,,Adult-Use Retailer,,KING,6035624390010008.0,WSLCB,Washington State Liquor and Cannabis Board,Adult-Use,WA,,,,,Origins,,,,,,,2069223954,,2023-08-08T00:00:00,,,REDMOND                 ,47.67325080000001,-122.1217053,16390 CLEVELAND ST,980524314,ACTIVE (ISSUED),,
421432,Origins Cannabis,,Adult-Use Retailer,,SNOHOMISH,6035624390010003.0,WSLCB,Washington State Liquor and Cannabis Board,Adult-Use,WA,,,,,Origins Cannabis,,,,,,,2535072167,,2023-08-08T00:00:00,,,MONROE                  ,47.8553772,-121.9709579,RETAIL TITLE CERTIFICATE,982721938,ACTIVE TITLE CERTIFICATE,,
423402,Origins Cannabis,,Adult-Use Retailer,,KING,6035624390010004.0,WSLCB,Washington State Liquor and Cannabis Board,Adult-Use,WA,,,,,Origins Cannabis,,,,,,,2535072167,,2023-08-08T00:00:00,,,SEATTLE                 ,47.5589302,-122.3823985,4800 40TH AVE SW STE B,981164506,ACTIVE (ISSUED),,
414573,Ounce King Cannabis,,Adult-Use Retailer,,KING,6034521320010001.0,WSLCB,Washington State Liquor and Cannabis Board,Adult-Use,WA,,,,,Ounce King Cannabis,,,,,,,2062517358,,2023-08-08T00:00:00,,,SEATTLE                 ,47.4994072,-122.2210906,11463 RAINIER AVE S STE A & C1,981783963,ACTIVE (ISSUED),,
415348,Oz.,,Adult-Use Retailer,,KING,6033565520010003.0,WSLCB,Washington State Liquor and Cannabis Board,Adult-Use,WA,,,,,Oz.,,,,,,,2062510630,,2023-08-08T00:00:00,,,SEATTLE                 ,47.6536287,-122.3428796,3831 STONE WAY N,981038005,ACTIVE (ISSUED),,
414812,Paper And Leaf,,Adult-Use Retailer,,KITSAP,6033507940010002.0,WSLCB,Washington State Liquor and Cannabis Board,Adult-Use,WA,,,,,Paper And Leaf,,,,,,,2067807814,,2023-08-08T00:00:00,,,BAINBRIDGE ISLAND       ,47.6805695,-122.5418076,8040 NE DAY RD W BLDG 3 STE 1,981100000,ACTIVE (ISSUED),,
433404,Pend Oreille Cannabis Co.,,Adult-Use Retailer,,PEND OREILLE,6035590780010003.0,WSLCB,Washington State Liquor and Cannabis Board,Adult-Use,WA,,,,,Pend Oreille Cannabis Co.,,,,,,,5094423420,,2023-08-08T00:00:00,,,NEWPORT                 ,48.1858168,-117.0485095,601 HWY 20,991560000,ACTIVE (ISSUED),,
414918,"Phc Enterprise, LLC",,Adult-Use Retailer,,WHATCOM,6045490210010001.0,WSLCB,Washington State Liquor and Cannabis Board,Adult-Use,WA,,,,,"Phc Enterprise, LLC",,,,,,,4258793437,,2023-08-08T00:00:00,,,CUSTER                  ,48.9352425,-122.6668474,3435 BIRCH BAY LYNDEN RD,982409507,ACTIVE (ISSUED),,
414664,Piece Of Mind Cannabis,,Adult-Use Retailer,,SPOKANE,6033486380010001.0,WSLCB,Washington State Liquor and Cannabis Board,Adult-Use,WA,,,,,Piece Of Mind Cannabis,,,,,,,5099947051,,2023-08-08T00:00:00,,,SPOKANE                 ,47.7418461,-117.4121361,9301 N DIVISION ST STE B-C,992181254,ACTIVE (ISSUED),,
421616,Piece Of Mind Cannabis,,Adult-Use Retailer,,WHATCOM,6033562950010004.0,WSLCB,Washington State Liquor and Cannabis Board,Adult-Use,WA,,,,,Piece Of Mind Cannabis,,,,,,,2062291067,,2023-08-08T00:00:00,,,BELLINGHAM              ,48.7475459,-122.4822192,100 E MAPLE ST STE A,982255006,ACTIVE (ISSUED),,
415406,Pleasanttrees,,Adult-Use Retailer,,SNOHOMISH,6048718570010001.0,WSLCB,Washington State Liquor and Cannabis Board,Adult-Use,WA,,,,,Pleasanttrees,,,,,,,2066184566,,2023-08-08T00:00:00,,,EVERETT                 ,47.8779495,-122.2699015,13224 HWY 99 STE A,982045424,ACTIVE (ISSUED),,
425851,Pmr Industries,,Adult-Use Retailer,,PIERCE,6035507850010003.0,WSLCB,Washington State Liquor and Cannabis Board,Adult-Use,WA,,,,,Pmr Industries,,,,,,,2536786934,,2023-08-08T00:00:00,,,LAKEWOOD                ,47.1717649,-122.518458,RETAIL TITLE CERTIFICATE,984993514,ACTIVE TITLE CERTIFICATE,,
417114,Pom Cannabis Pullman,,Adult-Use Retailer,,WHITMAN,6034054510010001.0,WSLCB,Washington State Liquor and Cannabis Board,Adult-Use,WA,,,,,Pom Cannabis Pullman,,,,,,,5099947051,,2023-08-08T00:00:00,,,PULLMAN                 ,46.7193584,-117.1634344,1330 SE BISHOP BLVD,991630000,ACTIVE (ISSUED),,
79013,Pot Shop,,Adult-Use Retailer,,KING,6033255610010003.0,WSLCB,Washington State Liquor and Cannabis Board,Adult-Use,WA,,,,,Pot Shop,,,,,,,6145615684,,2023-08-08T00:00:00,,,SEATTLE                 ,47.6338719,-122.3420873,1628 DEXTER AVE N STE A,981093019,ACTIVE (ISSUED),,
415229,Pot Zone,,Adult-Use Retailer,,KITSAP,6033538680010003.0,WSLCB,Washington State Liquor and Cannabis Board,Adult-Use,WA,,,,,Pot Zone,,,,,,,2533127280,,2023-08-08T00:00:00,,,PORT ORCHARD            ,47.5056427,-122.6303244,1703 SE SEDGWICK RD STE 113,983669599,ACTIVE (ISSUED),,
434030,Pot Zone,,Adult-Use Retailer,,PIERCE,6033538680010006.0,WSLCB,Washington State Liquor and Cannabis Board,Adult-Use,WA,,,,,Pot Zone,,,,,,,2532122884,,2023-08-08T00:00:00,,,TACOMA                  ,47.1913227,-122.4201594,814 72ND ST E,984041700,ACTIVE (ISSUED),,
361259,Pot Zone Of Vancouver,,Adult-Use Retailer,,CLARK,6040588840010003.0,WSLCB,Washington State Liquor and Cannabis Board,Adult-Use,WA,,,,,Pot Zone Of Vancouver,,,,,,,5099795989,,2023-08-08T00:00:00,,,VANCOUVER               ,45.6774837,-122.6619799,7701 NE HWY 99 STE B,986650000,ACTIVE (ISSUED),,
414574,Prc,,Adult-Use Retailer,,SKAGIT,6033210770010002.0,WSLCB,Washington State Liquor and Cannabis Board,Adult-Use,WA,,,,,Prc,,,,,,,3604456221,,2023-08-08T00:00:00,,,MOUNT VERNON            ,48.3415365,-122.340631,18729 FIR ISLAND RD STE C,982738159,ACTIVE (ISSUED),,
415198,Prc,,Adult-Use Retailer,,SNOHOMISH,6045868370010001.0,WSLCB,Washington State Liquor and Cannabis Board,Adult-Use,WA,,,,,Prc,,,,,,,4253432272,,2023-08-08T00:00:00,,,EDMONDS                 ,47.7881188,-122.3539463,23221 EDMONDS WAY STE A STE A,980260000,ACTIVE (ISSUED),,
421084,Prc,,Adult-Use Retailer,,SNOHOMISH,6033210770010003.0,WSLCB,Washington State Liquor and Cannabis Board,Adult-Use,WA,,,,,Prc,,,,,,,4253432272,,2023-08-08T00:00:00,,,ARLINGTON               ,48.151395,-122.15967,5200 172ND ST NE F-101,982234703,ACTIVE (ISSUED),,
423885,Primo Cannabis,,Adult-Use Retailer,,SPOKANE,6042703180010001.0,WSLCB,Washington State Liquor and Cannabis Board,Adult-Use,WA,,,,,Primo Cannabis,,,,,,,5099279333,,2023-08-08T00:00:00,,,OTIS ORCHARDS           ,47.7078121,-117.1134008,21630 E GILBERT AVE,990279241,ACTIVE (ISSUED),,
415238,Puff N Chill LLC,,Adult-Use Retailer,,SNOHOMISH,6040021480010001.0,WSLCB,Washington State Liquor and Cannabis Board,Adult-Use,WA,,,,,Puff N Chill LLC,,,,,,,2063340676,,2023-08-08T00:00:00,,,LYNNWOOD                ,47.8545275,-122.2905244,15919 HWY 99,980871427,ACTIVE (ISSUED),,
422526,Puget Sound Products LLC (Title Owner Only),,Adult-Use Retailer,,SNOHOMISH,6042944990000000.0,WSLCB,Washington State Liquor and Cannabis Board,Adult-Use,WA,,,,,Puget Sound Products LLC (Title Owner Only),,,,,,,2067691282,,2023-08-08T00:00:00,,,LYNNWOOD                ,47.8209301,-122.3151313,RETAIL TITLE CERTIFICATE,980374576,ACTIVE TITLE CERTIFICATE,,
414680,Purple Haze,,Adult-Use Retailer,,SNOHOMISH,6034004860010002.0,WSLCB,Washington State Liquor and Cannabis Board,Adult-Use,WA,,,,,Purple Haze,,,,,,,4252583054,,2023-08-08T00:00:00,,,EVERETT                 ,47.9612461,-122.2111422,4218 RUCKER AVE,982032214,ACTIVE (ISSUED),,
423224,Rainier Cannabis,,Adult-Use Retailer,,SNOHOMISH,6033580640010004.0,WSLCB,Washington State Liquor and Cannabis Board,Adult-Use,WA,,,,,Rainier Cannabis,,,,,,,2062614999,,2023-08-08T00:00:00,,,MOUNTLAKE TERRACE       ,47.7987809,-122.3198071,22002 64TH AVE W STE 2A SUITE 2A,980432547,ACTIVE (ISSUED),,
422414,Rdi LLC (Title Owner Only),,Adult-Use Retailer,,SNOHOMISH,6041034250000000.0,WSLCB,Washington State Liquor and Cannabis Board,Adult-Use,WA,,,,,Rdi LLC (Title Owner Only),,,,,,,2063999999,,2023-08-08T00:00:00,,,LYNNWOOD                ,47.8209301,-122.3151313,RETAIL TITLE CERTIFICATE,980364715,ACTIVE TITLE CERTIFICATE,,
414460,Roslyn Herbs,,Adult-Use Retailer,,KITTITAS,6033548730010002.0,WSLCB,Washington State Liquor and Cannabis Board,Adult-Use,WA,,,,,Roslyn Herbs,,,,,,,4256478338,,2023-08-08T00:00:00,,,ROSLYN                  ,47.2170161,-120.9882396,600 S FIRST STREET,989410000,ACTIVE (ISSUED),,
415132,Royal's Cannabis,,Adult-Use Retailer,,SPOKANE,6034165070010001.0,WSLCB,Washington State Liquor and Cannabis Board,Adult-Use,WA,,,,,Royal's Cannabis,,,,,,,5099954896,,2023-08-08T00:00:00,,,SPOKANE                 ,47.7232111,-117.4118771,7115 N DIVISION ST STE A,992086507,ACTIVE (ISSUED),,
413692,Ruckus,,Adult-Use Retailer,,KING,6034174700010001.0,WSLCB,Washington State Liquor and Cannabis Board,Adult-Use,WA,,,,,Ruckus,,,,,,,2063630930,,2023-08-08T00:00:00,,,SEATTLE                 ,47.62297050000001,-122.3129892,1465 E REPUBLICAN ST,981124512,ACTIVE (ISSUED),,
414088,Ruckus Recreational Cannabis,,Adult-Use Retailer,,KING,6042912990010003.0,WSLCB,Washington State Liquor and Cannabis Board,Adult-Use,WA,,,,,Ruckus Recreational Cannabis,,,,,,,2063630930,,2023-08-08T00:00:00,,,SEATTLE                 ,47.6525531,-122.3547177,316 N 36TH ST,981030000,ACTIVE (ISSUED),,
422701,Sapphire Cannabis,,Adult-Use Retailer,,LINCOLN,6020128630010004.0,WSLCB,Washington State Liquor and Cannabis Board,Adult-Use,WA,,,,,Sapphire Cannabis,,,,,,,5099880219,,2023-08-08T00:00:00,,,SPRAGUE                 ,47.2975307,-117.9773009,209 E 4TH ST STE B,990320000,ACTIVE (ISSUED),,
413739,Sativa Sisters,,Adult-Use Retailer,,SPOKANE,6033538100010002.0,WSLCB,Washington State Liquor and Cannabis Board,Adult-Use,WA,,,,,Sativa Sisters,,,,,,,2086603909,,2023-08-08T00:00:00,,,SPOKANE                 ,47.68541949999999,-117.262743,10525 E TRENT AVE STE 1,992064516,ACTIVE (ISSUED),,
422764,Sativa Sisters Ii,,Adult-Use Retailer,,ASOTIN,6035891840010001.0,WSLCB,Washington State Liquor and Cannabis Board,Adult-Use,WA,,,,,Sativa Sisters Ii,,,,,,,2062350635,,2023-08-08T00:00:00,,,CLARKSTON               ,46.4158572,-117.0446065,712 5TH ST,994032632,ACTIVE (ISSUED),,
421848,Satori,,Adult-Use Retailer,,PEND OREILLE,6035649550010001.0,WSLCB,Washington State Liquor and Cannabis Board,Adult-Use,WA,,,,,Satori,,,,,,,5099990148,,2023-08-08T00:00:00,,,NEWPORT                 ,48.1796277,-117.0432583,RETAIL TITLE CERTIFICATE,991569302,ACTIVE TITLE CERTIFICATE,,
422659,Satori,,Adult-Use Retailer,,BENTON,6035649550010003.0,WSLCB,Washington State Liquor and Cannabis Board,Adult-Use,WA,,,,,Satori,,,,,,,5099990148,,2023-08-08T00:00:00,,,RICHLAND                ,46.28042000000001,-119.2751996,RETAIL TITLE CERTIFICATE,993520000,ACTIVE TITLE CERTIFICATE,,
422703,Satori,,Adult-Use Retailer,,BENTON,6036022830010001.0,WSLCB,Washington State Liquor and Cannabis Board,Adult-Use,WA,,,,,Satori,,,,,,,5202508988,,2023-08-08T00:00:00,,,KENNEWICK               ,46.2086683,-119.119948,RETAIL TITLE CERTIFICATE,993361966,ACTIVE TITLE CERTIFICATE,,
428107,Savage Thc,,Adult-Use Retailer,,STEVENS,6035850260010002.0,WSLCB,Washington State Liquor and Cannabis Board,Adult-Use,WA,,,,,Savage Thc,,,,,,,5099992989,,2023-08-08T00:00:00,,,CLAYTON                 ,47.99757109999999,-117.5715605,4426 WILLIAMS VALLEY RD STE B,991109745,ACTIVE (ISSUED),,
432024,Sea Change Cannabis,,Adult-Use Retailer,,JEFFERSON,6044693650010002.0,WSLCB,Washington State Liquor and Cannabis Board,Adult-Use,WA,,,,,Sea Change Cannabis,,,,,,,3603851320,,2023-08-08T00:00:00,,,PORT HADLOCK            ,48.0386394,-122.7851935,11323 RHODY DR,983399768,ACTIVE (ISSUED),,
426199,Seattle Cannabis Co.,,Adult-Use Retailer,,KING,6033364470010003.0,WSLCB,Washington State Liquor and Cannabis Board,Adult-Use,WA,,,,,Seattle Cannabis Co.,,,,,,,2064201042,,2023-08-08T00:00:00,,,SEATTLE                 ,47.53717169999999,-122.2700857,7262 RAINIER AVE S STE B,981183864,ACTIVE (ISSUED),,
414731,Seattle Tonics,,Adult-Use Retailer,,KING,6033584890010002.0,WSLCB,Washington State Liquor and Cannabis Board,Adult-Use,WA,,,,,Seattle Tonics,,,,,,,2063636000,,2023-08-08T00:00:00,,,SEATTLE                 ,47.7176519,-122.3458512,12059 AURORA AVE N,981338249,ACTIVE (ISSUED),,
422570,Seaweed Retail,,Adult-Use Retailer,,SNOHOMISH,6043489080010001.0,WSLCB,Washington State Liquor and Cannabis Board,Adult-Use,WA,,,,,Seaweed Retail,,,,,,,2066697484,,2023-08-08T00:00:00,,,EDMONDS                 ,47.8047925,-122.3289971,21412 HIGHWAY 99 STE A,980267748,ACTIVE (ISSUED),,
413994,Secret Herb Shop,,Adult-Use Retailer,,FERRY,6024843170010005.0,WSLCB,Washington State Liquor and Cannabis Board,Adult-Use,WA,,,,,Secret Herb Shop,,,,,,,5096844420,,2023-08-08T00:00:00,,,KETTLE FALLS            ,48.6267434,-118.1237605,2 COLUMBIA DR STE A,991419461,ACTIVE (ISSUED),,
429502,Shawn Kemp's Cannabis,,Adult-Use Retailer,,KING,6042287520010002.0,WSLCB,Washington State Liquor and Cannabis Board,Adult-Use,WA,,,,,Shawn Kemp's Cannabis,,,,,,,2063450009,,2023-08-08T00:00:00,,,SEATTLE                 ,47.5758561,-122.3342003,3035 1ST AVE STE B,981211010,ACTIVE (ISSUED),,
434189,Shawn Kemp's Cannabis Sodo,,Adult-Use Retailer,,KING,6049121510010001.0,WSLCB,Washington State Liquor and Cannabis Board,Adult-Use,WA,,,,,Shawn Kemp's Cannabis Sodo,,,,,,,3607181273,,2023-08-08T00:00:00,,,SEATTLE                 ,47.577935,-122.3338074,2764 1ST AVE S STE 100,981340000,ACTIVE (ISSUED),,
426677,Shelton Cannabis Company,,Adult-Use Retailer,,MASON,6042530810010001.0,WSLCB,Washington State Liquor and Cannabis Board,Adult-Use,WA,,,,,Shelton Cannabis Company,,,,,,,4044063054,,2023-08-08T00:00:00,,,SHELTON                 ,47.19630129999999,-123.0977679,1065 SE STATE ROUTE 3,985849195,ACTIVE (ISSUED),,
414508,Slow Burn,,Adult-Use Retailer,,YAKIMA,6034102670010003.0,WSLCB,Washington State Liquor and Cannabis Board,Adult-Use,WA,,,,,Slow Burn,,,,,,,5099692600,,2023-08-08T00:00:00,,,YAKIMA                  ,46.6213082,-120.5630963,1300 N 40TH ST STE 111,989080000,ACTIVE (ISSUED),,
425362,Smokane,,Adult-Use Retailer,,SPOKANE,6033547170010004.0,WSLCB,Washington State Liquor and Cannabis Board,Adult-Use,WA,,,,,Smokane,,,,,,,2069100199,,2023-08-08T00:00:00,,,SPOKANE                 ,47.65756649999999,-117.3543843,3801 E SPRAGUE AVE,992020000,ACTIVE (ISSUED),,
422139,Smoking Crow,,Adult-Use Retailer,,WHATCOM,6040518810010001.0,WSLCB,Washington State Liquor and Cannabis Board,Adult-Use,WA,,,,,Smoking Crow,,,,,,,3603068007,,2023-08-08T00:00:00,,,BELLINGHAM              ,48.7958207,-122.5260944,4264 PACIFIC HWY,982269042,ACTIVE (ISSUED),,
413762,Smuggler Brothers,,Adult-Use Retailer,,SKAGIT,6033558930010001.0,WSLCB,Washington State Liquor and Cannabis Board,Adult-Use,WA,,,,,Smuggler Brothers,,,,,,,3606473437,,2023-08-08T00:00:00,,,SEDRO WOOLLEY           ,48.495768,-122.2731343,1912 STATE ROUTE 20,982840000,ACTIVE (ISSUED),,
422930,South Bellingham Buds,,Adult-Use Retailer,,WHATCOM,6034341980010004.0,WSLCB,Washington State Liquor and Cannabis Board,Adult-Use,WA,,,,,South Bellingham Buds,,,,,,,3038295712,,2023-08-08T00:00:00,,,BELLINGHAM              ,48.68541159999999,-122.3981303,1215 N LAKE SAMISH DR UNIT 1,982299310,ACTIVE (ISSUED),,
417949,South Seattle Retail Holdings LLC,,Adult-Use Retailer,,KING,6048306160010001.0,WSLCB,Washington State Liquor and Cannabis Board,Adult-Use,WA,,,,,South Seattle Retail Holdings LLC,,,,,,,2062401308,,2023-08-08T00:00:00,,,SEATTLE                 ,47.5148841,-122.3544474,9823 15TH AVE SW UNIT D,981062847,ACTIVE (ISSUED),,
86823,Sparket,,Adult-Use Retailer,,CLALLAM,6033568390010006.0,WSLCB,Washington State Liquor and Cannabis Board,Adult-Use,WA,,,,,Sparket,,,,,,,3604604902,,2023-08-08T00:00:00,,,PORT ANGELES            ,48.11154089999999,-123.4118187,1215 E FRONT ST,983624309,ACTIVE (ISSUED),,
422146,Spokane Green Leaf,,Adult-Use Retailer,,SPOKANE,6033507120010003.0,WSLCB,Washington State Liquor and Cannabis Board,Adult-Use,WA,,,,,Spokane Green Leaf,,,,,,,5099193467,,2023-08-08T00:00:00,,,SPOKANE                 ,47.7410917,-117.4136898,9107 N COUNTRY HOMES BLVD #13 STE 13,992185007,ACTIVE (ISSUED),,
422010,Star Outlet,,Adult-Use Retailer,,WHATCOM,6044360960010001.0,WSLCB,Washington State Liquor and Cannabis Board,Adult-Use,WA,,,,,Star Outlet,,,,,,,4255244840,,2023-08-08T00:00:00,,,LYNDEN                  ,48.90082839999999,-122.486283,7157 GUIDE MERIDIAN RD #3 #3,982649213,ACTIVE (ISSUED),,
429453,Starbuds,,Adult-Use Retailer,,WHATCOM,6040339750010002.0,WSLCB,Washington State Liquor and Cannabis Board,Adult-Use,WA,,,,,Starbuds,,,,,,,2062255555,,2023-08-08T00:00:00,,,BELLINGHAM              ,48.73395900000001,-122.4693681,145 SAMISH WAY,982256033,ACTIVE (ISSUED),,
434135,Starbuds,,Adult-Use Retailer,,KING,6033488710010015.0,WSLCB,Washington State Liquor and Cannabis Board,Adult-Use,WA,,,,,Starbuds,,,,,,,4254710283,,2023-08-08T00:00:00,,,KIRKLAND                ,47.7116829,-122.1609974,13400 NE 124TH ST,980349345,ACTIVE (ISSUED),,
421326,Sticky's,,Adult-Use Retailer,,CLARK,6033444280010004.0,WSLCB,Washington State Liquor and Cannabis Board,Adult-Use,WA,,,,,Sticky's,,,,,,,5099521602,,2023-08-08T00:00:00,,,VANCOUVER               ,45.6908637,-122.6571083,9411 NE HIGHWAY 99 STE 4,986658969,ACTIVE (ISSUED),,
434220,Sunleaf Cannabis,,Adult-Use Retailer,,SNOHOMISH,6046321110010002.0,WSLCB,Washington State Liquor and Cannabis Board,Adult-Use,WA,,,,,Sunleaf Cannabis,,,,,,,7133677877,,2023-08-08T00:00:00,,,LYNNWOOD                ,47.85045909999999,-122.2552578,16300 MOTOR PL STE 201A,980876516,ACTIVE (ISSUED),,
423829,Sweet Jane,,Adult-Use Retailer,,PIERCE,6033504570010004.0,WSLCB,Washington State Liquor and Cannabis Board,Adult-Use,WA,,,,,Sweet Jane,,,,,,,2532457831,,2023-08-08T00:00:00,,,GIG HARBOR              ,47.389311,-122.667469,9705 STATE ROUTE 302 NW # B,983297102,ACTIVE (ISSUED),,
415523,Sweet Leaf Cannabis Co,,Adult-Use Retailer,,GRAYS HARBOR,6033591150010002.0,WSLCB,Washington State Liquor and Cannabis Board,Adult-Use,WA,,,,,Sweet Leaf Cannabis Co,,,,,,,3605325758,,2023-08-08T00:00:00,,,ABERDEEN                ,46.973365,-123.6915344,100 OLD HILL RD,985207300,ACTIVE (ISSUED),,
413385,Sweet Releaf,,Adult-Use Retailer,,SKAGIT,6035798560010003.0,WSLCB,Washington State Liquor and Cannabis Board,Adult-Use,WA,,,,,Sweet Releaf,,,,,,,2069621025,,2023-08-08T00:00:00,,,MOUNT VERNON            ,48.4470609,-122.4300652,14637 STATE ROUTE 20,982737276,ACTIVE (ISSUED),,
414002,T Brothers Bud Lodge,,Adult-Use Retailer,,THURSTON,6034682750010001.0,WSLCB,Washington State Liquor and Cannabis Board,Adult-Use,WA,,,,,T Brothers Bud Lodge,,,,,,,3607917139,,2023-08-08T00:00:00,,,LACEY                   ,46.9963803,-122.8065663,5740 RUDDELL RD SE STE C,985030000,ACTIVE (ISSUED),,
434402,Tacoma House Of Cannabis,,Adult-Use Retailer,,PIERCE,6035188950010007.0,WSLCB,Washington State Liquor and Cannabis Board,Adult-Use,WA,,,,,Tacoma House Of Cannabis,,,,,,,2532123711,,2023-08-08T00:00:00,,,TACOMA                  ,47.2062028,-122.4427644,764 S 56TH ST,984080000,ACTIVE (ISSUED),,
415484,Tenino Cannabis Boutique,,Adult-Use Retailer,,THURSTON,6043704230010002.0,WSLCB,Washington State Liquor and Cannabis Board,Adult-Use,WA,,,,,Tenino Cannabis Boutique,,,,,,,6468751439,,2023-08-08T00:00:00,,,TENINO                  ,46.851132,-122.8591283,449 WICHMAN ST S STE A,985899376,ACTIVE (ISSUED),,
426632,Terp Cannabis,,Adult-Use Retailer,,STEVENS,6041342990010002.0,WSLCB,Washington State Liquor and Cannabis Board,Adult-Use,WA,,,,,Terp Cannabis,,,,,,,5097106899,,2023-08-08T00:00:00,,,NINE MILE FALLS         ,47.8207691,-117.5886676,6063B HIGHWAY 291,990269565,ACTIVE (ISSUED),,
421069,Thc Of Olympia,,Adult-Use Retailer,,THURSTON,6043505340010001.0,WSLCB,Washington State Liquor and Cannabis Board,Adult-Use,WA,,,,,Thc Of Olympia,,,,,,,3605281719,,2023-08-08T00:00:00,,,OLYMPIA                 ,47.04613029999999,-122.852611,3203 MARTIN WAY E STE D,985064951,ACTIVE (ISSUED),,
415645,The Back Porch,,Adult-Use Retailer,,CHELAN,6043223900010001.0,WSLCB,Washington State Liquor and Cannabis Board,Adult-Use,WA,,,,,The Back Porch,,,,,,,5098881536,,2023-08-08T00:00:00,,,WENATCHEE               ,47.4359493,-120.3189642,907 N WENATCHEE AVENUE STE B,985011572,ACTIVE (ISSUED),,
413426,The Bake Shop,,Adult-Use Retailer,,BENTON,6034131030010002.0,WSLCB,Washington State Liquor and Cannabis Board,Adult-Use,WA,,,,,The Bake Shop,,,,,,,5097782512,,2023-08-08T00:00:00,,,PROSSER                 ,46.247869,-119.8509029,19705 N GRIFFIN RD,993500000,ACTIVE (ISSUED),,
413596,The Bake Shop,,Adult-Use Retailer,,YAKIMA,6043105400010001.0,WSLCB,Washington State Liquor and Cannabis Board,Adult-Use,WA,,,,,The Bake Shop,,,,,,,5093149941,,2023-08-08T00:00:00,,,UNION GAP               ,46.54718949999999,-120.4750712,4007 MAIN ST,989032040,ACTIVE (ISSUED),,
424877,The Bake Shop,,Adult-Use Retailer,,GRANT,6044903740010002.0,WSLCB,Washington State Liquor and Cannabis Board,Adult-Use,WA,,,,,The Bake Shop,,,,,,,5093795662,,2023-08-08T00:00:00,,,GEORGE                  ,47.0825768,-119.8584182,216 ROYAL ANNE DR SW,988480000,ACTIVE (ISSUED),,
421261,The Bakeree,,Adult-Use Retailer,,KING,6035582520010001.0,WSLCB,Washington State Liquor and Cannabis Board,Adult-Use,WA,,,,,The Bakeree,,,,,,,2066590574,,2023-08-08T00:00:00,,,SEATTLE                 ,47.5535932,-122.3356019,74 S LUCILE ST STE 102 STE 102,981342444,ACTIVE (ISSUED),,
433373,The Bakeree,,Adult-Use Retailer,,KING,6036161120010006.0,WSLCB,Washington State Liquor and Cannabis Board,Adult-Use,WA,,,,,The Bakeree,,,,,,,2064014656,,2023-08-08T00:00:00,,,SEATTLE                 ,47.6160797,-122.347779,222 WALL ST,981211431,ACTIVE (ISSUED),,
400772,The Fire House,,Adult-Use Retailer,,KITTITAS,6035877310010001.0,WSLCB,Washington State Liquor and Cannabis Board,Adult-Use,WA,,,,,The Fire House,,,,,,,3607910112,,2023-08-08T00:00:00,,,ELLENSBURG              ,46.9758623,-120.5408746,1714 CANYON RD,989269739,ACTIVE (ISSUED),,
414130,The Gallery - Gig Harbor,,Adult-Use Retailer,,PIERCE,6033367320010005.0,WSLCB,Washington State Liquor and Cannabis Board,Adult-Use,WA,,,,,The Gallery - Gig Harbor,,,,,,,2536044360,,2023-08-08T00:00:00,,,SPANAWAY                ,47.0586286,-122.4046637,21802 MOUNTAIN HIGHWAY E STE 2,983877543,ACTIVE (ISSUED),,
413813,The Gallery Canyon,,Adult-Use Retailer,,PIERCE,6033367320010006.0,WSLCB,Washington State Liquor and Cannabis Board,Adult-Use,WA,,,,,The Gallery Canyon,,,,,,,2536044360,,2023-08-08T00:00:00,,,PUYALLUP                ,47.1482879,-122.3565645,11821 CANYON RD E,983734453,ACTIVE (ISSUED),,
413812,The Gallery Fife,,Adult-Use Retailer,,PIERCE,6033367320010007.0,WSLCB,Washington State Liquor and Cannabis Board,Adult-Use,WA,,,,,The Gallery Fife,,,,,,,2533441013,,2023-08-08T00:00:00,,,FIFE                    ,47.2434822,-122.3581331,5303 PACIFIC HWY E,984242601,ACTIVE (ISSUED),,
413258,The Gallery Parkland,,Adult-Use Retailer,,PIERCE,6033367320010001.0,WSLCB,Washington State Liquor and Cannabis Board,Adult-Use,WA,,,,,The Gallery Parkland,,,,,,,2536044360,,2023-08-08T00:00:00,,,TACOMA                  ,47.1390155,-122.4341469,13005 PACIFIC AVE S,984444857,ACTIVE (ISSUED),,
413420,The Gallery Spanaway,,Adult-Use Retailer,,PIERCE,6033367320010002.0,WSLCB,Washington State Liquor and Cannabis Board,Adult-Use,WA,,,,,The Gallery Spanaway,,,,,,,2536044360,,2023-08-08T00:00:00,,,SPANAWAY                ,47.0586286,-122.4046637,21802 MOUNTAIN HWY E STE 1,983870000,ACTIVE (ISSUED),,
430424,The Grass Is Always Greener,,Adult-Use Retailer,,KING,6034023580010002.0,WSLCB,Washington State Liquor and Cannabis Board,Adult-Use,WA,,,,,The Grass Is Always Greener,,,,,,,2064094398,,2023-08-08T00:00:00,,,REDMOND                 ,47.6744014,-122.1287042,15935 REDMOND WAY,980523836,ACTIVE (ISSUED),,
434938,The Green Door,,Adult-Use Retailer,,PIERCE,6034196260010002.0,WSLCB,Washington State Liquor and Cannabis Board,Adult-Use,WA,,,,,The Green Door,,,,,,,2532248299,,2023-08-08T00:00:00,,,BUCKLEY                 ,47.1604232,-122.0587308,27815 STATE ROUTE 410 E,983219211,ACTIVE (ISSUED),,
414425,The Green Door Seattle,,Adult-Use Retailer,,KING,6031793430010003.0,WSLCB,Washington State Liquor and Cannabis Board,Adult-Use,WA,,,,,The Green Door Seattle,,,,,,,2065510403,,2023-08-08T00:00:00,,,SEATTLE                 ,47.5949737,-122.3103717,828 RAINIER AVE S,981442838,ACTIVE (ISSUED),,
414995,The Green Nugget,,Adult-Use Retailer,,WHITMAN,6048436570010001.0,WSLCB,Washington State Liquor and Cannabis Board,Adult-Use,WA,,,,,The Green Nugget,,,,,,,5098280213,,2023-08-08T00:00:00,,,PULLMAN                 ,46.7195383,-117.1636851,1340 SE BISHOP BLVD STE A,991636409,ACTIVE (ISSUED),,
427121,The Green Nugget,,Adult-Use Retailer,,SPOKANE,6033490250010008.0,WSLCB,Washington State Liquor and Cannabis Board,Adult-Use,WA,,,,,The Green Nugget,,,,,,,5093092130,,2023-08-08T00:00:00,,,SPOKANE                 ,47.7146628,-117.4049842,322 E FRANCIS AVE STE A,992081086,ACTIVE (ISSUED),,
413603,The Green Recreational Cannabis,,Adult-Use Retailer,,KING,6034431900010001.0,WSLCB,Washington State Liquor and Cannabis Board,Adult-Use,WA,,,,,The Green Recreational Cannabis,,,,,,,2065793661,,2023-08-08T00:00:00,,,KENT                    ,47.3830671,-122.234771,RETAIL TITLE CERTIFICATE,980322718,ACTIVE TITLE CERTIFICATE,,
86054,The Green Seed,,Adult-Use Retailer,,GRANT,6033463060010002.0,WSLCB,Washington State Liquor and Cannabis Board,Adult-Use,WA,,,,,The Green Seed,,,,,,,5098552271,,2023-08-08T00:00:00,,,MOSES LAKE              ,47.1027386,-119.3125996,412 S INTERLAKE RD,988372908,ACTIVE (ISSUED),,
414958,The Green Shelf,,Adult-Use Retailer,,KITTITAS,6033586820010001.0,WSLCB,Washington State Liquor and Cannabis Board,Adult-Use,WA,,,,,The Green Shelf,,,,,,,2065560305,,2023-08-08T00:00:00,,,ELLENSBURG              ,46.9890601,-120.5479567,400 S. MAIN STREET UNIT #1,989263689,ACTIVE (ISSUED),,
430622,The Greenhouse,,Adult-Use Retailer,,KING,6033583120010008.0,WSLCB,Washington State Liquor and Cannabis Board,Adult-Use,WA,,,,,The Greenhouse,,,,,,,7328016300,,2023-08-08T00:00:00,,,RENTON                  ,47.48883559999999,-122.1716676,400 OLYMPIA AVE NE STE A1,980563900,ACTIVE (ISSUED),,
413481,The Happy Crop Shoppe,,Adult-Use Retailer,,DOUGLAS,6033395640010004.0,WSLCB,Washington State Liquor and Cannabis Board,Adult-Use,WA,,,,,The Happy Crop Shoppe,,,,,,,5098881597,,2023-08-08T00:00:00,,,EAST WENATCHEE          ,47.4041177,-120.2888617,50 ROCK ISLAND RD,988025352,ACTIVE (ISSUED),,
413600,The Happy Crop Shoppe,,Adult-Use Retailer,,CHELAN,6033395640010003.0,WSLCB,Washington State Liquor and Cannabis Board,Adult-Use,WA,,,,,The Happy Crop Shoppe,,,,,,,5098882454,,2023-08-08T00:00:00,,,CASHMERE                ,47.528674,-120.4885804,5736 VALE RD,988150000,ACTIVE (ISSUED),,
420934,The Happy Crop Shoppe,,Adult-Use Retailer,,CHELAN,6034229530010001.0,WSLCB,Washington State Liquor and Cannabis Board,Adult-Use,WA,,,,,The Happy Crop Shoppe,,,,,,,5096696835,,2023-08-08T00:00:00,,,WENATCHEE               ,47.438878,-120.3236153,1210 N WENATCHEE AVE STE J,988016707,ACTIVE (ISSUED),,
423634,The Herbal Gardens,,Adult-Use Retailer,,PIERCE,6033260490010004.0,WSLCB,Washington State Liquor and Cannabis Board,Adult-Use,WA,,,,,The Herbal Gardens,,,,,,,2532725265,,2023-08-08T00:00:00,,,TACOMA                  ,47.2347145,-122.501723,4803 CENTER STREET STE A,984092319,ACTIVE (ISSUED),,
426198,The Herbal Gardens,,Adult-Use Retailer,,PIERCE,6033588470010003.0,WSLCB,Washington State Liquor and Cannabis Board,Adult-Use,WA,,,,,The Herbal Gardens,,,,,,,2533530740,,2023-08-08T00:00:00,,,PUYALLUP                ,47.1853785,-122.2928974,RETAIL TITLE CERTIFICATE,983713313,ACTIVE TITLE CERTIFICATE,,
71368,The Herbery,,Adult-Use Retailer,,CLARK,6033550310010004.0,WSLCB,Washington State Liquor and Cannabis Board,Adult-Use,WA,,,,,The Herbery,,,,,,,3607763001,,2023-08-08T00:00:00,,,VANCOUVER               ,45.6220541,-122.5568209,330 NE CHKALOV DR STE C & D STE C & D,986845032,ACTIVE (ISSUED),,
414761,The Herbery,,Adult-Use Retailer,,CLARK,6033550310010008.0,WSLCB,Washington State Liquor and Cannabis Board,Adult-Use,WA,,,,,The Herbery,,,,,,,3608417504,,2023-08-08T00:00:00,,,VANCOUVER               ,45.6482799,-122.6405813,2815 ST. JOHNS ROAD  STE B,986613707,ACTIVE (ISSUED),,
426563,The Herbery,,Adult-Use Retailer,,CLARK,6033550310010005.0,WSLCB,Washington State Liquor and Cannabis Board,Adult-Use,WA,,,,,The Herbery,,,,,,,3608417504,,2023-08-08T00:00:00,,,VANCOUVER               ,45.6659359,-122.6369113,6018 NE ST JOHNS RD STE D,986610000,ACTIVE (ISSUED),,
428826,The Herbery,,Adult-Use Retailer,,CLARK,6033550310010006.0,WSLCB,Washington State Liquor and Cannabis Board,Adult-Use,WA,,,,,The Herbery,,,,,,,3608417504,,2023-08-08T00:00:00,,,VANCOUVER               ,45.6783001,-122.657613,1401 NE 78TH ST,986650000,ACTIVE (ISSUED),,
430925,The Herbery,,Adult-Use Retailer,,CLARK,6033550310010007.0,WSLCB,Washington State Liquor and Cannabis Board,Adult-Use,WA,,,,,The Herbery,,,,,,,3608417504,,2023-08-08T00:00:00,,,VANCOUVER               ,45.6674801,-122.5493572,12001 NE FOURTH PLAIN BLVD,986825527,ACTIVE (ISSUED),,
412921,The Hidden Bush,,Adult-Use Retailer,,CLALLAM,6033511330010001.0,WSLCB,Washington State Liquor and Cannabis Board,Adult-Use,WA,,,,,The Hidden Bush,,,,,,,3604529395,,2023-08-08T00:00:00,,,PORT ANGELES            ,48.10569210000001,-123.3683424,3230 E HWY 101,983629073,ACTIVE (ISSUED),,
414893,The Joint,,Adult-Use Retailer,,SNOHOMISH,6033488710010011.0,WSLCB,Washington State Liquor and Cannabis Board,Adult-Use,WA,,,,,The Joint,,,,,,,4254710283,,2023-08-08T00:00:00,,,EVERETT                 ,47.9118534,-122.2075867,9506 19TH AVE SE STE 100,982083801,ACTIVE (ISSUED),,
420389,The Joint,,Adult-Use Retailer,,KING,6033025530010006.0,WSLCB,Washington State Liquor and Cannabis Board,Adult-Use,WA,,,,,The Joint,,,,,,,2062255555,,2023-08-08T00:00:00,,,BURIEN                  ,47.474286,-122.3341946,14325 1ST AVE S STE 101,981683418,ACTIVE (ISSUED),,
420801,The Joint,,Adult-Use Retailer,,SKAGIT,6035879910010002.0,WSLCB,Washington State Liquor and Cannabis Board,Adult-Use,WA,,,,,The Joint,,,,,,,3607550755,,2023-08-08T00:00:00,,,BURLINGTON              ,48.5065004,-122.3374771,9574 OLD HWY 99 NORTH RD STE B,982336811,ACTIVE (ISSUED),,
421804,The Joint,,Adult-Use Retailer,,KING,6035602530010008.0,WSLCB,Washington State Liquor and Cannabis Board,Adult-Use,WA,,,,,The Joint,,,,,,,2062833333,,2023-08-08T00:00:00,,,SEATTLE                 ,47.66102009999999,-122.3173826,4336 ROOSEVELT WAY NE STE C,981054764,ACTIVE (ISSUED),,
434494,The Joint,,Adult-Use Retailer,,PIERCE,6033488710010014.0,WSLCB,Washington State Liquor and Cannabis Board,Adult-Use,WA,,,,,The Joint,,,,,,,4254710283,,2023-08-08T00:00:00,,,TACOMA                  ,47.1907777,-122.4828272,7233 SOUTH TACOMA WAY,984093933,ACTIVE (ISSUED),,
361676,The Kushery,,Adult-Use Retailer,,SNOHOMISH,6033594910010005.0,WSLCB,Washington State Liquor and Cannabis Board,Adult-Use,WA,,,,,The Kushery,,,,,,,2062715468,,2023-08-08T00:00:00,,,SNOHOMISH               ,47.8923142,-122.0110643,16412 TROMBLEY RD,982906314,ACTIVE (ISSUED),,
415507,The Kushery,,Adult-Use Retailer,,SNOHOMISH,6033594840010002.0,WSLCB,Washington State Liquor and Cannabis Board,Adult-Use,WA,,,,,The Kushery,,,,,,,4256337515,,2023-08-08T00:00:00,,,EVERETT                 ,47.8764695,-122.1564183,5626 134TH PL SE STE B,982085615,ACTIVE (ISSUED),,
415513,The Kushery,,Adult-Use Retailer,,KING,6035088960010001.0,WSLCB,Washington State Liquor and Cannabis Board,Adult-Use,WA,,,,,The Kushery,,,,,,,4252098924,,2023-08-08T00:00:00,,,LAKE FOREST PARK        ,47.769879,-122.3131884,19258 15TH AVE NE STE B,981552315,ACTIVE (ISSUED),,
415517,The Kushery,,Adult-Use Retailer,,SNOHOMISH,6033594830010003.0,WSLCB,Washington State Liquor and Cannabis Board,Adult-Use,WA,,,,,The Kushery,,,,,,,3608633256,,2023-08-08T00:00:00,,,SNOHOMISH               ,47.8333562,-122.1269531,18026 STATE ROUTE 9 SE STE B,982965330,ACTIVE (ISSUED),,
420645,The Kushery,,Adult-Use Retailer,,SNOHOMISH,6033594880010006.0,WSLCB,Washington State Liquor and Cannabis Board,Adult-Use,WA,,,,,The Kushery,,,,,,,4256337515,,2023-08-08T00:00:00,,,STANWOOD                ,48.2431882,-122.351793,27206 88TH AVE NW,982920000,ACTIVE (ISSUED),,
430774,The Kushery,,Adult-Use Retailer,,SNOHOMISH,6035684720010003.0,WSLCB,Washington State Liquor and Cannabis Board,Adult-Use,WA,,,,,The Kushery,,,,,,,4252597958,,2023-08-08T00:00:00,,,EVERETT                 ,47.9539065,-122.2137449,4808 EVERGREEN WAY,982032829,ACTIVE (ISSUED),,
422632,The Link,,Adult-Use Retailer,,COWLITZ,6035889360010004.0,WSLCB,Washington State Liquor and Cannabis Board,Adult-Use,WA,,,,,The Link,,,,,,,2062000462,,2023-08-08T00:00:00,,,LONGVIEW                ,46.1646426,-122.9998644,2211 46TH AVE,986325013,ACTIVE (ISSUED),,
413295,The Lucky Leaf,,Adult-Use Retailer,,FRANKLIN,6035727170010002.0,WSLCB,Washington State Liquor and Cannabis Board,Adult-Use,WA,,,,,The Lucky Leaf,,,,,,,5096194887,,2023-08-08T00:00:00,,,PASCO                   ,46.2305049,-119.0922316,RETAIL TITLE CERTIFICATE,993010000,ACTIVE TITLE CERTIFICATE,,
415216,The Marijuana Mercantile,,Adult-Use Retailer,,SNOHOMISH,6034419620010001.0,WSLCB,Washington State Liquor and Cannabis Board,Adult-Use,WA,,,,,The Marijuana Mercantile,,,,,,,3603227122,,2023-08-08T00:00:00,,,GRANITE FALLS           ,48.0724599,-122.0083159,8411 SR 92 STE 5,982520000,ACTIVE (ISSUED),,
414983,The Novel Tree,,Adult-Use Retailer,,KING,6033520850010002.0,WSLCB,Washington State Liquor and Cannabis Board,Adult-Use,WA,,,,,The Novel Tree,,,,,,,3609301700,,2023-08-08T00:00:00,,,BELLEVUE                ,47.6270659,-122.1676481,1817 130TH AVE NE SUITE B,980052225,ACTIVE (ISSUED),,
434843,The Novel Tree,,Adult-Use Retailer,,KITSAP,6046417090010002.0,WSLCB,Washington State Liquor and Cannabis Board,Adult-Use,WA,,,,,The Novel Tree,,,,,,,3606162014,,2023-08-08T00:00:00,,,BREMERTON               ,47.5705177,-122.6644683,3720 KITSAP WAY STE AA,983122409,ACTIVE (ISSUED),,
430084,The Pot Shop Bellingham,,Adult-Use Retailer,,WHATCOM,6035652650010003.0,WSLCB,Washington State Liquor and Cannabis Board,Adult-Use,WA,,,,,The Pot Shop Bellingham,,,,,,,3607560000,,2023-08-08T00:00:00,,,BELLINGHAM              ,48.7888455,-122.5145053,1321 W BAKERVIEW RD,982269691,ACTIVE (ISSUED),,
413870,The Reef,,Adult-Use Retailer,,KITSAP,6033559500010002.0,WSLCB,Washington State Liquor and Cannabis Board,Adult-Use,WA,,,,,The Reef,,,,,,,2066866362,,2023-08-08T00:00:00,,,BREMERTON               ,47.5714148,-122.653629,1107 N CALLOW AVE STE C,983123007,ACTIVE (ISSUED),,
426562,The Reef,,Adult-Use Retailer,,KING,6041066530010002.0,WSLCB,Washington State Liquor and Cannabis Board,Adult-Use,WA,,,,,The Reef,,,,,,,2067556345,,2023-08-08T00:00:00,,,SEATTLE                 ,47.6182934,-122.3254792,1525 E OLIVE WAY STE B,981222129,ACTIVE (ISSUED),,
432849,The Reef,,Adult-Use Retailer,,KING,6044521810010002.0,WSLCB,Washington State Liquor and Cannabis Board,Adult-Use,WA,,,,,The Reef,,,,,,,2067556345,,2023-08-08T00:00:00,,,SEATTLE                 ,47.5449085,-122.3303503,303 S MICHIGAN ST,981083223,ACTIVE (ISSUED),,
415343,The Root Cellar,,Adult-Use Retailer,,MASON,6033551240010001.0,WSLCB,Washington State Liquor and Cannabis Board,Adult-Use,WA,,,,,The Root Cellar,,,,,,,3604348767,,2023-08-08T00:00:00,,,BELFAIR                 ,47.4496132,-122.8279511,23632 NE STATE ROUTE 3,985288309,ACTIVE (ISSUED),,
430775,"The Sage Shop, LLC",,Adult-Use Retailer,,OKANOGAN,6033581250010005.0,WSLCB,Washington State Liquor and Cannabis Board,Adult-Use,WA,,,,,"The Sage Shop, LLC",,,,,,,0,,2023-08-08T00:00:00,,,OROVILLE                ,48.9949059,-119.4602959,33607 US HIGHWAY 97 STE B,988449525,ACTIVE (ISSUED),,
413773,The Slow Burn,,Adult-Use Retailer,,YAKIMA,6034102670010001.0,WSLCB,Washington State Liquor and Cannabis Board,Adult-Use,WA,,,,,The Slow Burn,,,,,,,5098234792,,2023-08-08T00:00:00,,,UNION GAP               ,46.54636610000001,-120.4752336,4101 MAIN STREET,989032042,ACTIVE (ISSUED),,
414470,The Slow Burn,,Adult-Use Retailer,,YAKIMA,6034102670010002.0,WSLCB,Washington State Liquor and Cannabis Board,Adult-Use,WA,,,,,The Slow Burn,,,,,,,5094522787,,2023-08-08T00:00:00,,,UNION GAP               ,46.5627454,-120.4924892,1151 MARKET ST,989030000,ACTIVE (ISSUED),,
414996,The Slow Burn,,Adult-Use Retailer,,BENTON,6034139420010001.0,WSLCB,Washington State Liquor and Cannabis Board,Adult-Use,WA,,,,,The Slow Burn,,,,,,,5093140968,,2023-08-08T00:00:00,,,WEST RICHLAND           ,46.3043015,-119.3614092,RETAIL TITLE CERTIFICATE,993535066,ACTIVE TITLE CERTIFICATE,,
415185,The Slow Burn,,Adult-Use Retailer,,YAKIMA,6034102670010005.0,WSLCB,Washington State Liquor and Cannabis Board,Adult-Use,WA,,,,,The Slow Burn,,,,,,,5099692600,,2023-08-08T00:00:00,,,MOXEE                   ,46.5574684,-120.3923873,304 W SEATTLE AVE STE F,989360000,ACTIVE (ISSUED),,
412494,The Stash Box,,Adult-Use Retailer,,KING,6033500580010001.0,WSLCB,Washington State Liquor and Cannabis Board,Adult-Use,WA,,,,,The Stash Box,,,,,,,2537970959,,2023-08-08T00:00:00,,,AUBURN                  ,47.2802355,-122.2282712,3108 A ST SE STE F & G,980028811,ACTIVE (ISSUED),,
422944,The Station Nw Ll/Trade- The Station,,Adult-Use Retailer,,KITTITAS,6047020050010001.0,WSLCB,Washington State Liquor and Cannabis Board,Adult-Use,WA,,,,,The Station Nw Ll/Trade- The Station,,,,,,,3607910112,,2023-08-08T00:00:00,,,ELLENSBURG              ,47.0071544,-120.5708343,1514 W UNIVERSITY WAY,989262337,ACTIVE (ISSUED),,
414716,The Top Shelf,,Adult-Use Retailer,,SPOKANE,6042761450010001.0,WSLCB,Washington State Liquor and Cannabis Board,Adult-Use,WA,,,,,The Top Shelf,,,,,,,5094741050,,2023-08-08T00:00:00,,,AIRWAY HEIGHTS          ,47.6433106,-117.5603166,1305 S HAYFORD RD STE A,992245276,ACTIVE (ISSUED),,
413570,The Vault,,Adult-Use Retailer,,KING,6047312080010001.0,WSLCB,Washington State Liquor and Cannabis Board,Adult-Use,WA,,,,,The Vault,,,,,,,4252488559,,2023-08-08T00:00:00,,,SEATTLE                 ,47.709093,-122.3015258,11013 LAKE CITY WAY NE,981250000,ACTIVE (ISSUED),,
426050,The Vault,,Adult-Use Retailer,,SPOKANE,6034686340010003.0,WSLCB,Washington State Liquor and Cannabis Board,Adult-Use,WA,,,,,The Vault,,,,,,,4252488559,,2023-08-08T00:00:00,,,SPOKANE                 ,47.6279212,-117.3704554,2720 E 29TH AVE,992234808,ACTIVE (ISSUED),,
88920,The Vault Cannabis,,Adult-Use Retailer,,SNOHOMISH,6033553980010005.0,WSLCB,Washington State Liquor and Cannabis Board,Adult-Use,WA,,,,,The Vault Cannabis,,,,,,,4252488559,,2023-08-08T00:00:00,,,STANWOOD                ,48.199845,-122.2502749,1323 E PIONEER HWY,982920000,ACTIVE (ISSUED),,
414829,The Vault Cannabis,,Adult-Use Retailer,,SNOHOMISH,6035990340010001.0,WSLCB,Washington State Liquor and Cannabis Board,Adult-Use,WA,,,,,The Vault Cannabis,,,,,,,4252488559,,2023-08-08T00:00:00,,,LAKE STEVENS            ,47.9670596,-122.1015299,9626 32ND ST SE,982050000,ACTIVE (ISSUED),,
422457,The Weed Shop,,Adult-Use Retailer,,ISLAND,6035727160010002.0,WSLCB,Washington State Liquor and Cannabis Board,Adult-Use,WA,,,,,The Weed Shop,,,,,,,3235483643,,2023-08-08T00:00:00,,,GREENBANK               ,48.0988621,-122.5737082,25171 SR 525 #2,982530000,ACTIVE (ISSUED),,
414868,The West Seattle Marijuana Store,,Adult-Use Retailer,,KING,6033564790010002.0,WSLCB,Washington State Liquor and Cannabis Board,Adult-Use,WA,,,,,The West Seattle Marijuana Store,,,,,,,2063355857,,2023-08-08T00:00:00,,,SEATTLE                 ,47.5063332,-122.332777,10825 MYERS WAY S,981681367,ACTIVE (ISSUED),,
420812,The Zen Den,,Adult-Use Retailer,,OKANOGAN,6042871740010001.0,WSLCB,Washington State Liquor and Cannabis Board,Adult-Use,WA,,,,,The Zen Den,,,,,,,5096990471,,2023-08-08T00:00:00,,,OMAK                    ,48.4369271,-119.484659,257 ENGH RD,988419472,ACTIVE (ISSUED),,
433824,Theorem Cannabis,,Adult-Use Retailer,,KING,6047857580010002.0,WSLCB,Washington State Liquor and Cannabis Board,Adult-Use,WA,,,,,Theorem Cannabis,,,,,,,4254066797,,2023-08-08T00:00:00,,,KENMORE                 ,47.7583126,-122.2581729,6251 NE BOTHELL WAY STE 100,980288941,ACTIVE (ISSUED),,
433175,"Tj's Cannabis Buds, Edibles, Oils & More",,Adult-Use Retailer,,MASON,6035502430010002.0,WSLCB,Washington State Liquor and Cannabis Board,Adult-Use,WA,,,,,"Tj's Cannabis Buds, Edibles, Oils & More",,,,,,,3604272990,,2023-08-08T00:00:00,,,SHELTON                 ,47.2290177,-123.1271391,3005 NORTHVIEW CIR UNIT 1,985842948,ACTIVE (ISSUED),,
400209,Token Herb,,Adult-Use Retailer,,SAN JUAN,6033519780010001.0,WSLCB,Washington State Liquor and Cannabis Board,Adult-Use,WA,,,,,Token Herb,,,,,,,3603766900,,2023-08-08T00:00:00,,,EASTSOUND               ,48.6958037,-122.885737,837 A CRESCENT BEACH RD,982451695,ACTIVE (ISSUED),,
417486,Toker Friendly,,Adult-Use Retailer,,SPOKANE,6034472620010002.0,WSLCB,Washington State Liquor and Cannabis Board,Adult-Use,WA,,,,,Toker Friendly,,,,,,,5092448728,,2023-08-08T00:00:00,,,AIRWAY HEIGHTS          ,47.6417959,-117.5711773,1515 S LYONS RD STE B STE B,990010000,ACTIVE (ISSUED),,
422454,Tonasket House Of Cannabis,,Adult-Use Retailer,,OKANOGAN,6035188950010004.0,WSLCB,Washington State Liquor and Cannabis Board,Adult-Use,WA,,,,,Tonasket House Of Cannabis,,,,,,,3607853843,,2023-08-08T00:00:00,,,TONASKET                ,48.70515289999999,-119.4395039,309 4TH ST W STE A,988550000,ACTIVE (ISSUED),,
421846,Top Beard LLC,,Adult-Use Retailer,,BENTON,6049183370010001.0,WSLCB,Washington State Liquor and Cannabis Board,Adult-Use,WA,,,,,Top Beard LLC,,,,,,,4049851766,,2023-08-08T00:00:00,,,RICHLAND                ,46.28042000000001,-119.2751996,RETAIL TITLE CERTIFICATE,993520000,ACTIVE TITLE CERTIFICATE,,
414513,Top Cat Enterprises,,Adult-Use Retailer,,SNOHOMISH,6033560240010003.0,WSLCB,Washington State Liquor and Cannabis Board,Adult-Use,WA,,,,,Top Cat Enterprises,,,,,,,2534489170,,2023-08-08T00:00:00,,,MARYSVILLE              ,48.0517637,-122.1770818,RETAIL TITLE CERTIFICATE,982717808,ACTIVE TITLE CERTIFICATE,,
413782,Top Shelf 420,,Adult-Use Retailer,,THURSTON,6043160690010002.0,WSLCB,Washington State Liquor and Cannabis Board,Adult-Use,WA,,,,,Top Shelf 420,,,,,,,2534057153,,2023-08-08T00:00:00,,,OLYMPIA                 ,47.0426222,-122.8582556,3015 PACIFIC AVE SE,985012042,ACTIVE (ISSUED),,
413369,Treehouse Club,,Adult-Use Retailer,,SPOKANE,6034203350010001.0,WSLCB,Washington State Liquor and Cannabis Board,Adult-Use,WA,,,,,Treehouse Club,,,,,,,5094132169,,2023-08-08T00:00:00,,,SPOKANE VALLEY          ,47.69510959999999,-117.2106009,14421 E TRENT AVE,992161392,ACTIVE (ISSUED),,
413529,Trippy Hippie Cannabis Co.,,Adult-Use Retailer,,WHATCOM,6033550270010001.0,WSLCB,Washington State Liquor and Cannabis Board,Adult-Use,WA,,,,,Trippy Hippie Cannabis Co.,,,,,,,2088192110,,2023-08-08T00:00:00,,,BELLINGHAM              ,48.7575963,-122.4651159,794 KENTUCKY ST,982250000,ACTIVE (ISSUED),,
414871,Trove Medical And Recreational,,Adult-Use Retailer,,WHATCOM,6033568870010002.0,WSLCB,Washington State Liquor and Cannabis Board,Adult-Use,WA,,,,,Trove Medical And Recreational,,,,,,,3603933459,,2023-08-08T00:00:00,,,BELLINGHAM              ,48.73694829999999,-122.469529,218 N SAMISH WAY STE 103,982256031,ACTIVE (ISSUED),,
407950,Tru Greenthumb,,Adult-Use Retailer,,COWLITZ,6035599710010003.0,WSLCB,Washington State Liquor and Cannabis Board,Adult-Use,WA,,,,,Tru Greenthumb,,,,,,,3609672634,,2023-08-08T00:00:00,,,CASTLE ROCK             ,46.2865039,-122.8992602,1254 MT SAINT HELENS WAY NE #C STE C,986119010,ACTIVE (ISSUED),,
400085,Twisp House Of Cannabis,,Adult-Use Retailer,,OKANOGAN,6035188950010006.0,WSLCB,Washington State Liquor and Cannabis Board,Adult-Use,WA,,,,,Twisp House Of Cannabis,,,,,,,2532123711,,2023-08-08T00:00:00,,,TWISP                   ,48.35838829999999,-120.1106777,1017 E METHOW VALLEY HWY,988560000,ACTIVE (ISSUED),,
415045,Uncle Ando's Wurld Of Weed,,Adult-Use Retailer,,LEWIS,6033578790010001.0,WSLCB,Washington State Liquor and Cannabis Board,Adult-Use,WA,,,,,Uncle Ando's Wurld Of Weed,,,,,,,3602813921,,2023-08-08T00:00:00,,,CENTRALIA               ,46.738127,-122.9824812,1905 JOHNSON RD STE A,985311926,ACTIVE (ISSUED),,
413996,Uncle Ike's,,Adult-Use Retailer,,KING,6045980960010003.0,WSLCB,Washington State Liquor and Cannabis Board,Adult-Use,WA,,,,,Uncle Ike's,,,,,,,2063300498,,2023-08-08T00:00:00,,,SEATTLE                 ,47.6172918,-122.3263489,1411 E OLIVE WAY,981222127,ACTIVE (ISSUED),,
414533,Uncle Ike's,,Adult-Use Retailer,,KING,6045980960010001.0,WSLCB,Washington State Liquor and Cannabis Board,Adult-Use,WA,,,,,Uncle Ike's,,,,,,,2064203784,,2023-08-08T00:00:00,,,SEATTLE                 ,47.61335510000001,-122.3021483,2310 EAST UNION ST,981222966,ACTIVE (ISSUED),,
421141,Uncle Ike's,,Adult-Use Retailer,,KING,6045980960010002.0,WSLCB,Washington State Liquor and Cannabis Board,Adult-Use,WA,,,,,Uncle Ike's,,,,,,,2064203784,,2023-08-08T00:00:00,,,SEATTLE                 ,47.623252,-122.3128644,501 15TH AVE E,981120000,ACTIVE (ISSUED),,
421514,Uncle Ike's,,Adult-Use Retailer,,KING,6045980960010005.0,WSLCB,Washington State Liquor and Cannabis Board,Adult-Use,WA,,,,,Uncle Ike's,,,,,,,2064203784,,2023-08-08T00:00:00,,,SEATTLE                 ,47.5149099,-122.3533315,9822 15TH AVE SW,981062850,ACTIVE (ISSUED),,
433474,Uncle Ike's,,Adult-Use Retailer,,KING,6045980960010006.0,WSLCB,Washington State Liquor and Cannabis Board,Adult-Use,WA,,,,,Uncle Ike's,,,,,,,2068515555,,2023-08-08T00:00:00,,,SEATTLE                 ,47.7104949,-122.3000007,11306 LAKE CITY WAY NE,981255306,ACTIVE (ISSUED),,
414454,Vashon Times,,Adult-Use Retailer,,KING,6043539840010002.0,WSLCB,Washington State Liquor and Cannabis Board,Adult-Use,WA,,,,,Vashon Times,,,,,,,2069308577,,2023-08-08T00:00:00,,,VASHON ISLAND           ,47.4345319,-122.461084,19001 VASHON HIGHWAY SOUTHWEST,980705214,ACTIVE (ISSUED),,
434798,Vibe Cannabis Co.,,Adult-Use Retailer,,COWLITZ,6046557890010003.0,WSLCB,Washington State Liquor and Cannabis Board,Adult-Use,WA,,,,,Vibe Cannabis Co.,,,,,,,5093938023,,2023-08-08T00:00:00,,,KELSO                   ,46.1436414,-122.9089666,406 OAK ST,986262306,ACTIVE (ISSUED),,
415445,W.C.W. Enterprises,,Adult-Use Retailer,,WHATCOM,6033597170010003.0,WSLCB,Washington State Liquor and Cannabis Board,Adult-Use,WA,,,,,W.C.W. Enterprises,,,,,,,3603928309,,2023-08-08T00:00:00,,,EVERSON                 ,48.843682,-122.2881646,3708 MT BAKER HWY,982470000,ACTIVE (ISSUED),,
415641,Walla Walla Cannabis Company,,Adult-Use Retailer,,WALLA WALLA,6033593720010003.0,WSLCB,Washington State Liquor and Cannabis Board,Adult-Use,WA,,,,,Walla Walla Cannabis Company,,,,,,,5098764946,,2023-08-08T00:00:00,,,WALLA WALLA             ,46.06144010000001,-118.3520478,927 W MAIN ST,993622746,ACTIVE (ISSUED),,
434392,Walla Walla Weedery,,Adult-Use Retailer,,WALLA WALLA,6033374760010004.0,WSLCB,Washington State Liquor and Cannabis Board,Adult-Use,WA,,,,,Walla Walla Weedery,,,,,,,5098764279,,2023-08-08T00:00:00,,,WALLA WALLA             ,46.07518289999999,-118.3140851,1603 E ISAACS AVE,993622205,ACTIVE (ISSUED),,
414128,Washington Green Leaf,,Adult-Use Retailer,,LEWIS,6033557220010003.0,WSLCB,Washington State Liquor and Cannabis Board,Adult-Use,WA,,,,,Washington Green Leaf,,,,,,,4253124423,,2023-08-08T00:00:00,,,CENTRALIA               ,46.7162136,-122.9542972,RETAIL TITLE CERTIFICATE,985319649,ACTIVE TITLE CERTIFICATE,,
431327,"Washington O G, LLC",,Adult-Use Retailer,,KING,6031478630010009.0,WSLCB,Washington State Liquor and Cannabis Board,Adult-Use,WA,,,,,"Washington O G, LLC",,,,,,,3038295712,,2023-08-08T00:00:00,,,SEATTLE                 ,47.6115617,-122.3451867,2114 WESTERN AVE STE B,981210000,ACTIVE (ISSUED),,
422602,Washington Retail Partners LLC,,Adult-Use Retailer,,BENTON,6035688340010005.0,WSLCB,Washington State Liquor and Cannabis Board,Adult-Use,WA,,,,,Washington Retail Partners LLC,,,,,,,2067697115,,2023-08-08T00:00:00,,,KENNEWICK               ,46.2086683,-119.119948,RETAIL TITLE CERTIFICATE,993360000,ACTIVE TITLE CERTIFICATE,,
414559,Washington State Cannabis Company,,Adult-Use Retailer,,BENTON,6048933590010001.0,WSLCB,Washington State Liquor and Cannabis Board,Adult-Use,WA,,,,,Washington State Cannabis Company,,,,,,,2064801600,,2023-08-08T00:00:00,,,RICHLAND                ,46.28042000000001,-119.2751996,RETAIL TITLE CERTIFICATE,993545310,ACTIVE TITLE CERTIFICATE,,
422752,Wayne Seminoff Company,,Adult-Use Retailer,,BENTON,6014453860010002.0,WSLCB,Washington State Liquor and Cannabis Board,Adult-Use,WA,,,,,Wayne Seminoff Company,,,,,,,5039396724,,2023-08-08T00:00:00,,,KENNEWICK               ,46.2086683,-119.119948,RETAIL TITLE CERTIFICATE,983360000,ACTIVE TITLE CERTIFICATE,,
414959,Western Bud,,Adult-Use Retailer,,KING,6033587180010001.0,WSLCB,Washington State Liquor and Cannabis Board,Adult-Use,WA,,,,,Western Bud,,,,,,,2066124887,,2023-08-08T00:00:00,,,SEATTLE                 ,47.5009469,-122.222086,11401 RAINIER AVE S,981783947,ACTIVE (ISSUED),,
421707,Western Bud,,Adult-Use Retailer,,WHATCOM,6040313940010001.0,WSLCB,Washington State Liquor and Cannabis Board,Adult-Use,WA,,,,,Western Bud,,,,,,,3609331428,,2023-08-08T00:00:00,,,BELLINGHAM              ,48.7566496,-122.4559302,1401 IOWA ST,982294763,ACTIVE (ISSUED),,
422037,Western Bud,,Adult-Use Retailer,,SKAGIT,6040551410010001.0,WSLCB,Washington State Liquor and Cannabis Board,Adult-Use,WA,,,,,Western Bud,,,,,,,2062097254,,2023-08-08T00:00:00,,,BURLINGTON              ,48.4832105,-122.307403,20291 SR 20 UNIT 2,941409316,ACTIVE (ISSUED),,
426849,Western Bud,,Adult-Use Retailer,,SKAGIT,6040676660010002.0,WSLCB,Washington State Liquor and Cannabis Board,Adult-Use,WA,,,,,Western Bud,,,,,,,2062097254,,2023-08-08T00:00:00,,,ANACORTES               ,48.4296424,-122.6069915,6186 STATE ROUTE 20 STE B,982218496,ACTIVE (ISSUED),,
412466,Westside420 Recreational,,Adult-Use Retailer,,COWLITZ,6030740190010003.0,WSLCB,Washington State Liquor and Cannabis Board,Adult-Use,WA,,,,,Westside420 Recreational,,,,,,,3604235261,,2023-08-08T00:00:00,,,LONGVIEW                ,46.1625072,-122.9986866,4503 OCEAN BEACH HWY STE 103,986325055,ACTIVE (ISSUED),,
423993,Whidbey Retail Group,,Adult-Use Retailer,,ISLAND,6048648240010001.0,WSLCB,Washington State Liquor and Cannabis Board,Adult-Use,WA,,,,,Whidbey Retail Group,,,,,,,3603216151,,2023-08-08T00:00:00,,,FREELAND                ,48.0093694,-122.5146291,1860 SCOTT RD,982499430,ACTIVE (ISSUED),,
414398,White Rabbit Retail,,Adult-Use Retailer,,SNOHOMISH,6033537490010003.0,WSLCB,Washington State Liquor and Cannabis Board,Adult-Use,WA,,,,,White Rabbit Retail,,,,,,,4257454242,,2023-08-08T00:00:00,,,LYNNWOOD                ,47.8543599,-122.2916248,15928 HWY 99,980870000,ACTIVE (ISSUED),,
414449,World Of Weed,,Adult-Use Retailer,,PIERCE,6034023650010001.0,WSLCB,Washington State Liquor and Cannabis Board,Adult-Use,WA,,,,,World Of Weed,,,,,,,2532729333,,2023-08-08T00:00:00,,,TACOMA                  ,47.2345257,-122.4097822,3202 E PORTLAND AVE,984044929,ACTIVE (ISSUED),,
353928,Yakima Weed Co,,Adult-Use Retailer,,YAKIMA,6041620560010001.0,WSLCB,Washington State Liquor and Cannabis Board,Adult-Use,WA,,,,,Yakima Weed Co,,,,,,,2066826644,,2023-08-08T00:00:00,,,YAKIMA                  ,46.6122573,-120.5310693,1606 FRUITVALE BLVD,989021237,ACTIVE (ISSUED),,
430876,Yakima Weed Co,,Adult-Use Retailer,,YAKIMA,6044186140010002.0,WSLCB,Washington State Liquor and Cannabis Board,Adult-Use,WA,,,,,Yakima Weed Co,,,,,,,2068182083,,2023-08-08T00:00:00,,,UNION GAP               ,46.5706831,-120.4851421,1209 E WASHINGTON AVE,989030000,ACTIVE (ISSUED),,
415488,Zia Recreational,,Adult-Use Retailer,,GRAYS HARBOR,6033534440010001.0,WSLCB,Washington State Liquor and Cannabis Board,Adult-Use,WA,,,,,Zia Recreational,,,,,,,5057128255,,2023-08-08T00:00:00,,,HOQUIAM                 ,46.9763953,-123.881908,905 SIMPSON AVENUE,985503020,ACTIVE (ISSUED),,
84154,Zips Cannabis,,Adult-Use Retailer,,PIERCE,6043267590010001.0,WSLCB,Washington State Liquor and Cannabis Board,Adult-Use,WA,,,,,Zips Cannabis,,,,,,,2532920197,,2023-08-08T00:00:00,,,TACOMA                  ,47.222817,-122.4788343,3213 S 38TH STE C,984041094,ACTIVE (ISSUED),,
358302,Zips Cannabis,,Adult-Use Retailer,,PIERCE,6033850920010002.0,WSLCB,Washington State Liquor and Cannabis Board,Adult-Use,WA,,,,,Zips Cannabis,,,,,,,2534050253,,2023-08-08T00:00:00,,,TACOMA                  ,47.2375294,-122.4345861,2611 PACIFIC AVE,984022804,ACTIVE (ISSUED),,
362816,Zips Cannabis,,Adult-Use Retailer,,PIERCE,6043897800010002.0,WSLCB,Washington State Liquor and Cannabis Board,Adult-Use,WA,,,,,Zips Cannabis,,,,,,,2534050253,,2023-08-08T00:00:00,,,TACOMA                  ,47.2551347,-122.5174814,5924 6TH AVE,984062016,ACTIVE (ISSUED),,
412923,Zips Cannabis,,Adult-Use Retailer,,PIERCE,6033480390010001.0,WSLCB,Washington State Liquor and Cannabis Board,Adult-Use,WA,,,,,Zips Cannabis,,,,,,,2533145113,,2023-08-08T00:00:00,,,TACOMA                  ,47.1615122,-122.4346191,10422 PACIFIC AVE S STE B,984446052,ACTIVE (ISSUED),,
423754,Zips Cannabis,,Adult-Use Retailer,,KING,6043975500010001.0,WSLCB,Washington State Liquor and Cannabis Board,Adult-Use,WA,,,,,Zips Cannabis,,,,,,,5099903124,,2023-08-08T00:00:00,,,SEATTLE                 ,47.583461,-122.3295301,2215 4TH AVE S,981341516,ACTIVE (ISSUED),,
427634,Zips Cannabis,,Adult-Use Retailer,,PIERCE,6042736840010002.0,WSLCB,Washington State Liquor and Cannabis Board,Adult-Use,WA,,,,,Zips Cannabis,,,,,,,2533024192,,2023-08-08T00:00:00,,,TACOMA                  ,47.1920451,-122.4361889,317 S 72ND ST,984086003,ACTIVE (ISSUED),,
355469,2020 Cannabis Solutions Mt Baker Highway,,Medical Retailer,,WHATCOM,6043490200010002.0,WSLCB,Washington State Liquor and Cannabis Board,Medicinal,WA,,  ,20201105,,2020 Cannabis Solutions Mt Baker Highway,,,ME@JOEDIGIUGNO.COM,,,,3607342020,,2023-08-08T00:00:00,,,BELLINGHAM              ,48.8036194,-122.3986209,1706 MT BAKER HWY,982268721,ACTIVE (ISSUED),,
415470,2020 Solutions Iron Street,,Medical Retailer,,WHATCOM,6043490150010001.0,WSLCB,Washington State Liquor and Cannabis Board,Medicinal,WA,,  ,20190403,,2020 Solutions Iron Street,,,ME@JOEDIGIUGNO.COM,,,,2068180966,,2023-08-08T00:00:00,,,BELLINGHAM              ,48.7566916,-122.4661538,2018 IRON ST STE A,982264212,ACTIVE (ISSUED),,
420908,2020 Solutions Pacific Highway,,Medical Retailer,,WHATCOM,6043490230010001.0,WSLCB,Washington State Liquor and Cannabis Board,Medicinal,WA,,  ,20190501,,2020 Solutions Pacific Highway,,,ME@JOEDIGIUGNO.COM,,,,3607342020,,2023-08-08T00:00:00,,,BELLINGHAM              ,48.81460389999999,-122.5440638,4770 PACIFIC HWY STE A,982269049,ACTIVE (ISSUED),,
422099,365 Recreational Cannabis,,Medical Retailer,,COLUMBIA,6041520640010001.0,WSLCB,Washington State Liquor and Cannabis Board,Medicinal,WA,,  ,20190403,,365 Recreational Cannabis,,,SEANTHERIDER@HOTMAIL.COM,,,,5093823161,,2023-08-08T00:00:00,,,DAYTON                  ,46.3111787,-117.994324,36711 U.S. HIGHWAY 12,983288622,ACTIVE (ISSUED),,
423784,365 Recreational Cannabis,,Medical Retailer,,KING,6034296550010002.0,WSLCB,Washington State Liquor and Cannabis Board,Medicinal,WA,,  ,20160926,,365 Recreational Cannabis,,,RECREATIONAL365@YAHOO.COM,,,,2065577778,,2023-08-08T00:00:00,,,SHORELINE               ,47.7562484,-122.3137876,17517 15TH AVE NE #B,981553801,ACTIVE (ISSUED),,
413586,4:20 Friendly,,Medical Retailer,,SPOKANE,6033515760010001.0,WSLCB,Washington State Liquor and Cannabis Board,Medicinal,WA,,  ,20151113,,4:20 Friendly,,,A420STORE@GMAIL.COM,,,,5094990999,,2023-08-08T00:00:00,,,SPOKANE                 ,47.6416221,-117.4887775,1515 LEWIS ST,992249785,ACTIVE (ISSUED),,
424848,420 Capitol,,Medical Retailer,,THURSTON,6035340690010002.0,WSLCB,Washington State Liquor and Cannabis Board,Medicinal,WA,,  ,20170502,,420 Capitol,,,ANNEENE.420@GMAIL.COM,,,,3604026368,,2023-08-08T00:00:00,,,TUMWATER                ,48.8362713,-122.4876241,5980 CAPITOL BLVD SE,985015274,ACTIVE (ISSUED),,
415083,420 Carpenter,,Medical Retailer,,THURSTON,6033585480010002.0,WSLCB,Washington State Liquor and Cannabis Board,Medicinal,WA,,  ,20151009,,420 Carpenter,,,anneene.420@gmail.com,,,,3604026368,,2023-08-08T00:00:00,,,LACEY                   ,47.0485411,-122.7956133,422 CARPENTER RD STE 105,985037906,ACTIVE (ISSUED),,
426678,420 Elma On Main,,Medical Retailer,,GRAYS HARBOR,6035792630010002.0,WSLCB,Washington State Liquor and Cannabis Board,Medicinal,WA,,  ,20180423,,420 Elma On Main,,,ricciricardo420@gmail.com,,,,2539061919,,2023-08-08T00:00:00,,,ELMA                    ,47.00441000000001,-123.4043577,306 W MAIN ST,985410000,ACTIVE (ISSUED),,
428560,420 Grand Central,,Medical Retailer,,THURSTON,6041829490010002.0,WSLCB,Washington State Liquor and Cannabis Board,Medicinal,WA,,  ,20190513,,420 Grand Central,,,anneene.420@gmail.com,,,,3604026368,,2023-08-08T00:00:00,,,ROCHESTER               ,46.7983915,-123.0125945,19941 OLD HIGHWAY 99 SW,985798689,ACTIVE (ISSUED),,
415526,420 Holiday,,Medical Retailer,,COWLITZ,6033592380010001.0,WSLCB,Washington State Liquor and Cannabis Board,Medicinal,WA,,  ,20151014,,420 Holiday,,,DHALAIANDY@GMAIL.COM,,,,3607033103,,2023-08-08T00:00:00,,,LONGVIEW                ,46.1456644,-122.9292699,2028 10TH AVE,986324007,ACTIVE (ISSUED),,
414733,420 West,,Medical Retailer,,THURSTON,6033585480010001.0,WSLCB,Washington State Liquor and Cannabis Board,Medicinal,WA,,  ,20151009,,420 West,,,anneene.420@gmail.com,,,,3604026368,,2023-08-08T00:00:00,,,OLYMPIA                 ,47.049947,-122.994932,410 RONLEE LN NW A1,985029266,ACTIVE (ISSUED),,
414441,A Greener Today Marijuana,,Medical Retailer,,KING,6034501390010005.0,WSLCB,Washington State Liquor and Cannabis Board,Medicinal,WA,,  ,20161216,,A Greener Today Marijuana,,,brie.dyson@gmail.com,,,,2066877877,,2023-08-08T00:00:00,,,SEATTLE                 ,47.5548932,-122.2901412,5209 MARTIN LUTHER KING JR. WAY S,981186131,ACTIVE (ISSUED),,
414814,A Greener Today Marijuana,,Medical Retailer,,KING,6034501390010003.0,WSLCB,Washington State Liquor and Cannabis Board,Medicinal,WA,,  ,20170324,,A Greener Today Marijuana,,,brie.dyson@gmail.com,,,,2068017756,,2023-08-08T00:00:00,,,SHORELINE               ,47.7463861,-122.346017,16053 AURORA AVE N STE B STE B,981332610,ACTIVE (ISSUED),,
422044,A Greener Today Marijuana,,Medical Retailer,,SNOHOMISH,6041339060010001.0,WSLCB,Washington State Liquor and Cannabis Board,Medicinal,WA,,  ,20171121,,A Greener Today Marijuana,,,BRIE.DYSON@GMAIL.COM,,,,4257736021,,2023-08-08T00:00:00,,,BOTHELL                 ,47.822625,-122.2064398,19315 BOTHELL EVERETT HWY #1 UNIT 1,980127112,ACTIVE (ISSUED),,
422168,A Greener Today Marijuana-Gold Bar,,Medical Retailer,,SNOHOMISH,6035559160010003.0,WSLCB,Washington State Liquor and Cannabis Board,Medicinal,WA,,  ,20160428,,A Greener Today Marijuana-Gold Bar,,,RUSSIANWORM@GMAIL.COM,,,,4257736037,,2023-08-08T00:00:00,,,GOLD BAR                ,47.845363,-121.676726,16810 415TH AVE SE STE A-2,982510000,ACTIVE (ISSUED),,
422109,A Greener Today Marijuana-Lynnwood,,Medical Retailer,,SNOHOMISH,6035559160010002.0,WSLCB,Washington State Liquor and Cannabis Board,Medicinal,WA,,  ,20160421,,A Greener Today Marijuana-Lynnwood,,,RUSSIANWORM@GMAIL.COM,,,,4257736037,,2023-08-08T00:00:00,,,LYNNWOOD                ,47.8660005,-122.2812461,14608 HWY 99 SUITE #304,980875500,ACTIVE (ISSUED),,
426039,A Greener Today Walla Walla,,Medical Retailer,,WALLA WALLA,6035146970010003.0,WSLCB,Washington State Liquor and Cannabis Board,Medicinal,WA,,  ,20180223,,A Greener Today Walla Walla,,,JOSE.CHAVIRA@LIVE.COM,,,,2063803608,,2023-08-08T00:00:00,,,WALLA WALLA             ,46.061236,-118.346435,655 WEST POPLAR ST,993620000,ACTIVE (ISSUED),,
420497,Alkaloid Cannabis Co,,Medical Retailer,,SPOKANE,6035725900010001.0,WSLCB,Washington State Liquor and Cannabis Board,Medicinal,WA,,  ,20160617,,Alkaloid Cannabis Co,,,johanna@alkaloidmj.com,,,,5097037058,,2023-08-08T00:00:00,,,SPOKANE                 ,47.7615352,-117.3900093,11414 N NEWPORT HWY,992181616,ACTIVE (ISSUED),,
414225,Altitude,,Medical Retailer,,BENTON,6033570900010001.0,WSLCB,Washington State Liquor and Cannabis Board,Medicinal,WA,,  ,20151009,,Altitude,,,AP@ALTITUDEMJ.COM,,,,5097864200,,2023-08-08T00:00:00,,,PROSSER                 ,46.2197696,-119.7845671,260 MERLOT DR,993509533,ACTIVE (ISSUED),,
415486,Always Greener Downtown,,Medical Retailer,,KING,6034023580010003.0,WSLCB,Washington State Liquor and Cannabis Board,Medicinal,WA,,  ,20220914,,Always Greener Downtown,,,jenny@thegrassisalways.com,,,,4258615497,,2023-08-08T00:00:00,,,REDMOND                 ,47.6743475,-122.1281923,15937 REDMOND WAY STE B,980523836,ACTIVE (ISSUED),,
422954,American Harvest,,Medical Retailer,,CHELAN,6033525730010005.0,WSLCB,Washington State Liquor and Cannabis Board,Medicinal,WA,,  ,20170110,,American Harvest,,,AMERICANHARVESTKELANI@GMAIL.COM,,,,5033177035,,2023-08-08T00:00:00,,,PESHASTIN               ,47.5544438,-120.6025823,7550 US 97,988470000,ACTIVE (ISSUED),,
421652,Anacortes Cannabis,,Medical Retailer,,SKAGIT,6033570100010002.0,WSLCB,Washington State Liquor and Cannabis Board,Medicinal,WA,,  ,20160426,,Anacortes Cannabis,,,eugeneleonard63@gmail.com,,,,3605886222,,2023-08-08T00:00:00,,,ANACORTES               ,48.462616,-122.581321,7656 STATE ROUTE 20 UNIT A,982218311,ACTIVE (ISSUED),,
421110,Apex Cannabis,,Medical Retailer,,GRANT,6033264170010002.0,WSLCB,Washington State Liquor and Cannabis Board,Medicinal,WA,,  ,20160426,,Apex Cannabis,,,STEPHANIE.PETERSON@APEXCANNABIS.COM,,,,5094990646,,2023-08-08T00:00:00,,,MOSES LAKE              ,47.1243025,-119.29043,955 W BROADWAY AVE,988370000,ACTIVE (ISSUED),,
422447,Apex Cannabis,,Medical Retailer,,SPOKANE,6033264170010004.0,WSLCB,Washington State Liquor and Cannabis Board,Medicinal,WA,,  ,20160622,,Apex Cannabis,,,STEPHANIE.PETERSON@APEXCANNABIS.COM,,,,5094990646,,2023-08-08T00:00:00,,,OTIS ORCHARDS           ,47.70695500000001,-117.1169984,21502 E GILBERT RD,990279241,ACTIVE (ISSUED),,
425767,Apex Cannabis,,Medical Retailer,,SPOKANE,6033264170010008.0,WSLCB,Washington State Liquor and Cannabis Board,Medicinal,WA,,  ,20171031,,Apex Cannabis,,,STEPHANIE.PETERSON@APEXCANNABIS.COM,,,,5094990646,,2023-08-08T00:00:00,,,SPOKANE                 ,47.6703166,-117.4115687,1325 N DIVISION ST STE 104,992021808,ACTIVE (ISSUED),,
422460,Aristocrat Enterprises Ii,,Medical Retailer,,CLALLAM,6047743750010001.0,WSLCB,Washington State Liquor and Cannabis Board,Medicinal,WA,,  ,20211015,,Aristocrat Enterprises Ii,,,josh@thelinkwa.com,,,,2062000462,,2023-08-08T00:00:00,,,PORT ANGELES            ,48.1052754,-123.3734375,"2947 E HWY 101 STE A, B SUITE A AND B",983629059,ACTIVE (ISSUED),,
421709,Better Buds,,Medical Retailer,,JEFFERSON,6035924360010001.0,WSLCB,Washington State Liquor and Cannabis Board,Medicinal,WA,,  ,20160715,,Better Buds,,,d.comeau@comcast.net,,,,3607316611,,2023-08-08T00:00:00,,,PORT HADLOCK            ,48.0327964,-122.7640828,841 NESS CORNER RD STE B STE B,983399572,ACTIVE (ISSUED),,
422525,Better Buds,,Medical Retailer,,CLALLAM,6033530980010005.0,WSLCB,Washington State Liquor and Cannabis Board,Medicinal,WA,,  ,20220307,,Better Buds,,,BETTERBUDS7@GMAIL.COM,,,,3607316611,,2023-08-08T00:00:00,,,PORT ANGELES            ,48.1046199,-123.3764364,2840 E HWY 101,983629080,ACTIVE (ISSUED),,
425965,Better Buds,,Medical Retailer,,KITSAP,6033530980010004.0,WSLCB,Washington State Liquor and Cannabis Board,Medicinal,WA,,  ,20171229,,Better Buds,,,D.COMEAU@COMCAST.NET,,,,3607316611,,2023-08-08T00:00:00,,,SILVERDALE              ,47.6568115,-122.6867313,10384 SILVERDALE WAY NW STE 10,983837670,ACTIVE (ISSUED),,
430175,Better Buds,,Medical Retailer,,COWLITZ,6046285230010001.0,WSLCB,Washington State Liquor and Cannabis Board,Medicinal,WA,,  ,20210510,,Better Buds,,,betterbudslongview@gmail.com,,,,3607033791,,2023-08-08T00:00:00,,,LONGVIEW                ,46.1439913,-122.9288444,946 WASHINGTON WAY STE 100,986324030,ACTIVE (ISSUED),,
429761,Birch Bay Budz,,Medical Retailer,,WHATCOM,6043510130010003.0,WSLCB,Washington State Liquor and Cannabis Board,Medicinal,WA,,  ,20230404,,Birch Bay Budz,,,eric@birchbaybud.com,,,,5092094569,,2023-08-08T00:00:00,,,BLAINE                  ,48.9367674,-122.6684669,8125 BIRCH BAY SQUARE ST #222,982309660,ACTIVE (ISSUED),,
350766,Bloom,,Medical Retailer,,SNOHOMISH,6048652490010001.0,WSLCB,Washington State Liquor and Cannabis Board,Medicinal,WA,,  ,20230406,,Bloom,,,mcschneidmiller@gmail.com,,,,5038057828,,2023-08-08T00:00:00,,,EVERETT                 ,47.8952331,-122.2525484,11311 HWY 99,982044816,ACTIVE (ISSUED),,
422202,Blowin Smoke,,Medical Retailer,,STEVENS,6030688930010003.0,WSLCB,Washington State Liquor and Cannabis Board,Medicinal,WA,,  ,20160315,,Blowin Smoke,,,BLOWINSMOKE.WA@GMAIL.COM,,,,5099357420,,2023-08-08T00:00:00,,,CHEWELAH                ,48.300546,-117.7609474,1967 HIGHWAY 395 S STE C,991099708,ACTIVE (ISSUED),,
421335,Bud Barn,,Medical Retailer,,THURSTON,6043374800010001.0,WSLCB,Washington State Liquor and Cannabis Board,Medicinal,WA,,  ,20190701,,Bud Barn,,,generalmanager@budbarnyelm.net,,,,3605150258,,2023-08-08T00:00:00,,,OLYMPIA                 ,47.0509658,-122.7918791,6725 MARTIN WAY E,985165541,ACTIVE (ISSUED),,
428005,Bud Barn,,Medical Retailer,,THURSTON,6043374800010002.0,WSLCB,Washington State Liquor and Cannabis Board,Medicinal,WA,,  ,20190701,,Bud Barn,,,generalmanager@budbarnyelm.net,,,,3609601220,,2023-08-08T00:00:00,,,YELM                    ,46.9346991,-122.59579,10619 VANCIL RD SE,985979504,ACTIVE (ISSUED),,
413802,Bud Commander,,Medical Retailer,,THURSTON,6033518190010001.0,WSLCB,Washington State Liquor and Cannabis Board,Medicinal,WA,,  ,20151210,,Bud Commander,,,MOOREHEMPCO@GMAIL.COM,,,,3606881709,,2023-08-08T00:00:00,,,TUMWATER                ,46.9988413,-122.919283,849 TROSPER RD SW STE 207,985128145,ACTIVE (ISSUED),,
413893,Buddy's,,Medical Retailer,,KING,6033590560010001.0,WSLCB,Washington State Liquor and Cannabis Board,Medicinal,WA,,  ,20160419,,Buddy's,,,myles3369@hotmail.com,,,,4252269333,,2023-08-08T00:00:00,,,RENTON                  ,47.4892614,-122.1935823,420 SUNSET BLVD N STE A,980555512,ACTIVE (ISSUED),,
420661,Budeez,,Medical Retailer,,KITSAP,6035688640010001.0,WSLCB,Washington State Liquor and Cannabis Board,Medicinal,WA,,  ,20160421,,Budeez,,,KENBARLEY1@GMAIL.COM,,,,3606207114,,2023-08-08T00:00:00,,,BREMERTON               ,47.5701859,-122.6152382,2111 E 11TH ST,983104810,ACTIVE (ISSUED),,
420666,Canna West Seattle,,Medical Retailer,,KING,6033595980010008.0,WSLCB,Washington State Liquor and Cannabis Board,Medicinal,WA,,  ,20180604,,Canna West Seattle,,,LTCLLC11@GMAIL.COM,,,,2066969240,,2023-08-08T00:00:00,,,SEATTLE                 ,47.5526905,-122.386645,5440 CALIFORNIA AVE SW,981361513,ACTIVE (ISSUED),,
414211,Canna4Life,,Medical Retailer,,ASOTIN,6034482820010001.0,WSLCB,Washington State Liquor and Cannabis Board,Medicinal,WA,,  ,20180117,,Canna4Life,,,SCOTTCANNA4LIFE@GMAIL.COM  412082,,,,5099903124,,2023-08-08T00:00:00,,,CLARKSTON               ,46.415522,-117.0452084,721 6TH ST,994032001,ACTIVE (ISSUED),,
360307,Cannabis & Glass,,Medical Retailer,,SPOKANE,6033510980010004.0,WSLCB,Washington State Liquor and Cannabis Board,Medicinal,WA,,  ,20180320,,Cannabis & Glass,,,HR@CANNABISANDGLASS.COM,,,,5099991112,,2023-08-08T00:00:00,,,SPOKANE                 ,47.7154633,-117.400034,605 E FRANCIS,992080000,ACTIVE (ISSUED),,
353993,Cannabis 21,,Medical Retailer,,GRAYS HARBOR,6033565140010006.0,WSLCB,Washington State Liquor and Cannabis Board,Medicinal,WA,,  ,20200630,,Cannabis 21,,,ADAM@CANNABIS21.COM,,,,3606379282,,2023-08-08T00:00:00,,,HOQUIAM                 ,46.9746858,-123.88382,428 10TH ST,985500000,ACTIVE (ISSUED),,
414712,Cannabis 21,,Medical Retailer,,GRAYS HARBOR,6033565140010007.0,WSLCB,Washington State Liquor and Cannabis Board,Medicinal,WA,,  ,20210630,,Cannabis 21,,,ADAM@CANNABIS21.COM,,,,3606379282,,2023-08-08T00:00:00,,,HOQUIAM                 ,47.0441733,-124.1564255,2294 STATE ROUTE 109,985500000,ACTIVE (ISSUED),,
415567,Cannabis 21,,Medical Retailer,,GRAYS HARBOR,6033565140010002.0,WSLCB,Washington State Liquor and Cannabis Board,Medicinal,WA,,  ,20180402,,Cannabis 21,,,ADAM@CANNABIS21.COM,,,,3602397149,,2023-08-08T00:00:00,,,ABERDEEN                ,46.9774622,-123.8059728,1000 E WISHKAH ST,985200000,ACTIVE (ISSUED),,
412751,Cannabis City,,Medical Retailer,,KING,6033392690010006.0,WSLCB,Washington State Liquor and Cannabis Board,Medicinal,WA,,  ,20210621,,Cannabis City,,,CEO@CANNABIS.CITY,,,,2064204206,,2023-08-08T00:00:00,,,SEATTLE                 ,47.57959839999999,-122.3279583,421 S LANDER ST STE A,981345105,ACTIVE (ISSUED),,
423542,Cannabis Provisions East,,Medical Retailer,,CHELAN,6031854210010003.0,WSLCB,Washington State Liquor and Cannabis Board,Medicinal,WA,,  ,20161122,,Cannabis Provisions East,,,cannabisprovisions@gmail.com,,,,2533347082,,2023-08-08T00:00:00,,,WENATCHEE               ,47.4331012,-120.324525,831 N MILLER ST,988012046,ACTIVE (ISSUED),,
402780,Cannabis Super Store,,Medical Retailer,,KITTITAS,6048417560010002.0,WSLCB,Washington State Liquor and Cannabis Board,Medicinal,WA,,  ,20220415,,Cannabis Super Store,,,DRPESEAU@EPRACTICESALES.COM,,,,3606311239,,2023-08-08T00:00:00,,,CLE ELUM                ,47.1936638,-120.9252479,705 EAST 1ST ST,989221252,ACTIVE (ISSUED),,
415575,Cannablyss,,Medical Retailer,,SNOHOMISH,6033596150010001.0,WSLCB,Washington State Liquor and Cannabis Board,Medicinal,WA,,  ,20151116,,Cannablyss,,,CANNABLYSSLAKESTEVENS@GMAIL.COM,,,,4253277529,,2023-08-08T00:00:00,,,LAKE STEVENS            ,48.0216967,-122.0544156,2705 HARTFORD DR STE A,982589204,ACTIVE (ISSUED),,
414060,Cannarex,,Medical Retailer,,SKAGIT,6033457670010003.0,WSLCB,Washington State Liquor and Cannabis Board,Medicinal,WA,,  ,20151023,,Cannarex,,,Hong_lieu888@yahoo.com,,,,3604199735,,2023-08-08T00:00:00,,,MOUNT VERNON            ,48.3999409,-122.3323715,2714 HENSON RD,982739036,ACTIVE (ISSUED),,
421813,Cannazone,,Medical Retailer,,WHATCOM,6046842120010002.0,WSLCB,Washington State Liquor and Cannabis Board,Medicinal,WA,,  ,20210330,,Cannazone,,,JJREIGE77@YAHOO.COM,,,,8602092288,,2023-08-08T00:00:00,,,BELLINGHAM              ,48.8463958,-122.4863354,5655 GUIDE MERIDIAN STE B SUITE B,982269722,ACTIVE (ISSUED),,
424599,Cannazone,,Medical Retailer,,SKAGIT,6046842120010001.0,WSLCB,Washington State Liquor and Cannabis Board,Medicinal,WA,,  ,20210414,,Cannazone,,,JJREIGE77@YAHOO.COM,,,,8602092288,,2023-08-08T00:00:00,,,MOUNT VERNON            ,48.42669799999999,-122.359275,17905 STATE ROUTE 536,982733269,ACTIVE (ISSUED),,
414749,Cascade Herb Company,,Medical Retailer,,WHATCOM,6033587380010004.0,WSLCB,Washington State Liquor and Cannabis Board,Medicinal,WA,,  ,20210408,,Cascade Herb Company,,,CASCADEHERB@GMAIL.COM,,,,3607468587,,2023-08-08T00:00:00,,,FERNDALE                ,48.8653645,-122.5850712,6167 PORTAL WAY,982489363,ACTIVE (ISSUED),,
415094,Cascade Herb Company,,Medical Retailer,,WHATCOM,6033587380010002.0,WSLCB,Washington State Liquor and Cannabis Board,Medicinal,WA,,  ,20151217,,Cascade Herb Company,,,CASCADEHERB@GMAIL.COM,,,,3607782357,,2023-08-08T00:00:00,,,BELLINGHAM              ,48.7397376,-122.4703586,1240 E MAPLE ST STE 103,982255749,ACTIVE (ISSUED),,
413492,Chimacum Cannabis,,Medical Retailer,,JEFFERSON,6035262460010001.0,WSLCB,Washington State Liquor and Cannabis Board,Medicinal,WA,,  ,20160621,,Chimacum Cannabis,,,CHIMACUMCANNABIS@GMAIL.COM,,,,2066818394,,2023-08-08T00:00:00,,,CHIMACUM                ,48.011261,-122.7674567,9034 BEAVER VALLEY ROAD,983258781,ACTIVE (ISSUED),,
413358,Clear Choice Cannabis,,Medical Retailer,,PIERCE,6032670810010002.0,WSLCB,Washington State Liquor and Cannabis Board,Medicinal,WA,,  ,20151015,,Clear Choice Cannabis,,,CLEARCHOICECANNABIS@GMAIL.COM,,,,2534445444,,2023-08-08T00:00:00,,,TACOMA                  ,47.1844298,-122.4623674,8001 S HOSMER ST,984081017,ACTIVE (ISSUED),,
421877,Clear Choice Cannabis,,Medical Retailer,,KITSAP,6041778340010002.0,WSLCB,Washington State Liquor and Cannabis Board,Medicinal,WA,,  ,20180808,,Clear Choice Cannabis,,,Adam@findclearchoice.com,,,,2538826344,,2023-08-08T00:00:00,,,BREMERTON               ,47.6244123,-122.6294901,6733 STATE HWY 303 NE,983113736,ACTIVE (ISSUED),,
412940,Cookies Tacoma,,Medical Retailer,,PIERCE,6041326560010002.0,WSLCB,Washington State Liquor and Cannabis Board,Medicinal,WA,,  ,20181105,,Cookies Tacoma,,,DRJASONKITZMAN@GMAIL.COM,,,,2533023121,,2023-08-08T00:00:00,,,TACOMA                  ,47.2325274,-122.4732416,3111 S PINE ST,984094711,ACTIVE (ISSUED),,
414065,Craft Cannabis,,Medical Retailer,,CHELAN,6043381880010001.0,WSLCB,Washington State Liquor and Cannabis Board,Medicinal,WA,,  ,20190411,,Craft Cannabis,,,beanja@comcast.net,,,,5096799999,,2023-08-08T00:00:00,,,WENATCHEE               ,47.4445106,-120.3281151,1510 N WENATCHEE AVE,988011157,ACTIVE (ISSUED),,
85059,Craft Leavenworth,,Medical Retailer,,CHELAN,6047800470010001.0,WSLCB,Washington State Liquor and Cannabis Board,Medicinal,WA,,  ,20211222,,Craft Leavenworth,,,beanja@comcast.net,,,,5033417097,,2023-08-08T00:00:00,,,DRYDEN                  ,47.541234,-120.5609167,8459 MAIN ST UNIT B UNIT B,988210000,ACTIVE (ISSUED),,
423372,Craft Tacoma,,Medical Retailer,,PIERCE,6034797720010003.0,WSLCB,Washington State Liquor and Cannabis Board,Medicinal,WA,,  ,20160906,,Craft Tacoma,,,BEANJA@COMCAST.NET,,,,3604026368,,2023-08-08T00:00:00,,,TACOMA                  ,47.2231125,-122.4660551,2128 S 37TH ST,984097445,ACTIVE (ISSUED),,
413729,Cult Cannabis Co.,,Medical Retailer,,WHATCOM,6033507270010001.0,WSLCB,Washington State Liquor and Cannabis Board,Medicinal,WA,,  ,20151009,,Cult Cannabis Co.,,,BOOKKEEPING@KULSHANENTERPRISES.COM,,,,3606762539,,2023-08-08T00:00:00,,,FERNDALE                ,48.86148,-122.5851326,6061 PORTAL WAY,982489360,ACTIVE (ISSUED),,
422817,Dank Of America,,Medical Retailer,,WHATCOM,6036038240010001.0,WSLCB,Washington State Liquor and Cannabis Board,Medicinal,WA,,  ,20170206,,Dank Of America,,,TOM@DANKBANKOFBLAINE.COM,,,,4252314439,,2023-08-08T00:00:00,,,BLAINE                  ,48.9757363,-122.7278073,2530 PEACE PORTAL DR STE B,982308063,ACTIVE (ISSUED),,
414503,Destination Highway 420,,Medical Retailer,,KITSAP,6034539570010001.0,WSLCB,Washington State Liquor and Cannabis Board,Medicinal,WA,,  ,20160510,,Destination Highway 420,,,Bonerose7@gmail.com,,,,3606278754,,2023-08-08T00:00:00,,,BREMERTON               ,47.6022678,-122.6284978,1225 HOLLIS ST,983103611,ACTIVE (ISSUED),,
413374,Diamond Green,,Medical Retailer,,PIERCE,6033542940010001.0,WSLCB,Washington State Liquor and Cannabis Board,Medicinal,WA,,  ,20151009,,Diamond Green,,,MALKITSINGH@COMCAST.NET,,,,2532225697,,2023-08-08T00:00:00,,,TACOMA                  ,47.2497057,-122.4906391,4002 S 12TH ST,984051509,ACTIVE (ISSUED),,
429044,Dispo 42,,Medical Retailer,,SNOHOMISH,6036041010010002.0,WSLCB,Washington State Liquor and Cannabis Board,Medicinal,WA,,  ,20190806,,Dispo 42,,,RENGARLLC@OUTLOOK.COM;msmidorki@outlook.com,,,,4255318999,,2023-08-08T00:00:00,,,MUKILTEO                ,47.89586990000001,-122.2896588,4204 RUSSELL RD STE M,982755424,ACTIVE (ISSUED),,
414174,Dockside Cannabis,,Medical Retailer,,KING,6033563140010001.0,WSLCB,Washington State Liquor and Cannabis Board,Medicinal,WA,,  ,20151214,,Dockside Cannabis,,,directors@docksidecannabis.com,,,,2063505366,,2023-08-08T00:00:00,,,SEATTLE                 ,47.5873279,-122.3286651,1728 4TH AVE S,981341502,ACTIVE (ISSUED),,
414569,Dockside Cannabis,,Medical Retailer,,KING,6033546970010003.0,WSLCB,Washington State Liquor and Cannabis Board,Medicinal,WA,,  ,20151214,,Dockside Cannabis,,,DIRECTORS@DOCKSIDECANNABIS.COM,,,,2068068759,,2023-08-08T00:00:00,,,SHORELINE               ,47.7379352,-122.3456253,15001 AURORA AVE N STE 15029,981336134,ACTIVE (ISSUED),,
424463,Dockside Cannabis,,Medical Retailer,,KING,6035692810010002.0,WSLCB,Washington State Liquor and Cannabis Board,Medicinal,WA,,  ,20180515,,Dockside Cannabis,,,directors@docksidecannabis.com,,,,2068068742,,2023-08-08T00:00:00,,,SEATTLE                 ,47.6623937,-122.3683572,4601 LEARY WAY NW,981074544,ACTIVE (ISSUED),,
430807,Dockside Cannabis,,Medical Retailer,,KING,6035692220010004.0,WSLCB,Washington State Liquor and Cannabis Board,Medicinal,WA,,  ,20200825,,Dockside Cannabis,,,DIRECTORS@DOCKSIDECANNABIS.COM,,,,2065564067,,2023-08-08T00:00:00,,,SEATTLE                 ,47.6902366,-122.3449915,8401 AURORA AVE N STE E1,981034332,ACTIVE (ISSUED),,
434372,Emerald Leaves,,Medical Retailer,,PIERCE,6035615210010003.0,WSLCB,Washington State Liquor and Cannabis Board,Medicinal,WA,,  ,20221201,,Emerald Leaves,,,emeraldleavestac@gmail.com,,,,2064825627,,2023-08-08T00:00:00,,,TACOMA                  ,47.2556897,-122.4708912,2609 6TH AVE STE 1,984067226,ACTIVE (ISSUED),,
79720,Fillabong,,Medical Retailer,,KITSAP,6035601210010004.0,WSLCB,Washington State Liquor and Cannabis Board,Medicinal,WA,,  ,20161121,,Fillabong,,,AYLA4FILLABONG@OUTLOOK.COM,,,,3604432293,,2023-08-08T00:00:00,,,BREMERTON               ,47.5936989,-122.6138684,3249 PERRY AVE STE B,983105371,ACTIVE (ISSUED),,
415211,Fillabong,,Medical Retailer,,KITSAP,6035601210010002.0,WSLCB,Washington State Liquor and Cannabis Board,Medicinal,WA,,  ,20160226,,Fillabong,,,AYLA4FILLABONG@OUTLOOK.COM,,,,3606980353,,2023-08-08T00:00:00,,,SILVERDALE              ,47.6547776,-122.6878265,2839 NW KITSAP PL STE A,983839447,ACTIVE (ISSUED),,
428276,Fire And Frost Cannabis,,Medical Retailer,,CLARK,6034341890010003.0,WSLCB,Washington State Liquor and Cannabis Board,Medicinal,WA,,  ,20190325,,Fire And Frost Cannabis,,,ELKINS.MARC@GMAIL.COM,,,,3603357823,,2023-08-08T00:00:00,,,VANCOUVER               ,45.6448615,-122.6021274,6818 NE 4TH PLAIN BLVD STE B&C,986617357,ACTIVE (ISSUED),,
422049,Floyds,,Medical Retailer,,SKAGIT,6035710750010001.0,WSLCB,Washington State Liquor and Cannabis Board,Medicinal,WA,,  ,20160916,,Floyds,,,KENBARLEY1@GMAIL.COM,,,,3605884473,,2023-08-08T00:00:00,,,SEDRO WOOLLEY           ,48.503226,-122.2464773,410 W STATE ST,982841557,ACTIVE (ISSUED),,
430798,Floyds,,Medical Retailer,,MASON,6043887510010003.0,WSLCB,Washington State Liquor and Cannabis Board,Medicinal,WA,,  ,20200825,,Floyds,,,JUSTINFREET@GMAIL.COM,,,,2067710350,,2023-08-08T00:00:00,,,SHELTON                 ,47.2436495,-123.0986971,931 E JOHNS PRAIRIE RD,985841270,ACTIVE (ISSUED),,
413809,Forbidden Cannabis Central District Seattle,,Medical Retailer,,KING,6049148950010001.0,WSLCB,Washington State Liquor and Cannabis Board,Medicinal,WA,,  ,20220913,,Forbidden Cannabis Central District Seattle,,,PAUL@TACSOUTHHOSPITALITY.COM,,,,2064127285,,2023-08-08T00:00:00,,,SEATTLE                 ,47.6127545,-122.3007928,2413 E UNION ST,981223045,ACTIVE (ISSUED),,
422913,Forbidden Cannabis Club Mt. Vernon,,Medical Retailer,,SKAGIT,6049224840010001.0,WSLCB,Washington State Liquor and Cannabis Board,Medicinal,WA,,  ,20221025,,Forbidden Cannabis Club Mt. Vernon,,,ahllcmtvernon@gmail.com,,,,2067696074,,2023-08-08T00:00:00,,,MOUNT VERNON            ,48.3898861,-122.3352197,3818 OLD HIGHWAY 99 S RD,982739018,ACTIVE (ISSUED),,
421632,Forbidden Cannabis Club Olympia,,Medical Retailer,,THURSTON,6046249900010001.0,WSLCB,Washington State Liquor and Cannabis Board,Medicinal,WA,,  ,20210719,,Forbidden Cannabis Club Olympia,,,PAUL@TACSOUTHHOSPITALITY.COM,,,,2064127285,,2023-08-08T00:00:00,,,LACEY                   ,47.0374507,-122.8340464,1123 SLEATER KINNEY RD SE,985032300,ACTIVE (ISSUED),,
425185,Forbidden Cannabis Super Chronic,,Medical Retailer,,THURSTON,6046358250010001.0,WSLCB,Washington State Liquor and Cannabis Board,Medicinal,WA,,  ,20201028,,Forbidden Cannabis Super Chronic,,,PAUL@TACSOUTHHOSPITALITY.COM,,,,2064127285,,2023-08-08T00:00:00,,,LACEY                   ,47.0508347,-122.7969407,6326 MARTIN WAY E STE 103,985165561,ACTIVE (ISSUED),,
414280,Freedom Market,,Medical Retailer,,COWLITZ,6046389790010001.0,WSLCB,Washington State Liquor and Cannabis Board,Medicinal,WA,,  ,20210106,,Freedom Market,,,THEFREEDOMMARKET420@GMAIL.COM,,,,3606360420,,2023-08-08T00:00:00,,,KELSO                   ,46.1647937,-122.9158913,820A WESTSIDE HWY,986264355,ACTIVE (ISSUED),,
422459,Freedom Market Cathlamet Corp,,Medical Retailer,,WAHKIAKUM,6041543780010001.0,WSLCB,Washington State Liquor and Cannabis Board,Medicinal,WA,,  ,20180124,,Freedom Market Cathlamet Corp,,,THEFREEDOMMARKET420@GMAIL.COM,,,,3607036090,,2023-08-08T00:00:00,,,CATHLAMET               ,46.1956569,-123.3636068,327 SR 4,986120000,ACTIVE (ISSUED),,
421757,Freedom Market Ilwaco,,Medical Retailer,,PACIFIC,6040523690010001.0,WSLCB,Washington State Liquor and Cannabis Board,Medicinal,WA,,  ,20171128,,Freedom Market Ilwaco,,,THEFREEDOMMARKET420@GMAIL.COM,,,,3607036090,,2023-08-08T00:00:00,,,ILWACO                  ,46.3055595,-124.0408684,133 HOWERTON AVE SE STE B,986249088,ACTIVE (ISSUED),,
422777,Freeland Cannabis Company,,Medical Retailer,,ISLAND,6036018460010001.0,WSLCB,Washington State Liquor and Cannabis Board,Medicinal,WA,,  ,20160714,,Freeland Cannabis Company,,,raina45@comcast.net,,,,4255126880,,2023-08-08T00:00:00,,,FREELAND                ,48.0123749,-122.5415973,18646 SR 525 STE B STE B,982498752,ACTIVE (ISSUED),,
412922,Fweedom Cannabis,,Medical Retailer,,KING,6028304620010002.0,WSLCB,Washington State Liquor and Cannabis Board,Medicinal,WA,,  ,20160202,,Fweedom Cannabis,,,FWEEDOMCANNABIS@GMAIL.COM,,,,2064190260,,2023-08-08T00:00:00,,,SEATTLE                 ,47.716045,-122.3453684,12001 AURORA AVE N UNIT #1,981338249,ACTIVE (ISSUED),,
415031,Fweedom Cannabis,,Medical Retailer,,SNOHOMISH,6033575180010001.0,WSLCB,Washington State Liquor and Cannabis Board,Medicinal,WA,,  ,20160622,,Fweedom Cannabis,,,FWEEDOMCANNABIS@GMAIL.COM,,,,4259540640,,2023-08-08T00:00:00,,,MOUNTLAKE TERRACE       ,47.7999968,-122.3189575,21911 64TH AVE W  STE D STE D,980430000,ACTIVE (ISSUED),,
413558,Ganja Goddess,,Medical Retailer,,KING,6050144320010001.0,WSLCB,Washington State Liquor and Cannabis Board,Medicinal,WA,,  ,20230703,,Ganja Goddess,,,KADENASADIS@GMAIL.COM,,,,4257376960,,2023-08-08T00:00:00,,,SEATTLE                 ,47.5751701,-122.3347773,3207 1ST AVE S UNIT A UNIT A,981341819,ACTIVE (ISSUED),,
415539,Ganja Vita,,Medical Retailer,,MASON,6033594670010003.0,WSLCB,Washington State Liquor and Cannabis Board,Medicinal,WA,,  ,20151011,,Ganja Vita,,,GANJAVITALLC@GMAIL.COM,,,,2535143949,,2023-08-08T00:00:00,,,BELFAIR                 ,47.4470639,-122.830186,23441 NE STATE ROUTE 3,985280000,ACTIVE (ISSUED),,
431222,Goobie's Doobies,,Medical Retailer,,KING,6035764710010004.0,WSLCB,Washington State Liquor and Cannabis Board,Medicinal,WA,,  ,20201207,,Goobie's Doobies,,,GOOBIESDOOBIESLLC@GMAIL.COM,,,,2534595741,,2023-08-08T00:00:00,,,MAPLE VALLEY            ,47.34373009999999,-122.0178749,28730 MAPLE VALLEY BLACK DIAMOND RD SE STE A,980388195,ACTIVE (ISSUED),,
420785,Green Corners Tacoma LLC,,Medical Retailer,,PIERCE,6046612970010001.0,WSLCB,Washington State Liquor and Cannabis Board,Medicinal,WA,,  ,20210607,,Green Corners Tacoma LLC,,,DAARAYAUS@GMAIL.COM,,,,2063830943,,2023-08-08T00:00:00,,,TACOMA                  ,47.2715326,-122.5170578,5917 N 26TH ST STE A,984072359,ACTIVE (ISSUED),,
421789,Green Day Cannabis,,Medical Retailer,,COWLITZ,6035719210010001.0,WSLCB,Washington State Liquor and Cannabis Board,Medicinal,WA,,  ,20200320,,Green Day Cannabis,,,AHAMIDE@GMAIL.COM,,,,3606063260,,2023-08-08T00:00:00,,,LONGVIEW                ,46.1435898,-122.9281283,945 WASHINGTON WAY STE 121,986324059,ACTIVE (ISSUED),,
350641,Green Fire Cannabis,,Medical Retailer,,KING,6033271020010001.0,WSLCB,Washington State Liquor and Cannabis Board,Medicinal,WA,,  ,20160614,,Green Fire Cannabis,,,RODKRAFKA@HOTMAIL.COM,,,,2066233792,,2023-08-08T00:00:00,,,SEATTLE                 ,47.5843895,-122.3337112,1956 1ST AVE S,981341406,ACTIVE (ISSUED),,
415130,Green Lady,,Medical Retailer,,THURSTON,6033601220010003.0,WSLCB,Washington State Liquor and Cannabis Board,Medicinal,WA,,  ,20151016,,Green Lady,,,mike@greenladymj.com,,,,5098697574,,2023-08-08T00:00:00,,,OLYMPIA                 ,47.0432269,-122.8571266,3044 PACIFIC AVE SE STE B,985012043,ACTIVE (ISSUED),,
421667,Green Lady Everett,,Medical Retailer,,SNOHOMISH,6035644790010002.0,WSLCB,Washington State Liquor and Cannabis Board,Medicinal,WA,,  ,20160419,,Green Lady Everett,,,MIKE@GREENLADYMJ.COM,,,,5098697574,,2023-08-08T00:00:00,,,LYNNWOOD                ,47.8690485,-122.2786549,14221 LAKE RD,980871710,ACTIVE (ISSUED),,
416540,"Green Lady Westside, Inc.",,Medical Retailer,,THURSTON,6035644790010003.0,WSLCB,Washington State Liquor and Cannabis Board,Medicinal,WA,,  ,20160218,,"Green Lady Westside, Inc.",,,MIKE@GREENLADYMJ.COM,,,,5098697475,,2023-08-08T00:00:00,,,OLYMPIA                 ,47.045924,-122.9307358,2405 HARRISON AVE NW STE 201,985024592,ACTIVE (ISSUED),,
413886,Green Leaf,,Medical Retailer,,WHATCOM,6033576180010002.0,WSLCB,Washington State Liquor and Cannabis Board,Medicinal,WA,,  ,20151009,,Green Leaf,,,SKJLINSE@MSN.COM,,,,3605262198,,2023-08-08T00:00:00,,,BELLINGHAM              ,48.7944259,-122.4853411,4220 MERIDIAN ST STE 102,982269153,ACTIVE (ISSUED),,
414755,Green Life Cannabis,,Medical Retailer,,CHELAN,6033599440010002.0,WSLCB,Washington State Liquor and Cannabis Board,Medicinal,WA,,  ,20190725,,Green Life Cannabis,,,DOUG@GREENLIFECANNABIS.COM,,,,2817260614,,2023-08-08T00:00:00,,,WENATCHEE               ,47.4717573,-120.3323514,3012 GS CENTER RD STE A,988019116,ACTIVE (ISSUED),,
413798,Green Outfitters,,Medical Retailer,,GRAYS HARBOR,6033511700010001.0,WSLCB,Washington State Liquor and Cannabis Board,Medicinal,WA,,  ,20160107,,Green Outfitters,,,admin@cannabisstorey.com,,,,4252684391,,2023-08-08T00:00:00,,,OCEAN SHORES            ,47.00497499999999,-124.1658334,668 OCEAN SHORES BLVD NW,985699344,ACTIVE (ISSUED),,
422103,Green Room Oh Inc.,,Medical Retailer,,ISLAND,6041627960010001.0,WSLCB,Washington State Liquor and Cannabis Board,Medicinal,WA,,  ,20180306,,Green Room Oh Inc.,,,SIMONTESFU206@GMAIL.COM,,,,2065048629,,2023-08-08T00:00:00,,,OAK HARBOR              ,48.28829469999999,-122.6484205,1640 NE GOLDIE ST STE B,982774835,ACTIVE (ISSUED),,
81400,Green Tiki Cannabis,,Medical Retailer,,KITSAP,6040966540010001.0,WSLCB,Washington State Liquor and Cannabis Board,Medicinal,WA,,  ,20171120,,Green Tiki Cannabis,,,gtcc420@gmail.com,,,,3607101577,,2023-08-08T00:00:00,,,KINGSTON                ,47.8107834,-122.5392322,8208 NE STATE HIGHWAY 104 STE 101,983460000,ACTIVE (ISSUED),,
410273,Green2Go,,Medical Retailer,,BENTON,6033031360010002.0,WSLCB,Washington State Liquor and Cannabis Board,Medicinal,WA,,  ,20171117,,Green2Go,,,Mrsjessylee@gmail.com,,,,5095917100,,2023-08-08T00:00:00,,,KENNEWICK               ,46.1703283,-119.0512156,214307 E SR 397,993377198,ACTIVE (ISSUED),,
422655,Green2Go Tokio,,Medical Retailer,,ADAMS,6033031360010004.0,WSLCB,Washington State Liquor and Cannabis Board,Medicinal,WA,,  ,20161114,,Green2Go Tokio,,,MrsJessyLee@gmail.com,,,,5095917100,,2023-08-08T00:00:00,,,SPRAGUE                 ,47.20897679999999,-118.2268762,2008 N DURRY RD UNIT 2,990329621,ACTIVE (ISSUED),,
414356,Greenfield Company Cannabis Mercantile,,Medical Retailer,,ASOTIN,6033513920010001.0,WSLCB,Washington State Liquor and Cannabis Board,Medicinal,WA,,  ,20151009,,Greenfield Company Cannabis Mercantile,,,MEPLEMMONS@GMAIL.COM,,,,2069621025,,2023-08-08T00:00:00,,,CLARKSTON               ,46.4152414,-117.0458336,728 6TH ST,994032012,ACTIVE (ISSUED),,
415112,Greenlight,,Medical Retailer,,SPOKANE,6033593200010002.0,WSLCB,Washington State Liquor and Cannabis Board,Medicinal,WA,,  ,20160621,,Greenlight,,,sonny@greenlightspokane.com,,,,5094752821,,2023-08-08T00:00:00,,,MILLWOOD                ,47.6848155,-117.2656635,10309 E TRENT AVE,992064514,ACTIVE (ISSUED),,
420400,Greenview Cannabis,,Medical Retailer,,COWLITZ,6033360940010003.0,WSLCB,Washington State Liquor and Cannabis Board,Medicinal,WA,,  ,20190409,,Greenview Cannabis,,,MIKE@MARIJUANAMARTWA.COM,,,,3607891364,,2023-08-08T00:00:00,,,LONGVIEW                ,46.12072209999999,-122.9327116,530 7TH AVE STE D,986320000,ACTIVE (ISSUED),,
413428,Greenworks N.W.,,Medical Retailer,,KING,6019957890010004.0,WSLCB,Washington State Liquor and Cannabis Board,Medicinal,WA,,  ,20160614,,Greenworks N.W.,,,ZACHPETERSON88@GMAIL.COM,,,,2064925132,,2023-08-08T00:00:00,,,SEATTLE                 ,47.7048145,-122.3547173,315 N 105TH ST,981330000,ACTIVE (ISSUED),,
415124,Growers Outlet,,Medical Retailer,,PACIFIC,6033596440010002.0,WSLCB,Washington State Liquor and Cannabis Board,Medicinal,WA,,  ,20151009,,Growers Outlet,,,Growersoutlet1@gmail.com,,,,3605815888,,2023-08-08T00:00:00,,,SOUTH BEND              ,46.66315489999999,-123.8046063,613 MONTANA AVE STE 2,985860000,ACTIVE (ISSUED),,
354876,Happy Time,,Medical Retailer,,YAKIMA,6035158110010002.0,WSLCB,Washington State Liquor and Cannabis Board,Medicinal,WA,,  ,20171212,,Happy Time,,,Jcelectrico13@gmail.com,,,,5094802097,,2023-08-08T00:00:00,,,YAKIMA                  ,46.6197842,-120.5114786,1315 N 1ST ST,989011801,ACTIVE (ISSUED),,
415333,Have A Heart,,Medical Retailer,,KING,6031909830010002.0,WSLCB,Washington State Liquor and Cannabis Board,Medicinal,WA,,  ,20160107,,Have A Heart,,,admin@cannabisstorey.com,,,,2062618206,,2023-08-08T00:00:00,,,SEATTLE                 ,47.4876598,-122.2590488,12833 MARTIN LUTHER KING JR WAY S,981783513,ACTIVE (ISSUED),,
402039,Herb's House,,Medical Retailer,,KING,6032851830010001.0,WSLCB,Washington State Liquor and Cannabis Board,Medicinal,WA,,  ,20151011,,Herb's House,,,SHARONJACOBSON@HOTMAIL.COM,,,,2065577388,,2023-08-08T00:00:00,,,SEATTLE                 ,47.6761716,-122.3653162,716 NW 65TH ST,981175049,ACTIVE (ISSUED),,
411970,Herbal E Scents,,Medical Retailer,,STEVENS,6024843170010004.0,WSLCB,Washington State Liquor and Cannabis Board,Medicinal,WA,,  ,20170209,,Herbal E Scents,,,herbalescents@gmail.com,,,,5096844420,,2023-08-08T00:00:00,,,COLVILLE                ,48.5550816,-117.9197128,120 NE CANNING DR,991142004,ACTIVE (ISSUED),,
413683,Herbal Nation,,Medical Retailer,,SNOHOMISH,6034896600010001.0,WSLCB,Washington State Liquor and Cannabis Board,Medicinal,WA,,  ,20180306,,Herbal Nation,,,1HERBALNATION@GMAIL.COM,,,,4254861111,,2023-08-08T00:00:00,,,BOTHELL                 ,47.8226798,-122.2081038,19302 BOTHELL EVERETT HWY,980127113,ACTIVE (ISSUED),,
427457,Herban Market,,Medical Retailer,,KITSAP,6035830060010005.0,WSLCB,Washington State Liquor and Cannabis Board,Medicinal,WA,,  ,20180925,,Herban Market,,,HERBANMARKETLEE@GMAIL.COM,,,,3608133644,,2023-08-08T00:00:00,,,PORT ORCHARD            ,47.5129865,-122.6309403,3965 BETHEL RD SE STE 3,983661915,ACTIVE (ISSUED),,
429699,High End Market Place,,Medical Retailer,,CLARK,6033503770010004.0,WSLCB,Washington State Liquor and Cannabis Board,Medicinal,WA,,  ,20191231,,High End Market Place,,,HEMPabk@gmail.com,,,,3606953612,,2023-08-08T00:00:00,,,VANCOUVER               ,45.63655379999999,-122.670654,1924 BROADWAY ST STE A,986633380,ACTIVE (ISSUED),,
413534,High Society Anacortes,,Medical Retailer,,SKAGIT,6046001880010001.0,WSLCB,Washington State Liquor and Cannabis Board,Medicinal,WA,,  ,20201201,,High Society Anacortes,,,DRJASONKITZMAN@GMAIL.COM,,,,3602992211,,2023-08-08T00:00:00,,,ANACORTES               ,48.4616372,-122.557295,8630 S MARCH POINT RD,982213412,ACTIVE (ISSUED),,
414539,High Society Bellingham,,Medical Retailer,,WHATCOM,6046122220010001.0,WSLCB,Washington State Liquor and Cannabis Board,Medicinal,WA,,  ,20201203,,High Society Bellingham,,,DRJASONKITZMAN@GMAIL.COM,,,,3603063257,,2023-08-08T00:00:00,,,BELLINGHAM              ,48.83358579999999,-122.4863242,5309 GUIDE MERIDIAN RD SUITE A,982260000,ACTIVE (ISSUED),,
421702,High-5 Cannabis,,Medical Retailer,,CLARK,6034040170010002.0,WSLCB,Washington State Liquor and Cannabis Board,Medicinal,WA,,  ,20160510,,High-5 Cannabis,,,JBRITT@HIGH5CANNABIS.COM,,,,3605714568,,2023-08-08T00:00:00,,,VANCOUVER               ,45.6703298,-122.5311292,6511 NE 137TH AVE,986825948,ACTIVE (ISSUED),,
413427,Hwy 420,,Medical Retailer,,KITSAP,6027629820010002.0,WSLCB,Washington State Liquor and Cannabis Board,Medicinal,WA,,  ,20170227,,Hwy 420,,,Cheryl@hwy420.xyz,,,,3604408671,,2023-08-08T00:00:00,,,SILVERDALE              ,47.66710519999999,-122.693478,11493 CLEAR CREEK RD,983839657,ACTIVE (ISSUED),,
413843,Hwy 420,,Medical Retailer,,KITSAP,6034060990010001.0,WSLCB,Washington State Liquor and Cannabis Board,Medicinal,WA,,  ,20151011,,Hwy 420,,,Cheryl@hwy420.xyz,,,,3609323182,,2023-08-08T00:00:00,,,BREMERTON               ,47.5539127,-122.6595724,1110 CHARLESTON BEACH RD W,983124504,ACTIVE (ISSUED),,
414750,Iii King Company,,Medical Retailer,,KING,6033505020010001.0,WSLCB,Washington State Liquor and Cannabis Board,Medicinal,WA,,  ,20201218,,Iii King Company,,,IIIKINGSEATTLE@GMAIL.COM,,,,2064533445,,2023-08-08T00:00:00,,,SEATTLE                 ,47.4866357,-122.2578718,12925 MARTIN LUTHER KINGJR WAY,981780000,ACTIVE (ISSUED),,
413727,Island Herb,,Medical Retailer,,ISLAND,6033504390010001.0,WSLCB,Washington State Liquor and Cannabis Board,Medicinal,WA,,  ,20160506,,Island Herb,,,INFO@WHIDBEYISLANDHERB.COM,,,,3603312898,,2023-08-08T00:00:00,,,FREELAND                ,48.0087717,-122.526794,5565 VANBARR PLACE UNIT F,982490000,ACTIVE (ISSUED),,
414345,Kaleafa,,Medical Retailer,,GRAYS HARBOR,6046242090010001.0,WSLCB,Washington State Liquor and Cannabis Board,Medicinal,WA,,  ,20210201,,Kaleafa,,,Washington@Kaleafa.com,,,,3122033450,,2023-08-08T00:00:00,,,ABERDEEN                ,46.9658792,-123.8030324,401 SOUTH BOONE,985208508,ACTIVE (ISSUED),,
417643,Kaleafa,,Medical Retailer,,ISLAND,6033220580010002.0,WSLCB,Washington State Liquor and Cannabis Board,Medicinal,WA,,  ,20160212,,Kaleafa,,,Washington@Kaleafa.com,,,,3122033450,,2023-08-08T00:00:00,,,OAK HARBOR              ,48.3157876,-122.6318312,33858 SR 20 STE 102,982772664,ACTIVE (ISSUED),,
429441,Kaleafa,,Medical Retailer,,KING,6035861690010005.0,WSLCB,Washington State Liquor and Cannabis Board,Medicinal,WA,,  ,20200623,,Kaleafa,,,Washington@kaleafa.com,,,,3122033450,,2023-08-08T00:00:00,,,DES MOINES              ,47.37070079999999,-122.3030014,25745 PACIFIC HWY S,981980000,ACTIVE (ISSUED),,
425925,King Cronic,,Medical Retailer,,THURSTON,6048027430010001.0,WSLCB,Washington State Liquor and Cannabis Board,Medicinal,WA,,  ,20220420,,King Cronic,,,Andy@kingcronicwa.com,,,,2063515957,,2023-08-08T00:00:00,,,YELM                    ,46.93578189999999,-122.5932524,1110 E YELM AVE STE C,985977690,ACTIVE (ISSUED),,
420336,Kush,,Medical Retailer,,KING,6040934440010001.0,WSLCB,Washington State Liquor and Cannabis Board,Medicinal,WA,,  ,20190327,,Kush,,,JBBERGE@HOTMAIL.COM,,,,4252693242,,2023-08-08T00:00:00,,,KIRKLAND                ,47.6826501,-122.181867,11834 NE 90TH ST,980335814,ACTIVE (ISSUED),,
424751,Kush 21 Buckley LLC,,Medical Retailer,,PIERCE,6046521590010001.0,WSLCB,Washington State Liquor and Cannabis Board,Medicinal,WA,,  ,20210311,,Kush 21 Buckley LLC,,,BERAKI2015@GMAIL.COM,,,,3605611664,,2023-08-08T00:00:00,,,BUCKLEY                 ,47.1592829,-122.0373448,29393 STATE ROUTE 410 E STE D,983219424,ACTIVE (ISSUED),,
421630,Kush Pointe,,Medical Retailer,,SNOHOMISH,6033042060010002.0,WSLCB,Washington State Liquor and Cannabis Board,Medicinal,WA,,  ,20160624,,Kush Pointe,,,probst_janet@yahoo.com,,,,2065795394,,2023-08-08T00:00:00,,,MUKILTEO                ,47.8912572,-122.2849762,11811 MUKILTEO SPEEDWAY UNIT 111,982755442,ACTIVE (ISSUED),,
430737,Kushklub,,Medical Retailer,,KING,6040720270010003.0,WSLCB,Washington State Liquor and Cannabis Board,Medicinal,WA,,  ,20200814,,Kushklub,,,HENOK.ABRAHA@GMAIL.COM,,,,2067691282,,2023-08-08T00:00:00,,,SHORELINE               ,47.7749531,-122.3465864,20019 AURORA AVE N UNIT B,981333120,ACTIVE (ISSUED),,
414520,Kushmart,,Medical Retailer,,SNOHOMISH,6033472500010002.0,WSLCB,Washington State Liquor and Cannabis Board,Medicinal,WA,,  ,20151013,,Kushmart,,,HENOK.ABRAHA@GMAIL.COM,,,,2067691282,,2023-08-08T00:00:00,,,EVERETT                 ,47.9408902,-122.2171173,6309 EVERGREEN WAY STE C,982034559,ACTIVE (ISSUED),,
416102,Kushmart South Everett,,Medical Retailer,,SNOHOMISH,6035539770010001.0,WSLCB,Washington State Liquor and Cannabis Board,Medicinal,WA,,  ,20160311,,Kushmart South Everett,,,DAVIDJAMESAHL@YAHOO.COM,,,,4255820088,,2023-08-08T00:00:00,,,EVERETT                 ,47.8780673,-122.2694654,13220 HWY 99 S,982045424,ACTIVE (ISSUED),,
417880,Legal Marijuana Superstore,,Medical Retailer,,KITSAP,6033573230010003.0,WSLCB,Washington State Liquor and Cannabis Board,Medicinal,WA,,  ,20151230,,Legal Marijuana Superstore,,,PATWATERS55@GMAIL.COM,,,,3603401009,,2023-08-08T00:00:00,,,PORT ORCHARD            ,47.5156492,-122.6317752,3610 BETHEL RD SE SUITE 100,983670000,ACTIVE (ISSUED),,
413544,Longview Freedom Market,,Medical Retailer,,COWLITZ,6033544480010001.0,WSLCB,Washington State Liquor and Cannabis Board,Medicinal,WA,,  ,20151104,,Longview Freedom Market,,,THEFREEDOMMARKET420@GMAIL.COM,,,,3602617055,,2023-08-08T00:00:00,,,LONGVIEW                ,46.1320455,-122.9381,971 14TH AVE STE 110,986324049,ACTIVE (ISSUED),,
414963,Lucid,,Medical Retailer,,THURSTON,6033590350010001.0,WSLCB,Washington State Liquor and Cannabis Board,Medicinal,WA,,  ,20151009,,Lucid,,,christian@lucidmj.com,,,,5304010839,,2023-08-08T00:00:00,,,LACEY                   ,46.9974107,-122.8199886,4820 YELM HWY SE SUITE D,985033402,ACTIVE (ISSUED),,
415429,Lucid,,Medical Retailer,,THURSTON,6033590350010002.0,WSLCB,Washington State Liquor and Cannabis Board,Medicinal,WA,,  ,20151009,,Lucid,,,christian@lucidmj.com,,,,5304010839,,2023-08-08T00:00:00,,,OLYMPIA                 ,47.0535069,-122.7832525,7294 MARTIN WAY E,985165533,ACTIVE (ISSUED),,
415203,Lucky Cannabis,,Medical Retailer,,KING,6042734580010001.0,WSLCB,Washington State Liquor and Cannabis Board,Medicinal,WA,,  ,20190627,,Lucky Cannabis,,,Hong_lieu888@yahoo.com,,,,2065882441,,2023-08-08T00:00:00,,,SEATTLE                 ,47.5161712,-122.3548285,9640 16TH AVE SW STE C & D,981062827,ACTIVE (ISSUED),,
422442,Lucky Leaf,,Medical Retailer,,SPOKANE,6033514230010003.0,WSLCB,Washington State Liquor and Cannabis Board,Medicinal,WA,,  ,20160315,,Lucky Leaf,,,manager@luckyleaf.co,,,,5096194248,,2023-08-08T00:00:00,,,SPOKANE                 ,47.6562734,-117.4288183,1111 W 1ST AVE STE A,992014005,ACTIVE (ISSUED),,
413414,Margies's Pot Shop,,Medical Retailer,,KLICKITAT,6034303690010001.0,WSLCB,Washington State Liquor and Cannabis Board,Medicinal,WA,,  ,20160606,,Margies's Pot Shop,,,dahlstrom.jill@gmail.com,,,,5092813420,,2023-08-08T00:00:00,,,BINGEN                  ,45.7131524,-121.4628957,405 E STEUBEN ST,986059183,ACTIVE (ISSUED),,
426895,Marijuana Club 99,,Medical Retailer,,SNOHOMISH,6035871190010004.0,WSLCB,Washington State Liquor and Cannabis Board,Medicinal,WA,,  ,20180605,,Marijuana Club 99,,,MARIJUANACLUB99HOLLY@GMAIL.COM,,,,4252688875,,2023-08-08T00:00:00,,,EVERETT                 ,47.8831469,-122.2638992,12631 HWY 99 STE A,982040000,ACTIVE (ISSUED),,
428846,Marijuana Mart,,Medical Retailer,,THURSTON,6033519760010004.0,WSLCB,Washington State Liquor and Cannabis Board,Medicinal,WA,,  ,20190709,,Marijuana Mart,,,MIKE@MARIJUANAMARTWA.COM,,,,3608587188,,2023-08-08T00:00:00,,,ROCHESTER               ,46.8031017,-123.0147132,6230 197TH SW AVE,985790000,ACTIVE (ISSUED),,
435092,Marley 420,,Medical Retailer,,KING,6030644390010003.0,WSLCB,Washington State Liquor and Cannabis Board,Medicinal,WA,,  ,20230602,,Marley 420,,,MARLEY555@COMCAST.NET,,,,2067147733,,2023-08-08T00:00:00,,,COVINGTON               ,47.35942,-122.116463,27022 168TH PL SE,980424902,ACTIVE (ISSUED),,
424311,Mary Mart Inc,,Medical Retailer,,PIERCE,6036229840010002.0,WSLCB,Washington State Liquor and Cannabis Board,Medicinal,WA,,  ,20180629,,Mary Mart Inc,,,253MARYMART@GMAIL.COM,,,,2539614231,,2023-08-08T00:00:00,,,TACOMA                  ,47.2549928,-122.4752343,3002 6TH AVE STE 100,984066203,ACTIVE (ISSUED),,
415183,Memento Amare LLC,,Medical Retailer,,MASON,6051527880010001.0,WSLCB,Washington State Liquor and Cannabis Board,Medicinal,WA,,  ,20230623,,Memento Amare LLC,,,tim@bayshorecannabis.com,,,,4044063054,,2023-08-08T00:00:00,,,SHELTON                 ,47.2024777,-123.0913025,1428 OLYMPIC HWY S UNIT 1,985843266,ACTIVE (ISSUED),,
414735,Mister Buds,,Medical Retailer,,CLALLAM,6021513210010001.0,WSLCB,Washington State Liquor and Cannabis Board,Medicinal,WA,,  ,20151010,,Mister Buds,,,MALIKATWATER@YAHOO.COM,,,,3607971966,,2023-08-08T00:00:00,,,PORT ANGELES            ,48.1219256,-123.4441289,536 MARINE DR STE B,983632230,ACTIVE (ISSUED),,
415314,Mj's Pot Shop,,Medical Retailer,,WHITMAN,6034563770010001.0,WSLCB,Washington State Liquor and Cannabis Board,Medicinal,WA,,  ,20160613,,Mj's Pot Shop,,,MJPOTSHOP@GMAIL.COM,,,,5093321011,,2023-08-08T00:00:00,,,PULLMAN                 ,46.7198595,-117.1645747,1335 SE BISHOP BLVD,991636408,ACTIVE (ISSUED),,
421918,Mo Beta Green,,Medical Retailer,,JEFFERSON,6046012740010002.0,WSLCB,Washington State Liquor and Cannabis Board,Medicinal,WA,,  ,20200803,,Mo Beta Green,,,TRACY@MOBETAGREEN.COM,,,,3603794689,,2023-08-08T00:00:00,,,CHIMACUM                ,48.0105373,-122.7660668,8962 BEAVER VALLEY RD,983250000,ACTIVE (ISSUED),,
424190,Mr. Doobees,,Medical Retailer,,PACIFIC,6034123630010003.0,WSLCB,Washington State Liquor and Cannabis Board,Medicinal,WA,,  ,20161215,,Mr. Doobees,,,MRDOOBEES@GMAIL.COM,,,,3608758016,,2023-08-08T00:00:00,,,SEAVIEW                 ,46.3308771,-124.0535759,1410 40TH ST,986442037,ACTIVE (ISSUED),,
413930,Muffys Pot Shop,,Medical Retailer,,CLALLAM,6033593550010001.0,WSLCB,Washington State Liquor and Cannabis Board,Medicinal,WA,,  ,20151009,,Muffys Pot Shop,,,MUFFYSSMOKINGREENS@GMAIL.COM,,,,3608082532,,2023-08-08T00:00:00,,,PORT ANGELES            ,48.1049087,-123.3702332,3134 E HIGHWAY 101 SUITE A,983629074,ACTIVE (ISSUED),,
414181,Nature's Gifts,,Medical Retailer,,CLALLAM,6033561890010002.0,WSLCB,Washington State Liquor and Cannabis Board,Medicinal,WA,,  ,20160614,,Nature's Gifts,,,EMANON@CRUZIO.COM,,,,3607971993,,2023-08-08T00:00:00,,,SEQUIM                  ,48.0791123,-123.1204621,755 W WASHINGTON ST STE C,983823272,ACTIVE (ISSUED),,
421698,Next Steps,,Medical Retailer,,SPOKANE,6035719190010001.0,WSLCB,Washington State Liquor and Cannabis Board,Medicinal,WA,,  ,20160426,,Next Steps,,,NEXTSTEPSJOSH@GMAIL.COM,,,,5202508988,,2023-08-08T00:00:00,,,SPOKANE                 ,47.6269322,-117.3697479,2804 E 30TH AVE,992234782,ACTIVE (ISSUED),,
415658,Nimbin Farm,,Medical Retailer,,KING,6031887750010002.0,WSLCB,Washington State Liquor and Cannabis Board,Medicinal,WA,,  ,20151014,,Nimbin Farm,,,JASMELSANGHA@GMAIL.COM,,,,2532617600,,2023-08-08T00:00:00,,,SEATTLE                 ,47.5051716,-122.3339984,10859 1ST AVE S STE A,981681309,ACTIVE (ISSUED),,
424951,Nirvana Cannabis Company,,Medical Retailer,,BENTON,6033591910010007.0,WSLCB,Washington State Liquor and Cannabis Board,Medicinal,WA,,  ,20170518,,Nirvana Cannabis Company,,,dianna@sacpa.us,,,,5098082391,,2023-08-08T00:00:00,,,RICHLAND                ,46.2572589,-119.3379517,4950 ARENA RD,993527857,ACTIVE (ISSUED),,
427666,Nirvana Cannabis Company,,Medical Retailer,,SPOKANE,6033591910010008.0,WSLCB,Washington State Liquor and Cannabis Board,Medicinal,WA,,  ,20181107,,Nirvana Cannabis Company,,,dianna@sacpa.us,,,,5098082361,,2023-08-08T00:00:00,,,OTIS ORCHARDS           ,47.7005548,-117.073726,24713 E WELLESLEY AVE,990279709,ACTIVE (ISSUED),,
434100,Nirvana Cannabis Company,,Medical Retailer,,DOUGLAS,6033591910010009.0,WSLCB,Washington State Liquor and Cannabis Board,Medicinal,WA,,  ,20220922,,Nirvana Cannabis Company,,,dianna@sacpa.us,,,,5098082361,,2023-08-08T00:00:00,,,EAST WENATCHEE          ,47.4022853,-120.2879466,181 ROCK ISLAND RD,988025353,ACTIVE (ISSUED),,
413407,North Bay Marijuana,,Medical Retailer,,MASON,6033496500010002.0,WSLCB,Washington State Liquor and Cannabis Board,Medicinal,WA,,  ,20151013,,North Bay Marijuana,,,STARTRECKIE@YAHOO.COM,,,,3608014269,,2023-08-08T00:00:00,,,ALLYN                   ,47.3891193,-122.8266601,211 E NORTH BAY RD STE B,985240000,ACTIVE (ISSUED),,
423492,Northwest Cannabis Connection,,Medical Retailer,,PIERCE,6032284040010003.0,WSLCB,Washington State Liquor and Cannabis Board,Medicinal,WA,,  ,20160729,,Northwest Cannabis Connection,,,NWCCCANYON@GMAIL.COM,,,,2532920444,,2023-08-08T00:00:00,,,PUYALLUP                ,47.1510213,-122.3576311,11522 CANYON RD E,983734360,ACTIVE (ISSUED),,
428760,Nxnw Retail LLC / Cannabis And Glass,,Medical Retailer,,SPOKANE,6033510980010009.0,WSLCB,Washington State Liquor and Cannabis Board,Medicinal,WA,,  ,20200324,,Nxnw Retail LLC / Cannabis And Glass,,,HR@CANNABISANDGLASS.COM,,,,5093096974,,2023-08-08T00:00:00,,,LIBERTY LAKE            ,47.6881158,-117.0681237,25101 E APPLEWAY AVE,990190000,ACTIVE (ISSUED),,
82587,Nxnw Retail LLC/Cannabis & Glass,,Medical Retailer,,SPOKANE,6033510980010007.0,WSLCB,Washington State Liquor and Cannabis Board,Medicinal,WA,,  ,20180601,,Nxnw Retail LLC/Cannabis & Glass,,,HR@CANNABISANDGLASS.COM,,,,5093096974,,2023-08-08T00:00:00,,,MILLWOOD                ,47.6823159,-117.2784751,9403 E TRENT AVE,992064218,ACTIVE (ISSUED),,
428942,Ocean Greens,,Medical Retailer,,KING,6033509090010003.0,WSLCB,Washington State Liquor and Cannabis Board,Medicinal,WA,,  ,20190718,,Ocean Greens,,,OCEANGREENSRE@GMAIL.COM,,,,2062299893,,2023-08-08T00:00:00,,,SEATTLE                 ,47.7059346,-122.344326,10524 AURORA AVE N,981338812,ACTIVE (ISSUED),,
427769,Olympia Weed Company,,Medical Retailer,,THURSTON,6032767240010004.0,WSLCB,Washington State Liquor and Cannabis Board,Medicinal,WA,,  ,20181129,,Olympia Weed Company,,,olympiaweedco@gmail.com,,,,3609156071,,2023-08-08T00:00:00,,,OLYMPIA                 ,46.9526247,-122.9022719,401 93RD AVE SE,985019701,ACTIVE (ISSUED),,
422466,One Hit Wonder Cannabis,,Medical Retailer,,JEFFERSON,6048709290010001.0,WSLCB,Washington State Liquor and Cannabis Board,Medicinal,WA,,  ,20220526,,One Hit Wonder Cannabis,,,daniel@farmerjudd.com,,,,3603383818,,2023-08-08T00:00:00,,,PORT TOWNSEND           ,48.10240899999999,-122.803905,2427 W SIMS WAY STE F,983682247,ACTIVE (ISSUED),,
414812,Paper And Leaf,,Medical Retailer,,KITSAP,6033507940010002.0,WSLCB,Washington State Liquor and Cannabis Board,Medicinal,WA,,  ,20151010,,Paper And Leaf,,,daniel@paperandleaf.com,,,,2067807814,,2023-08-08T00:00:00,,,BAINBRIDGE ISLAND       ,47.6805695,-122.5418076,8040 NE DAY RD W BLDG 3 STE 1,981100000,ACTIVE (ISSUED),,
414664,Piece Of Mind Cannabis,,Medical Retailer,,SPOKANE,6033486380010001.0,WSLCB,Washington State Liquor and Cannabis Board,Medicinal,WA,,  ,20160104,,Piece Of Mind Cannabis,,,MIKE@MDPCPA.COM,,,,5099947051,,2023-08-08T00:00:00,,,SPOKANE                 ,47.7418461,-117.4121361,9301 N DIVISION ST STE B-C,992181254,ACTIVE (ISSUED),,
421616,Piece Of Mind Cannabis,,Medical Retailer,,WHATCOM,6033562950010004.0,WSLCB,Washington State Liquor and Cannabis Board,Medicinal,WA,,  ,20160516,,Piece Of Mind Cannabis,,,QUINN@SATORIMJ.COM,,,,2062291067,,2023-08-08T00:00:00,,,BELLINGHAM              ,48.7475459,-122.4822192,100 E MAPLE ST STE A,982255006,ACTIVE (ISSUED),,
414574,Prc,,Medical Retailer,,SKAGIT,6033210770010002.0,WSLCB,Washington State Liquor and Cannabis Board,Medicinal,WA,,  ,20151009,,Prc,,,jmartin@prcwa.com,,,,3604456221,,2023-08-08T00:00:00,,,MOUNT VERNON            ,48.3415365,-122.340631,18729 FIR ISLAND RD STE C,982738159,ACTIVE (ISSUED),,
421084,Prc,,Medical Retailer,,SNOHOMISH,6033210770010003.0,WSLCB,Washington State Liquor and Cannabis Board,Medicinal,WA,,  ,20210219,,Prc,,,jmartin@prcwa.com,,,,4253432272,,2023-08-08T00:00:00,,,ARLINGTON               ,48.151395,-122.15967,5200 172ND ST NE F-101,982234703,ACTIVE (ISSUED),,
415238,Puff N Chill LLC,,Medical Retailer,,SNOHOMISH,6040021480010001.0,WSLCB,Washington State Liquor and Cannabis Board,Medicinal,WA,,  ,20170103,,Puff N Chill LLC,,,Curtis@puffnchill.net,,,,2063340676,,2023-08-08T00:00:00,,,LYNNWOOD                ,47.8545275,-122.2905244,15919 HWY 99,980871427,ACTIVE (ISSUED),,
423224,Rainier Cannabis,,Medical Retailer,,SNOHOMISH,6033580640010004.0,WSLCB,Washington State Liquor and Cannabis Board,Medicinal,WA,,  ,20170314,,Rainier Cannabis,,,rmann@rainiercannabis.com,,,,2062614999,,2023-08-08T00:00:00,,,MOUNTLAKE TERRACE       ,47.7987809,-122.3198071,22002 64TH AVE W STE 2A SUITE 2A,980432547,ACTIVE (ISSUED),,
415132,Royal's Cannabis,,Medical Retailer,,SPOKANE,6034165070010001.0,WSLCB,Washington State Liquor and Cannabis Board,Medicinal,WA,,  ,20151113,,Royal's Cannabis,,,ashley@royalscannabis.com,,,,5099954896,,2023-08-08T00:00:00,,,SPOKANE                 ,47.7232111,-117.4118771,7115 N DIVISION ST STE A,992086507,ACTIVE (ISSUED),,
413739,Sativa Sisters,,Medical Retailer,,SPOKANE,6033538100010002.0,WSLCB,Washington State Liquor and Cannabis Board,Medicinal,WA,,  ,20151009,,Sativa Sisters,,,fezzman@gmail.com,,,,2086603909,,2023-08-08T00:00:00,,,SPOKANE                 ,47.68541949999999,-117.262743,10525 E TRENT AVE STE 1,992064516,ACTIVE (ISSUED),,
422764,Sativa Sisters Ii,,Medical Retailer,,ASOTIN,6035891840010001.0,WSLCB,Washington State Liquor and Cannabis Board,Medicinal,WA,,  ,20160824,,Sativa Sisters Ii,,,KBERRETH@BERRETHSMITH.COM,,,,2062350635,,2023-08-08T00:00:00,,,CLARKSTON               ,46.4158572,-117.0446065,712 5TH ST,994032632,ACTIVE (ISSUED),,
428107,Savage Thc,,Medical Retailer,,STEVENS,6035850260010002.0,WSLCB,Washington State Liquor and Cannabis Board,Medicinal,WA,,  ,20190222,,Savage Thc,,,SAVAGETHC@GMAIL.COM,,,,5099992989,,2023-08-08T00:00:00,,,CLAYTON                 ,47.99757109999999,-117.5715605,4426 WILLIAMS VALLEY RD STE B,991109745,ACTIVE (ISSUED),,
432024,Sea Change Cannabis,,Medical Retailer,,JEFFERSON,6044693650010002.0,WSLCB,Washington State Liquor and Cannabis Board,Medicinal,WA,,  ,20210514,,Sea Change Cannabis,,,nicole@idealcannabis.net,,,,3603851320,,2023-08-08T00:00:00,,,PORT HADLOCK            ,48.0386394,-122.7851935,11323 RHODY DR,983399768,ACTIVE (ISSUED),,
414731,Seattle Tonics,,Medical Retailer,,KING,6033584890010002.0,WSLCB,Washington State Liquor and Cannabis Board,Medicinal,WA,,  ,20151016,,Seattle Tonics,,,d2llc@hotmail.com,,,,2063636000,,2023-08-08T00:00:00,,,SEATTLE                 ,47.7176519,-122.3458512,12059 AURORA AVE N,981338249,ACTIVE (ISSUED),,
422139,Smoking Crow,,Medical Retailer,,WHATCOM,6040518810010001.0,WSLCB,Washington State Liquor and Cannabis Board,Medicinal,WA,,  ,20180615,,Smoking Crow,,,MMILLS1954@COMCAST.NET,,,,3603068007,,2023-08-08T00:00:00,,,BELLINGHAM              ,48.7958207,-122.5260944,4264 PACIFIC HWY,982269042,ACTIVE (ISSUED),,
86823,Sparket,,Medical Retailer,,CLALLAM,6033568390010006.0,WSLCB,Washington State Liquor and Cannabis Board,Medicinal,WA,,  ,20161121,,Sparket,,,WENDYB.RNR@GMAIL.COM,,,,3604604902,,2023-08-08T00:00:00,,,PORT ANGELES            ,48.11154089999999,-123.4118187,1215 E FRONT ST,983624309,ACTIVE (ISSUED),,
423829,Sweet Jane,,Medical Retailer,,PIERCE,6033504570010004.0,WSLCB,Washington State Liquor and Cannabis Board,Medicinal,WA,,  ,20161122,,Sweet Jane,,,INFO@SWEETJANENW.COM,,,,2532457831,,2023-08-08T00:00:00,,,GIG HARBOR              ,47.389311,-122.667469,9705 STATE ROUTE 302 NW # B,983297102,ACTIVE (ISSUED),,
415523,Sweet Leaf Cannabis Co,,Medical Retailer,,GRAYS HARBOR,6033591150010002.0,WSLCB,Washington State Liquor and Cannabis Board,Medicinal,WA,,  ,20151009,,Sweet Leaf Cannabis Co,,,SWEETLEAFABERDEEN@GMAIL.COM,,,,3605325758,,2023-08-08T00:00:00,,,ABERDEEN                ,46.973365,-123.6915344,100 OLD HILL RD,985207300,ACTIVE (ISSUED),,
413385,Sweet Releaf,,Medical Retailer,,SKAGIT,6035798560010003.0,WSLCB,Washington State Liquor and Cannabis Board,Medicinal,WA,,  ,20160510,,Sweet Releaf,,,MEPLEMMONS@GMAIL.COM,,,,2069621025,,2023-08-08T00:00:00,,,MOUNT VERNON            ,48.4470609,-122.4300652,14637 STATE ROUTE 20,982737276,ACTIVE (ISSUED),,
434402,Tacoma House Of Cannabis,,Medical Retailer,,PIERCE,6035188950010007.0,WSLCB,Washington State Liquor and Cannabis Board,Medicinal,WA,,  ,20221212,,Tacoma House Of Cannabis,,,tacomahouseofcannabis@gmail.com,,,,2532123711,,2023-08-08T00:00:00,,,TACOMA                  ,47.2062028,-122.4427644,764 S 56TH ST,984080000,ACTIVE (ISSUED),,
421069,Thc Of Olympia,,Medical Retailer,,THURSTON,6043505340010001.0,WSLCB,Washington State Liquor and Cannabis Board,Medicinal,WA,,  ,20190701,,Thc Of Olympia,,,Ciaran.wilburn@gmail.com,,,,3605281719,,2023-08-08T00:00:00,,,OLYMPIA                 ,47.04613029999999,-122.852611,3203 MARTIN WAY E STE D,985064951,ACTIVE (ISSUED),,
421261,The Bakeree,,Medical Retailer,,KING,6035582520010001.0,WSLCB,Washington State Liquor and Cannabis Board,Medicinal,WA,,  ,20200323,,The Bakeree,,,ADMIN@THEBAKEREESEATTLE.COM,,,,2066590574,,2023-08-08T00:00:00,,,SEATTLE                 ,47.5535932,-122.3356019,74 S LUCILE ST STE 102 STE 102,981342444,ACTIVE (ISSUED),,
433373,The Bakeree,,Medical Retailer,,KING,6036161120010006.0,WSLCB,Washington State Liquor and Cannabis Board,Medicinal,WA,,  ,20220408,,The Bakeree,,,ADMIN@THEBAKEREESEATTLE.COM,,,,2064014656,,2023-08-08T00:00:00,,,SEATTLE                 ,47.6160797,-122.347779,222 WALL ST,981211431,ACTIVE (ISSUED),,
400772,The Fire House,,Medical Retailer,,KITTITAS,6035877310010001.0,WSLCB,Washington State Liquor and Cannabis Board,Medicinal,WA,,  ,20160518,,The Fire House,,,ryan@firehousenw.com,,,,3607910112,,2023-08-08T00:00:00,,,ELLENSBURG              ,46.9758623,-120.5408746,1714 CANYON RD,989269739,ACTIVE (ISSUED),,
413813,The Gallery Canyon,,Medical Retailer,,PIERCE,6033367320010006.0,WSLCB,Washington State Liquor and Cannabis Board,Medicinal,WA,,  ,20220829,,The Gallery Canyon,,,accounting@thegalleryco.com,,,,2536044360,,2023-08-08T00:00:00,,,PUYALLUP                ,47.1482879,-122.3565645,11821 CANYON RD E,983734453,ACTIVE (ISSUED),,
413812,The Gallery Fife,,Medical Retailer,,PIERCE,6033367320010007.0,WSLCB,Washington State Liquor and Cannabis Board,Medicinal,WA,,  ,20220826,,The Gallery Fife,,,accounting@thegalleryco.com,,,,2533441013,,2023-08-08T00:00:00,,,FIFE                    ,47.2434822,-122.3581331,5303 PACIFIC HWY E,984242601,ACTIVE (ISSUED),,
413258,The Gallery Parkland,,Medical Retailer,,PIERCE,6033367320010001.0,WSLCB,Washington State Liquor and Cannabis Board,Medicinal,WA,,  ,20160107,,The Gallery Parkland,,,ACCOUNTING@THEGALLERYCO.COM,,,,2536044360,,2023-08-08T00:00:00,,,TACOMA                  ,47.1390155,-122.4341469,13005 PACIFIC AVE S,984444857,ACTIVE (ISSUED),,
413420,The Gallery Spanaway,,Medical Retailer,,PIERCE,6033367320010002.0,WSLCB,Washington State Liquor and Cannabis Board,Medicinal,WA,,  ,20160303,,The Gallery Spanaway,,,ACCOUNTING@THEGALLERYCO.COM,,,,2536044360,,2023-08-08T00:00:00,,,SPANAWAY                ,47.0586286,-122.4046637,21802 MOUNTAIN HWY E STE 1,983870000,ACTIVE (ISSUED),,
430424,The Grass Is Always Greener,,Medical Retailer,,KING,6034023580010002.0,WSLCB,Washington State Liquor and Cannabis Board,Medicinal,WA,,  ,20200710,,The Grass Is Always Greener,,,JENNY@THEGRASSISALWAYS.COM,,,,2064094398,,2023-08-08T00:00:00,,,REDMOND                 ,47.6744014,-122.1287042,15935 REDMOND WAY,980523836,ACTIVE (ISSUED),,
86054,The Green Seed,,Medical Retailer,,GRANT,6033463060010002.0,WSLCB,Washington State Liquor and Cannabis Board,Medicinal,WA,,  ,20170609,,The Green Seed,,,THEGREENSEED@HOTMAIL.COM,,,,5098552271,,2023-08-08T00:00:00,,,MOSES LAKE              ,47.1027386,-119.3125996,412 S INTERLAKE RD,988372908,ACTIVE (ISSUED),,
413481,The Happy Crop Shoppe,,Medical Retailer,,DOUGLAS,6033395640010004.0,WSLCB,Washington State Liquor and Cannabis Board,Medicinal,WA,,  ,20151011,,The Happy Crop Shoppe,,,THEHAPPYCROPSHOPPE@GMAIL.COM,,,,5098881597,,2023-08-08T00:00:00,,,EAST WENATCHEE          ,47.4041177,-120.2888617,50 ROCK ISLAND RD,988025352,ACTIVE (ISSUED),,
413600,The Happy Crop Shoppe,,Medical Retailer,,CHELAN,6033395640010003.0,WSLCB,Washington State Liquor and Cannabis Board,Medicinal,WA,,  ,20151011,,The Happy Crop Shoppe,,,THEHAPPYCROPSHOPPE@GMAIL.COM,,,,5098882454,,2023-08-08T00:00:00,,,CASHMERE                ,47.528674,-120.4885804,5736 VALE RD,988150000,ACTIVE (ISSUED),,
420934,The Happy Crop Shoppe,,Medical Retailer,,CHELAN,6034229530010001.0,WSLCB,Washington State Liquor and Cannabis Board,Medicinal,WA,,  ,20160624,,The Happy Crop Shoppe,,,THEHAPPYCROPSHOPPE@GMAIL417295,,,,5096696835,,2023-08-08T00:00:00,,,WENATCHEE               ,47.438878,-120.3236153,1210 N WENATCHEE AVE STE J,988016707,ACTIVE (ISSUED),,
423634,The Herbal Gardens,,Medical Retailer,,PIERCE,6033260490010004.0,WSLCB,Washington State Liquor and Cannabis Board,Medicinal,WA,,  ,20160819,,The Herbal Gardens,,,LCKA4@COMCAST.NET,,,,2532725265,,2023-08-08T00:00:00,,,TACOMA                  ,47.2347145,-122.501723,4803 CENTER STREET STE A,984092319,ACTIVE (ISSUED),,
414761,The Herbery,,Medical Retailer,,CLARK,6033550310010008.0,WSLCB,Washington State Liquor and Cannabis Board,Medicinal,WA,,  ,20220411,,The Herbery,,,SARAELTINGE@THEHERBERYNW.COM,,,,3608417504,,2023-08-08T00:00:00,,,VANCOUVER               ,45.6482799,-122.6405813,2815 ST. JOHNS ROAD  STE B,986613707,ACTIVE (ISSUED),,
414893,The Joint,,Medical Retailer,,SNOHOMISH,6033488710010011.0,WSLCB,Washington State Liquor and Cannabis Board,Medicinal,WA,,  ,20210225,,The Joint,,,SMPREDER@GMAIL.COM,,,,4254710283,,2023-08-08T00:00:00,,,EVERETT                 ,47.9118534,-122.2075867,9506 19TH AVE SE STE 100,982083801,ACTIVE (ISSUED),,
430774,The Kushery,,Medical Retailer,,SNOHOMISH,6035684720010003.0,WSLCB,Washington State Liquor and Cannabis Board,Medicinal,WA,,  ,20201203,,The Kushery,,,THEKUSHERY502@MAIL.COM,,,,4252597958,,2023-08-08T00:00:00,,,EVERETT                 ,47.9539065,-122.2137449,4808 EVERGREEN WAY,982032829,ACTIVE (ISSUED),,
422632,The Link,,Medical Retailer,,COWLITZ,6035889360010004.0,WSLCB,Washington State Liquor and Cannabis Board,Medicinal,WA,,  ,20181119,,The Link,,,josh@thelinkwa.com,,,,2062000462,,2023-08-08T00:00:00,,,LONGVIEW                ,46.1646426,-122.9998644,2211 46TH AVE,986325013,ACTIVE (ISSUED),,
414983,The Novel Tree,,Medical Retailer,,KING,6033520850010002.0,WSLCB,Washington State Liquor and Cannabis Board,Medicinal,WA,,  ,20160126,,The Novel Tree,,,CHRIS@NOVEL-TREE.COM,,,,3609301700,,2023-08-08T00:00:00,,,BELLEVUE                ,47.6270659,-122.1676481,1817 130TH AVE NE SUITE B,980052225,ACTIVE (ISSUED),,
434843,The Novel Tree,,Medical Retailer,,KITSAP,6046417090010002.0,WSLCB,Washington State Liquor and Cannabis Board,Medicinal,WA,,  ,20230407,,The Novel Tree,,,CHRIS@NOVEL-TREE.COM,,,,3606162014,,2023-08-08T00:00:00,,,BREMERTON               ,47.5705177,-122.6644683,3720 KITSAP WAY STE AA,983122409,ACTIVE (ISSUED),,
430084,The Pot Shop Bellingham,,Medical Retailer,,WHATCOM,6035652650010003.0,WSLCB,Washington State Liquor and Cannabis Board,Medicinal,WA,,  ,20200317,,The Pot Shop Bellingham,,,timbre@thejointburlington.com,,,,3607560000,,2023-08-08T00:00:00,,,BELLINGHAM              ,48.7888455,-122.5145053,1321 W BAKERVIEW RD,982269691,ACTIVE (ISSUED),,
415343,The Root Cellar,,Medical Retailer,,MASON,6033551240010001.0,WSLCB,Washington State Liquor and Cannabis Board,Medicinal,WA,,  ,20151222,,The Root Cellar,,,THEROOTCELLAR420@GMAIL.COM,,,,3604348767,,2023-08-08T00:00:00,,,BELFAIR                 ,47.4496132,-122.8279511,23632 NE STATE ROUTE 3,985288309,ACTIVE (ISSUED),,
412494,The Stash Box,,Medical Retailer,,KING,6033500580010001.0,WSLCB,Washington State Liquor and Cannabis Board,Medicinal,WA,,  ,20151009,,The Stash Box,,,JOE.B@THESTASHBOXLLC.COM,,,,2537970959,,2023-08-08T00:00:00,,,AUBURN                  ,47.2802355,-122.2282712,3108 A ST SE STE F & G,980028811,ACTIVE (ISSUED),,
422944,The Station Nw Ll/Trade- The Station,,Medical Retailer,,KITTITAS,6047020050010001.0,WSLCB,Washington State Liquor and Cannabis Board,Medicinal,WA,,  ,20211102,,The Station Nw Ll/Trade- The Station,,,SHELLEY@FIREHOUSENW.COM,,,,3607910112,,2023-08-08T00:00:00,,,ELLENSBURG              ,47.0071544,-120.5708343,1514 W UNIVERSITY WAY,989262337,ACTIVE (ISSUED),,
414716,The Top Shelf,,Medical Retailer,,SPOKANE,6042761450010001.0,WSLCB,Washington State Liquor and Cannabis Board,Medicinal,WA,,  ,20200303,,The Top Shelf,,,JOHNPCHILDS@HOTMAIL.COM,,,,5094741050,,2023-08-08T00:00:00,,,AIRWAY HEIGHTS          ,47.6433106,-117.5603166,1305 S HAYFORD RD STE A,992245276,ACTIVE (ISSUED),,
413570,The Vault,,Medical Retailer,,KING,6047312080010001.0,WSLCB,Washington State Liquor and Cannabis Board,Medicinal,WA,,  ,20210525,,The Vault,,,LAURA@THEVAULTCANNABIS.COM,,,,4252488559,,2023-08-08T00:00:00,,,SEATTLE                 ,47.709093,-122.3015258,11013 LAKE CITY WAY NE,981250000,ACTIVE (ISSUED),,
420812,The Zen Den,,Medical Retailer,,OKANOGAN,6042871740010001.0,WSLCB,Washington State Liquor and Cannabis Board,Medicinal,WA,,  ,20200110,,The Zen Den,,,thezendenllc@gmail.com,,,,5096990471,,2023-08-08T00:00:00,,,OMAK                    ,48.4369271,-119.484659,257 ENGH RD,988419472,ACTIVE (ISSUED),,
417486,Toker Friendly,,Medical Retailer,,SPOKANE,6034472620010002.0,WSLCB,Washington State Liquor and Cannabis Board,Medicinal,WA,,  ,20160725,,Toker Friendly,,,markay1.mb@gmail.com,,,,5092448728,,2023-08-08T00:00:00,,,AIRWAY HEIGHTS          ,47.6417959,-117.5711773,1515 S LYONS RD STE B STE B,990010000,ACTIVE (ISSUED),,
422454,Tonasket House Of Cannabis,,Medical Retailer,,OKANOGAN,6035188950010004.0,WSLCB,Washington State Liquor and Cannabis Board,Medicinal,WA,,  ,20171130,,Tonasket House Of Cannabis,,,TACOMAHOUSEOFCANNABIS@GMAIL.COM,,,,3607853843,,2023-08-08T00:00:00,,,TONASKET                ,48.70515289999999,-119.4395039,309 4TH ST W STE A,988550000,ACTIVE (ISSUED),,
413369,Treehouse Club,,Medical Retailer,,SPOKANE,6034203350010001.0,WSLCB,Washington State Liquor and Cannabis Board,Medicinal,WA,,  ,20151010,,Treehouse Club,,,patti@treehouseclub.buzz,,,,5094132169,,2023-08-08T00:00:00,,,SPOKANE VALLEY          ,47.69510959999999,-117.2106009,14421 E TRENT AVE,992161392,ACTIVE (ISSUED),,
413529,Trippy Hippie Cannabis Co.,,Medical Retailer,,WHATCOM,6033550270010001.0,WSLCB,Washington State Liquor and Cannabis Board,Medicinal,WA,,  ,20151117,,Trippy Hippie Cannabis Co.,,,YVONNE@TRIPPYHIPPIECANNABIS.COM,,,,2088192110,,2023-08-08T00:00:00,,,BELLINGHAM              ,48.7575963,-122.4651159,794 KENTUCKY ST,982250000,ACTIVE (ISSUED),,
414871,Trove Medical And Recreational,,Medical Retailer,,WHATCOM,6033568870010002.0,WSLCB,Washington State Liquor and Cannabis Board,Medicinal,WA,,  ,20151124,,Trove Medical And Recreational,,,INFO@TROVECANNABIS.COM,,,,3603933459,,2023-08-08T00:00:00,,,BELLINGHAM              ,48.73694829999999,-122.469529,218 N SAMISH WAY STE 103,982256031,ACTIVE (ISSUED),,
400085,Twisp House Of Cannabis,,Medical Retailer,,OKANOGAN,6035188950010006.0,WSLCB,Washington State Liquor and Cannabis Board,Medicinal,WA,,  ,20190722,,Twisp House Of Cannabis,,,TACOMAHOUSEOFCANNABIS@GMAIL.COM,,,,2532123711,,2023-08-08T00:00:00,,,TWISP                   ,48.35838829999999,-120.1106777,1017 E METHOW VALLEY HWY,988560000,ACTIVE (ISSUED),,
413996,Uncle Ike's,,Medical Retailer,,KING,6045980960010003.0,WSLCB,Washington State Liquor and Cannabis Board,Medicinal,WA,,  ,20210802,,Uncle Ike's,,,JohnD@Ikes.com,,,,2063300498,,2023-08-08T00:00:00,,,SEATTLE                 ,47.6172918,-122.3263489,1411 E OLIVE WAY,981222127,ACTIVE (ISSUED),,
414533,Uncle Ike's,,Medical Retailer,,KING,6045980960010001.0,WSLCB,Washington State Liquor and Cannabis Board,Medicinal,WA,,  ,20200624,,Uncle Ike's,,,JohnD@Ikes.com,,,,2064203784,,2023-08-08T00:00:00,,,SEATTLE                 ,47.61335510000001,-122.3021483,2310 EAST UNION ST,981222966,ACTIVE (ISSUED),,
421141,Uncle Ike's,,Medical Retailer,,KING,6045980960010002.0,WSLCB,Washington State Liquor and Cannabis Board,Medicinal,WA,,  ,20200624,,Uncle Ike's,,,JohnD@Ikes.com,,,,2064203784,,2023-08-08T00:00:00,,,SEATTLE                 ,47.623252,-122.3128644,501 15TH AVE E,981120000,ACTIVE (ISSUED),,
421514,Uncle Ike's,,Medical Retailer,,KING,6045980960010005.0,WSLCB,Washington State Liquor and Cannabis Board,Medicinal,WA,,  ,20200624,,Uncle Ike's,,,JohnD@Ikes.com,,,,2064203784,,2023-08-08T00:00:00,,,SEATTLE                 ,47.5149099,-122.3533315,9822 15TH AVE SW,981062850,ACTIVE (ISSUED),,
433474,Uncle Ike's,,Medical Retailer,,KING,6045980960010006.0,WSLCB,Washington State Liquor and Cannabis Board,Medicinal,WA,,  ,20220502,,Uncle Ike's,,,JohnD@Ikes.com,,,,2068515555,,2023-08-08T00:00:00,,,SEATTLE                 ,47.7104949,-122.3000007,11306 LAKE CITY WAY NE,981255306,ACTIVE (ISSUED),,
415445,W.C.W. Enterprises,,Medical Retailer,,WHATCOM,6033597170010003.0,WSLCB,Washington State Liquor and Cannabis Board,Medicinal,WA,,  ,20151009,,W.C.W. Enterprises,,,RACHELLE@WCWENTERPRISES.COM,,,,3603928309,,2023-08-08T00:00:00,,,EVERSON                 ,48.843682,-122.2881646,3708 MT BAKER HWY,982470000,ACTIVE (ISSUED),,
415641,Walla Walla Cannabis Company,,Medical Retailer,,WALLA WALLA,6033593720010003.0,WSLCB,Washington State Liquor and Cannabis Board,Medicinal,WA,,  ,20151014,,Walla Walla Cannabis Company,,,TANGLETOWNHOLDINGS@GMAIL.COM,,,,5098764946,,2023-08-08T00:00:00,,,WALLA WALLA             ,46.06144010000001,-118.3520478,927 W MAIN ST,993622746,ACTIVE (ISSUED),,
412466,Westside420 Recreational,,Medical Retailer,,COWLITZ,6030740190010003.0,WSLCB,Washington State Liquor and Cannabis Board,Medicinal,WA,,  ,20151009,,Westside420 Recreational,,,BOOKY66SS@YAHOO.COM,,,,3604235261,,2023-08-08T00:00:00,,,LONGVIEW                ,46.1625072,-122.9986866,4503 OCEAN BEACH HWY STE 103,986325055,ACTIVE (ISSUED),,
414398,White Rabbit Retail,,Medical Retailer,,SNOHOMISH,6033537490010003.0,WSLCB,Washington State Liquor and Cannabis Board,Medicinal,WA,,  ,20151011,,White Rabbit Retail,,,whiterabbitccrs@gmail.com,,,,4257454242,,2023-08-08T00:00:00,,,LYNNWOOD                ,47.8543599,-122.2916248,15928 HWY 99,980870000,ACTIVE (ISSUED),,
414449,World Of Weed,,Medical Retailer,,PIERCE,6034023650010001.0,WSLCB,Washington State Liquor and Cannabis Board,Medicinal,WA,,  ,20151012,,World Of Weed,,,ALDEN@WORLDOFWEED.COM,,,,2532729333,,2023-08-08T00:00:00,,,TACOMA                  ,47.2345257,-122.4097822,3202 E PORTLAND AVE,984044929,ACTIVE (ISSUED),,
84154,Zips Cannabis,,Medical Retailer,,PIERCE,6043267590010001.0,WSLCB,Washington State Liquor and Cannabis Board,Medicinal,WA,,  ,20181207,,Zips Cannabis,,,SCOTTATKISON@MAC.COM,,,,2532920197,,2023-08-08T00:00:00,,,TACOMA                  ,47.222817,-122.4788343,3213 S 38TH STE C,984041094,ACTIVE (ISSUED),,
358302,Zips Cannabis,,Medical Retailer,,PIERCE,6033850920010002.0,WSLCB,Washington State Liquor and Cannabis Board,Medicinal,WA,,  ,20210210,,Zips Cannabis,,,AAPESCHEK@COMCAST.NET,,,,2534050253,,2023-08-08T00:00:00,,,TACOMA                  ,47.2375294,-122.4345861,2611 PACIFIC AVE,984022804,ACTIVE (ISSUED),,
362816,Zips Cannabis,,Medical Retailer,,PIERCE,6043897800010002.0,WSLCB,Washington State Liquor and Cannabis Board,Medicinal,WA,,  ,20220217,,Zips Cannabis,,,aapeschek@comcast.net,,,,2534050253,,2023-08-08T00:00:00,,,TACOMA                  ,47.2551347,-122.5174814,5924 6TH AVE,984062016,ACTIVE (ISSUED),,
412923,Zips Cannabis,,Medical Retailer,,PIERCE,6033480390010001.0,WSLCB,Washington State Liquor and Cannabis Board,Medicinal,WA,,  ,20151009,,Zips Cannabis,,,bd-jennings@hotmail.com,,,,2533145113,,2023-08-08T00:00:00,,,TACOMA                  ,47.1615122,-122.4346191,10422 PACIFIC AVE S STE B,984446052,ACTIVE (ISSUED),,
423754,Zips Cannabis,,Medical Retailer,,KING,6043975500010001.0,WSLCB,Washington State Liquor and Cannabis Board,Medicinal,WA,,  ,20230403,,Zips Cannabis,,,SCOTTATKISON@MAC.COM,,,,5099903124,,2023-08-08T00:00:00,,,SEATTLE                 ,47.583461,-122.3295301,2215 4TH AVE S,981341516,ACTIVE (ISSUED),,
427634,Zips Cannabis,,Medical Retailer,,PIERCE,6042736840010002.0,WSLCB,Washington State Liquor and Cannabis Board,Medicinal,WA,,  ,20220707,,Zips Cannabis,,,SCOTTATKISON@MAC.COM,,,,2533024192,,2023-08-08T00:00:00,,,TACOMA                  ,47.1920451,-122.4361889,317 S 72ND ST,984086003,ACTIVE (ISSUED),,
21,"Treeline Analytics, LLC.",,Lab,,,21.0,WSLCB,Washington State Liquor and Cannabis Board,,WA,,,2018-08-17 00:00:00,,"Treeline Analytics, LLC.",,,,,,,360-306-3601,,2023-08-08T00:00:00,,,Bellingham,48.8362713,-122.4876241,5373 Guide Meridian Ste F-201,98226,Active,,
