ccclastupdated,application_status,license_type,application_classification,application_classification_1,application_classification_2,approved_license_type,commence_operations_date,license_status,license_number,business_legal_name,premise_city,establishment_zipcode,business_email,business_phone,business_address_1,business_address_2,business_city,business_state,business_zipcode,geocoded_county,geocoded_address,mailing_address_1,mailing_address_2,mailing_city,mailing_state,mailing_zipcode,ein_tin,application_number,submitted_date,first_compliance_review_date,lic_fee_payment_submitted_date,priority,fee_waiver_request,fee_waiver_ee_or_se_number,approved_social_equity,ee_priority_status,ee_priority_number_from_account,ee_priority_number_from_application,rmd_priority_status,rmd_priority_number_from_account,rmd_priority_number_from_application,dbe,cultivation_environment,cultivation_tier,cnb_dt_of_final_licensure,issue_date,cnb_deemed_complete_date,application_approved_date,lic_start_date,expiration_date,pmt_amount,lic_fee_amount,premise_zip_code,town,premise_county,county_lat,county_long,region,establishment_address_1,establishment_address_2,establishment_state,premise_latitude,premise_longitude,number,street,unit_type,unit_number,city,state,premise_county,premise_zip_code,business_dba_name,premise_state,licensing_authority_id,licensing_authority,business_structure,business_owner_name,parcel_number,business_image_url,business_website
07/01/2024,APPROVED,Marijuana Cultivator,General Applicant,General Applicant,General Applicant,PROVISIONAL LICENSE,,COMPLETE,MC281657,Theory Farms LLC,Bellingham,2019.0,,,26 William Way,,Bellingham,MA,2019,POINT (-71.15444 42.199156),POINT (-71.493381 42.0853350),38 MONTVALE AVE,#210,STONEHAM,MA,2180,83-1241077,MCN281657,4/22/2019 12:26:23 PM,3/21/2019 12:00:00 AM,11/8/2019 08:33:33 AM,False,,,,,,,,,,Not a DBE,Indoor,"Tier 02: 5,001 to 10,000 sq. ft.",,8/5/2018 01:06:58 PM,8/29/2019 12:00:00 AM,11/7/2019 01:45:08 PM,10/13/2022 04:00:00 AM,11/20/2023 03:00:00 AM,,2500.0,2019.0,Bellingham,Norfolk,42.199156,-71.15444,Central MA,26 William Way,,MA,42.085335,-71.493382,26.0,William Way,,,Bellingham,MA,Norfolk County,2019.0,Theory Farms LLC,MA,MACCC,Massachusetts Cannabis Control Commission,,,,,
07/01/2024,APPROVED,Marijuana Retailer,General Applicant,General Applicant,General Applicant,COMMENCE OPS,11/14/2023,COMPLETE,MR284521,"CastleLeaf, LLC",Boston,2135.0,,,100 Leo M. Birmingham Parkway,,Boston,MA,2135,POINT (-71.073493 42.334948),,100 Leo M. Birmingham Parkway,,Boston,MA,2135,84-2851451,MRN284521,9/14/2022 02:15:53 PM,12/28/2021 09:01:30 AM,,False,no,,,,,,,,,Not a DBE,,,10/12/2023 04:00:00 AM,11/29/2021 10:13:44 AM,,9/15/2022 12:47:56 PM,1/11/2024 03:00:00 AM,1/19/2025 03:00:00 AM,,10000.0,2135.0,Brighton,Suffolk,42.334948,-71.073493,,,,MA,,,,,,,,,,,"CastleLeaf, LLC",MA,MACCC,Massachusetts Cannabis Control Commission,,,,,
07/01/2024,APPROVED,Marijuana Retailer,General Applicant,General Applicant,General Applicant,COMMENCE OPS,12/19/2023,COMPLETE,MR283234,"Green Choice Dispensaries, LLC",Blackstone,1504.0,,,114 Main Street,,Blackstone,MA,1504,POINT (-71.840209 42.329642),POINT (-71.537413 42.0189969),247 Old North Street,,Kingston,RI,2881,99-0101222,MRN283234,12/20/2021 03:47:14 PM,10/25/2021 11:32:21 AM,,False,no,,,,,,,,,Not a DBE,,,10/12/2023 04:00:00 AM,1/16/2020 12:12:29 PM,12/23/2021 01:29:09 PM,3/10/2022 01:54:35 PM,3/7/2024 03:00:00 AM,3/21/2025 04:00:00 AM,,10000.0,1504.0,Blackstone,Worcester,42.329642,-71.840209,Central MA,114 Main Street,,MA,42.018997,-71.537413,114.0,Main St,,,Blackstone,MA,Worcester County,1504.0,"Green Choice Dispensaries, LLC",MA,MACCC,Massachusetts Cannabis Control Commission,,,,,
07/01/2024,APPROVED,Marijuana Product Manufacturer,General Applicant,General Applicant,General Applicant,PROVISIONAL LICENSE,,COMPLETE,MP282115,"Holyoke Wilds, LLC",Holyoke,1040.0,,,20 Hadley Mill Road,,Holyoke,MA,1040,POINT (-72.571312 42.12756),POINT (-72.598596 42.2093890),20 Hadley Mill Road,,Holyoke,MA,1040,87-1826178,MPN282115,11/9/2021 01:11:37 PM,10/21/2021 10:38:27 AM,4/16/2022 01:35:36 PM,False,no,,,,,,,,,Minority-Owned Business,,,,8/22/2021 04:54:59 PM,11/15/2021 04:06:23 PM,2/14/2022 04:19:47 PM,3/7/2024 03:00:00 AM,4/16/2025 04:00:00 AM,,10000.0,1040.0,Holyoke,Hampden,42.12756,-72.571312,Western MA,20 Hadley Mill Rd,,MA,42.209389,-72.598597,20.0,Hadley Mills Rd,,,Holyoke,MA,Hampden County,1040.0,"Holyoke Wilds, LLC",MA,MACCC,Massachusetts Cannabis Control Commission,,,,,
07/01/2024,APPROVED,Marijuana Cultivator,General Applicant,General Applicant,General Applicant,PROVISIONAL LICENSE,,COMPLETE,MC283520,"Elevated Access Center, Inc.",Norwell,2061.0,,,400 Cordwainer Drive,Lot #9,Norwell,MA,2061,POINT (-70.818958 41.978877),POINT (-70.882760 42.1650130),175 Derby Street,Suite 12,Hingham,MA,2043,81-3276862,MCN283520,2/10/2023 06:11:47 PM,10/22/2021 12:19:07 PM,7/14/2023 06:17:21 PM,False,no,,,,,,INCOMPLETE,RP201873,,Not a DBE,Indoor,"Tier 02: 5,001 to 10,000 sq. ft.",,5/18/2021 10:10:42 PM,2/24/2023 10:26:28 AM,5/11/2023 01:44:46 PM,7/14/2023 04:00:00 AM,7/14/2024 04:00:00 AM,,2500.0,2061.0,Norwell,Plymouth,41.978877,-70.818958,Southeast and Cape,400 Cordwainer Drive,Lot #9,MA,42.165013,-70.88276,400.0,Cordwainer Dr,,,Norwell,MA,Plymouth County,2061.0,"Elevated Access Center, Inc.",MA,MACCC,Massachusetts Cannabis Control Commission,,,,,
07/01/2024,APPROVED,Marijuana Retailer,General Applicant,General Applicant,General Applicant,PROVISIONAL LICENSE,,COMPLETE,MR283027,"Agricultural Healing, Inc.",Fall River,2721.0,,,278 Scranton Avenue,,Falmouth,MA,2540,POINT (-71.102131 41.778329),POINT (-71.146247 41.6915400),278 Scranton Avenue,,Falmouth,MA,2540,83-0575651,MRN283027,3/30/2020 04:14:03 PM,3/4/2020 12:00:00 AM,,False,,,,,,,,,,Not a DBE,,,,10/2/2019 02:08:43 PM,5/26/2020 02:14:43 PM,11/19/2020 04:11:58 PM,3/7/2024 03:00:00 AM,3/11/2025 04:00:00 AM,,10000.0,2721.0,Fall River,Bristol,41.778329,-71.102131,Southeast and Cape,1 Lewiston Street,,MA,41.69154,-71.146247,1.0,Lewiston St,,,Fall River,MA,Bristol County,2721.0,"Agricultural Healing, Inc.",MA,MACCC,Massachusetts Cannabis Control Commission,,,,,
07/01/2024,APPROVED,Marijuana Retailer,General Applicant,General Applicant,General Applicant,COMMENCE OPS,3/25/2022,COMPLETE,MR283141,Aspen Blue Cultures Inc.,Attleboro,2703.0,,,40 Forest Street,,Attleboro,MA,2703,POINT (-71.102131 41.778329),POINT (-71.273973 41.9457900),909 North Main Street,,Providence,RI,2904,83-2407755,MRN283141,5/15/2020 09:24:37 PM,5/18/2020 09:54:19 AM,1/22/2021 02:45:53 PM,False,,,,,,,,,,Not a DBE,,,3/10/2022 03:00:00 AM,11/22/2019 03:48:47 PM,7/17/2020 10:13:46 AM,10/8/2020 12:31:03 PM,1/11/2024 03:00:00 AM,1/22/2025 03:00:00 AM,,10000.0,2703.0,Attleboro,Bristol,41.778329,-71.102131,Southeast and Cape,40 Forest Street,,MA,41.94579,-71.273974,40.0,Forest St,,,Attleboro,MA,Bristol County,2703.0,Aspen Blue Cultures Inc.,MA,MACCC,Massachusetts Cannabis Control Commission,,,,,
07/01/2024,APPROVED,Marijuana Retailer,General Applicant,General Applicant,General Applicant,COMMENCE OPS,3/1/2021,COMPLETE,MR281970,"Garden Wonders, Inc",Millville,1529.0,,,3 Route 146,,Millville,MA,1529,POINT (-71.840209 42.329642),POINT (-71.754526 42.1745110),180 warren street,,waltham,MA,2453,04-3255379,MRN281970,12/10/2019 01:49:40 PM,8/26/2019 12:00:00 AM,,False,,,,,,,,,,Not a DBE,,,1/14/2021 03:00:00 AM,10/15/2018 02:17:19 PM,11/29/2019 12:00:00 AM,3/5/2020 12:18:52 PM,7/13/2023 04:00:00 AM,7/17/2024 04:00:00 AM,,10000.0,1529.0,Millville,Worcester,42.329642,-71.840209,Central MA,3 Route 146,,MA,42.174511,-71.754527,3.0,State Rte 146,,,Sutton,MA,Worcester County,1590.0,"Garden Wonders, Inc",MA,MACCC,Massachusetts Cannabis Control Commission,,,,,
07/01/2024,APPROVED,Marijuana Retailer,General Applicant,General Applicant,General Applicant,COMMENCE OPS,5/15/2023,COMPLETE,MR281550,4bros Inc,Holyoke,1040.0,,,630 Beaulieu Street,,Holyoke,MA,1040,POINT (-72.571312 42.12756),POINT (-72.617036 42.1921979),630 Beaulieu Street,,Holyoke,MA,1040,82-2287373,MRN281550,9/15/2020 09:40:56 AM,9/11/2019 12:00:00 AM,3/26/2021 04:05:51 PM,False,no,,,,,,,,,Not a DBE,,,3/9/2023 03:00:00 AM,6/5/2018 09:34:39 AM,9/17/2020 10:56:12 AM,11/19/2020 04:10:20 PM,11/9/2023 03:00:00 AM,12/9/2024 03:00:00 AM,,10000.0,1040.0,Holyoke,Hampden,42.12756,-72.571312,Western MA,630 Beaulieu Street,,MA,42.192198,-72.617037,630.0,Beaulieu St,,,Holyoke,MA,Hampden County,1040.0,4bros Inc,MA,MACCC,Massachusetts Cannabis Control Commission,,,,,
07/01/2024,APPROVED,Marijuana Product Manufacturer,Priority Review - MTC Priority,Priority,MTC Priority,COMMENCE OPS,6/5/2019,COMPLETE,MP281303,"SIRA NATURALS, INC.",Milford,1757.0,,,300 TRADE CENTER DRIVE,SUITE 7700,WOBURN,MA,1801,POINT (-71.840209 42.329642),POINT (-71.488451 42.1398429),300 TRADE CENTER DRIVE,SUITE 7700,WOBURN,MA,1801,46-5147723,MPN281303,7/10/2018 09:06:39 AM,5/10/2018 12:00:00 AM,7/29/2018 07:55:04 AM,True,,,,,,,APPROVED,RP201855,RP201855,Not a DBE,,,11/1/2018 04:00:00 AM,4/18/2018 07:13:30 AM,6/11/2018 12:00:00 AM,7/23/2018 09:06:31 AM,10/12/2023 04:00:00 AM,10/14/2024 04:00:00 AM,,5000.0,1757.0,Milford,Worcester,42.329642,-71.840209,Central MA,13 COMMERCIAL WAY,,MA,42.139843,-71.488452,13.0,Commercial Way,,,Milford,MA,Worcester County,1757.0,"SIRA NATURALS, INC.",MA,MACCC,Massachusetts Cannabis Control Commission,,,,,
07/01/2024,APPROVED,Marijuana Product Manufacturer,General Applicant,General Applicant,General Applicant,COMMENCE OPS,5/14/2024,COMPLETE,MP281909,Twisted Growers LLC,Lakeville,2347.0,,,415 Millennium Circle,,Lakeville,MA,2347,POINT (-70.818958 41.978877),POINT (-70.981628 41.9029030),415 Millennium Circle,,Lakeville,MA,2347,83-2394396,MPN281909,8/5/2020 02:39:00 PM,7/16/2020 08:26:31 PM,,False,no,,,,,,,,,Not a DBE,,,12/14/2023 03:00:00 AM,6/26/2020 10:13:19 AM,8/14/2020 12:17:28 PM,11/19/2020 04:27:13 PM,2/8/2024 03:00:00 AM,2/16/2025 03:00:00 AM,,10000.0,2347.0,Lakeville,Plymouth,41.978877,-70.818958,Southeast and Cape,415 Millennium Circle,,MA,41.902903,-70.981629,415.0,Millenium Cir,,,Lakeville,MA,Plymouth County,2347.0,Twisted Growers LLC,MA,MACCC,Massachusetts Cannabis Control Commission,,,,,
07/01/2024,APPROVED,Marijuana Cultivator,Priority Review - MTC Priority,Priority,MTC Priority,FINAL LICENSE,,COMPLETE,MC282178,"Liberty Compassion, Inc",Clinton,1510.0,,,179 Brook St,,Clinton,MA,1510,POINT (-71.840209 42.329642),POINT (-71.691680 42.4239549),10 Greene Street,,Providence,RI,2903,83-1465841,MCN282178,3/18/2020 01:47:20 PM,10/8/2019 12:00:00 AM,,True,,,,,,,,,RPA201968,Not a DBE,Indoor,"Tier 02: 5,001 to 10,000 sq. ft.",11/19/2020 03:00:00 AM,5/31/2019 01:27:08 PM,1/16/2020 12:00:00 AM,4/9/2020 03:20:51 PM,7/13/2023 04:00:00 AM,11/14/2024 03:00:00 AM,,2500.0,1510.0,Clinton,Worcester,42.329642,-71.840209,Central MA,179 Brook Street,,MA,42.423955,-71.69168,179.0,Brook St,,,Clinton,MA,Worcester County,1510.0,"Liberty Compassion, Inc",MA,MACCC,Massachusetts Cannabis Control Commission,,,,,
07/01/2024,APPROVED,Marijuana Retailer,General Applicant,General Applicant,General Applicant,COMMENCE OPS,10/5/2021,COMPLETE,MR282621,"Heal Provincetown, Inc",Provincetown,2657.0,,,48 Shank Painter Rd,,Provincetown,MA,2657,POINT (-70.301811 41.698999),POINT (-70.195179 42.049965),4 Irving Road,,Weston,MA,2493,83-3186055,MRN282621,2/26/2020 12:18:16 PM,10/30/2019 12:00:00 AM,,False,,,,,,,,,,Not a DBE,,,9/17/2021 04:00:00 AM,4/19/2019 10:17:04 PM,2/27/2020 12:00:00 AM,5/8/2020 02:19:43 PM,5/12/2022 04:00:00 AM,5/19/2023 04:00:00 AM,,10000.0,2657.0,Provincetown,Barnstable,41.698999,-70.301811,Southeast and Cape,48 Shank Painter Road,,MA,42.049965,-70.19518,48.0,Shank Painter Rd,,,Provincetown,MA,Barnstable County,2657.0,"Heal Provincetown, Inc",MA,MACCC,Massachusetts Cannabis Control Commission,,,,,
07/01/2024,APPROVED,Marijuana Retailer,Expedited Review - Social Equity Participant,Expedited,Social Equity Participant,COMMENCE OPS,8/12/2021,COMPLETE,MR281612,"Terpene Journey, LLC",Swampscott,1907.0,,,430 Paradise Road Space B,,Swampscott,MA,1907,POINT (-70.970827 42.635475),POINT (-70.903687 42.4814269),108 Burrill Street,Unit 1,Swampscott,MA,1907,82-4853848,MRN281612,6/29/2020 03:26:27 PM,6/18/2020 03:23:05 PM,,False,yes,SE303603,SE303603,,,,,,,"Lesbian, Gay, Bisexual, and Transgender Owned Business",,,7/15/2021 04:00:00 AM,6/18/2018 09:24:17 PM,7/7/2020 11:10:32 AM,9/10/2020 01:51:49 PM,11/9/2023 03:00:00 AM,11/11/2024 03:00:00 AM,,5000.0,1907.0,Swampscott,Essex,42.635475,-70.970827,Northeast,430 Paradise Road,Unit B,MA,42.481427,-70.903687,430.0,Paradise Rd,,,Swampscott,MA,Essex County,1907.0,"Terpene Journey, LLC",MA,MACCC,Massachusetts Cannabis Control Commission,,,,,
07/01/2024,APPROVED,Marijuana Cultivator,General Applicant,General Applicant,General Applicant,PROVISIONAL LICENSE,,COMPLETE,MC282161,Diem Orange LLC,Orange,1634.0,,,75 North Main Street,#570,Randolph,MA,2368,,POINT (-72.289528 42.5543139),75 North Main Street,#570,Randolph,MA,2368,83-4503216,MCN282161,12/11/2019 02:11:21 PM,6/18/2019 12:00:00 AM,,True,,,,,,,,,RPA201948,Not a DBE,Indoor,"Tier 02: 5,001 to 10,000 sq. ft.",,5/21/2019 01:52:54 PM,12/17/2019 12:00:00 AM,2/7/2020 09:09:44 AM,7/13/2023 04:00:00 AM,11/12/2024 03:00:00 AM,,2500.0,,,,,,,207 Daniel Shays Highway,,MA,42.554314,-72.289528,207.0,Daniel Shays Hwy,,,Orange,MA,Franklin County,1364.0,Diem Orange LLC,MA,MACCC,Massachusetts Cannabis Control Commission,,,,,
07/01/2024,APPROVED,Marijuana Courier Pre-Certification,Expedited Review - Social Equity Participant,Expedited,Social Equity Participant,PROVISIONAL LICENSE,,COMPLETE,PDO103567,"Medicine Man Solutions, LLC",,,,,144 W. Britannia St.,,Taunton,MA,2780,,,P.O. Box 6045,,New Bedford,MA,2742,84-4482004,PDOA103567,7/7/2022 09:22:43 AM,6/29/2022 10:22:27 AM,,False,,SE304323,SE304323,,,,,,,Minority-Owned Business,,,,10/27/2021 08:28:28 PM,,7/25/2022 03:20:25 PM,7/25/2022 04:00:00 AM,7/25/2024 04:00:00 AM,,0.0,,,,,,,,,MA,,,,,,,,,,,"Medicine Man Solutions, LLC",MA,MACCC,Massachusetts Cannabis Control Commission,,,,,
07/01/2024,APPROVED,Marijuana Cultivator,General Applicant,General Applicant,General Applicant,PROVISIONAL CONSIDERATION,,PAYMENT_PENDING,MC283358,"Sun Grown Alternatives, LLC",Westfield,1085.0,,,0 Progress Avenue,,Westfield,MA,1085,POINT (-72.571312 42.12756),POINT (-72.724029 42.1739620),55 State Street,Suite 206,Springfield,MA,1103,83-4723440,MCN283358,8/25/2021 11:44:54 AM,4/15/2021 09:21:56 AM,,False,no,,,,,,,,,Not a DBE,Indoor,"Tier 03: 10,001 to 20,000 sq. ft",,2/11/2021 11:00:41 PM,9/3/2021 09:22:02 AM,11/18/2021 02:37:18 PM,,,,0.0,1085.0,Westfield,Hampden,42.12756,-72.571312,Western MA,0 Progress Avenue,,MA,42.173962,-72.72403,,Progress Ave,,,Westfield,MA,Hampden County,1085.0,"Sun Grown Alternatives, LLC",MA,MACCC,Massachusetts Cannabis Control Commission,,,,,
07/01/2024,APPROVED,Marijuana Retailer,Expedited Review - Two or More,Expedited,Two or More,FINAL LICENSE,,COMPLETE,MR284542,Ember Gardens Cape Cod LLC,Orleans,2653.0,,,41 Route 6A,,Orleans,MA,2653,POINT (-70.301811 41.698999),POINT (-69.984616 41.7931689),254 Newhill Avenue,,Somerset,MA,2726,86-2585894,MRN284542,2/16/2022 01:24:05 PM,2/8/2022 01:57:54 PM,7/5/2022 01:48:36 PM,False,no,,,,,,,,,Minority-Owned Business | Woman-Owned Business,,,6/13/2024 04:00:00 AM,12/22/2021 12:31:25 PM,3/4/2022 09:13:40 AM,5/12/2022 02:10:00 PM,7/13/2023 04:00:00 AM,10/15/2024 04:00:00 AM,,10000.0,2653.0,Orleans,Barnstable,41.698999,-70.301811,Southeast and Cape,41 MA-6A,,MA,41.793169,-69.984616,41.0,State Rte 6A,,,Orleans,MA,Barnstable County,2653.0,Ember Gardens Cape Cod LLC,MA,MACCC,Massachusetts Cannabis Control Commission,,,,,
07/01/2024,APPROVED,Marijuana Retailer,Expedited Review - DBE Status,Expedited,DBE Status,COMMENCE OPS,11/22/2023,COMPLETE,MR282225,Buudda Brothers LLC,Holyoke,1040.0,,,604 Main Street,,Holyoke,MA,1040,POINT (-72.571312 42.12756),POINT (-72.611682 42.1949340),170 Prospect Street,,Chicopee,MA,1013,83-1756822,MRN282225,3/13/2020 04:07:20 PM,11/6/2019 12:00:00 AM,6/6/2020 10:53:00 AM,False,,,,,,,,,,Minority-Owned Business,,,8/10/2023 04:00:00 AM,12/25/2018 07:17:33 PM,3/19/2020 12:00:00 AM,6/4/2020 02:08:06 PM,6/8/2023 04:00:00 AM,10/7/2024 04:00:00 AM,,10000.0,1040.0,Holyoke,Hampden,42.12756,-72.571312,Western MA,604 Main Street,,MA,42.194934,-72.611682,604.0,Main St,,,Holyoke,MA,Hampden County,1040.0,Buudda Brothers LLC,MA,MACCC,Massachusetts Cannabis Control Commission,,,,,
07/01/2024,APPROVED,Marijuana Courier,Expedited Review - Two or More,Expedited,Two or More,COMMENCE OPS,6/29/2021,COMPLETE,DO100108,Faded LLC,Bellingham,2019.0,,,30 Hemlock Street,,Brockton,MA,2302,POINT (-71.15444 42.199156),,30 Hemlock Street,,Brockton,MA,2302,85-1438831,DOA100108,2/9/2021 09:31:46 PM,1/20/2021 06:52:10 AM,3/15/2021 09:49:01 AM,False,,,SE304880,,,,,,,Minority-Owned Business | Woman-Owned Business,,,6/17/2021 04:00:00 AM,7/8/2020 02:28:52 PM,2/11/2021 01:44:04 PM,3/11/2021 01:48:05 PM,3/7/2024 03:00:00 AM,3/15/2025 04:00:00 AM,,5000.0,2019.0,Bellingham,Norfolk,42.199156,-71.15444,Central MA,,,MA,,,,,,,,,,,Faded LLC,MA,MACCC,Massachusetts Cannabis Control Commission,,,,,
07/01/2024,APPROVED,Marijuana Cultivator,General Applicant,General Applicant,General Applicant,PROVISIONAL CONSIDERATION,,PAYMENT_PENDING,MC283707,"Greenwayv, Inc.",Holland,1521.0,,,174 Mashapaug Rd,,Holland,MA,1521,POINT (-72.571312 42.12756),POINT (-72.160511 42.0510269),174 Mashpaug Rd,,Holland,MA,1521,88-3378405,MCN283707,8/11/2022 03:09:45 PM,8/23/2022 10:35:58 AM,,False,no,,,,,,,,,Not a DBE,Indoor,"Tier 03: 10,001 to 20,000 sq. ft",,3/8/2022 04:15:46 PM,8/26/2022 10:36:06 AM,11/10/2022 12:41:11 PM,,,,0.0,1521.0,Holland,Hampden,42.12756,-72.571312,Central MA,174 Mashapaug Rd,,MA,42.051027,-72.160511,174.0,Mashapaug Rd,,,Holland,MA,Hampden County,1521.0,"Greenwayv, Inc.",MA,MACCC,Massachusetts Cannabis Control Commission,,,,,
07/01/2024,APPROVED,Marijuana Cultivator,Expedited Review - License Type,Expedited,License Type,COMMENCE OPS,1/19/2023,COMPLETE,MC282412,High Hawk Farm LLC,Barre,1005.0,,,140 Worcester Road,,Barre,MA,1005,POINT (-71.840209 42.329642),POINT (-72.157066 42.3917280),140 Worcester Road,,Barre,MA,1005,84-3294551,MCN282412,2/13/2020 12:55:10 PM,1/14/2020 12:00:00 AM,5/9/2020 12:15:34 PM,False,,,,,,,,,,Not a DBE,Outdoor,"Tier 11: 90,001 to 100,000 sq. ft",11/19/2020 03:00:00 AM,9/23/2019 09:49:00 PM,3/12/2020 12:00:00 AM,5/8/2020 02:30:29 PM,6/8/2023 04:00:00 AM,10/10/2024 04:00:00 AM,,25000.0,1005.0,Barre,Worcester,42.329642,-71.840209,Central MA,101 Daunt Road,,MA,42.391728,-72.157066,101.0,Daunt Rd,,,Barre,MA,Worcester County,1005.0,High Hawk Farm LLC,MA,MACCC,Massachusetts Cannabis Control Commission,,,,,
07/01/2024,APPROVED,Marijuana Retailer,Expedited Review - DBE Status,Expedited,DBE Status,COMMENCE OPS,11/22/2023,COMPLETE,MR284913,Pluto Cannabis Co.,Lynn,1901.0,,,193 Oxford St,,Lynn,MA,1901,POINT (-70.970827 42.635475),POINT (-70.947203 42.4629279),4 Michael Drive,,Burlington,MA,1803,92-3318942,MRN284913,6/13/2023 03:59:02 PM,5/24/2023 09:01:15 AM,9/15/2023 11:21:25 AM,False,no,,,,,,,,,Minority-Owned Business,,,11/9/2023 03:00:00 AM,4/4/2023 10:39:12 AM,6/23/2023 01:21:32 PM,9/14/2023 03:38:41 PM,9/15/2023 04:00:00 AM,9/15/2024 04:00:00 AM,,10000.0,1901.0,Lynn,Essex,42.635475,-70.970827,Northeast,193-195 Oxford St,,MA,42.462928,-70.947203,192.0,Oxford St,,,Lynn,MA,Essex County,1901.0,Pluto Cannabis Co.,MA,MACCC,Massachusetts Cannabis Control Commission,,,,,
07/01/2024,APPROVED,Marijuana Courier Pre-Certification,Priority Review - Economic Empowerment Priority,Priority,Economic Empowerment Priority,PROVISIONAL LICENSE,,COMPLETE,PDO103507,"Community Growth Partners Delivery, Inc.",,,,,20 Ladd Avenue,,Northampton,MA,1062,,,20 Ladd Avenue,,Northampton,MA,1062,87-1915131,PDOA103507,8/3/2023 10:46:59 AM,7/25/2023 04:15:59 PM,,False,,EE202207,,INCOMPLETE,EE202038,,,,,Not a DBE,,,,5/21/2021 11:04:58 AM,8/14/2023 09:17:39 AM,8/15/2023 09:18:17 AM,8/15/2023 04:00:00 AM,8/15/2025 04:00:00 AM,,0.0,,,,,,,,,MA,,,,,,,,,,,"Community Growth Partners Delivery, Inc.",MA,MACCC,Massachusetts Cannabis Control Commission,,,,,
07/01/2024,APPROVED,Marijuana Microbusiness,Expedited Review - License Type,Expedited,License Type,COMMENCE OPS,9/13/2022,COMPLETE,MB282029,FCC Holdings LLC,Northampton,1060.0,,,131 Texas Rd,,Northampton,MA,1060,POINT (-72.62073 42.322256),POINT (-72.640928 42.3105540),228 Cardinal way,,Northampton,MA,1062,85-3195565,MBN282029,2/11/2021 08:15:13 PM,1/13/2021 02:30:02 PM,,False,no,,,,,,,,,Not a DBE,,,5/12/2022 04:00:00 AM,7/23/2020 09:41:39 PM,2/22/2021 03:12:48 PM,4/16/2021 01:52:47 PM,4/14/2023 04:00:00 AM,9/11/2024 04:00:00 AM,,625.0,1060.0,Northampton,Hampshire,42.322256,-72.62073,Western MA,131 Texas Rd.,,MA,42.310554,-72.640928,131.0,Texas Rd,,,Northampton,MA,Hampshire County,1060.0,FCC Holdings LLC,MA,MACCC,Massachusetts Cannabis Control Commission,,,,,
07/01/2024,APPROVED,Marijuana Cultivator,Priority Review - MTC Priority,Priority,MTC Priority,FINAL LICENSE,,COMPLETE,MC281276,"Apothca, Inc",Fitchburg,1420.0,,,99 Development Rd,,Fitchburg,MA,1420,POINT (-71.840209 42.329642),POINT (-71.859666 42.5512769),99 Development Rd,,Fitchburg,MA,1420,81-4591516,MCN281276,11/14/2018 03:43:36 PM,8/3/2018 12:00:00 AM,2/7/2019 04:11:18 PM,True,,,,,,,APPROVED,RP201880,RPA201880,Not a DBE,Indoor,"Tier 05: 30,001 to 40,000 sq. ft",4/9/2020 04:00:00 AM,4/19/2018 02:36:02 PM,10/18/2018 12:00:00 AM,2/7/2019 02:57:05 PM,1/14/2021 03:00:00 AM,2/7/2022 03:00:00 AM,,10000.0,1420.0,Fitchburg,Worcester,42.329642,-71.840209,Central MA,99 Development Rd,,MA,42.551277,-71.859666,99.0,Development Rd,,,Fitchburg,MA,Worcester County,1420.0,"Apothca, Inc",MA,MACCC,Massachusetts Cannabis Control Commission,,,,,
07/01/2024,APPROVED,Marijuana Product Manufacturer,General Applicant,General Applicant,General Applicant,PROVISIONAL LICENSE,,COMPLETE,MP281751,Mainely Productions LLC,Uxbridge,1569.0,,,660 Douglas St,Suite 600,Uxbridge,MA,1569,POINT (-71.840209 42.329642),POINT (-71.669275 42.0624109),11 Upton St,Apt 4,Boston,MA,2118,83-4608346,MPN281751,6/12/2020 10:05:19 AM,2/13/2020 12:00:00 AM,1/17/2021 10:13:33 AM,False,no,,,,,,,,,Not a DBE,,,,8/26/2019 08:41:53 AM,6/12/2020 10:27:12 AM,8/6/2020 02:12:05 PM,1/12/2023 03:00:00 AM,1/22/2024 03:00:00 AM,,10000.0,1569.0,Uxbridge,Worcester,42.329642,-71.840209,Central MA,660 Douglas St Suite 600,,MA,42.062411,-71.669276,660.0,Douglas St,Ste,600.0,Uxbridge,MA,Worcester County,1569.0,Mainely Productions LLC,MA,MACCC,Massachusetts Cannabis Control Commission,,,,,
07/01/2024,APPROVED,Marijuana Cultivator,Expedited Review - Two or More,Expedited,Two or More,FINAL LICENSE,,COMPLETE,MC282987,Green Patriot LLC,Hinsdale,1235.0,,,110 Bullards Crossing,,Hinsdale,MA,1235,POINT (-73.209889 42.396128),POINT (-73.120941 42.3934390),53 Town Farm Road,,Ipswich,MA,1938,84-3885917,MCN282987,11/2/2021 04:12:57 PM,9/10/2021 10:49:13 AM,2/24/2022 10:13:20 AM,False,no,,,,,,,,,Not a DBE,Outdoor,"Tier 02: 5,001 to 10,000 sq. ft.",6/8/2023 04:00:00 AM,8/10/2020 01:59:50 PM,11/15/2021 03:32:54 PM,1/20/2022 03:36:56 PM,4/11/2024 04:00:00 AM,4/14/2025 04:00:00 AM,,1250.0,1235.0,Hinsdale,Berkshire,42.396128,-73.209889,Western MA,110 Bullards Crossing,,MA,42.393439,-73.120941,100.0,Bullards Crossing Rd,,,Hinsdale,MA,Berkshire County,1235.0,Green Patriot LLC,MA,MACCC,Massachusetts Cannabis Control Commission,,,,,
07/01/2024,APPROVED,Marijuana Courier,Expedited Review - Social Equity Participant,Expedited,Social Equity Participant,PROVISIONAL LICENSE,,COMPLETE,DO100163,Finest Trees LLC,Shrewsbury,1545.0,,,34-36 Harrington Avenue,,Shrewsbury,MA,1545,POINT (-71.840209 42.329642),,34-36 Harrington Avenue,,Shrewsbury,MA,1545,87-3421302,DOA100163,10/20/2023 09:09:37 AM,3/6/2023 04:30:04 PM,,False,,SE305165,SE305165,,,,,,,Not a DBE,,,,1/26/2022 02:49:00 PM,10/20/2023 11:44:29 AM,11/9/2023 12:58:35 PM,11/9/2023 03:00:00 AM,11/9/2024 03:00:00 AM,,0.0,1545.0,Shrewsbury,Worcester,42.329642,-71.840209,Central MA,,,MA,,,,,,,,,,,Finest Trees LLC,MA,MACCC,Massachusetts Cannabis Control Commission,,,,,
07/01/2024,APPROVED,Marijuana Retailer,General Applicant,General Applicant,General Applicant,COMMENCE OPS,6/1/2021,COMPLETE,MR282632,"I.N.S.A., Inc.",Springfield,1105.0,,,122 Pleasant Street,Suite 144,Easthampton,MA,1027,POINT (-72.571312 42.12756),POINT (-72.587428 42.0966820),122 Pleasant Street,Suite 144,Easthampton,MA,1027,46-3327054,MRN282632,6/22/2020 03:25:35 PM,2/21/2020 12:00:00 AM,8/6/2020 05:05:22 PM,True,,,,,,,APPROVED,RP201833,RP201833,Not a DBE,,,5/13/2021 04:00:00 AM,4/23/2019 03:38:19 PM,6/26/2020 01:08:51 PM,8/6/2020 02:05:29 PM,7/13/2023 04:00:00 AM,8/6/2024 04:00:00 AM,,10000.0,1105.0,Springfield,Hampden,42.12756,-72.571312,Western MA,1200 West Columbus Ave,,MA,42.096682,-72.587428,1200.0,W Columbus Ave,,,Springfield,MA,Hampden County,1105.0,"I.N.S.A., Inc.",MA,MACCC,Massachusetts Cannabis Control Commission,,,,,
07/01/2024,APPROVED,Marijuana Retailer,General Applicant,General Applicant,General Applicant,COMMENCE OPS,10/7/2020,COMPLETE,MR281810,Elev8 Cannabis Inc,Athol,1331.0,,,217 main st,,williamstown,MA,1267,POINT (-71.840209 42.329642),POINT (-72.234358 42.5934400),1409 oak st,,eugene,OR,97401,84-3674750,MRN281810,12/3/2019 02:44:38 PM,10/2/2018 12:00:00 AM,2/11/2020 07:31:19 PM,False,,,,,,,,,,Minority-Owned Business,,,9/10/2020 04:00:00 AM,8/16/2018 06:56:57 PM,11/27/2019 12:00:00 AM,1/16/2020 03:32:36 PM,4/7/2022 04:00:00 AM,4/10/2023 04:00:00 AM,,10000.0,1331.0,Athol,Worcester,42.329642,-71.840209,Western MA,243 Main Street,,MA,42.59344,-72.234359,243.0,Main St,,,Athol,MA,Worcester County,1331.0,Elev8 Cannabis Inc,MA,MACCC,Massachusetts Cannabis Control Commission,,,,,
07/01/2024,APPROVED,Marijuana Retailer,Priority Review - Economic Empowerment Priority,Priority,Economic Empowerment Priority,PROVISIONAL LICENSE,,COMPLETE,MR284644,Mass Greenwoods LLC,Boston,2134.0,,,116 Harvard Avenue,,Allston,MA,2134,POINT (-71.073493 42.334948),POINT (-71.131730 42.3524910),116 Harvard Avenue,,Allston,MA,2134,82-5117556,MRN284644,8/18/2022 11:23:47 AM,7/21/2022 11:44:46 AM,,True,yes,SE303621,,,,EEA202112,,,,Not a DBE,,,,4/25/2022 11:41:29 AM,8/19/2022 09:37:52 AM,10/13/2022 04:14:21 PM,11/9/2023 03:00:00 AM,11/13/2024 03:00:00 AM,,5000.0,2134.0,Allston,Suffolk,42.334948,-71.073493,,116 Harvard Avenue,,MA,42.352491,-71.13173,116.0,Harvard Ave,,,Allston,MA,Suffolk County,2134.0,Mass Greenwoods LLC,MA,MACCC,Massachusetts Cannabis Control Commission,,,,,
07/01/2024,APPROVED,Third Party Marijuana Transporter,General Applicant,General Applicant,General Applicant,COMMENCE OPS,4/8/2022,COMPLETE,MT281365,Coastal Solutions,Plymouth,2360.0,,,608 Chandler Street,,Duxbury,MA,2332,POINT (-70.818958 41.978877),POINT (-70.707935 41.9566999),608 Chandler Street,,Duxbury,MA,2332,83-4064205,MTN281365,5/27/2020 08:58:03 AM,3/6/2020 12:00:00 AM,,False,,,,,,,,,,Not a DBE,,,1/20/2022 03:00:00 AM,7/14/2018 08:05:59 PM,6/11/2020 02:20:53 PM,9/10/2020 12:51:53 PM,8/10/2023 04:00:00 AM,9/21/2024 04:00:00 AM,,5000.0,2360.0,Plymouth,Plymouth,41.978877,-70.818958,Southeast and Cape,11 Richards Road,Unit #9,MA,41.9567,-70.707935,11.0,Richard's Rd,,,Plymouth,MA,Plymouth County,2360.0,Coastal Solutions,MA,MACCC,Massachusetts Cannabis Control Commission,,,,,
07/01/2024,APPROVED,Marijuana Product Manufacturer,General Applicant,General Applicant,General Applicant,COMMENCE OPS,4/20/2021,COMPLETE,MP281343,Treeworks of Massachusetts LLC,Hatfield,1088.0,,,3 West Street,,Hatfield,MA,1088,POINT (-72.62073 42.322256),POINT (-72.637888 42.3676299),3 West Street,,Hatfield,MA,1088,82-5325470,MPN281343,2/14/2020 10:36:20 AM,8/12/2019 12:00:00 AM,,False,,,,,,,,,,Not a DBE,,,2/11/2021 03:00:00 AM,5/14/2018 05:48:14 PM,2/20/2020 12:00:00 AM,4/9/2020 03:40:22 PM,6/8/2023 04:00:00 AM,9/17/2024 04:00:00 AM,,10000.0,1088.0,West Hatfield,Hampshire,42.322256,-72.62073,,3 West Street,,MA,42.36763,-72.637888,3.0,West St,,,West Hatfield,MA,Hampshire County,1088.0,Treeworks of Massachusetts LLC,MA,MACCC,Massachusetts Cannabis Control Commission,,,,,
07/01/2024,APPROVED,Marijuana Retailer,General Applicant,General Applicant,General Applicant,COMMENCE OPS,5/11/2021,COMPLETE,MR282256,Green Stratus Corp,Brockton,2301.0,,,15 Saw Mill Pond,,Canton,MA,2021,POINT (-70.818958 41.978877),POINT (-71.065623 42.0984410),15 Saw Mill Pond,,Canton,MA,2021,82-4944964,MRN282256,1/31/2020 12:24:17 PM,1/6/2020 12:00:00 AM,,False,,,,,,,,,,Not a DBE,,,4/16/2021 04:00:00 AM,1/5/2019 05:25:52 PM,3/5/2020 12:00:00 AM,5/8/2020 02:19:09 PM,6/8/2023 04:00:00 AM,10/8/2024 04:00:00 AM,,10000.0,2301.0,Brockton,Plymouth,41.978877,-70.818958,Southeast and Cape,255 N. Pearl St.,,MA,42.098441,-71.065623,255.0,N Pearl St,,,Brockton,MA,Plymouth County,2301.0,Green Stratus Corp,MA,MACCC,Massachusetts Cannabis Control Commission,,,,,
07/01/2024,APPROVED,Marijuana Cultivator,Expedited Review - License Type,Expedited,License Type,PROVISIONAL LICENSE,,COMPLETE,MC282778,"J&L Enterprises, Inc.",Orange,1364.0,,,104 GOVERNOR DUKAKIS DRIVE,,Orange,MA,1364,POINT (-72.573941 42.587072),POINT (-72.303200 42.5972099),33 Carol Lane,,Holyoke,MA,1364,84-2968003,MCN282778,8/11/2020 09:23:57 AM,7/6/2020 12:29:30 PM,11/19/2020 11:52:39 AM,False,,,,,,,,,,Not a DBE,Outdoor,"Tier 03: 10,001 to 20,000 sq. ft",,5/1/2020 09:32:52 AM,8/6/2020 10:24:23 AM,10/8/2020 02:21:19 PM,1/12/2023 03:00:00 AM,1/21/2024 03:00:00 AM,,2500.0,1364.0,Orange,Franklin,42.587072,-72.573941,Western MA,104 Dukakis Drive,,MA,42.59721,-72.3032,,,,,Orange,MA,Franklin County,1364.0,"J&L Enterprises, Inc.",MA,MACCC,Massachusetts Cannabis Control Commission,,,,,
07/01/2024,APPROVED,Marijuana Courier Pre-Certification,Priority Review - Economic Empowerment Priority,Priority,Economic Empowerment Priority,PROVISIONAL LICENSE,,COMPLETE,PDO103033,"Bracts & Pistils, LLC",,,,,77 porter street,,brockton,MA,2301,,,77 porter street,,brockton,MA,2301,82-5021165,PDOA103033,6/11/2020 04:22:45 PM,6/11/2020 10:13:06 AM,,True,,EE201832,SE303975,APPROVED,EE201832,,,,,Not a DBE,,,,5/28/2020 07:02:59 PM,6/19/2020 02:10:50 PM,6/30/2020 10:28:37 AM,6/30/2020 04:00:00 AM,6/30/2022 04:00:00 AM,,0.0,,,,,,,,,MA,,,,,,,,,,,"Bracts & Pistils, LLC",MA,MACCC,Massachusetts Cannabis Control Commission,,,,,
07/01/2024,APPROVED,Marijuana Retailer,General Applicant,General Applicant,General Applicant,COMMENCE OPS,2/4/2021,COMPLETE,MR282516,Nova Farms LLC,Framingham,1701.0,,,34 Extension Street,,Attleboro,MA,2703,POINT (-71.275566 42.459085),POINT (-71.443946 42.2993870),34 Extension Street,,Attleboro,MA,2703,82-4930709,MRN282516,6/11/2020 10:42:10 AM,2/20/2020 12:00:00 AM,9/10/2020 05:04:35 PM,True,no,,,,,,APPROVED,RP201852,,Not a DBE,,,1/14/2021 03:00:00 AM,3/24/2019 02:10:19 PM,6/12/2020 10:40:30 AM,9/10/2020 01:24:00 PM,8/10/2023 04:00:00 AM,9/10/2024 04:00:00 AM,,10000.0,1701.0,Framingham,Middlesex,42.459085,-71.275566,Central MA,1137 Worcester Road,,MA,42.299387,-71.443947,1137.0,Worcester Rd,,,Framingham,MA,Middlesex County,1701.0,Nova Farms LLC,MA,MACCC,Massachusetts Cannabis Control Commission,,,,,
07/01/2024,APPROVED,Marijuana Cultivator,General Applicant,General Applicant,General Applicant,PROVISIONAL CONSIDERATION,,PAYMENT_PENDING,MC283616,"Page Cultivate, LLC",Springfield,1104.0,,,"299 Page Boulevard, Lot 2",,Springfield,MA,1104,POINT (-72.571312 42.12756),POINT (-72.55977 42.1338130),89 Guion Street,,Springfield,MA,1104,86-2238355,MCN283616,12/6/2021 10:28:44 AM,11/3/2021 03:52:49 PM,,False,no,,,,,,,,,Not a DBE,Indoor,"Tier 05: 30,001 to 40,000 sq. ft",,10/1/2021 04:48:02 PM,12/17/2021 10:05:45 AM,3/10/2022 01:52:12 PM,,,,0.0,1104.0,Springfield,Hampden,42.12756,-72.571312,Western MA,"299 Page Boulevard, Lot 2",,MA,42.133813,-72.55977,299.0,Page Blvd,Lot,2.0,Springfield,MA,Hampden County,1104.0,"Page Cultivate, LLC",MA,MACCC,Massachusetts Cannabis Control Commission,,,,,
07/01/2024,APPROVED,Marijuana Retailer,General Applicant,General Applicant,General Applicant,PROVISIONAL LICENSE,,COMPLETE,MR283521,Apotho Therapeutics Dartmouth INC,Dartmouth,2747.0,,,747 State Road,,Dartmouth,MA,2747,POINT (-71.102131 41.778329),POINT (-71.029150 41.6390150),71 Raymond Drive,,Seekonk,MA,2771,83-1940958,MRN283521,10/9/2022 08:21:07 PM,3/31/2022 11:28:38 AM,2/14/2023 04:45:40 PM,False,no,,,,,,,,,Not a DBE,,,,5/12/2020 03:47:32 PM,11/16/2022 11:33:36 AM,1/12/2023 01:02:55 PM,2/14/2023 03:00:00 AM,10/11/2024 04:00:00 AM,,10000.0,2747.0,North Dartmouth,Bristol,41.778329,-71.102131,,747 State Road,,MA,41.639015,-71.02915,747.0,State Rd,,,North Dartmouth,MA,Bristol County,2747.0,Apotho Therapeutics Dartmouth INC,MA,MACCC,Massachusetts Cannabis Control Commission,,,,,
07/01/2024,APPROVED,Marijuana Courier Pre-Certification,Expedited Review - Social Equity Participant,Expedited,Social Equity Participant,PROVISIONAL LICENSE,,COMPLETE,PDO103611,Safe-Lyfe LLC,,,,,160 Speen Street STE 307,,Framingham,MA,1701,,,12 Lorenzo Street APT 3,,Boston,MA,2122,88-1649224,PDOA103611,8/11/2022 12:56:33 PM,8/5/2022 02:58:14 PM,,False,,SE305510,SE305510,,,,,,,Not a DBE,,,,7/10/2022 09:16:30 PM,8/23/2022 01:16:02 PM,8/23/2022 01:16:12 PM,8/23/2022 04:00:00 AM,8/23/2024 04:00:00 AM,,0.0,,,,,,,,,MA,,,,,,,,,,,Safe-Lyfe LLC,MA,MACCC,Massachusetts Cannabis Control Commission,,,,,
07/01/2024,APPROVED,Marijuana Product Manufacturer,General Applicant,General Applicant,General Applicant,PROVISIONAL LICENSE,,COMPLETE,MP281717,1Connection Corp,Dighton,2764.0,,,25 Jessicas Way,,Attleboro,MA,2703,POINT (-71.102131 41.778329),POINT (-71.164974 41.8690550),25 Jessicas Way,,Attleboro,MA,2703,82-2600921,MPN281717,9/22/2020 01:20:08 PM,4/10/2020 12:00:00 AM,3/4/2021 08:55:15 AM,False,,,,,,,,,,Not a DBE,,,,6/27/2019 03:30:15 PM,7/17/2020 08:33:37 AM,11/19/2020 04:08:46 PM,4/11/2024 04:00:00 AM,4/17/2025 04:00:00 AM,,10000.0,2764.0,North Dighton,Bristol,41.778329,-71.102131,,200 Williams Street,,MA,41.869055,-71.164974,200.0,Williams St,,,North Dighton,MA,Bristol County,2764.0,1Connection Corp,MA,MACCC,Massachusetts Cannabis Control Commission,,,,,
07/01/2024,APPROVED,Third Party Marijuana Transporter,General Applicant,General Applicant,General Applicant,COMMENCE OPS,12/10/2020,COMPLETE,MT281393,"Atlas Marketplace & Delivery, LLC d/b/a Plymouth Armor Group",Plymouth,2360.0,,,14 Apollo 11 Road,Unit 2,Plymouth,MA,2360,POINT (-70.818958 41.978877),POINT (-70.691357 41.9588770),14 Apollo 11 Road,Unit 2,Plymouth,MA,2360,82-4630434,MTN281393,5/22/2020 09:57:53 AM,2/18/2020 12:00:00 AM,,False,,,,,,,,,,Not a DBE,,,11/19/2020 03:00:00 AM,10/11/2018 08:04:31 PM,6/11/2020 01:33:25 PM,8/6/2020 01:45:38 PM,8/10/2023 04:00:00 AM,8/19/2024 04:00:00 AM,,5000.0,2360.0,Plymouth,Plymouth,41.978877,-70.818958,Southeast and Cape,14 Apollo 11 Road,Unit 2,MA,41.958877,-70.691358,14.0,Apollo 11th Rd,,,Plymouth,MA,Plymouth County,2360.0,"Atlas Marketplace & Delivery, LLC d/b/a Plymouth Armor Group",MA,MACCC,Massachusetts Cannabis Control Commission,,,,,
07/01/2024,APPROVED,Marijuana Retailer,Priority Review - MTC Priority,Priority,MTC Priority,COMMENCE OPS,8/7/2019,COMPLETE,MR281427,"The Green Lady Dispensary, Inc.",Nantucket,2554.0,,,11 Amelia Drive,,Nantucket,MA,2554,POINT (-70.09089 41.276758),POINT (-70.086005 41.266579),15 Skyline Drive,,Nantucket,MA,2554,82-1868872,MRN281427,10/12/2018 01:06:00 PM,8/28/2018 12:00:00 AM,12/14/2018 05:59:55 PM,True,,,,,,,APPROVED,RP201895,RPA201895,Not a DBE,,,6/27/2019 04:00:00 AM,5/15/2018 05:54:25 PM,10/18/2018 12:00:00 AM,12/14/2018 12:01:57 PM,2/8/2024 03:00:00 AM,2/10/2025 03:00:00 AM,,5000.0,2554.0,Nantucket,Nantucket,41.276758,-70.09089,Southeast and Cape,11 Amelia Drive,,MA,41.266579,-70.086006,11.0,Amelia Dr,,,Nantucket,MA,Nantucket County,2554.0,"The Green Lady Dispensary, Inc.",MA,MACCC,Massachusetts Cannabis Control Commission,,,,,
07/01/2024,APPROVED,Marijuana Retailer,Expedited Review - DBE Status,Expedited,DBE Status,COMMENCE OPS,5/25/2022,COMPLETE,MR283192,"Essex Apothecary, LLC",Lynn,1904.0,,,233 Western Avenue,,Lynn,MA,1903,POINT (-70.970827 42.635475),POINT (-70.948881 42.4777569),51 Willow Street,#573,Lynn,MA,1904,83-1813923,MRN283192,7/9/2020 02:20:04 PM,3/16/2020 12:00:00 AM,,False,,,,,,,,,,Woman-Owned Business,,,4/7/2022 04:00:00 AM,12/20/2019 02:27:59 PM,9/23/2020 11:14:08 AM,10/8/2020 01:04:31 PM,3/7/2024 03:00:00 AM,3/11/2025 04:00:00 AM,,10000.0,1904.0,Lynn,Essex,42.635475,-70.970827,Northeast,233 Western Avenue,,MA,42.477757,-70.948882,233.0,Western Ave,,,Lynn,MA,Essex County,1904.0,"Essex Apothecary, LLC",MA,MACCC,Massachusetts Cannabis Control Commission,,,,,
07/01/2024,APPROVED,Marijuana Delivery Operator,Expedited Review - Social Equity Participant,Expedited,Social Equity Participant,COMMENCE OPS,1/29/2024,COMPLETE,MD1298,Green Flash Delivery LLC,Boston,2118.0,,,225 Southampton St.,,ROXBURY,MA,2119,POINT (-71.073493 42.334948),,PO Box 190002,60 Dudley Street,Roxbury,MA,2119,87-3674068,MDA1298,4/25/2022 03:37:29 PM,3/23/2022 03:41:31 PM,,False,,SE303731,SE303731,,,,,,,Minority-Owned Business,,,12/14/2023 03:00:00 AM,1/31/2022 02:13:35 PM,5/6/2022 10:25:01 AM,7/14/2022 12:03:23 PM,7/13/2023 04:00:00 AM,7/14/2024 04:00:00 AM,,0.0,2118.0,Boston,Suffolk,42.334948,-71.073493,Metro Boston,,,MA,,,,,,,,,,,Green Flash Delivery LLC,MA,MACCC,Massachusetts Cannabis Control Commission,,,,,
07/01/2024,APPROVED,Marijuana Retailer,General Applicant,General Applicant,General Applicant,COMMENCE OPS,4/1/2022,COMPLETE,MR283288,"Holland Brands NA, LLC",North Attleborough,2760.0,,,55 Henshaw,,Brighton,MA,2135,POINT (-71.102131 41.778329),POINT (-71.349290 41.9383350),55 Henshaw,,Brighton,MA,2135,84-2349396,MRN283288,5/22/2020 08:33:48 AM,6/4/2020 02:18:52 PM,,False,,,,,,,,,,Not a DBE,,,3/10/2022 03:00:00 AM,2/16/2020 08:59:45 PM,8/6/2020 07:24:12 AM,10/8/2020 02:18:33 PM,12/14/2023 03:00:00 AM,1/22/2025 03:00:00 AM,,10000.0,2760.0,North Attleboro,Bristol,41.778329,-71.102131,,1320 South Washington Street,,MA,41.938335,-71.349291,1320.0,S Washington St,,,North Attleboro,MA,Bristol County,2760.0,"Holland Brands NA, LLC",MA,MACCC,Massachusetts Cannabis Control Commission,,,,,
07/01/2024,APPROVED,Marijuana Product Manufacturer,Expedited Review - DBE Status,Expedited,DBE Status,PROVISIONAL LICENSE,,COMPLETE,MP281799,"Other Side Agronomy, Inc.",Worcester,1604.0,,,14 Ferry Lots Ln.,,Salisbury,MA,1952,POINT (-71.840209 42.329642),POINT (-71.744138 42.233891),14 FERRY LOTS LANE,,SALISBURY,MA,1952,83-0693719,MPN281799,8/19/2020 12:31:45 PM,6/2/2020 08:39:46 AM,12/29/2020 01:48:03 PM,False,,,,,,,,,,Minority-Owned Business,,,,11/24/2019 10:49:19 PM,8/20/2020 02:55:44 PM,10/8/2020 02:42:08 PM,10/13/2022 04:00:00 AM,12/29/2023 03:00:00 AM,,10000.0,1604.0,Worcester,Worcester,42.329642,-71.840209,Central MA,1451 Grafton Street,,MA,42.233891,-71.744138,1451.0,Grafton St,,,Worcester,MA,Worcester County,1604.0,"Other Side Agronomy, Inc.",MA,MACCC,Massachusetts Cannabis Control Commission,,,,,
07/01/2024,APPROVED,Marijuana Delivery Operator Pre-Certification,Expedited Review - Two or More,Expedited,Two or More,PROVISIONAL LICENSE,,COMPLETE,PMD5878,Holyoke Smokes Corp,,,,,110 - 116 Winter St,Ground Floor,Holyoke,MA,1040,,,PO Box 6403,,Holyoke,MA,1041,87-1451770,PMDA5878,10/14/2021 09:16:48 AM,10/6/2021 11:05:26 AM,,False,,SE305145,SE305145,,,,,,,"Lesbian, Gay, Bisexual, and Transgender Owned Business | Minority-Owned Business | Veteran-Owned Business",,,,6/21/2021 07:04:13 AM,10/15/2021 02:48:56 PM,10/15/2021 02:49:05 PM,10/15/2021 04:00:00 AM,10/15/2023 04:00:00 AM,,0.0,,,,,,,,,MA,,,,,,,,,,,Holyoke Smokes Corp,MA,MACCC,Massachusetts Cannabis Control Commission,,,,,
07/01/2024,APPROVED,Marijuana Retailer,Priority Review - MTC Priority,Priority,MTC Priority,COMMENCE OPS,12/3/2020,COMPLETE,MR281256,"Mayflower Medicinals, Inc.",Worcester,1603.0,,,33 Union Street,,Boston,MA,2108,POINT (-71.840209 42.329642),POINT (-71.834124 42.246316),33 Union Street,,Boston,MA,2108,47-5013962,MRN281256,4/9/2019 12:55:31 PM,3/15/2019 12:00:00 AM,6/3/2019 04:49:39 PM,True,,,,,,,APPROVED,RP201883,RP201883,Not a DBE,,,10/8/2020 04:00:00 AM,4/17/2018 02:27:58 PM,5/7/2019 12:00:00 AM,5/30/2019 01:57:34 PM,4/14/2023 04:00:00 AM,9/2/2024 04:00:00 AM,,5000.0,1603.0,Worcester,Worcester,42.329642,-71.840209,Central MA,645 Park Avenue,,MA,42.246316,-71.834124,645.0,Park Ave,,,Worcester,MA,Worcester County,1603.0,"Mayflower Medicinals, Inc.",MA,MACCC,Massachusetts Cannabis Control Commission,,,,,
07/01/2024,APPROVED,Marijuana Cultivator,General Applicant,General Applicant,General Applicant,PROVISIONAL LICENSE,,COMPLETE,MC283502,"STANDISH GREEN GROUP, LLC",Lowell,1852.0,,,663 Lawrence Street,,Lowell,MA,1852,POINT (-71.275566 42.459085),POINT (-71.303307 42.6323429),29 High Street,,Woburn,MA,1801,85-3994067,MCN283502,8/25/2021 02:41:44 PM,6/10/2021 11:01:16 AM,4/4/2022 11:59:19 AM,False,no,,,,,,,,,Not a DBE,Indoor,"Tier 03: 10,001 to 20,000 sq. ft",,4/30/2021 10:10:39 AM,9/3/2021 10:41:46 AM,10/14/2021 01:11:19 PM,3/9/2023 03:00:00 AM,4/4/2024 04:00:00 AM,,5000.0,1852.0,Lowell,Middlesex,42.459085,-71.275566,Northeast,663 Lawrence Street,,MA,42.632343,-71.303307,663.0,Lawrence St,,,Lowell,MA,Middlesex County,1852.0,"STANDISH GREEN GROUP, LLC",MA,MACCC,Massachusetts Cannabis Control Commission,,,,,
07/01/2024,APPROVED,Marijuana Delivery Operator Pre-Certification,Expedited Review - Social Equity Participant,Expedited,Social Equity Participant,PROVISIONAL LICENSE,,COMPLETE,PMD5895,"Terrasol To Go, LLC",,,,,87 East Ashland St.,,Brockton,MA,2302,,,PO Box 493,,Brockton,MA,2303,85-1205299,PMDA5895,8/27/2021 10:09:00 PM,7/29/2021 11:56:07 AM,,False,,SE303509,SE303509,,,,,,,Not a DBE,,,,7/17/2021 05:27:32 PM,9/13/2021 02:13:52 PM,9/13/2021 02:14:04 PM,9/13/2021 04:00:00 AM,9/13/2023 04:00:00 AM,,0.0,,,,,,,,,MA,,,,,,,,,,,"Terrasol To Go, LLC",MA,MACCC,Massachusetts Cannabis Control Commission,,,,,
07/01/2024,APPROVED,Marijuana Cultivator,General Applicant,General Applicant,General Applicant,COMMENCE OPS,11/5/2021,COMPLETE,MC281292,The Headyco LLC,Gardner,1440.0,,,177 Huntington Ave STE 1703,#23871,Boston,MA,2115,POINT (-71.840209 42.329642),POINT (-71.952834 42.564467),7 Primrose Cir,,Saratoga Springs,NY,12866,82-5283355,MCN281292,1/3/2020 01:49:18 PM,8/2/2018 12:00:00 AM,1/16/2020 09:24:15 PM,False,,,,,,,,,,Woman-Owned Business,Indoor,"Tier 02: 5,001 to 10,000 sq. ft.",4/16/2021 04:00:00 AM,4/23/2018 07:14:53 PM,11/1/2019 12:00:00 AM,1/16/2020 03:42:09 PM,3/7/2024 03:00:00 AM,3/11/2025 04:00:00 AM,,2500.0,1440.0,Gardner,Worcester,42.329642,-71.840209,Central MA,4 Lachance St,,MA,42.564467,-71.952835,4.0,Lachance St,,,Gardner,MA,Worcester County,1440.0,The Headyco LLC,MA,MACCC,Massachusetts Cannabis Control Commission,,,,,
07/01/2024,APPROVED,Marijuana Retailer,General Applicant,General Applicant,General Applicant,COMMENCE OPS,3/30/2022,COMPLETE,MR283110,"Life Essence, Inc.",Framingham,1701.0,,,85 Worcester Road,,Framingham,MA,1702,POINT (-71.275566 42.459085),POINT (-71.397302 42.2993280),3494 Martin Hurst Road,,Tallahassee,FL,32312,83-1550266,MRN283110,4/8/2021 10:27:46 AM,3/3/2020 12:00:00 AM,,False,no,,,,,,,,,Not a DBE | Veteran-Owned Business,,,3/10/2022 03:00:00 AM,11/7/2019 04:58:30 PM,4/9/2021 11:10:50 AM,6/22/2021 11:06:31 AM,8/10/2023 04:00:00 AM,8/14/2024 04:00:00 AM,,10000.0,1701.0,Framingham,Middlesex,42.459085,-71.275566,Central MA,85 Worcester Road,,MA,42.299328,-71.397303,85.0,Worcester Rd,,,Framingham,MA,Middlesex County,1701.0,"Life Essence, Inc.",MA,MACCC,Massachusetts Cannabis Control Commission,,,,,
07/01/2024,APPROVED,Marijuana Cultivator,Expedited Review - License Type,Expedited,License Type,COMMENCE OPS,12/23/2022,COMPLETE,MC281975,"ATLANTIC FARMS, LLC",Colrain,1340.0,,,225 CEDAR HILL ST.,SUITE 200,MARLBOROUGH,MA,1752,POINT (-72.573941 42.587072),POINT (-72.715806 42.6709030),225 CEDAR HILL ST.,,MARLBOROUGH,MA,1752,84-4408719,MCN281975,1/31/2020 02:12:17 PM,12/6/2019 12:00:00 AM,,False,,,,,,,,,,Not a DBE,Outdoor,"Tier 07: 50,001 to 60,000 sq. ft",7/14/2022 04:00:00 AM,2/8/2019 04:57:48 PM,2/12/2020 12:00:00 AM,5/8/2020 02:25:28 PM,7/13/2023 04:00:00 AM,7/15/2024 04:00:00 AM,,15000.0,1340.0,Colrain,Franklin,42.587072,-72.573941,Western MA,"126 Main Road, Parcel ID: 1240-0004-00000",,MA,42.670903,-72.715806,126.0,Main Rd,,,Colrain,MA,Franklin County,1340.0,"ATLANTIC FARMS, LLC",MA,MACCC,Massachusetts Cannabis Control Commission,,,,,
07/01/2024,APPROVED,Marijuana Product Manufacturer,Priority Review - MTC Priority,Priority,MTC Priority,COMMENCE OPS,12/15/2021,COMPLETE,MP281583,"Commonwealth Alternative Care, Inc.",Taunton,2780.0,,,30 Mozzone Boulevard,,Taunton,MA,2780,POINT (-71.102131 41.778329),POINT (-71.063782 41.873199),30 Mozzone Boulevard,,Taunton,MA,2780,37-1834779,MPN281583,6/10/2021 09:21:32 AM,2/11/2019 12:00:00 AM,,True,no,,,,,,APPROVED,RP201926,RP201926,Not a DBE,,,11/18/2021 03:00:00 AM,1/25/2019 09:24:13 PM,6/25/2021 10:40:25 AM,8/12/2021 01:57:11 PM,8/10/2023 04:00:00 AM,8/26/2024 04:00:00 AM,,10000.0,2780.0,Taunton,Bristol,41.778329,-71.102131,Southeast and Cape,30 Mozzone Boulevard,,MA,41.873199,-71.063782,30.0,Mozzone Blvd,,,Taunton,MA,Bristol County,2780.0,"Commonwealth Alternative Care, Inc.",MA,MACCC,Massachusetts Cannabis Control Commission,,,,,
07/01/2024,APPROVED,Marijuana Retailer,Expedited Review - DBE Status,Expedited,DBE Status,COMMENCE OPS,10/19/2021,COMPLETE,MR283001,"CommCan, Inc",Rehoboth,2769.0,,,730 Main Street,Suite 2A,Millis,MA,2054,POINT (-71.102131 41.778329),POINT (-71.287205 41.7842899),730 Main Street,Suite 2A,Millis,MA,2054,47-4619040,MRN283001,1/22/2020 11:54:19 AM,1/13/2020 12:00:00 AM,,True,,,,,,,APPROVED,RP201907,RPA201907,Woman-Owned Business,,,9/17/2021 04:00:00 AM,9/20/2019 10:29:17 AM,2/12/2020 12:00:00 AM,4/9/2020 03:08:13 PM,7/13/2023 04:00:00 AM,11/14/2024 03:00:00 AM,,10000.0,2769.0,Rehoboth,Bristol,41.778329,-71.102131,Southeast and Cape,150 Barney Avenue,,MA,41.78429,-71.287205,150.0,Barney Ave,,,Rehoboth,MA,Bristol County,2769.0,"CommCan, Inc",MA,MACCC,Massachusetts Cannabis Control Commission,,,,,
07/01/2024,APPROVED,Independent Testing Laboratory,Expedited Review - License Type,Expedited,License Type,COMMENCE OPS,2/16/2023,COMPLETE,IL281360,Assured Testing Laboratories LLC,Tyngsborough,1879.0,,,300 Potash Hill Rd,,Tyngsborough,MA,1879,POINT (-71.275566 42.459085),POINT (-71.419741 42.664465),93 Ward St,Unit 204,Revere,MA,2151,84-3660236,ILN281360,11/9/2021 12:07:12 PM,2/3/2021 04:32:47 PM,1/28/2022 02:51:21 PM,False,no,,,,,,,,,Not a DBE,,,10/13/2022 04:00:00 AM,12/7/2020 05:44:20 PM,11/15/2021 03:59:53 PM,1/20/2022 03:24:26 PM,2/8/2024 03:00:00 AM,2/12/2025 03:00:00 AM,,10000.0,1879.0,Tyngsboro,Middlesex,42.459085,-71.275566,,300 Potash Hill Rd,Suite A,MA,42.664465,-71.419741,300.0,Potash Hill Rd,,,Tyngsboro,MA,Middlesex County,1879.0,Assured Testing Laboratories LLC,MA,MACCC,Massachusetts Cannabis Control Commission,,,,,
07/01/2024,APPROVED,Marijuana Retailer,General Applicant,General Applicant,General Applicant,COMMENCE OPS,5/24/2021,COMPLETE,MR282925,Volcann LLC,Southampton,1073.0,,,15 College Highway,Unit G2,Southampton,MA,1073,POINT (-72.62073 42.322256),POINT (-72.697697 42.251548),5 Nicholas Lane,,Southampton,MA,1073,84-2171651,MRN282925,3/23/2020 10:10:43 AM,2/6/2020 12:00:00 AM,,False,,,,,,,,,,Not a DBE,,,4/16/2021 04:00:00 AM,8/12/2019 08:49:28 AM,3/27/2020 12:00:00 AM,7/9/2020 04:05:29 PM,11/9/2023 03:00:00 AM,11/20/2024 03:00:00 AM,,10000.0,1073.0,Southampton,Hampshire,42.322256,-72.62073,Western MA,15 College Highway,Unit G2,MA,42.251548,-72.697697,15.0,College Hwy,,,Southampton,MA,Hampshire County,1073.0,Volcann LLC,MA,MACCC,Massachusetts Cannabis Control Commission,,,,,
07/01/2024,APPROVED,Marijuana Product Manufacturer,General Applicant,General Applicant,General Applicant,FINAL LICENSE,,COMPLETE,MP282263,Euphorium LLC,Holyoke,1040.0,,,15 Main St,,Holyoke,MA,1040,POINT (-72.571312 42.12756),POINT (-72.602430 42.2054809),15 Main St,,Holyoke,MA,1040,88-2335864,MPN282263,5/10/2023 02:31:47 PM,2/27/2023 09:31:42 AM,,False,no,,,,,,,,,Not a DBE,,,6/13/2024 04:00:00 AM,2/16/2023 02:16:38 PM,5/19/2023 10:46:25 AM,8/10/2023 11:41:00 AM,11/2/2023 04:00:00 AM,11/2/2024 04:00:00 AM,,10000.0,1040.0,Holyoke,Hampden,42.12756,-72.571312,Western MA,15 Main St,,MA,42.205481,-72.602431,15.0,Main St,,,Holyoke,MA,Hampden County,1040.0,Euphorium LLC,MA,MACCC,Massachusetts Cannabis Control Commission,,,,,
07/01/2024,APPROVED,Marijuana Cultivator,Expedited Review - Social Equity Participant,Expedited,Social Equity Participant,PROVISIONAL LICENSE,,COMPLETE,MC283481,Riverside Cannabis LLC,Holyoke,1040.0,,,1 Cabot Street,,Holyoke,MA,1040,POINT (-72.571312 42.12756),POINT (-72.602168 42.1966370),1 Cabot Street,,Holyoke,MA,1040,86-3190130,MCN283481,5/11/2021 03:07:20 PM,5/11/2021 11:51:25 AM,7/28/2021 09:16:07 PM,False,yes,SE304773,SE304773,,,,,,,Not a DBE,Indoor,"Tier 02: 5,001 to 10,000 sq. ft.",,4/18/2021 08:01:12 AM,5/28/2021 10:53:33 AM,7/15/2021 04:41:50 PM,6/8/2023 04:00:00 AM,7/28/2024 04:00:00 AM,,1250.0,1040.0,Holyoke,Hampden,42.12756,-72.571312,Western MA,1 Cabot Street,,MA,42.196637,-72.602168,1.0,Cabot St,,,Holyoke,MA,Hampden County,1040.0,Riverside Cannabis LLC,MA,MACCC,Massachusetts Cannabis Control Commission,,,,,
07/01/2024,APPROVED,Marijuana Retailer,General Applicant,General Applicant,General Applicant,COMMENCE OPS,3/3/2021,COMPLETE,MR282032,"Evergreen Strategies, LLC",North Adams,1247.0,,,52 Whispering Way,,Stow,MA,1775,POINT (-73.209889 42.396128),POINT (-73.142037 42.6982319),52 Whispering Way,,Stow,MA,1775,82-5252215,MRN282032,12/9/2019 02:03:26 PM,7/26/2019 12:00:00 AM,4/6/2020 10:06:59 AM,False,,,,,,,,,,Not a DBE,,,2/11/2021 03:00:00 AM,11/7/2018 06:33:53 PM,10/7/2019 12:00:00 AM,1/9/2020 11:22:12 AM,3/7/2024 03:00:00 AM,5/15/2025 04:00:00 AM,,10000.0,1247.0,North Adams,Berkshire,42.396128,-73.209889,Western MA,221 State Road,,MA,42.698232,-73.142037,221.0,State Rd,,,North Adams,MA,Berkshire County,1247.0,"Evergreen Strategies, LLC",MA,MACCC,Massachusetts Cannabis Control Commission,,,,,
07/01/2024,APPROVED,Marijuana Courier Pre-Certification,Priority Review - Economic Empowerment Priority,Priority,Economic Empowerment Priority,PROVISIONAL LICENSE,,COMPLETE,PDO103050,Level Up Organics LLC,,,,,29 Cedar Street,,Boston,MA,2119,,,29 Cedar Street,,Boston,MA,2119,85-3199676,PDOA103050,9/29/2021 10:21:12 PM,6/7/2021 03:20:02 PM,,True,,EE202199,,APPROVED,EE202199,,,,,Not a DBE,,,,5/28/2020 11:18:15 PM,10/13/2021 10:25:08 AM,10/13/2021 10:25:17 AM,10/13/2021 04:00:00 AM,10/13/2023 04:00:00 AM,,0.0,,,,,,,,,MA,,,,,,,,,,,Level Up Organics LLC,MA,MACCC,Massachusetts Cannabis Control Commission,,,,,
07/01/2024,APPROVED,Marijuana Retailer,Priority Review - MTC Priority,Priority,MTC Priority,COMMENCE OPS,3/9/2020,COMPLETE,MR282131,Caregiver-Patient Connection LLC,Fitchburg,1420.0,,,371 Lunenburg St,,Fitchburg,MA,1420,POINT (-71.840209 42.329642),POINT (-71.772254 42.5856739),"910 Boston Post Rd., Ste.#910",,Marlboro,MA,1752,83-3954417,MRN282131,2/15/2019 03:32:51 PM,1/23/2019 12:00:00 AM,7/31/2019 02:13:23 PM,True,,,,,,,APPROVED,RP201819,RPA201819,Woman-Owned Business,,,2/6/2020 03:00:00 AM,12/5/2018 11:57:50 AM,3/13/2019 12:00:00 AM,5/16/2019 01:27:57 PM,9/14/2023 04:00:00 AM,10/1/2024 04:00:00 AM,,5000.0,1420.0,Fitchburg,Worcester,42.329642,-71.840209,Central MA,371 Lunenburg St.,,MA,42.585674,-71.772254,371.0,Lunenburg St,,,Fitchburg,MA,Worcester County,1420.0,Caregiver-Patient Connection LLC,MA,MACCC,Massachusetts Cannabis Control Commission,,,,,
07/01/2024,APPROVED,Marijuana Delivery Operator Pre-Certification,Expedited Review - Social Equity Participant,Expedited,Social Equity Participant,PROVISIONAL LICENSE,,COMPLETE,PMD5902,Many Rivers LLC,,,,,41 Eaton Road W,,Framingham,MA,1701,,,41 Eaton Rd W,,Framingham,MA,1701,87-1192754,PMDA5902,9/9/2021 03:45:28 PM,9/8/2021 04:27:17 PM,,False,,SE305131,SE305131,,,,,,,Not a DBE,,,,8/4/2021 01:19:26 PM,9/20/2021 07:32:46 AM,9/21/2021 07:33:01 AM,9/21/2021 04:00:00 AM,9/21/2023 04:00:00 AM,,0.0,,,,,,,,,MA,,,,,,,,,,,Many Rivers LLC,MA,MACCC,Massachusetts Cannabis Control Commission,,,,,
07/01/2024,APPROVED,Marijuana Retailer,Priority Review - MTC Priority,Priority,MTC Priority,PROVISIONAL LICENSE,,COMPLETE,MR283004,MassMedicum Corp.,Taunton,2718.0,,,1 Mear Road,,Holbrook,MA,2343,POINT (-71.102131 41.778329),POINT (-71.039429 41.8639239),1 Mear Road,,Holbrook,MA,2343,46-3326624,MRN283004,12/27/2019 09:48:15 AM,10/3/2019 12:00:00 AM,,True,,,,,,,APPROVED,RP201935,RP201935,Not a DBE,,,,9/23/2019 04:32:10 PM,1/15/2020 12:00:00 AM,4/9/2020 03:27:41 PM,8/12/2021 04:00:00 AM,8/14/2022 04:00:00 AM,,10000.0,2718.0,East Taunton,Bristol,41.778329,-71.102131,,300 Revolutionary Drive,,MA,41.863924,-71.03943,300.0,Revolutionary Dr,,,East Taunton,MA,Bristol County,2718.0,MassMedicum Corp.,MA,MACCC,Massachusetts Cannabis Control Commission,,,,,
07/01/2024,APPROVED,Marijuana Cultivator,General Applicant,General Applicant,General Applicant,COMMENCE OPS,10/20/2020,COMPLETE,MC281370,"1620 Labs, LLC",Athol,1331.0,,,1 Exchange Street,,Athol,MA,1331,POINT (-71.840209 42.329642),POINT (-72.230635 42.5918959),P.O. Box 480,,Athol,MA,1331,82-5412946,MCN281370,10/27/2018 04:33:06 PM,8/28/2018 12:00:00 AM,11/26/2018 09:33:07 AM,False,,,,,,,,,,"Lesbian, Gay, Bisexual, and Transgender Owned Business",Indoor,"Tier 03: 10,001 to 20,000 sq. ft",3/5/2020 03:00:00 AM,5/2/2018 07:15:21 PM,10/31/2018 12:00:00 AM,11/20/2018 02:46:40 PM,10/13/2022 04:00:00 AM,10/11/2024 04:00:00 AM,,1250.0,1331.0,Athol,Worcester,42.329642,-71.840209,Western MA,1 Exchange Street,,MA,42.591896,-72.230635,1.0,Exchange St,,,Athol,MA,Worcester County,1331.0,"1620 Labs, LLC",MA,MACCC,Massachusetts Cannabis Control Commission,,,,,
07/01/2024,APPROVED,Marijuana Cultivator,Priority Review - MTC Priority,Priority,MTC Priority,COMMENCE OPS,10/5/2020,COMPLETE,MC282053,Cultivate Holdings LLC,Uxbridge,1524.0,,,1764 Main Street,,LEICESTER,MA,1524,POINT (-71.840209 42.329642),POINT (-71.660979 42.0628420),PO Box 245,,Leicester,MA,1524,82-3671586,MCN282053,11/27/2019 02:49:36 PM,9/26/2019 12:00:00 AM,2/25/2020 09:55:34 AM,True,,,,,,,APPROVED,RP201845,RP201845,Not a DBE,Indoor,"Tier 05: 30,001 to 40,000 sq. ft",9/10/2020 04:00:00 AM,3/25/2019 09:01:24 AM,11/29/2019 12:00:00 AM,2/7/2020 09:07:36 AM,3/7/2024 03:00:00 AM,3/13/2025 04:00:00 AM,,22500.0,1524.0,Leicester,Worcester,42.329642,-71.840209,Central MA,100 Campanelli Drive,,MA,42.062842,-71.66098,100.0,Campanelli Dr,,,Uxbridge,MA,Worcester County,1569.0,Cultivate Holdings LLC,MA,MACCC,Massachusetts Cannabis Control Commission,,,,,
07/01/2024,APPROVED,Marijuana Cultivator,General Applicant,General Applicant,General Applicant,PROVISIONAL LICENSE,,COMPLETE,MC282461,"Silver Therapeutics, Inc.",Boston,2131.0,,,82 Wendell Ave,Suite 100,Pittsfield,MA,1201,POINT (-71.073493 42.334948),POINT (-71.114193 42.2831800),89 Court Street,,Saratoga Springs,NY,12866,82-1894711,MCN282461,5/5/2020 12:02:51 PM,3/6/2020 12:00:00 AM,10/9/2020 12:35:42 PM,True,,,,,,,APPROVED,RP201854,RPA201854,Not a DBE,Indoor,"Tier 01: up to 5,000 square feet",,10/23/2019 06:28:11 PM,7/7/2020 09:48:56 AM,9/10/2020 01:42:44 PM,10/12/2023 04:00:00 AM,10/14/2024 04:00:00 AM,,1250.0,2131.0,Roslindale,Suffolk,42.334948,-71.073493,,717-721 American Legion Highway,,MA,42.28318,-71.114194,721.0,American Legion Hwy,,,Roslindale,MA,Suffolk County,2131.0,"Silver Therapeutics, Inc.",MA,MACCC,Massachusetts Cannabis Control Commission,,,,,
07/01/2024,APPROVED,Marijuana Product Manufacturer,Priority Review - MTC Priority,Priority,MTC Priority,PROVISIONAL LICENSE,,COMPLETE,MP281693,"HVV Massachusetts, Inc",Newburyport,1950.0,,,2 Opportunity Way,,Newburyport,MA,1950,POINT (-70.970827 42.635475),POINT (-70.892300 42.8010450),39 Country Club Road,,Ipswich,MA,1938,12-1234567,MPN281693,9/20/2019 05:35:28 PM,6/21/2019 12:00:00 AM,1/28/2020 03:59:49 PM,True,,,,,,,,,RP201813,Not a DBE,,,,6/10/2019 10:48:55 AM,10/3/2019 12:00:00 AM,11/7/2019 01:40:37 PM,1/12/2023 03:00:00 AM,10/10/2024 04:00:00 AM,,10000.0,1950.0,Newburyport,Essex,42.635475,-70.970827,Northeast,2 Opportunity Way,,MA,42.801045,-70.8923,2.0,Opportunity Way,,,Newburyport,MA,Essex County,1950.0,"HVV Massachusetts, Inc",MA,MACCC,Massachusetts Cannabis Control Commission,,,,,
07/01/2024,APPROVED,Marijuana Retailer,General Applicant,General Applicant,General Applicant,COMMENCE OPS,1/12/2024,COMPLETE,MR284806,"Hoop City Ventures, LLC",Monson,1057.0,,,399 Boston Road West,,Monson,MA,1057,POINT (-72.571312 42.12756),POINT (-72.370767 42.1539110),99 SOUTH MAIN STREET,,FALL RIVER,MA,2721,86-1708812,MRN284806,5/10/2023 04:57:47 PM,4/4/2023 01:03:08 PM,,False,no,,,,,,,,,Not a DBE,,,12/14/2023 03:00:00 AM,11/3/2022 04:24:47 PM,5/19/2023 03:01:59 PM,8/10/2023 11:36:57 AM,8/10/2023 04:00:00 AM,8/10/2024 04:00:00 AM,,10000.0,1057.0,Monson,Hampden,42.12756,-72.571312,Western MA,399 Boston Road W,,MA,42.153911,-72.370768,399.0,Boston Rd,,,Monson,MA,Hampden County,1057.0,"Hoop City Ventures, LLC",MA,MACCC,Massachusetts Cannabis Control Commission,,,,,
07/01/2024,APPROVED,Marijuana Product Manufacturer,Priority Review - MTC Priority,Priority,MTC Priority,COMMENCE OPS,3/29/2019,COMPLETE,MP281427,"Berkshire Roots, Inc.",Pittsfield,1201.0,,,501 Dalton Ave,,Pittsfield,MA,1201,POINT (-73.209889 42.396128),POINT (-73.212294 42.4655780),501 Dalton Ave,,Pittsfield,MA,1201,81-5430971,MPN281427,8/30/2018 04:05:20 PM,7/25/2018 12:00:00 AM,10/30/2018 11:38:27 AM,True,,,,,,,APPROVED,RP201903,RP201903,Not a DBE,,,2/7/2019 03:00:00 AM,7/3/2018 09:27:37 AM,9/6/2018 12:00:00 AM,10/4/2018 03:19:19 PM,1/11/2024 03:00:00 AM,4/29/2025 04:00:00 AM,,5000.0,1201.0,Pittsfield,Berkshire,42.396128,-73.209889,Western MA,501 Dalton Avenue,,MA,42.465578,-73.212294,501.0,Dalton Ave,,,Pittsfield,MA,Berkshire County,1201.0,"Berkshire Roots, Inc.",MA,MACCC,Massachusetts Cannabis Control Commission,,,,,
07/01/2024,APPROVED,Marijuana Product Manufacturer,Expedited Review - Two or More,Expedited,Two or More,PROVISIONAL LICENSE,,COMPLETE,MP282110,"Teddy's Veggie Farm, LLC",Worcester,1608.0,,,203 Greenville Street,,Spencer,MA,1562,POINT (-71.840209 42.329642),POINT (-71.805730 42.2538910),203 Greenville Street,,Spencer,MA,1562,83-0794085,MPN282110,10/28/2022 09:53:26 AM,8/25/2021 02:43:18 PM,6/10/2024 06:52:40 PM,False,yes,SE304265,SE304749,,,,,,,Minority-Owned Business,,,,8/9/2021 03:35:11 PM,11/8/2022 11:06:47 AM,1/12/2023 01:39:45 PM,6/10/2024 04:00:00 AM,6/10/2025 04:00:00 AM,,5000.0,1608.0,Worcester,Worcester,42.329642,-71.840209,Central MA,134 Gold Street,,MA,42.253891,-71.805731,134.0,Gold St,,,Worcester,MA,Worcester County,1608.0,"Teddy's Veggie Farm, LLC",MA,MACCC,Massachusetts Cannabis Control Commission,,,,,
07/01/2024,APPROVED,Marijuana Cultivator,Priority Review - MTC Priority,Priority,MTC Priority,COMMENCE OPS,11/22/2021,COMPLETE,MC282690,Cannatech Medicinals Inc.,Fall River,2722.0,,,33 Union Street,Suite 2,Boston,MA,2108,POINT (-71.102131 41.778329),POINT (-71.099637 41.7617210),33 Union Street,Suite 2,Boston,MA,2108,47-5025145,MCN282690,7/2/2020 03:13:06 PM,5/26/2020 12:50:22 PM,1/27/2021 09:43:11 AM,True,no,,,,,,APPROVED,RP201858,RP201858,Not a DBE,Indoor,"Tier 02: 5,001 to 10,000 sq. ft.",4/16/2021 04:00:00 AM,3/15/2020 08:50:16 PM,7/7/2020 01:31:15 PM,10/8/2020 12:33:26 PM,2/8/2024 03:00:00 AM,2/12/2025 03:00:00 AM,,2500.0,2722.0,Fall River,Bristol,41.778329,-71.102131,Southeast and Cape,1100 Innovation Way,FKA Lot 183,MA,41.761721,-71.099637,1180.0,Innovation Way,,,Fall River,MA,Bristol County,2720.0,Cannatech Medicinals Inc.,MA,MACCC,Massachusetts Cannabis Control Commission,,,,,
07/01/2024,APPROVED,Marijuana Courier Pre-Certification,Expedited Review - Social Equity Participant,Expedited,Social Equity Participant,PROVISIONAL LICENSE,,COMPLETE,PDO103107,Gram Delivers LLC.,,,,,"33 Wales Ave, Unit D Avon, MA. 02322",,Avon,MA,2322,,,"33 Wales Ave, Unit D Avon, MA. 02322",,Avon,MA,2322,85-2814521,PDOA103107,10/21/2020 11:18:34 AM,10/21/2020 11:23:35 AM,,True,,SE303673,SE303673,APPROVED,EE202204,,,,,Not a DBE | Minority-Owned Business,,,,6/3/2020 03:50:01 PM,10/22/2020 04:00:53 PM,10/26/2020 09:26:08 AM,10/26/2020 04:00:00 AM,10/26/2022 04:00:00 AM,,0.0,,,,,,,,,MA,,,,,,,,,,,Gram Delivers LLC.,MA,MACCC,Massachusetts Cannabis Control Commission,,,,,
07/01/2024,APPROVED,Marijuana Cultivator,General Applicant,General Applicant,General Applicant,COMMENCE OPS,1/23/2024,COMPLETE,MC283508,Jolly Green Inc,Gardner,1440.0,,,246 Suffolk Lane,,Gardner,MA,1440,POINT (-71.840209 42.329642),POINT (-71.950111 42.596218),442 Howard st,,Lunenburg,MA,1462,82-5286266,MCN283508,10/4/2021 07:30:33 PM,9/13/2021 11:51:57 AM,11/20/2021 08:21:21 AM,False,no,,,,,,,,,Not a DBE,Indoor,"Tier 03: 10,001 to 20,000 sq. ft",9/14/2023 04:00:00 AM,5/7/2021 11:32:58 AM,10/5/2021 04:02:12 PM,11/18/2021 02:42:02 PM,11/9/2023 03:00:00 AM,11/20/2024 03:00:00 AM,,5000.0,1440.0,Gardner,Worcester,42.329642,-71.840209,Central MA,246 Suffolk Lane,,MA,42.596218,-71.950111,246.0,Suffolk Ln,,,Gardner,MA,Worcester County,1440.0,Jolly Green Inc,MA,MACCC,Massachusetts Cannabis Control Commission,,,,,
07/01/2024,APPROVED,Marijuana Product Manufacturer,General Applicant,General Applicant,General Applicant,PROVISIONAL LICENSE,,COMPLETE,MP282070,Highdration LLC,Lowell,1852.0,,,20 Payton Street,,Lowell,MA,1852,POINT (-71.275566 42.459085),POINT (-71.321253 42.6408869),15 Kearney Square,Apt. 301,Lowell,MA,1852,85-4206924,MPN282070,8/20/2021 05:32:14 PM,6/2/2021 01:26:24 PM,10/18/2021 02:35:02 PM,False,no,,,,,,,,,Not a DBE,,,,4/26/2021 02:19:41 PM,9/3/2021 09:12:35 AM,10/14/2021 01:09:53 PM,12/14/2023 03:00:00 AM,12/14/2024 03:00:00 AM,,10000.0,1852.0,Lowell,Middlesex,42.459085,-71.275566,Northeast,755 Dutton Street,,MA,42.640887,-71.321254,755.0,Dutton St,,,Lowell,MA,Middlesex County,1854.0,Highdration LLC,MA,MACCC,Massachusetts Cannabis Control Commission,,,,,
07/01/2024,APPROVED,Independent Testing Laboratory,Expedited Review - License Type,Expedited,License Type,COMMENCE OPS,3/17/2023,COMPLETE,IL281359,Green Valley Analytics LLC,Holyoke,1040.0,,,306 Race St,,Holyoke,MA,1040,POINT (-72.571312 42.12756),POINT (-72.607519 42.2004519),306 Race St,,Holyoke,MA,1040,85-4060279,ILN281359,4/20/2021 06:34:44 PM,4/7/2021 11:35:50 AM,,False,no,,,,,,,,,Not a DBE,,,2/9/2023 03:00:00 AM,11/30/2020 04:44:09 PM,4/30/2021 10:44:10 AM,6/22/2021 10:58:37 AM,8/10/2023 04:00:00 AM,9/10/2024 04:00:00 AM,,10000.0,1040.0,Holyoke,Hampden,42.12756,-72.571312,Western MA,306 Race St,,MA,42.200452,-72.60752,306.0,Race St,,,Holyoke,MA,Hampden County,1040.0,Green Valley Analytics LLC,MA,MACCC,Massachusetts Cannabis Control Commission,,,,,
07/01/2024,APPROVED,Marijuana Product Manufacturer,General Applicant,General Applicant,General Applicant,PROVISIONAL LICENSE,,COMPLETE,MP281783,"Tower Three, LLC",Taunton,2780.0,,,341 Savin Hill Ave,,Boston,MA,2125,POINT (-71.102131 41.778329),POINT (-71.085898 41.8963079),341 Savin Hill Ave,,Boston,MA,2125,83-1455009,MPN281783,11/29/2022 10:40:36 AM,8/17/2022 11:57:12 AM,,False,no,,SE306973,,,,,,,Not a DBE,,,,11/4/2019 11:03:53 AM,12/9/2022 10:55:49 AM,3/9/2023 12:47:28 PM,6/9/2023 04:00:00 AM,6/9/2024 04:00:00 AM,,10000.0,2780.0,Taunton,Bristol,41.778329,-71.102131,Southeast and Cape,30 Sherwood Street,,MA,41.896308,-71.085898,30.0,Sherwood Dr,,,Taunton,MA,Bristol County,2780.0,"Tower Three, LLC",MA,MACCC,Massachusetts Cannabis Control Commission,,,,,
07/01/2024,APPROVED,Marijuana Retailer,Expedited Review - DBE Status,Expedited,DBE Status,COMMENCE OPS,6/2/2023,COMPLETE,MR282984,Noble Manna Inc.,Mendon,1756.0,,,47 Milford Street,,Mendon,MA,1756,POINT (-71.840209 42.329642),POINT (-71.545586 42.1149320),"110 Turnpike Road, Suite 114",,Westborough,MA,1581,84-3228266,MRN282984,2/15/2021 09:29:54 AM,11/24/2020 12:31:35 PM,3/12/2021 03:12:00 PM,False,no,,,,,,,,,Veteran-Owned Business,,,4/14/2023 04:00:00 AM,9/12/2019 12:13:25 PM,12/10/2020 10:00:00 AM,3/11/2021 01:59:24 PM,8/10/2023 04:00:00 AM,8/14/2024 04:00:00 AM,,10000.0,1756.0,Mendon,Worcester,42.329642,-71.840209,Central MA,47 Milford Street,,MA,42.114932,-71.545587,47.0,Milford St,,,Mendon,MA,Worcester County,1756.0,Noble Manna Inc.,MA,MACCC,Massachusetts Cannabis Control Commission,,,,,
07/01/2024,APPROVED,Marijuana Microbusiness,Expedited Review - Two or More,Expedited,Two or More,PROVISIONAL LICENSE,,COMPLETE,MB281755,"Buddies Ice Cream, Inc.",Holyoke,1040.0,,,63 JACKSON ST,,HOLYOKE,MA,1040,POINT (-72.571312 42.12756),POINT (-72.613946 42.1973569),"63 JACKSON ST, c/o DIAMOND LIGHT, INC.",,HOLYOKE,MA,1040,83-2810745,MBN281755,6/3/2020 01:22:35 AM,4/22/2020 12:00:00 AM,,False,yes,SE303963,SE303963,,,,,,,Minority-Owned Business,,,,1/5/2020 03:38:03 AM,6/12/2020 09:50:26 AM,8/6/2020 01:44:24 PM,10/14/2021 04:00:00 AM,10/14/2022 04:00:00 AM,,2812.0,1040.0,Holyoke,Hampden,42.12756,-72.571312,Western MA,"63 Jackson St,",,MA,42.197357,-72.613947,63.0,Jackson St,,,Holyoke,MA,Hampden County,1040.0,"Buddies Ice Cream, Inc.",MA,MACCC,Massachusetts Cannabis Control Commission,,,,,
07/01/2024,APPROVED,Marijuana Courier Pre-Certification,Expedited Review - Social Equity Participant,Expedited,Social Equity Participant,PROVISIONAL LICENSE,,COMPLETE,PDO103104,The GreenHouse Cannabis Group Inc.,,,,,133 Clarendon St #170360,SMB 8220,Boston,MA,2117,,,46 Everett Street,,Medford,MA,2155,85-1259147,PDOA103104,7/15/2020 08:05:43 PM,7/14/2020 01:03:32 PM,,False,,SE305006,SE305006,,,,,,,Minority-Owned Business,,,,6/3/2020 09:53:32 AM,7/23/2020 03:42:18 PM,7/23/2020 03:47:31 PM,7/23/2020 04:00:00 AM,7/23/2022 04:00:00 AM,,0.0,,,,,,,,,MA,,,,,,,,,,,The GreenHouse Cannabis Group Inc.,MA,MACCC,Massachusetts Cannabis Control Commission,,,,,
07/01/2024,APPROVED,Marijuana Delivery Operator,Expedited Review - Social Equity Participant,Expedited,Social Equity Participant,PROVISIONAL LICENSE,,COMPLETE,MD1306,"Pineapple Express, LLC",Ware,1082.0,,,64 Elm Circle,,West Springfield,MA,1089,POINT (-72.62073 42.322256),,64 Elm Circle,,West Springfield,MA,1089,87-4280465,MDA1306,8/17/2022 11:19:17 AM,8/15/2022 10:54:50 AM,,False,,SE306067,SE306067,,,,,,,Not a DBE,,,,3/26/2022 11:24:12 AM,8/19/2022 09:36:23 AM,10/13/2022 04:14:50 PM,9/14/2023 04:00:00 AM,10/13/2024 04:00:00 AM,,0.0,1082.0,Ware,Hampshire,42.322256,-72.62073,Western MA,,,MA,,,,,,,,,,,"Pineapple Express, LLC",MA,MACCC,Massachusetts Cannabis Control Commission,,,,,
07/01/2024,APPROVED,Marijuana Retailer,Priority Review - MTC Priority,Priority,MTC Priority,COMMENCE OPS,1/16/2019,COMPLETE,MR281314,"Northeast Alternatives, Inc.",Fall River,2721.0,,,999 William S. Canning Boulevard,,Fall River,MA,2721,POINT (-71.102131 41.778329),POINT (-71.156976 41.665495),999 William S. Canning Boulevard,,Fall River,MA,2721,82-0744804,MRN281314,7/13/2018 11:35:41 AM,5/21/2018 12:00:00 AM,8/28/2018 03:03:44 PM,True,,,,,,,APPROVED,RP201952,RPA201952,Not a DBE,,,12/13/2018 03:00:00 AM,4/24/2018 08:14:56 PM,7/19/2018 12:00:00 AM,8/23/2018 03:50:58 PM,10/12/2023 04:00:00 AM,10/14/2024 04:00:00 AM,,5000.0,2721.0,Fall River,Bristol,41.778329,-71.102131,Southeast and Cape,999 William S. Canning Boulevard,,MA,41.665495,-71.156976,999.0,William S Canning Blvd,,,Fall River,MA,Bristol County,2721.0,"Northeast Alternatives, Inc.",MA,MACCC,Massachusetts Cannabis Control Commission,,,,,
07/01/2024,APPROVED,Marijuana Product Manufacturer,General Applicant,General Applicant,General Applicant,PROVISIONAL LICENSE,,COMPLETE,MP281674,Paper City Industries LLC,Holyoke,1040.0,,,11 Berkshire Street,,Holyoke,MA,1040,POINT (-72.571312 42.12756),POINT (-72.615589 42.1934650),"223 N. Guadalupe, #502",,Santa Fe,NM,87501,83-4719234,MPN281674,7/8/2020 12:14:27 PM,3/2/2020 12:00:00 AM,,False,,,,,,,,,,Not a DBE,,,,5/21/2019 04:52:49 PM,7/10/2020 09:11:30 AM,9/10/2020 01:26:22 PM,1/12/2023 03:00:00 AM,1/21/2024 03:00:00 AM,,10000.0,1040.0,Holyoke,Hampden,42.12756,-72.571312,Western MA,11 Berkshire Street,,MA,42.193465,-72.61559,11.0,Berkshire St,,,Holyoke,MA,Hampden County,1040.0,Paper City Industries LLC,MA,MACCC,Massachusetts Cannabis Control Commission,,,,,
07/01/2024,APPROVED,Marijuana Cultivator,General Applicant,General Applicant,General Applicant,FINAL LICENSE,,COMPLETE,MC283474,Milkmen Cultivation LLC,Clinton,1510.0,,,813 Parker St,3,Boston,MA,2120,POINT (-71.840209 42.329642),POINT (-71.679017 42.4129539),75 Green St,Suite 3,Clinton,MA,1510,86-2585029,MCN283474,8/20/2021 01:11:52 PM,4/23/2021 02:38:56 PM,,False,no,,,,,,,,,Not a DBE,Indoor,"Tier 02: 5,001 to 10,000 sq. ft.",6/8/2023 04:00:00 AM,4/14/2021 10:04:13 AM,8/23/2021 03:27:13 PM,11/18/2021 02:41:06 PM,5/11/2023 04:00:00 AM,8/12/2024 04:00:00 AM,,2500.0,1510.0,Clinton,Worcester,42.329642,-71.840209,Central MA,75 Green St,Suite 3,MA,42.412954,-71.679018,75.0,Green St,,,Clinton,MA,Worcester County,1510.0,Milkmen Cultivation LLC,MA,MACCC,Massachusetts Cannabis Control Commission,,,,,
07/01/2024,APPROVED,Marijuana Product Manufacturer,Expedited Review - DBE Status,Expedited,DBE Status,COMMENCE OPS,6/13/2022,COMPLETE,MP282053,"Sun Drops, LLC",Sheffield,1257.0,,,39 Silver Street,,Sheffield,MA,1257,POINT (-73.209889 42.396128),POINT (-73.349864 42.0933509),50 Old Village Road,,Alford,MA,1230,85-3929073,MPN282053,4/15/2021 11:32:42 AM,4/13/2021 10:32:32 AM,,False,no,,,,,,,,,Woman-Owned Business | Minority-Owned Business,,,5/12/2022 04:00:00 AM,3/16/2021 09:03:01 AM,4/30/2021 11:14:55 AM,7/15/2021 04:44:50 PM,11/9/2023 03:00:00 AM,11/13/2024 03:00:00 AM,,10000.0,1257.0,Sheffield,Berkshire,42.396128,-73.209889,Western MA,39 Silver Street,,MA,42.093351,-73.349865,39.0,Silver St,,,Sheffield,MA,Berkshire County,1257.0,"Sun Drops, LLC",MA,MACCC,Massachusetts Cannabis Control Commission,,,,,
07/01/2024,APPROVED,Marijuana Delivery Operator Pre-Certification,Expedited Review - Social Equity Participant,Expedited,Social Equity Participant,PROVISIONAL LICENSE,,COMPLETE,PMD5787,"Blazr, Inc",,,,,1 Dunford Street,,Boston,MA,2119,,,1 Dunford Street,,Boston,MA,2119,00-1439324,PMDA5787,1/27/2022 10:57:30 AM,12/13/2021 01:01:13 PM,,False,,SE304937,SE304937,,,,,,,Not a DBE,,,,5/27/2021 07:11:42 PM,1/31/2022 11:30:12 AM,1/31/2022 11:30:26 AM,1/31/2022 03:00:00 AM,1/31/2024 03:00:00 AM,,0.0,,,,,,,,,MA,,,,,,,,,,,"Blazr, Inc",MA,MACCC,Massachusetts Cannabis Control Commission,,,,,
07/01/2024,APPROVED,Marijuana Delivery Operator Pre-Certification,Expedited Review - Social Equity Participant,Expedited,Social Equity Participant,PROVISIONAL LICENSE,,COMPLETE,PMD5795,Tranquil Valley Delivery Service LLC,,,,,127 Saint Kolbe Dr,,Holyoke,MA,1040,,,127 Saint Kolbe Dr,,Holyoke,MA,1040,87-1932469,PMDA5795,8/13/2021 05:42:36 PM,8/9/2021 04:12:33 PM,,False,,SE304495,SE304495,,,,,,,Not a DBE,,,,5/28/2021 08:20:43 AM,8/27/2021 11:56:40 AM,8/30/2021 11:56:51 AM,8/30/2021 04:00:00 AM,8/30/2023 04:00:00 AM,,0.0,,,,,,,,,MA,,,,,,,,,,,Tranquil Valley Delivery Service LLC,MA,MACCC,Massachusetts Cannabis Control Commission,,,,,
07/01/2024,APPROVED,Marijuana Cultivator,General Applicant,General Applicant,General Applicant,PROVISIONAL LICENSE,,COMPLETE,MC282250,"NAP ADVISORS, LLC",Whately,1373.0,,,62 Christian Lane,,Whately,MA,1373,POINT (-72.573941 42.587072),POINT (-72.623408 42.4432910),"44 School Street, Suite 325",,Boston,MA,2108,84-2341681,MCN282250,4/14/2020 09:17:36 PM,3/13/2020 12:00:00 AM,1/4/2021 08:21:16 PM,False,,,,,,,,,,Not a DBE,Indoor,"Tier 11: 90,001 to 100,000 sq. ft",,6/29/2019 06:39:16 PM,7/7/2020 11:48:52 AM,10/8/2020 02:39:04 PM,1/4/2021 03:00:00 AM,1/4/2022 03:00:00 AM,,50000.0,1373.0,South Deerfield,Franklin,42.587072,-72.573941,,62 Christian Lane,,MA,42.443291,-72.623409,62.0,Christian Ln,,,South Deerfield,MA,Franklin County,1373.0,"NAP ADVISORS, LLC",MA,MACCC,Massachusetts Cannabis Control Commission,,,,,
07/01/2024,APPROVED,Marijuana Product Manufacturer,Expedited Review - DBE Status,Expedited,DBE Status,PROVISIONAL CONSIDERATION,,PAYMENT_PENDING,MP281886,Spencer House LLC,Chester,1011.0,,,1 Bay State Dr,18 Bay State Dr,Chester,MA,1011,POINT (-72.571312 42.12756),POINT (-72.972564 42.2762510),215 Johnson Hill Rd,,Washington,MA,1223,35-2570314,MPN281886,8/11/2020 12:48:04 PM,7/7/2020 11:00:33 AM,,False,no,,,,,,,,,Woman-Owned Business,,,,5/7/2020 01:45:38 PM,8/13/2020 12:12:17 PM,11/19/2020 04:24:58 PM,,,,3125.0,1011.0,Chester,Hampden,42.12756,-72.571312,Western MA,1 Bay State Dr,18 Bay State Dr,MA,42.276251,-72.972564,1.0,Bay State Dr,,,Chester,MA,Hampden County,1011.0,Spencer House LLC,MA,MACCC,Massachusetts Cannabis Control Commission,,,,,
07/01/2024,APPROVED,Marijuana Retailer,Priority Review - MTC Priority,Priority,MTC Priority,COMMENCE OPS,1/7/2019,COMPLETE,MR281549,Theory Wellness Inc,Great Barrington,1230.0,,,394 Stockbridge Rd,,Great Barrington,MA,1230,POINT (-73.209889 42.396128),POINT (-73.344768 42.2111220),38 Montvale Ave,STE 210,Stoneham,MA,2180,47-5615911,MRN281549,8/4/2018 12:08:11 PM,7/10/2018 12:00:00 AM,10/18/2018 05:33:03 PM,True,,,,,,,APPROVED,RP201916,RPA201916,Not a DBE,,,12/13/2018 03:00:00 AM,6/5/2018 08:19:38 AM,8/13/2018 12:00:00 AM,10/18/2018 02:42:42 PM,9/14/2023 04:00:00 AM,10/23/2024 04:00:00 AM,,5000.0,1230.0,Great Barrington,Berkshire,42.396128,-73.209889,Western MA,394 Stockbridge Road,,MA,42.211122,-73.344768,394.0,Stockbridge Rd,,,Great Barrington,MA,Berkshire County,1230.0,Theory Wellness Inc,MA,MACCC,Massachusetts Cannabis Control Commission,,,,,
07/01/2024,APPROVED,Marijuana Courier Pre-Certification,Expedited Review - Social Equity Participant,Expedited,Social Equity Participant,PROVISIONAL LICENSE,,COMPLETE,PDO103518,"Pine Delivery, Inc",,,,,5 Michigan Dr,,Natick,MA,1760,,,5 APPLETON RD,,NATICK,MA,1760,86-3124235,PDOA103518,7/28/2021 05:10:23 PM,7/27/2021 09:24:43 AM,,False,,SE304970,,,,,,,,Minority-Owned Business,,,,6/10/2021 12:52:41 PM,8/27/2021 11:24:32 AM,8/30/2021 11:24:47 AM,8/30/2021 04:00:00 AM,8/30/2023 04:00:00 AM,,0.0,,,,,,,,,MA,,,,,,,,,,,"Pine Delivery, Inc",MA,MACCC,Massachusetts Cannabis Control Commission,,,,,
07/01/2024,APPROVED,Marijuana Product Manufacturer,Expedited Review - Social Equity Participant,Expedited,Social Equity Participant,PROVISIONAL CONSIDERATION,,PAYMENT_PENDING,MP282129,River Grove LLC,Holyoke,1040.0,,,475 Canal Street,,Holyoke,MA,1040,POINT (-72.571312 42.12756),POINT (-72.602157 42.1985389),226 South Main Street,,Fall River,MA,2721,87-3943758,MPN282129,3/1/2022 01:30:59 PM,12/15/2021 01:38:18 PM,,False,yes,SE305147,,,,,,,,Not a DBE,,,,10/3/2021 07:40:33 AM,3/4/2022 09:30:20 AM,8/11/2022 11:50:33 AM,,,,0.0,1040.0,Holyoke,Hampden,42.12756,-72.571312,Western MA,475 Canal Street,,MA,42.198539,-72.602157,475.0,Canal St,,,Holyoke,MA,Hampden County,1040.0,River Grove LLC,MA,MACCC,Massachusetts Cannabis Control Commission,,,,,
07/01/2024,APPROVED,Marijuana Cultivator,General Applicant,General Applicant,General Applicant,COMMENCE OPS,11/30/2021,COMPLETE,MC282540,"Good Chemistry Nurseries of Massachusetts, LLC",Holliston,1746.0,,,50 Congress Street,Suite 420,Boston,MA,2109,POINT (-71.275566 42.459085),POINT (-71.462894 42.1648890),1550 Larimer Street,#296,Denver,CO,80202,84-2733953,MCN282540,7/8/2020 03:46:27 PM,3/27/2020 12:00:00 AM,9/10/2020 05:56:31 PM,True,,,,,,,APPROVED,RP201817,RPA201817,Not a DBE,Indoor,"Tier 03: 10,001 to 20,000 sq. ft",7/15/2021 04:00:00 AM,12/16/2019 01:35:29 PM,7/10/2020 09:13:06 AM,9/10/2020 01:09:03 PM,12/14/2023 03:00:00 AM,1/8/2025 03:00:00 AM,,5000.0,1746.0,Holliston,Middlesex,42.459085,-71.275566,Central MA,390 Hopping Brook Road,,MA,42.164889,-71.462894,390.0,Hopping Brook Rd,,,Holliston,MA,Middlesex County,1746.0,"Good Chemistry Nurseries of Massachusetts, LLC",MA,MACCC,Massachusetts Cannabis Control Commission,,,,,
07/01/2024,APPROVED,Marijuana Delivery Operator Pre-Certification,Expedited Review - Social Equity Participant,Expedited,Social Equity Participant,PROVISIONAL LICENSE,,COMPLETE,PMD6038,MORABEZA LLC,,,,,529 Pleasant St,,Winthrop,MA,2152,,,529 Pleasant St,,Winthrop,MA,2152,88-1276674,PMDA6038,12/15/2022 07:28:11 PM,10/26/2022 01:29:34 PM,,False,,SE306396,SE306396,,,,,,,Minority-Owned Business,,,,8/1/2022 07:59:13 PM,12/23/2022 04:04:57 PM,12/23/2022 04:05:31 PM,12/23/2022 03:00:00 AM,12/23/2024 03:00:00 AM,,0.0,,,,,,,,,MA,,,,,,,,,,,MORABEZA LLC,MA,MACCC,Massachusetts Cannabis Control Commission,,,,,
07/01/2024,APPROVED,Marijuana Product Manufacturer,General Applicant,General Applicant,General Applicant,PROVISIONAL CONSIDERATION,,PAYMENT_PENDING,MP282060,"Hydro Flower, LLC",Montague,1376.0,,,36 Canal Road,,Turners Falls,MA,1376,POINT (-72.573941 42.587072),POINT (-72.560620 42.6089029),36 Canal Raod,,Turners Falls,MA,1376,86-2179786,MPN282060,4/13/2021 06:58:33 AM,4/8/2021 11:58:49 AM,,False,no,,,,,,,,,Not a DBE,,,,3/26/2021 08:31:07 AM,4/30/2021 09:32:06 AM,6/22/2021 11:04:09 AM,,,,0.0,1376.0,Turners Falls,Franklin,42.587072,-72.573941,,36 Canal Road,,MA,42.608903,-72.560621,36.0,Canal Rd,,,Turners Falls,MA,Franklin County,1376.0,"Hydro Flower, LLC",MA,MACCC,Massachusetts Cannabis Control Commission,,,,,
07/01/2024,APPROVED,Marijuana Retailer,General Applicant,General Applicant,General Applicant,PROVISIONAL CONSIDERATION,,PAYMENT_PENDING,MR282687,Kalyx LLC,Belchertown,1007.0,,,125 North Main Street,,Belchertown,MA,1007,POINT (-72.62073 42.322256),POINT (-72.407494 42.2877889),281 State St,,Springfield,MA,1103,83-4516431,MRN282687,11/24/2021 04:16:13 PM,2/6/2020 12:00:00 AM,,False,no,,,,,,,,,Not a DBE,,,,5/6/2019 03:56:28 PM,12/3/2021 11:22:57 AM,4/7/2022 12:47:35 PM,,,,0.0,1007.0,Belchertown,Hampshire,42.322256,-72.62073,Western MA,125 North Main Street,,MA,42.287789,-72.407494,125.0,N Main St,,,Belchertown,MA,Hampshire County,1007.0,Kalyx LLC,MA,MACCC,Massachusetts Cannabis Control Commission,,,,,
07/01/2024,APPROVED,Marijuana Delivery Operator Pre-Certification,Expedited Review - Social Equity Participant,Expedited,Social Equity Participant,PROVISIONAL LICENSE,,COMPLETE,PMD5971,S&JinternationalLLP,,,,,200 Wales st,,Abington,MA,2351,,,200 Wales st.,,Abington,MA,2351,86-2416779,PMDA5971,4/15/2022 03:32:14 PM,3/24/2022 03:07:56 PM,,False,,SE306259,SE306259,,,,,,,Not a DBE,,,,12/1/2021 04:33:13 PM,5/2/2022 09:41:49 AM,5/2/2022 09:42:04 AM,5/2/2022 04:00:00 AM,5/2/2024 04:00:00 AM,,0.0,,,,,,,,,MA,,,,,,,,,,,S&JinternationalLLP,MA,MACCC,Massachusetts Cannabis Control Commission,,,,,
07/01/2024,APPROVED,Marijuana Cultivator,General Applicant,General Applicant,General Applicant,PROVISIONAL CONSIDERATION,,PAYMENT_PENDING,MC282664,Revolution Greencare LLC,Chicopee,1020.0,,,30 Buckley Blvd,,Chicopee,MA,1020,POINT (-72.571312 42.12756),POINT (-72.597802 42.1938949),30 Buckley Blvd,,Chicopee,MA,1020,12-1234567,MCN282664,11/10/2021 01:44:41 PM,10/26/2021 04:46:32 PM,,False,no,,,,,,,,,Not a DBE,Indoor,"Tier 06: 40,001 to 50,000 sq. ft",,2/26/2020 08:46:20 AM,11/15/2021 04:28:28 PM,2/14/2022 04:23:34 PM,,,,0.0,1020.0,Chicopee,Hampden,42.12756,-72.571312,Western MA,30 Buckley Boulevard,,MA,42.193895,-72.597802,30.0,Buckley Blvd,,,Chicopee,MA,Hampden County,1020.0,Revolution Greencare LLC,MA,MACCC,Massachusetts Cannabis Control Commission,,,,,
07/01/2024,APPROVED,Marijuana Product Manufacturer,General Applicant,General Applicant,General Applicant,FINAL LICENSE,,COMPLETE,MP281520,Blue Collar Botany Corp,Fitchburg,1420.0,,,644 River Street,,Fitchburg,MA,1420,POINT (-71.840209 42.329642),POINT (-71.830799 42.5775810),644 River Street,,Fitchburg,MA,1420,83-0825415,MPN281520,3/17/2020 03:09:22 PM,10/25/2019 12:00:00 AM,,False,,,,,,,,,,Not a DBE,,,10/12/2023 04:00:00 AM,10/21/2018 02:10:00 PM,3/19/2020 12:00:00 AM,6/4/2020 02:05:14 PM,10/12/2023 04:00:00 AM,10/12/2024 04:00:00 AM,,10000.0,1420.0,Fitchburg,Worcester,42.329642,-71.840209,Central MA,644 River Street,,MA,42.577581,-71.8308,644.0,River St,,,Fitchburg,MA,Worcester County,1420.0,Blue Collar Botany Corp,MA,MACCC,Massachusetts Cannabis Control Commission,,,,,
07/01/2024,APPROVED,Marijuana Courier Pre-Certification,Expedited Review - Social Equity Participant,Expedited,Social Equity Participant,PROVISIONAL LICENSE,,COMPLETE,PDO103170,Grassp Ventures LLC,,,,,141 W State St,,Granby,MA,1033,,,141 W State St,,Granby,MA,1033,85-3437870,PDOA103170,10/27/2020 09:31:57 PM,10/26/2020 04:22:07 PM,,False,,SE303896,SE303896,,,,,,,Not a DBE,,,,7/17/2020 01:15:14 PM,10/30/2020 10:10:50 AM,10/30/2020 10:10:59 AM,10/30/2020 04:00:00 AM,10/30/2022 04:00:00 AM,,0.0,,,,,,,,,MA,,,,,,,,,,,Grassp Ventures LLC,MA,MACCC,Massachusetts Cannabis Control Commission,,,,,
07/01/2024,APPROVED,Marijuana Delivery Operator Pre-Certification,Expedited Review - Social Equity Participant,Expedited,Social Equity Participant,PROVISIONAL LICENSE,,COMPLETE,PMD5884,King Green Industries,,,,,11 Granite Lane,,Barnstable,MA,2630,,,11 Granite Lane,,Barnstable,MA,2630,84-4614547,PMDA5884,8/13/2021 08:12:01 AM,8/10/2021 10:52:53 AM,,False,,SE304703,SE304703,,,,,,,Not a DBE,,,,6/23/2021 12:01:40 PM,8/27/2021 10:53:15 AM,8/30/2021 10:53:26 AM,8/30/2021 04:00:00 AM,8/30/2023 04:00:00 AM,,0.0,,,,,,,,,MA,,,,,,,,,,,King Green Industries,MA,MACCC,Massachusetts Cannabis Control Commission,,,,,
07/01/2024,APPROVED,Marijuana Retailer,General Applicant,General Applicant,General Applicant,PROVISIONAL LICENSE,,COMPLETE,MR282659,"Metro Harvest, Inc.",New Bedford,2745.0,,,292 Bedford St.,,Bridgewater,MA,2324,POINT (-71.102131 41.778329),POINT (-70.939925 41.6797559),292 Bedford St.,,Bridgewater,MA,2324,83-4383388,MRN282659,3/5/2020 08:06:42 PM,2/20/2020 12:00:00 AM,,False,,,,,,,,,,Not a DBE,,,,4/28/2019 08:48:49 PM,3/27/2020 12:00:00 AM,6/4/2020 02:34:02 PM,4/14/2023 04:00:00 AM,8/15/2024 04:00:00 AM,,10000.0,2745.0,New Bedford,Bristol,41.778329,-71.102131,Southeast and Cape,596 Tarkiln Hill Road,,MA,41.679756,-70.939925,596.0,Tarkiln Hill Rd,,,New Bedford,MA,Bristol County,2745.0,"Metro Harvest, Inc.",MA,MACCC,Massachusetts Cannabis Control Commission,,,,,
07/01/2024,APPROVED,Marijuana Retailer,General Applicant,General Applicant,General Applicant,PROVISIONAL CONSIDERATION,,PAYMENT_PENDING,MR283919,"BOATHOUSE STORE, LLC",Webster,1570.0,,,4 Town Forest Road,Unit A,Webster,MA,1570,POINT (-71.840209 42.329642),POINT (-71.861243 42.0777020),PO Box 1210,,Webster,MA,1570,85-4021893,MRN283919,2/12/2021 12:23:23 PM,1/20/2021 03:56:11 PM,,False,no,,,,,,,,,Not a DBE,,,,11/27/2020 09:40:18 AM,2/26/2021 01:06:26 PM,4/16/2021 01:49:46 PM,,,,0.0,1570.0,Webster,Worcester,42.329642,-71.840209,Central MA,4 Town Forest Road,Unit A,MA,42.077702,-71.861243,4.0,Town Forest Rd,,,Webster,MA,Worcester County,1570.0,"BOATHOUSE STORE, LLC",MA,MACCC,Massachusetts Cannabis Control Commission,,,,,
07/01/2024,APPROVED,Marijuana Product Manufacturer,General Applicant,General Applicant,General Applicant,PROVISIONAL LICENSE,,COMPLETE,MP281514,Higher Purpose Corporation,Lee,1238.0,,,392 Merrill Rd,,Pittsfield,AK,1201,POINT (-73.209889 42.396128),POINT (-73.255697 42.2781489),392 Merrill Rd,,Pittsfield,MA,1201,83-2229449,MPN281514,5/10/2020 03:22:41 PM,10/11/2019 12:00:00 AM,,False,,,,,,,,,,Not a DBE,,,,10/17/2018 09:14:02 AM,5/21/2020 01:14:45 PM,8/6/2020 02:03:26 PM,5/12/2022 04:00:00 AM,5/21/2023 04:00:00 AM,,10000.0,1238.0,Lee,Berkshire,42.396128,-73.209889,Western MA,815 Pleasant Street,,MA,42.278149,-73.255698,815.0,Pleasant St,,,Lee,MA,Berkshire County,1238.0,Higher Purpose Corporation,MA,MACCC,Massachusetts Cannabis Control Commission,,,,,
07/01/2024,APPROVED,Marijuana Delivery Operator Pre-Certification,Priority Review - Economic Empowerment Priority,Priority,Economic Empowerment Priority,PROVISIONAL LICENSE,,COMPLETE,PMD5998,Mass Cannsit,,,,,59 Highland Glen Drive #332,,Randolph,MA,2368,,,59 Highland Glen Drive #332,,Randolph,MA,2368,82-5076690,PMDA5998,3/25/2022 08:24:58 AM,3/23/2022 02:42:59 PM,,True,,EE202197,,APPROVED,EE202197,,,,,Not a DBE,,,,3/11/2022 12:10:41 PM,4/1/2022 02:54:23 PM,4/1/2022 02:54:49 PM,4/1/2022 04:00:00 AM,4/1/2024 04:00:00 AM,,0.0,,,,,,,,,MA,,,,,,,,,,,Mass Cannsit,MA,MACCC,Massachusetts Cannabis Control Commission,,,,,
07/01/2024,APPROVED,Marijuana Product Manufacturer,General Applicant,General Applicant,General Applicant,PROVISIONAL LICENSE,,COMPLETE,MP282247,"Lunar Xtracts, Inc.",Taunton,2780.0,,,230 Cross Road,,Dartmouth,MA,2747,POINT (-71.102131 41.778329),POINT (-71.101212 41.91778),230 Cross Road,,Dartmouth,MA,2747,92-0920971,MPN282247,12/15/2022 10:45:00 AM,12/8/2022 08:30:04 AM,,False,no,,,,,,,,,Not a DBE,,,,11/17/2022 11:37:52 AM,12/30/2022 09:48:59 AM,2/9/2023 01:22:32 PM,2/8/2024 03:00:00 AM,2/15/2025 03:00:00 AM,,10000.0,2780.0,Taunton,Bristol,41.778329,-71.102131,Southeast and Cape,144 West Britannia Street,Unit 5B,MA,41.91778,-71.101212,144.0,W Britannia St,,,Taunton,MA,Bristol County,2780.0,"Lunar Xtracts, Inc.",MA,MACCC,Massachusetts Cannabis Control Commission,,,,,
07/01/2024,APPROVED,Marijuana Retailer,Priority Review - Economic Empowerment Priority,Priority,Economic Empowerment Priority,COMMENCE OPS,12/8/2021,COMPLETE,MR282881,Frozen 4 Corporatioon,Marshfield,2050.0,,,618 Columbia Road,,Dorchester,MA,2125,POINT (-70.818958 41.978877),POINT (-70.758618 42.1062799),8 Bayridge Lane,,Duxbury,MA,2332,83-2341577,MRN282881,3/12/2020 03:10:52 PM,2/7/2020 12:00:00 AM,6/5/2020 02:06:54 PM,True,,,,,,EEA201955,,,,Not a DBE,,,11/18/2021 03:00:00 AM,7/22/2019 02:25:27 PM,3/19/2020 12:00:00 AM,6/4/2020 02:13:00 PM,5/11/2023 04:00:00 AM,8/10/2024 04:00:00 AM,,5000.0,2050.0,Marshfield,Plymouth,41.978877,-70.818958,Southeast and Cape,985 Plain Street,,MA,42.10628,-70.758619,985.0,Plain St,,,Marshfield,MA,Plymouth County,2050.0,Frozen 4 Corporatioon,MA,MACCC,Massachusetts Cannabis Control Commission,,,,,
07/01/2024,APPROVED,Marijuana Retailer,Expedited Review - DBE Status,Expedited,DBE Status,COMMENCE OPS,10/7/2020,COMPLETE,MR282519,Ganesh Wellness Inc.,West Boylston,1583.0,,,50 Congress St. Suite 420,,Boston,MA,2109,POINT (-71.840209 42.329642),POINT (-71.783381 42.3586499),62 Church Hill Rd,,Newtown,CT,6470,82-4520628,MRN282519,3/9/2020 08:37:29 PM,10/28/2019 12:00:00 AM,,False,,,,,,,,,,Minority-Owned Business | Woman-Owned Business,,,9/10/2020 04:00:00 AM,3/25/2019 01:12:57 PM,3/19/2020 12:00:00 AM,5/8/2020 02:17:49 PM,4/11/2024 04:00:00 AM,6/10/2025 04:00:00 AM,,10000.0,1583.0,West Boylston,Worcester,42.329642,-71.840209,Central MA,65 West Boylston Street,,MA,42.35865,-71.783381,65.0,W Boylston St,,,West Boylston,MA,Worcester County,1583.0,Ganesh Wellness Inc.,MA,MACCC,Massachusetts Cannabis Control Commission,,,,,
07/01/2024,APPROVED,Marijuana Retailer,General Applicant,General Applicant,General Applicant,PROVISIONAL LICENSE,,COMPLETE,MR284245,Dr.Greenthumb Greenfield LLC,Greenfield,1013.0,,,220-228 Main Street,,Greenfield,MA,1301,POINT (-72.571312 42.12756),POINT (-72.602445 42.5881899),19 Oak lane,,Douglaston,NY,11363,87-1767941,MRN284245,12/16/2021 11:54:53 AM,11/23/2021 10:57:21 AM,3/22/2022 11:41:57 AM,False,no,,,,,,,,,Minority-Owned Business,,,,5/16/2021 03:22:54 PM,12/17/2021 11:52:23 AM,3/10/2022 01:55:13 PM,4/14/2023 04:00:00 AM,4/17/2024 04:00:00 AM,,10000.0,1013.0,Chicopee,Hampden,42.12756,-72.571312,Western MA,220-228 Main Street,,MA,42.58819,-72.602445,228.0,Main St,,,Greenfield,MA,Franklin County,1301.0,Dr.Greenthumb Greenfield LLC,MA,MACCC,Massachusetts Cannabis Control Commission,,,,,
07/01/2024,APPROVED,Marijuana Retailer,Expedited Review - DBE Status,Expedited,DBE Status,COMMENCE OPS,10/27/2020,COMPLETE,MR281517,"D2N2,LLC",Great Barrington,1230.0,,,307 Main Street,,Great Barrington,MA,1230,POINT (-73.209889 42.396128),POINT (-73.362026 42.1940659),307 Main Street,,Great Barrington,MA,1230,83-0822497,MRN281517,12/9/2019 03:20:21 PM,8/13/2019 12:00:00 AM,1/17/2020 05:28:03 PM,False,,,,,,,,,,Woman-Owned Business,,,9/10/2020 04:00:00 AM,6/1/2018 07:51:00 AM,10/3/2019 12:00:00 AM,1/9/2020 11:20:49 AM,12/14/2023 03:00:00 AM,1/21/2025 03:00:00 AM,,10000.0,1230.0,Great Barrington,Berkshire,42.396128,-73.209889,Western MA,307 Main Street,,MA,42.194066,-73.362027,307.0,Main St,,,Great Barrington,MA,Berkshire County,1230.0,"D2N2,LLC",MA,MACCC,Massachusetts Cannabis Control Commission,,,,,
07/01/2024,APPROVED,Marijuana Product Manufacturer,General Applicant,General Applicant,General Applicant,PROVISIONAL LICENSE,,COMPLETE,MP281689,Four Score Holdings LLC,Charlton,1507.0,,,144 Sturbridge Road,,Charlton,MA,1507,POINT (-71.840209 42.329642),POINT (-72.019810 42.1390839),144 Sturbridge Road,,Charlton,MA,1507,83-3664748,MPN281689,3/10/2020 05:06:39 PM,2/4/2020 12:00:00 AM,10/5/2020 01:18:52 PM,False,,,,,,,,,,Not a DBE,,,,6/5/2019 12:36:03 PM,3/27/2020 12:00:00 AM,7/9/2020 02:50:41 PM,8/10/2023 04:00:00 AM,8/10/2024 04:00:00 AM,,10000.0,1507.0,Charlton,Worcester,42.329642,-71.840209,Central MA,144 Sturbridge Road,,MA,42.139084,-72.01981,144.0,Sturbridge Rd,,,Charlton,MA,Worcester County,1507.0,Four Score Holdings LLC,MA,MACCC,Massachusetts Cannabis Control Commission,,,,,
07/01/2024,APPROVED,Marijuana Retailer,General Applicant,General Applicant,General Applicant,COMMENCE OPS,10/17/2022,COMPLETE,MR284228,Hadleaf Holistic Greens Dispensary LLC.,Hadley,1035.0,,,251 Russell St.,,Hadley,MA,1035,POINT (-72.62073 42.322256),POINT (-72.569688 42.3481099),251 Russell St.,,Hadley,MA,1035,84-4079697,MRN284228,1/13/2022 11:42:45 AM,11/9/2021 02:24:42 PM,,False,no,,,,,,,,,Not a DBE,,,8/11/2022 04:00:00 AM,4/30/2021 02:38:50 PM,1/14/2022 11:38:54 AM,3/10/2022 01:54:01 PM,2/9/2023 03:00:00 AM,10/11/2024 04:00:00 AM,,10000.0,1035.0,Hadley,Hampshire,42.322256,-72.62073,Western MA,251 Russell St.,,MA,42.34811,-72.569689,251.0,Russell St,,,Hadley,MA,Hampshire County,1035.0,Hadleaf Holistic Greens Dispensary LLC.,MA,MACCC,Massachusetts Cannabis Control Commission,,,,,
07/01/2024,APPROVED,Marijuana Retailer,Expedited Review - DBE Status,Expedited,DBE Status,COMMENCE OPS,4/30/2024,COMPLETE,MR284651,Enlite Cannabis Dispensary LLC,Springfield,1151.0,,,459 Main Street,,Indian Orchard,MA,1151,POINT (-72.571312 42.12756),POINT (-72.488720 42.1561230),"55 Frank B Murray Street, Suite 301",,Springfield,MA,1103,83-1339372,MRN284651,11/2/2022 04:10:48 PM,8/17/2022 11:46:37 AM,1/12/2023 04:15:21 PM,False,no,,,,,,,,,Minority-Owned Business,,,3/7/2024 03:00:00 AM,5/4/2022 10:55:39 AM,11/8/2022 11:27:46 AM,1/12/2023 01:08:10 PM,2/8/2024 03:00:00 AM,2/12/2025 03:00:00 AM,,5000.0,1151.0,Indian Orchard,Hampden,42.12756,-72.571312,,479 Main Street,,MA,42.156123,-72.488721,479.0,Main St,,,Indian Orchard,MA,Hampden County,1151.0,Enlite Cannabis Dispensary LLC,MA,MACCC,Massachusetts Cannabis Control Commission,,,,,
07/01/2024,APPROVED,Marijuana Product Manufacturer,General Applicant,General Applicant,General Applicant,PROVISIONAL LICENSE,,COMPLETE,MP282069,"Trava, Inc.",Wareham,2538.0,,,3119 Cranberry Highway,,Wareham,MA,2538,POINT (-70.818958 41.978877),POINT (-70.640355 41.7546910),1576 Hancock Street,,Quincy,MA,2169,84-2236743,MPN282069,8/24/2021 11:28:36 AM,6/3/2021 12:44:44 PM,1/20/2022 11:10:33 AM,False,no,,,,,,,,,Not a DBE,,,,4/26/2021 11:52:46 AM,9/3/2021 10:24:17 AM,11/18/2021 02:36:42 PM,12/8/2022 03:00:00 AM,1/20/2024 03:00:00 AM,,10000.0,2538.0,East Wareham,Plymouth,41.978877,-70.818958,,3119 Cranberry Highway,,MA,41.754691,-70.640356,3119.0,Cranberry Hwy,,,East Wareham,MA,Plymouth County,2538.0,"Trava, Inc.",MA,MACCC,Massachusetts Cannabis Control Commission,,,,,
07/01/2024,APPROVED,Marijuana Research Facility,General Applicant,General Applicant,General Applicant,PROVISIONAL LICENSE,,COMPLETE,RE281303,"Curaleaf Processing, Inc.",Newton,2466.0,,,241 Riverview Avenue,,Newton,MA,2466,POINT (-71.275566 42.459085),POINT (-71.243348 42.3580609),"301 Edgewater Drive, Suite 110",,Wakefield,MA,1880,82-3765687,REN281303,8/25/2022 02:56:46 PM,1/6/2022 10:02:22 AM,11/10/2022 01:37:45 PM,False,no,,,,,,,,,Not a DBE,,,,5/29/2019 11:16:53 AM,8/26/2022 11:18:59 AM,11/10/2022 12:38:12 PM,11/9/2023 03:00:00 AM,11/10/2024 03:00:00 AM,,1000.0,2466.0,Auburndale,Middlesex,42.459085,-71.275566,,241 Riverview Avenue,,MA,42.358061,-71.243349,241.0,Riverview Ave,,,Auburndale,MA,Middlesex County,2466.0,"Curaleaf Processing, Inc.",MA,MACCC,Massachusetts Cannabis Control Commission,,,,,
07/01/2024,APPROVED,Marijuana Retailer,General Applicant,General Applicant,General Applicant,COMMENCE OPS,7/10/2023,COMPLETE,MR283963,"617 Therapeutic Health Care, Inc.",Boston,2122.0,,,144 Bowdoin St,,Dorchester,MA,2121,POINT (-71.073493 42.334948),POINT (-71.071084 42.3038250),168 Beacham St.,,Everett,MA,2149,83-1869024,MRN283963,9/6/2021 05:00:03 PM,3/4/2021 11:36:17 AM,,False,no,,,,,,,,,Not a DBE,,,6/8/2023 04:00:00 AM,12/10/2020 10:15:41 AM,9/10/2021 10:58:45 AM,10/14/2021 01:07:00 PM,11/9/2023 03:00:00 AM,11/11/2024 03:00:00 AM,,10000.0,2122.0,Boston,Suffolk,42.334948,-71.073493,Metro Boston,144 Bowdoin St.,,MA,42.303825,-71.071085,144.0,Bowdoin St,,,Dorchester,MA,Suffolk County,2121.0,"617 Therapeutic Health Care, Inc.",MA,MACCC,Massachusetts Cannabis Control Commission,,,,,
07/01/2024,APPROVED,Marijuana Retailer,Expedited Review - DBE Status,Expedited,DBE Status,FINAL LICENSE,,COMPLETE,MR284925,"CommCan, Inc.",Mansfield,2084.0,,,"730 Main St., Suite 2A",,Millis,MA,2054,,POINT (-71.246059 42.0253780),"730 Main St., Suite 2A",,Millis,MA,2054,47-4619040,MRN284925,10/25/2023 10:40:17 AM,6/29/2023 04:19:25 PM,,True,no,,,,,,APPROVED,RP201907,RP201907,Woman-Owned Business,,,6/13/2024 04:00:00 AM,4/20/2023 08:10:44 AM,10/26/2023 01:23:50 PM,12/14/2023 02:27:52 PM,12/28/2023 03:00:00 AM,12/28/2024 03:00:00 AM,,10000.0,,,,,,,611 West St.,,MA,42.025378,-71.246059,611.0,West St,,,Mansfield,MA,Bristol County,2048.0,"CommCan, Inc.",MA,MACCC,Massachusetts Cannabis Control Commission,,,,,
07/01/2024,APPROVED,Marijuana Cultivator,Expedited Review - DBE Status,Expedited,DBE Status,PROVISIONAL LICENSE,,COMPLETE,MC283014,"Lifted Luxury, Inc",Millville,1529.0,,,615 Adams Street,,Dorchester,MA,2122,POINT (-71.840209 42.329642),POINT (-71.580995 42.0243200),100 HARTFORD AVE #3305-09,,PROVIDENCE,RI,2909,85-2650668,MCN283014,11/10/2020 02:41:26 PM,10/29/2020 10:59:33 AM,,False,no,,,,,,,,,Woman-Owned Business,Indoor,"Tier 01: up to 5,000 square feet",,8/21/2020 03:21:14 PM,11/20/2020 09:46:25 AM,1/14/2021 03:33:11 PM,3/9/2023 03:00:00 AM,3/10/2024 04:00:00 AM,,1250.0,1529.0,Millville,Worcester,42.329642,-71.840209,Central MA,18 Prospect Street,10 prospect Street (Lot),MA,42.02432,-71.580995,18.0,Prospect St,,,Millville,MA,Worcester County,1529.0,"Lifted Luxury, Inc",MA,MACCC,Massachusetts Cannabis Control Commission,,,,,
07/01/2024,APPROVED,Marijuana Cultivator,General Applicant,General Applicant,General Applicant,PROVISIONAL LICENSE,,COMPLETE,MC282478,High Five Inc.,Easthampton,1027.0,,,19 Wemelco Way,,Easthampton,MA,1027,POINT (-72.62073 42.322256),POINT (-72.689834 42.2537189),20 Hillside Lane,,Ashley Falls,MA,1222,84-5071795,MCN282478,6/23/2020 01:19:44 PM,2/26/2020 12:00:00 AM,7/21/2021 02:14:59 PM,False,,,,,,,,,,Not a DBE,Indoor,"Tier 03: 10,001 to 20,000 sq. ft",,11/4/2019 05:16:18 PM,6/26/2020 01:56:47 PM,8/6/2020 02:01:33 PM,7/21/2021 04:00:00 AM,7/21/2022 04:00:00 AM,,5000.0,1027.0,Easthampton,Hampshire,42.322256,-72.62073,Western MA,19 Wemelco Way,,MA,42.253719,-72.689834,19.0,Wemelco Way,,,Easthampton,MA,Hampshire County,1027.0,High Five Inc.,MA,MACCC,Massachusetts Cannabis Control Commission,,,,,
07/01/2024,APPROVED,Marijuana Product Manufacturer,Expedited Review - Social Equity Participant,Expedited,Social Equity Participant,PROVISIONAL LICENSE,,COMPLETE,MP281633,Royalston Farm LLC,Templeton,1438.0,,,1 Valley Drive,,Templeton,MA,1438,POINT (-71.840209 42.329642),POINT (-72.020172 42.5744559),130 South Royalston Road,,Royalston,MA,1368,83-2206361,MPN281633,12/16/2019 01:24:17 PM,10/22/2019 12:00:00 AM,,False,,,SE303857,,,,,,,Not a DBE,,,,3/29/2019 06:49:40 PM,12/16/2019 12:00:00 AM,3/5/2020 12:24:28 PM,1/20/2022 03:00:00 AM,1/22/2023 03:00:00 AM,,5000.0,1438.0,East Templeton,Worcester,42.329642,-71.840209,,1 Valley Drive,,MA,42.574456,-72.020172,1.0,Valley Dr,,,Templeton,MA,Worcester County,1468.0,Royalston Farm LLC,MA,MACCC,Massachusetts Cannabis Control Commission,,,,,
07/01/2024,APPROVED,Marijuana Cultivator,General Applicant,General Applicant,General Applicant,PROVISIONAL CONSIDERATION,,PAYMENT_PENDING,MC283799,Carbon Canopy Corporation,Douglas,1516.0,,,183 Davis St.,,Douglas,MA,1516,POINT (-71.840209 42.329642),POINT (-71.683852 42.0566400),305 California St.,,Newton,MA,2458,87-3509847,MCN283799,11/30/2022 10:32:14 AM,11/21/2022 10:04:03 PM,,False,no,,,,,,,,,Not a DBE,Indoor,"Tier 02: 5,001 to 10,000 sq. ft.",,10/13/2022 03:17:30 PM,12/9/2022 09:48:50 AM,2/9/2023 01:09:17 PM,,,,0.0,1516.0,Douglas,Worcester,42.329642,-71.840209,Central MA,183 Davis St.,,MA,42.05664,-71.683853,183.0,Davis St,,,Douglas,MA,Worcester County,1516.0,Carbon Canopy Corporation,MA,MACCC,Massachusetts Cannabis Control Commission,,,,,
07/01/2024,APPROVED,Marijuana Microbusiness,Expedited Review - License Type,Expedited,License Type,PROVISIONAL LICENSE,,COMPLETE,MB282384,Upper Echelon Cultivation LLC,Holyoke,1040.0,,,460 Race St,,Holyoke,MA,1040,POINT (-72.571312 42.12756),POINT (-72.609388 42.1986070),131 Kerry Dr.,,Springfield,MA,1118,00-1549133,MBN282384,5/4/2022 04:29:47 PM,3/24/2022 04:07:12 PM,7/21/2022 09:57:05 PM,False,yes,SE305726,SE305726,,,,,,,Woman-Owned Business | Minority-Owned Business,,,,2/1/2022 05:16:54 PM,5/6/2022 07:41:26 AM,7/14/2022 11:56:49 AM,7/21/2022 04:00:00 AM,7/21/2023 04:00:00 AM,,2812.0,1040.0,Holyoke,Hampden,42.12756,-72.571312,Western MA,420 Race St,,MA,42.198607,-72.609389,420.0,Race St,,,Holyoke,MA,Hampden County,1040.0,Upper Echelon Cultivation LLC,MA,MACCC,Massachusetts Cannabis Control Commission,,,,,
07/01/2024,APPROVED,Marijuana Retailer,General Applicant,General Applicant,General Applicant,COMMENCE OPS,3/1/2021,COMPLETE,MR283231,Caregiver-Patient Connection LLC/d.b.a. Local Roots,Sturbridge,1566.0,,,365 Main St,,Sturbridge,MA,1566,POINT (-71.840209 42.329642),POINT (-72.088797 42.1112189),"910 Boston Post Rd., Ste. #310",,Marlborough,MA,1752,83-3954417,MRN283231,7/21/2020 01:30:03 PM,5/26/2020 10:41:44 AM,,True,,,,,,,APPROVED,RP201819,,Not a DBE,,,2/11/2021 03:00:00 AM,1/13/2020 12:49:49 PM,7/24/2020 08:56:50 AM,9/10/2020 12:50:33 PM,9/14/2023 04:00:00 AM,10/19/2024 04:00:00 AM,,10000.0,1566.0,Sturbridge,Worcester,42.329642,-71.840209,Central MA,365 Main St,,MA,42.111219,-72.088797,365.0,Main St,,,Sturbridge,MA,Worcester County,1566.0,Caregiver-Patient Connection LLC/d.b.a. Local Roots,MA,MACCC,Massachusetts Cannabis Control Commission,,,,,
07/01/2024,APPROVED,Marijuana Retailer,Priority Review - Economic Empowerment Priority,Priority,Economic Empowerment Priority,COMMENCE OPS,5/26/2020,COMPLETE,MR281327,Haverhill Stem LLC,Haverhill,1832.0,,,124 Washington St.,,Haverhill,MA,1830,POINT (-70.970827 42.635475),POINT (-71.085691 42.7725450),25 Bradfields Dr.,,Haverhill,MA,1830,82-5176376,MRN281327,7/22/2019 01:42:16 PM,4/11/2019 12:00:00 AM,11/27/2019 10:22:47 AM,True,,,,APPROVED,EE202084,EE202084,,,,Not a DBE,,,4/9/2020 04:00:00 AM,4/25/2018 07:24:15 PM,7/24/2019 12:00:00 AM,10/10/2019 12:43:26 PM,11/9/2023 03:00:00 AM,11/27/2024 03:00:00 AM,,5000.0,1832.0,Haverhill,Essex,42.635475,-70.970827,Northeast,124 Washington Street,,MA,42.772545,-71.085692,124.0,Washington St,,,Haverhill,MA,Essex County,1832.0,Haverhill Stem LLC,MA,MACCC,Massachusetts Cannabis Control Commission,,,,,
07/01/2024,APPROVED,Marijuana Product Manufacturer,General Applicant,General Applicant,General Applicant,PROVISIONAL LICENSE,,COMPLETE,MP281574,"Calyx Peak of MA, Inc.",Worcester,1606.0,,,"50 Congress Street, Suite 420",,Boston,MA,2109,POINT (-71.840209 42.329642),POINT (-71.797194 42.320687),"50 Congress Street, Suite 420",,Boston,MA,2109,81-4672257,MPN281574,3/12/2020 05:25:29 PM,10/10/2019 12:00:00 AM,,False,,,,,,,,,,Not a DBE,,,,1/15/2019 01:35:49 PM,3/19/2020 12:00:00 AM,7/9/2020 02:36:06 PM,8/12/2021 04:00:00 AM,10/15/2022 04:00:00 AM,,10000.0,1606.0,Worcester,Worcester,42.329642,-71.840209,Central MA,10 Pullman Street,,MA,42.320687,-71.797194,10.0,Pullman St,,,Worcester,MA,Worcester County,1606.0,"Calyx Peak of MA, Inc.",MA,MACCC,Massachusetts Cannabis Control Commission,,,,,
07/01/2024,APPROVED,Marijuana Retailer,Priority Review - MTC Priority,Priority,MTC Priority,PROVISIONAL LICENSE,,COMPLETE,MR282819,"Bask, Inc.",Taunton,2780.0,,,2 Pequod Road,,Fairhaven,MA,2719,POINT (-71.102131 41.778329),POINT (-71.134715 41.8859550),2 Pequod Road,,Fairhaven,MA,2719,46-3397060,MRN282819,12/9/2019 03:56:46 PM,8/5/2019 12:00:00 AM,1/9/2020 04:40:49 PM,True,,,SE305325,,,,APPROVED,RP201988,RPA201988,Not a DBE,,,,6/28/2019 04:30:20 PM,9/5/2019 12:00:00 AM,1/9/2020 11:21:54 AM,2/8/2024 03:00:00 AM,2/11/2025 03:00:00 AM,,10000.0,2780.0,Taunton,Bristol,41.778329,-71.102131,Southeast and Cape,400 Winthrop Street,,MA,41.885955,-71.134715,400.0,Winthrop St,,,Taunton,MA,Bristol County,2780.0,"Bask, Inc.",MA,MACCC,Massachusetts Cannabis Control Commission,,,,,
07/01/2024,APPROVED,Marijuana Microbusiness,Expedited Review - Two or More,Expedited,Two or More,PROVISIONAL LICENSE,,COMPLETE,MB281781,Pleasant Hill Growers LLC,Dunstable,1827.0,,,681 Pleasant Street,,Dunstable,MA,1827,POINT (-71.275566 42.459085),POINT (-71.529202 42.6698939),681 Pleasant Street,,Dunstable,MA,1827,85-0778718,MBN281781,6/16/2020 10:26:11 AM,5/29/2020 10:26:01 AM,7/21/2021 01:54:19 PM,False,,,,,,,,,,Woman-Owned Business,,,,2/7/2020 11:51:09 AM,6/19/2020 02:43:36 PM,8/6/2020 02:19:18 PM,7/21/2021 04:00:00 AM,7/21/2022 04:00:00 AM,,625.0,1827.0,Dunstable,Middlesex,42.459085,-71.275566,Northeast,701 Pleasant Street,,MA,42.669894,-71.529203,701.0,Pleasant St,,,Dunstable,MA,Middlesex County,1827.0,Pleasant Hill Growers LLC,MA,MACCC,Massachusetts Cannabis Control Commission,,,,,
07/01/2024,APPROVED,Marijuana Courier Pre-Certification,Expedited Review - Social Equity Participant,Expedited,Social Equity Participant,PROVISIONAL LICENSE,,COMPLETE,PDO103357,"SEED5, LLC",,,,,1602 Blue Hill Ave #261034,,Boston,MA,2126,,,4 Fawn Circle,,Randolph,MA,2368,85-2975793,PDOA103357,3/10/2021 05:41:18 PM,3/2/2021 09:28:12 AM,,False,,SE304989,SE304989,,,,,,,Minority-Owned Business | Disability-Owned Business,,,,12/7/2020 02:52:11 PM,,3/19/2021 02:12:26 PM,3/19/2021 04:00:00 AM,3/19/2023 04:00:00 AM,,0.0,,,,,,,,,MA,,,,,,,,,,,"SEED5, LLC",MA,MACCC,Massachusetts Cannabis Control Commission,,,,,
07/01/2024,APPROVED,Marijuana Retailer,Expedited Review - Social Equity Participant,Expedited,Social Equity Participant,PROVISIONAL LICENSE,,COMPLETE,MR284346,"House of Ermias, LLC",Chelsea,2150.0,,,267 Broadway,,Chelsea,MA,2150,POINT (-71.073493 42.334948),POINT (-71.037291 42.3907719),267 Broadway,,Chelsea,MA,2150,87-2864295,MRN284346,11/14/2022 12:46:06 PM,12/1/2021 02:03:37 PM,1/12/2023 01:43:06 PM,False,yes,SE305269,SE305269,,,,,,,Not a DBE,,,,7/28/2021 03:44:33 PM,11/15/2022 02:22:41 PM,1/12/2023 01:11:10 PM,1/12/2023 03:00:00 AM,5/11/2024 04:00:00 AM,,5000.0,2150.0,Chelsea,Suffolk,42.334948,-71.073493,Metro Boston,267 Broadway,,MA,42.390772,-71.037292,267.0,Broadway,,,Chelsea,MA,Suffolk County,2150.0,"House of Ermias, LLC",MA,MACCC,Massachusetts Cannabis Control Commission,,,,,
07/01/2024,APPROVED,Marijuana Retailer,General Applicant,General Applicant,General Applicant,COMMENCE OPS,3/2/2022,COMPLETE,MR282974,"Community Care Collective, Inc.",Billerica,1862.0,,,4 Republic Road,,Billerica,MA,1862,POINT (-71.275566 42.459085),POINT (-71.299687 42.557682),37 Spartan Arrow Road,,Littleton,MA,1460,83-2714413,MRN282974,3/19/2020 03:00:58 PM,2/25/2020 12:00:00 AM,6/4/2020 05:23:12 PM,False,,,,,,,,,,Not a DBE,,,2/10/2022 03:00:00 AM,9/4/2019 11:30:00 AM,3/27/2020 12:00:00 AM,6/4/2020 02:10:32 PM,4/11/2024 04:00:00 AM,6/4/2025 04:00:00 AM,,10000.0,1862.0,North Billerica,Middlesex,42.459085,-71.275566,,4 Republic Road,,MA,42.557682,-71.299687,4.0,Republic Rd,,,North Billerica,MA,Middlesex County,1862.0,"Community Care Collective, Inc.",MA,MACCC,Massachusetts Cannabis Control Commission,,,,,
07/01/2024,APPROVED,Marijuana Retailer,General Applicant,General Applicant,General Applicant,COMMENCE OPS,9/11/2023,COMPLETE,MR282320,"ToroVerde (Massachusetts) II, Inc.",Greenfield,1301.0,,,C/O EvansCutler Attorneys 90 Conz Street,,Northampton,MA,1060,POINT (-72.573941 42.587072),POINT (-72.601602 42.5894830),C/O EvansCutler Attorneys 90 Conz Street,,Northampton,MA,1060,83-2519015,MRN282320,1/21/2020 11:12:10 AM,11/13/2019 12:00:00 AM,6/29/2020 04:22:03 PM,False,,,,,,,,,,Not a DBE,,,8/10/2023 04:00:00 AM,1/22/2019 10:52:19 AM,3/5/2020 12:00:00 AM,5/8/2020 03:05:14 PM,6/8/2023 04:00:00 AM,10/27/2024 04:00:00 AM,,10000.0,1301.0,Greenfield,Franklin,42.587072,-72.573941,Western MA,51 Davis Street,,MA,42.589483,-72.601603,51.0,Davis St,,,Greenfield,MA,Franklin County,1301.0,"ToroVerde (Massachusetts) II, Inc.",MA,MACCC,Massachusetts Cannabis Control Commission,,,,,
07/01/2024,APPROVED,Marijuana Delivery Operator Pre-Certification,Expedited Review - Social Equity Participant,Expedited,Social Equity Participant,PROVISIONAL LICENSE,,COMPLETE,PMD5796,"Piffy, Inc.",,,,,33 Pullman Street,,Worcester,MA,1606,,,865 Canterbury St,Single Family House,Boston,MA,2131,86-2248899,PMDA5796,8/18/2021 11:06:38 AM,7/19/2021 12:46:35 PM,,False,,SE304687,SE304687,,,,,,,Minority-Owned Business,,,,5/28/2021 08:39:05 AM,8/27/2021 11:09:38 AM,8/30/2021 11:09:54 AM,8/30/2021 04:00:00 AM,8/30/2023 04:00:00 AM,,0.0,,,,,,,,,MA,,,,,,,,,,,"Piffy, Inc.",MA,MACCC,Massachusetts Cannabis Control Commission,,,,,
07/01/2024,APPROVED,Marijuana Retailer,General Applicant,General Applicant,General Applicant,COMMENCE OPS,3/29/2021,COMPLETE,MR281363,Mass Wellspring LLC,Maynard,1754.0,,,18 Powdermill Rd,,Acton,MA,1720,POINT (-71.275566 42.459085),POINT (-71.454108 42.4323679),18 Powdermill Rd,,Acton,MA,1720,47-4345859,MRN281363,6/12/2020 02:01:10 PM,2/28/2020 12:00:00 AM,,True,,,,,,,APPROVED,RP201837,RP201837,Not a DBE,,,3/11/2021 03:00:00 AM,5/1/2018 03:31:58 PM,6/29/2020 10:08:27 AM,9/10/2020 01:17:30 PM,9/14/2023 04:00:00 AM,10/15/2024 04:00:00 AM,,10000.0,1754.0,Maynard,Middlesex,42.459085,-71.275566,Central MA,4-6 Nason Street,,MA,42.432368,-71.454108,6.0,Nason St,,,Maynard,MA,Middlesex County,1754.0,Mass Wellspring LLC,MA,MACCC,Massachusetts Cannabis Control Commission,,,,,
07/01/2024,APPROVED,Marijuana Product Manufacturer,General Applicant,General Applicant,General Applicant,PROVISIONAL LICENSE,,COMPLETE,MP281770,"Emerald Grove, Inc.",Middleborough,2346.0,,,31 Sadies Way,,Harwich,MA,2645,POINT (-70.818958 41.978877),POINT (-70.864566 41.8565540),31 Sadies Way,,,MA,2645,82-2714914,MPN281770,4/22/2020 09:25:19 AM,4/6/2020 12:00:00 AM,,False,,,,,,,,,,Not a DBE,,,,10/3/2019 09:37:07 AM,7/10/2020 09:12:27 AM,9/10/2020 01:02:14 PM,11/9/2023 03:00:00 AM,12/3/2024 03:00:00 AM,,10000.0,2346.0,Middleboro,Plymouth,41.978877,-70.818958,,11 Charlotte Ct.,Units A-E,MA,41.856554,-70.864567,11.0,Charlotte Ct,,,Middleboro,MA,Plymouth County,2346.0,"Emerald Grove, Inc.",MA,MACCC,Massachusetts Cannabis Control Commission,,,,,
07/01/2024,APPROVED,Marijuana Retailer,Priority Review - MTC Priority,Priority,MTC Priority,COMMENCE OPS,6/26/2023,COMPLETE,MR284246,"Revolutionary Clinics II, Inc.",Leominster,1453.0,,,"9 Bartlet Street, Suite 335",,Andover,MA,1810,POINT (-71.840209 42.329642),POINT (-71.711290 42.5304459),"9 Bartlet Street, Suite 335",,Andover,MA,1810,00-1330206,MRN284246,9/9/2021 03:11:03 PM,8/18/2021 02:01:20 PM,,True,no,,,,,,APPROVED,RP201849,RP201849,Not a DBE | Veteran-Owned Business,,,5/11/2023 04:00:00 AM,5/16/2021 07:08:20 PM,9/17/2021 09:17:46 AM,1/20/2022 03:45:53 PM,1/11/2024 03:00:00 AM,1/17/2025 03:00:00 AM,,10000.0,1453.0,Leominster,Worcester,42.329642,-71.840209,Central MA,130 Pioneer Drive,,MA,42.530446,-71.71129,130.0,Pioneer Dr,,,Leominster,MA,Worcester County,1453.0,"Revolutionary Clinics II, Inc.",MA,MACCC,Massachusetts Cannabis Control Commission,,,,,
07/01/2024,APPROVED,Marijuana Retailer,Priority Review - MTC Priority,Priority,MTC Priority,COMMENCE OPS,8/31/2020,COMPLETE,MR281471,"Atlantic Medicinal Partners, Inc.",Fitchburg,1420.0,,,329 Washington Street,,Woburn,MA,1801,POINT (-71.840209 42.329642),POINT (-71.749307 42.5504049),329 Washington Street,,Woburn,MD,1801,82-0991316,MRN281471,8/13/2018 01:45:47 PM,8/3/2018 12:00:00 AM,12/7/2018 02:47:37 PM,True,,,,,,,APPROVED,RP201846,RP201846,Not a DBE,,,6/4/2020 04:00:00 AM,5/23/2018 05:51:50 PM,8/21/2018 12:00:00 AM,11/20/2018 02:50:40 PM,1/11/2024 03:00:00 AM,1/21/2025 03:00:00 AM,,5000.0,1420.0,Fitchburg,Worcester,42.329642,-71.840209,Central MA,774 Crawford Street,,MA,42.550405,-71.749307,774.0,Crawford St,,,Fitchburg,MA,Worcester County,1420.0,"Atlantic Medicinal Partners, Inc.",MA,MACCC,Massachusetts Cannabis Control Commission,,,,,
07/01/2024,APPROVED,Marijuana Retailer,General Applicant,General Applicant,General Applicant,PROVISIONAL LICENSE,,COMPLETE,MR281959,"Two Buds, LLC",Rockland,2370.0,,,One Liberty Square,Suite 410,Boston,MA,2109,POINT (-70.818958 41.978877),POINT (-70.910679 42.160339),One Liberty Square,Suite 410,Boston,MA,2109,83-1963661,MRN281959,10/31/2019 04:41:21 PM,8/6/2019 12:00:00 AM,,False,,,,,,,,,,Not a DBE,,,,10/9/2018 12:30:09 PM,11/1/2019 12:00:00 AM,1/16/2020 03:44:03 PM,6/8/2023 04:00:00 AM,6/29/2024 04:00:00 AM,,10000.0,2370.0,Rockland,Plymouth,41.978877,-70.818958,Southeast and Cape,53 Air Station Industrial Park,,MA,42.160339,-70.91068,53.0,Air Station Industrial Park,,,Rockland,MA,Plymouth County,2370.0,"Two Buds, LLC",MA,MACCC,Massachusetts Cannabis Control Commission,,,,,
07/01/2024,APPROVED,Marijuana Delivery Operator Pre-Certification,Expedited Review - Social Equity Participant,Expedited,Social Equity Participant,PROVISIONAL LICENSE,,COMPLETE,PMD6005,"M2B Home Delivery, Inc.",,,,,139 Silvio O Conte Drive,,Greenfield,MA,1301,,,312 Davis St,,Greenfield,MA,1301,88-3218696,PMDA6005,12/8/2022 10:21:51 AM,11/14/2022 02:38:18 PM,,False,,SE305884,SE305884,,,,,,,Not a DBE,,,,4/4/2022 06:38:51 PM,12/17/2022 10:09:21 AM,12/20/2022 10:09:57 AM,12/20/2022 03:00:00 AM,12/20/2024 03:00:00 AM,,0.0,,,,,,,,,MA,,,,,,,,,,,"M2B Home Delivery, Inc.",MA,MACCC,Massachusetts Cannabis Control Commission,,,,,
07/01/2024,APPROVED,Marijuana Delivery Operator Pre-Certification,Expedited Review - Social Equity Participant,Expedited,Social Equity Participant,PROVISIONAL LICENSE,,COMPLETE,PMD5814,"Zip Run, Inc.",,,,,160 Orlando street,,Mattapan,MA,2126,,,160 Orlando street,,Mattapan,MA,2126,84-1868442,PMDA5814,6/21/2021 12:15:40 PM,6/16/2021 02:26:16 PM,,False,,SE303983,SE303983,,,,,,,Not a DBE,,,,5/28/2021 12:36:28 PM,7/12/2021 10:58:16 AM,7/12/2021 10:58:25 AM,7/12/2021 04:00:00 AM,7/12/2023 04:00:00 AM,,0.0,,,,,,,,,MA,,,,,,,,,,,"Zip Run, Inc.",MA,MACCC,Massachusetts Cannabis Control Commission,,,,,
07/01/2024,APPROVED,Marijuana Retailer,General Applicant,General Applicant,General Applicant,COMMENCE OPS,8/5/2021,COMPLETE,MR283035,"Patient Centric of Martha's Vineyard, Ltd.",Tisbury,2568.0,,,90 Dr. Fisher Rd.,,West Tisbury,MA,2575,POINT (-70.612681 41.414842),POINT (-70.614097 41.4476209),PO Box 1323,,West Tisbury,MA,2575,46-3391023,MRN283035,4/29/2020 05:16:30 PM,5/26/2020 10:43:37 AM,11/19/2020 08:01:59 AM,True,,,,,,,APPROVED,RP201910,RP201910,Not a DBE,,,7/15/2021 04:00:00 AM,10/7/2019 10:39:38 AM,7/29/2020 12:21:16 PM,9/10/2020 01:27:53 PM,11/9/2023 03:00:00 AM,11/19/2024 03:00:00 AM,,10000.0,2568.0,Vineyard Haven,Dukes,41.414842,-70.612681,,15 Mechanics St,,MA,41.447621,-70.614097,15.0,Mechanics St,,,Vineyard Haven,MA,Dukes County,2568.0,"Patient Centric of Martha's Vineyard, Ltd.",MA,MACCC,Massachusetts Cannabis Control Commission,,,,,
07/01/2024,APPROVED,Marijuana Product Manufacturer,Expedited Review - Social Equity Participant,Expedited,Social Equity Participant,PROVISIONAL LICENSE,,COMPLETE,MP281857,Coastal Roots LLC,Uxbridge,1569.0,,,112 Winter St.,,Hanson,MA,2341,POINT (-71.840209 42.329642),POINT (-71.666886 42.0589129),112 Winter St.,,Hanson,MA,2341,85-1767963,MPN281857,4/5/2022 05:07:58 PM,4/5/2022 02:48:13 PM,7/7/2022 07:42:55 PM,False,yes,SE305010,SE305010,,,,,,,Not a DBE,,,,3/16/2020 09:00:15 AM,4/25/2022 05:30:29 AM,6/9/2022 12:48:31 PM,7/13/2023 04:00:00 AM,11/14/2024 03:00:00 AM,,5000.0,1569.0,Uxbridge,Worcester,42.329642,-71.840209,Central MA,374 West Street,Unit B,MA,42.058913,-71.666886,374.0,West St,,,Uxbridge,MA,Worcester County,1569.0,Coastal Roots LLC,MA,MACCC,Massachusetts Cannabis Control Commission,,,,,
07/01/2024,APPROVED,Marijuana Retailer,Expedited Review - Social Equity Participant,Expedited,Social Equity Participant,PROVISIONAL LICENSE,,COMPLETE,MR282202,Terrasol LLC,Brockton,2301.0,,,702 N Montello St.,,Brockton,MA,2301,POINT (-70.818958 41.978877),POINT (-71.019726 42.1019319),702 N Montello St.,,Brockton,MA,2301,82-0949008,MRN282202,12/10/2020 03:16:59 PM,6/2/2020 04:08:47 PM,5/18/2021 12:46:59 PM,False,yes,SE303509,SE303509,,,,,,,Not a DBE,,,,12/18/2018 11:57:59 AM,10/22/2020 10:10:38 AM,1/14/2021 03:44:33 PM,5/18/2021 04:00:00 AM,5/18/2022 04:00:00 AM,,1500.0,2301.0,Brockton,Plymouth,41.978877,-70.818958,Southeast and Cape,702 N Montello St.,,MA,42.101932,-71.019726,702.0,N Montello St,,,Brockton,MA,Plymouth County,2301.0,Terrasol LLC,MA,MACCC,Massachusetts Cannabis Control Commission,,,,,
07/01/2024,APPROVED,Marijuana Retailer,Expedited Review - DBE Status,Expedited,DBE Status,PROVISIONAL LICENSE,,COMPLETE,MR282088,"Royalty Group, LLC.",Tyngsborough,1879.0,,,279 Tremont St.,,Boston,MA,2116,POINT (-71.275566 42.459085),POINT (-71.438062 42.6966419),279 Tremont St.,,Boston,MA,2116,47-1893479,MRN282088,2/14/2020 02:43:43 PM,8/9/2019 12:00:00 AM,,False,,,,,,,,,,Woman-Owned Business,,,,11/26/2018 04:26:08 PM,2/20/2020 12:00:00 AM,4/9/2020 03:28:39 PM,7/1/2020 04:00:00 AM,8/14/2021 04:00:00 AM,,10000.0,1879.0,Tyngsboro,Middlesex,42.459085,-71.275566,,425 Middlesex Rd.,,MA,42.696642,-71.438062,425.0,Middlesex Rd,,,Tyngsboro,MA,Middlesex County,1879.0,"Royalty Group, LLC.",MA,MACCC,Massachusetts Cannabis Control Commission,,,,,
07/01/2024,APPROVED,Marijuana Microbusiness,Expedited Review - Two or More,Expedited,Two or More,COMMENCE OPS,2/17/2021,COMPLETE,MB281402,Freshly Baked Company,Taunton,2780.0,,,144 W. Britannia St,,Taunton,MA,2780,POINT (-71.102131 41.778329),POINT (-71.101212 41.91778),144 W. Britannia St,,Taunton,MA,2780,83-0715893,MBN281402,12/19/2019 02:03:18 PM,9/30/2019 12:00:00 AM,3/16/2020 09:27:25 AM,False,,,,,,,,,,Veteran-Owned Business | Minority-Owned Business,,,1/14/2021 03:00:00 AM,5/30/2018 11:40:07 AM,1/7/2020 12:00:00 AM,3/5/2020 12:17:25 PM,3/7/2024 03:00:00 AM,3/16/2025 04:00:00 AM,,2500.0,2780.0,Taunton,Bristol,41.778329,-71.102131,Southeast and Cape,144 W. Britannia St,,MA,41.91778,-71.101212,144.0,W Britannia St,,,Taunton,MA,Bristol County,2780.0,Freshly Baked Company,MA,MACCC,Massachusetts Cannabis Control Commission,,,,,
07/01/2024,APPROVED,Marijuana Product Manufacturer,General Applicant,General Applicant,General Applicant,PROVISIONAL LICENSE,,COMPLETE,MP281400,Peak Limited LLC,Georgetown,1833.0,,,114 Jewett Street,,Georgetown,MA,1833,POINT (-70.970827 42.635475),POINT (-70.951035 42.7349389),114 Jewett Street,,Georgetown,MA,1833,83-0878262,MPN281400,3/1/2020 11:02:23 AM,3/5/2019 12:00:00 AM,7/22/2020 10:30:36 AM,False,,,,,,,,,,Not a DBE,,,,6/12/2018 06:59:29 PM,2/13/2020 12:00:00 AM,5/8/2020 03:01:45 PM,3/9/2023 03:00:00 AM,3/9/2024 03:00:00 AM,,10000.0,1833.0,Georgetown,Essex,42.635475,-70.970827,Northeast,114 Jewett Street,,MA,42.734939,-70.951035,114.0,Jewett St,,,Georgetown,MA,Essex County,1833.0,Peak Limited LLC,MA,MACCC,Massachusetts Cannabis Control Commission,,,,,
07/01/2024,APPROVED,Marijuana Cultivator,Priority Review - MTC Priority,Priority,MTC Priority,COMMENCE OPS,11/8/2022,COMPLETE,MC283066,"Sira Naturals, Inc.",Milford,1757.0,,,300 Trade Center Drive,Suite 700,Woburn,MA,1801,POINT (-71.840209 42.329642),POINT (-71.492289 42.1416079),300 Trade Center Drive,Suite 700,Woburn,MA,1801,46-5147723,MCN283066,4/12/2021 04:51:22 PM,3/16/2021 11:53:57 AM,,True,no,,,,,,APPROVED,RP201855,RP201855,Not a DBE,Indoor,"Tier 08: 60,001 to 70,000 sq. ft",8/11/2022 04:00:00 AM,9/18/2020 02:46:02 PM,4/15/2021 01:44:10 PM,7/15/2021 04:42:20 PM,9/14/2023 04:00:00 AM,9/18/2024 04:00:00 AM,,35000.0,1757.0,Milford,Worcester,42.329642,-71.840209,Central MA,5-7 Industrial Road,,MA,42.141608,-71.492289,4.0,Industrial Rd,,,Milford,MA,Worcester County,1757.0,"Sira Naturals, Inc.",MA,MACCC,Massachusetts Cannabis Control Commission,,,,,
07/01/2024,APPROVED,Marijuana Product Manufacturer,Expedited Review - DBE Status,Expedited,DBE Status,PROVISIONAL LICENSE,,COMPLETE,MP281844,YouCanBeCo LLC,Wareham,2538.0,,,3065 Cranberry Highway,Unit 11,Wareham,MA,2538,POINT (-70.818958 41.978877),POINT (-70.652111 41.7561529),24 Prince Way,,Pembroke,MA,2359,84-3827858,MPN281844,10/14/2020 04:36:33 PM,9/30/2020 04:19:31 PM,,False,no,,,,,,,,,Woman-Owned Business,,,,2/16/2020 02:50:24 PM,10/15/2020 09:48:02 AM,1/14/2021 03:52:14 PM,3/9/2023 03:00:00 AM,4/15/2024 04:00:00 AM,,10000.0,2538.0,East Wareham,Plymouth,41.978877,-70.818958,,3065 Cranberry Highway,"B29, C21",MA,41.756153,-70.652111,3065.0,Cranberry Hwy,,,East Wareham,MA,Plymouth County,2538.0,YouCanBeCo LLC,MA,MACCC,Massachusetts Cannabis Control Commission,,,,,
07/01/2024,APPROVED,Marijuana Retailer,General Applicant,General Applicant,General Applicant,PROVISIONAL CONSIDERATION,,PAYMENT_PENDING,MR284398,New England Alchemy LLC,North Adams,1247.0,,,76 Gothic Street,,Northampton,MA,1060,POINT (-73.209889 42.396128),POINT (-73.106392 42.680287),76 Gothic Street,,Northampton,MA,1060,12-1234567,MRN284398,6/13/2022 02:46:29 PM,12/8/2021 11:07:38 AM,,False,no,,,,,,,,,Not a DBE,,,,9/9/2021 08:58:16 PM,6/24/2022 02:05:36 PM,9/16/2022 01:59:35 PM,,,,0.0,1247.0,North Adams,Berkshire,42.396128,-73.209889,Western MA,Curran Hwy,Parcel 15-0-3-A,MA,42.680287,-73.106392,,Curran Hwy,,,North Adams,MA,Berkshire County,1247.0,New England Alchemy LLC,MA,MACCC,Massachusetts Cannabis Control Commission,,,,,
07/01/2024,APPROVED,Marijuana Courier Pre-Certification,Expedited Review - Social Equity Participant,Expedited,Social Equity Participant,PROVISIONAL LICENSE,,COMPLETE,PDO103400,Speedy Cannabis LLC,,,,,339 River Street,,Fitchburg,MA,1420,,,339 River Street,,Fitchburg,MA,1420,87-3130552,PDOA103400,11/29/2022 01:31:47 PM,11/17/2022 11:20:37 AM,,False,,SE305212,SE305212,,,,,,,Not a DBE,,,,12/30/2020 11:44:40 AM,12/12/2022 03:19:19 PM,12/12/2022 03:19:37 PM,12/12/2022 03:00:00 AM,12/12/2024 03:00:00 AM,,0.0,,,,,,,,,MA,,,,,,,,,,,Speedy Cannabis LLC,MA,MACCC,Massachusetts Cannabis Control Commission,,,,,
07/01/2024,APPROVED,Marijuana Courier,Expedited Review - Social Equity Participant,Expedited,Social Equity Participant,PROVISIONAL LICENSE,,COMPLETE,DO100179,"ON ROOT, LLC",Lynn,1902.0,,,82 SANDERSON AVENUE,SUITE 122B,LYNN,MA,1902,POINT (-70.970827 42.635475),,105 UNION STREET,,EVERETT,MA,2149,35-2738465,DOA100179,5/30/2023 06:29:14 PM,4/27/2023 01:43:31 PM,,False,,SE305692,SE305692,,,,,,,Minority-Owned Business,,,,4/12/2023 04:01:38 AM,6/16/2023 01:46:35 PM,8/10/2023 11:26:02 AM,8/10/2023 04:00:00 AM,8/10/2024 04:00:00 AM,,0.0,1902.0,Lynn,Essex,42.635475,-70.970827,Northeast,,,MA,,,,,,,,,,,"ON ROOT, LLC",MA,MACCC,Massachusetts Cannabis Control Commission,,,,,
07/01/2024,APPROVED,Marijuana Retailer,General Applicant,General Applicant,General Applicant,COMMENCE OPS,1/23/2023,COMPLETE,MR282571,Northeast Select Harvest Corp.,Somerville,2144.0,,,23 Chester Street,,Somerville,MA,2144,POINT (-71.275566 42.459085),POINT (-71.119285 42.3950439),23 Chester Street,,Somerville,MA,2144,83-4251487,MRN282571,10/5/2021 09:55:12 AM,8/6/2021 11:16:29 AM,2/15/2022 01:35:49 PM,False,no,,,,,,,,,Not a DBE,,,12/8/2022 03:00:00 AM,4/3/2019 06:31:31 PM,10/15/2021 02:27:50 PM,1/20/2022 03:43:51 PM,2/8/2024 03:00:00 AM,2/15/2025 03:00:00 AM,,10000.0,2144.0,Somerville,Middlesex,42.459085,-71.275566,Metro Boston,378-380 Highland Avenue,,MA,42.395044,-71.119285,380.0,Highland Ave,,,Somerville,MA,Middlesex County,2144.0,Northeast Select Harvest Corp.,MA,MACCC,Massachusetts Cannabis Control Commission,,,,,
07/01/2024,APPROVED,Marijuana Cultivator,Priority Review - Economic Empowerment Priority,Priority,Economic Empowerment Priority,PROVISIONAL LICENSE,,COMPLETE,MC283525,Frozen 4 Corporation,Bellingham,2019.0,,,24 William Way,,Bellingham,MA,2019,POINT (-71.15444 42.199156),POINT (-71.494822 42.0842370),8 Bayridge Lane,,Duxbury,MA,2332,83-2341577,MCN283525,7/6/2021 09:21:16 AM,6/16/2021 12:03:34 PM,9/17/2021 12:41:11 PM,True,yes,EE201961,,,,EE201961,,,,Not a DBE,Indoor,"Tier 02: 5,001 to 10,000 sq. ft.",,5/21/2021 01:01:15 PM,7/16/2021 08:38:03 AM,9/17/2021 12:29:14 PM,8/10/2023 04:00:00 AM,9/17/2024 04:00:00 AM,,1250.0,2019.0,Bellingham,Norfolk,42.199156,-71.15444,Central MA,24 William Way,,MA,42.084237,-71.494823,24.0,William Way,,,Bellingham,MA,Norfolk County,2019.0,Frozen 4 Corporation,MA,MACCC,Massachusetts Cannabis Control Commission,,,,,
07/01/2024,APPROVED,Independent Testing Laboratory,Expedited Review - License Type,Expedited,License Type,COMMENCE OPS,10/29/2021,COMPLETE,IL281349,"Kaycha MA, LLC",Natick,1760.0,,,16 Tech Circle,Suite 201,Natick,MA,1760,POINT (-71.275566 42.459085),POINT (-71.334810 42.316246),16 Tech Circle,Suite 201,Natick,MA,1760,85-2174223,ILN281349,11/17/2020 11:27:43 AM,11/10/2020 10:01:56 AM,,False,no,,,,,,,,,Not a DBE,,,9/17/2021 04:00:00 AM,7/27/2020 11:34:55 AM,11/20/2020 10:05:54 AM,2/11/2021 01:31:54 PM,2/8/2024 03:00:00 AM,2/22/2025 03:00:00 AM,,10000.0,1760.0,Natick,Middlesex,42.459085,-71.275566,Central MA,16 Tech Circle,Suite 201,MA,42.316246,-71.33481,16.0,Tech Cir,,,Natick,MA,Middlesex County,1760.0,"Kaycha MA, LLC",MA,MACCC,Massachusetts Cannabis Control Commission,,,,,
07/01/2024,APPROVED,Marijuana Product Manufacturer,General Applicant,General Applicant,General Applicant,PROVISIONAL LICENSE,,COMPLETE,MP282022,H&H Cultivation LLC,Holyoke,1040.0,,,42 Main Street,,Holyoke,MA,1040,POINT (-72.571312 42.12756),POINT (-72.642070 42.1982909),"662 Tremont Street, Apt. #1",,Boston,MA,1040,85-3464231,MPN282022,2/26/2021 02:28:44 PM,2/23/2021 09:42:18 AM,4/19/2022 03:10:53 PM,False,no,,,,,,,,,Not a DBE,,,,1/31/2021 03:18:48 PM,4/9/2021 11:07:42 AM,6/22/2021 11:02:00 AM,4/14/2023 04:00:00 AM,4/19/2024 04:00:00 AM,,10000.0,1040.0,Holyoke,Hampden,42.12756,-72.571312,Western MA,1 Rosenfeld Drive,,MA,42.198291,-72.64207,,,,,Holyoke,MA,Hampden County,1040.0,H&H Cultivation LLC,MA,MACCC,Massachusetts Cannabis Control Commission,,,,,
07/01/2024,APPROVED,Marijuana Product Manufacturer,General Applicant,General Applicant,General Applicant,PROVISIONAL LICENSE,,COMPLETE,MP281766,Hennep Cultivation LLC,Franklin,2038.0,,,160 Grove Street,,Franklin,MA,2038,POINT (-71.15444 42.199156),POINT (-71.421702 42.0700069),1330 Boylston Street,Unit 202,Boston,MA,2215,83-4199895,MPN281766,3/24/2020 02:18:03 PM,2/21/2020 12:00:00 AM,6/10/2020 02:25:59 PM,False,,,,,,,,,,Not a DBE,,,,9/27/2019 02:40:15 PM,3/27/2020 12:00:00 AM,6/4/2020 02:16:59 PM,8/10/2023 04:00:00 AM,8/10/2024 04:00:00 AM,,10000.0,2038.0,Franklin,Norfolk,42.199156,-71.15444,Central MA,160 Grove Street,,MA,42.070007,-71.421703,160.0,Grove St,,,Franklin,MA,Norfolk County,2038.0,Hennep Cultivation LLC,MA,MACCC,Massachusetts Cannabis Control Commission,,,,,
07/01/2024,APPROVED,Marijuana Courier Pre-Certification,Expedited Review - Social Equity Participant,Expedited,Social Equity Participant,PROVISIONAL LICENSE,,COMPLETE,PDO103047,Sweet Tree’s Pineapple Xpress,,,,,85 Winter Street,,Brockton,MA,2302,,,85 Winter Street,,Brockton,MA,2302,85-1208111,PDOA103047,1/26/2022 12:22:59 PM,12/13/2021 09:55:15 AM,,False,,SE304727,SE304727,,,,,,,Minority-Owned Business,,,,5/28/2020 10:21:44 PM,1/31/2022 11:30:52 AM,1/31/2022 11:31:00 AM,1/31/2022 03:00:00 AM,1/31/2024 03:00:00 AM,,0.0,,,,,,,,,MA,,,,,,,,,,,Sweet Tree’s Pineapple Xpress,MA,MACCC,Massachusetts Cannabis Control Commission,,,,,
07/01/2024,APPROVED,Marijuana Retailer,Priority Review - MTC Priority,Priority,MTC Priority,COMMENCE OPS,8/5/2021,COMPLETE,MR281284,Patriot Care Corp,Boston,2109.0,,,21 Milk Street,,Boston,MA,2116,POINT (-71.073493 42.334948),POINT (-71.058271 42.3566470),321 Billerica Road,,Chelmsford,MA,1824,46-3348302,MRN281284,10/16/2020 09:43:41 PM,9/29/2020 03:01:03 PM,1/19/2021 01:52:58 PM,True,no,,,,,,APPROVED,RP201838,RPA201838,Not a DBE,,,7/15/2021 04:00:00 AM,4/19/2018 04:36:01 PM,10/22/2020 10:30:10 AM,1/14/2021 03:40:30 PM,2/8/2024 03:00:00 AM,2/12/2025 03:00:00 AM,,10000.0,2109.0,Boston,Suffolk,42.334948,-71.073493,Metro Boston,21 Milk Street,,MA,42.356647,-71.058271,21.0,Milk St,,,Boston,MA,Suffolk County,2109.0,Patriot Care Corp,MA,MACCC,Massachusetts Cannabis Control Commission,,,,,
07/01/2024,APPROVED,Craft Marijuana Cooperative,Expedited Review - Two or More,Expedited,Two or More,PROVISIONAL LICENSE,,COMPLETE,CO281373,Roaring Glen Farms LLC,,,,,40 Whately Glen Road,,Conway,MA,1341,,POINT (-71.489592 42.15652),40 Whately Glen Road,,Conway,MA,1341,83-2921700,CON281373,10/14/2019 09:31:59 PM,10/9/2019 12:00:00 AM,2/5/2020 07:46:50 PM,False,,,SE303912,,,,,,,Veteran-Owned Business | Woman-Owned Business,Outdoor,"Tier 11: 90,001 to 100,000 sq. ft",,10/11/2018 08:22:37 PM,11/1/2019 12:00:00 AM,1/16/2020 03:39:13 PM,1/20/2022 03:00:00 AM,2/10/2023 03:00:00 AM,,12500.0,,,,,,,,,MA,42.15652,-71.489592,,,,,,MA,,,Roaring Glen Farms LLC,MA,MACCC,Massachusetts Cannabis Control Commission,,,,,
07/01/2024,APPROVED,Marijuana Transporter with Other Existing ME License,General Applicant,General Applicant,General Applicant,PROVISIONAL LICENSE,,COMPLETE,MX281410,Meed Cannabis LLC,Great Barrington,1230.0,,,964 Main Street,,Great Barrington,MA,1230,POINT (-73.209889 42.396128),POINT (-73.364301 42.1686029),"831 Beacon Street, #271",,Newton Center,MA,2459,87-1159574,MXN281410,9/22/2022 09:18:37 AM,6/23/2022 10:48:03 AM,,False,no,,,,,,,,,Not a DBE,,,,5/16/2022 03:44:10 PM,10/7/2022 11:47:29 AM,12/8/2022 02:44:58 PM,9/21/2023 04:00:00 AM,9/21/2024 04:00:00 AM,,5000.0,1230.0,Great Barrington,Berkshire,42.396128,-73.209889,Western MA,964 Main Street,Parcel B,MA,42.168603,-73.364302,964.0,Main St,,,Great Barrington,MA,Berkshire County,1230.0,Meed Cannabis LLC,MA,MACCC,Massachusetts Cannabis Control Commission,,,,,
07/01/2024,APPROVED,Marijuana Delivery Operator Pre-Certification,Expedited Review - Two or More,Expedited,Two or More,PROVISIONAL LICENSE,,COMPLETE,PMD5982,MJ2HOME LLC,,,,,162 HAMILTON STREET,,BOSTON,MA,2122,,,46 BROOK AVE,,BOSTON,MA,2119,88-2268721,PMDA5982,5/23/2022 01:52:30 PM,5/23/2022 11:16:47 AM,,False,,SE306266,SE306266,,,,,,,Minority-Owned Business,,,,1/3/2022 06:52:36 PM,6/13/2022 04:09:18 PM,6/13/2022 04:09:35 PM,6/13/2022 04:00:00 AM,6/13/2024 04:00:00 AM,,0.0,,,,,,,,,MA,,,,,,,,,,,MJ2HOME LLC,MA,MACCC,Massachusetts Cannabis Control Commission,,,,,
07/01/2024,APPROVED,Marijuana Retailer,General Applicant,General Applicant,General Applicant,COMMENCE OPS,4/1/2021,COMPLETE,MR282460,Hyecorp LLC,Brockton,2301.0,,,327 N. Pearl Street,,Brockton,MA,2301,POINT (-70.818958 41.978877),POINT (-71.066528 42.1004810),137 Main Street,,Brockton,MA,2301,83-3455316,MRN282460,3/9/2020 12:26:58 PM,1/6/2020 12:00:00 AM,5/11/2020 09:44:43 AM,False,,,,,,,,,,Not a DBE,,,3/11/2021 03:00:00 AM,3/3/2019 03:00:14 PM,3/12/2020 12:00:00 AM,5/8/2020 02:45:06 PM,4/11/2024 04:00:00 AM,5/15/2025 04:00:00 AM,,10000.0,2301.0,Brockton,Plymouth,41.978877,-70.818958,Southeast and Cape,327 North Pearl Street,,MA,42.100481,-71.066528,327.0,N Pearl St,,,Brockton,MA,Plymouth County,2301.0,Hyecorp LLC,MA,MACCC,Massachusetts Cannabis Control Commission,,,,,
07/01/2024,APPROVED,Marijuana Retailer,General Applicant,General Applicant,General Applicant,PROVISIONAL LICENSE,,COMPLETE,MR283094,Green River Cannabis Company Inc.,Hopedale,1747.0,,,54 Mellen St. Unit A,,Hopedale,MA,1747,POINT (-71.840209 42.329642),POINT (-71.513720 42.1008580),30 Washington Street,,Attleboro,MA,2703,83-3185115,MRN283094,3/4/2021 12:00:20 AM,11/25/2020 11:02:56 AM,,False,no,,,,,,,,,Not a DBE,,,,10/30/2019 11:23:36 AM,4/2/2021 12:32:54 PM,6/22/2021 10:55:29 AM,10/12/2023 04:00:00 AM,10/12/2024 04:00:00 AM,,10000.0,1747.0,Hopedale,Worcester,42.329642,-71.840209,Central MA,105 Hartford Ave,Unit C,MA,42.100858,-71.51372,104.0,Hartford Ave,,,Hopedale,MA,Worcester County,1747.0,Green River Cannabis Company Inc.,MA,MACCC,Massachusetts Cannabis Control Commission,,,,,
07/01/2024,APPROVED,Marijuana Cultivator,General Applicant,General Applicant,General Applicant,PROVISIONAL LICENSE,,COMPLETE,MC282830,7LEAF GARDENS LLC,Middleborough,2346.0,,,Charlotte Court,,Middleborough,MA,2346,POINT (-70.818958 41.978877),POINT (-70.959608 41.903112),1120 Somerset Avenue   PO BOX 401,,North Dighton,MA,2764,00-1428932,MCN282830,12/16/2020 01:16:15 PM,12/11/2020 04:22:38 PM,3/1/2021 08:52:15 AM,False,no,,,,,,,,,Not a DBE,Indoor,"Tier 01: up to 5,000 square feet",,6/2/2020 09:52:08 AM,12/24/2020 09:26:01 AM,2/11/2021 01:07:12 PM,4/14/2023 04:00:00 AM,4/17/2024 04:00:00 AM,,1250.0,2346.0,Middleboro,Plymouth,41.978877,-70.818958,,"Charlotte Court, Bldg 2, Lot 2a","41.857419,-70.8660704",MA,41.903112,-70.959608,,US-44,Lot,,Middleboro,MA,Plymouth County,2346.0,7LEAF GARDENS LLC,MA,MACCC,Massachusetts Cannabis Control Commission,,,,,
07/01/2024,APPROVED,Marijuana Retailer,General Applicant,General Applicant,General Applicant,COMMENCE OPS,4/4/2022,COMPLETE,MR282926,Alexsofia LLC,Northampton,1060.0,,,41 Strong Ave.,,Northampton,MA,1060,POINT (-72.62073 42.322256),POINT (-72.627579 42.3191169),20 Hillside Lane,,Ashley Falls,MA,1222,84-2171651,MRN282926,3/24/2020 02:57:33 PM,2/10/2020 12:00:00 AM,5/21/2021 04:08:29 PM,False,,,,,,,,,,Not a DBE,,,3/10/2022 03:00:00 AM,8/12/2019 08:52:43 AM,4/7/2020 12:00:00 AM,7/9/2020 02:31:14 PM,7/13/2023 04:00:00 AM,10/15/2024 04:00:00 AM,,10000.0,1060.0,Northampton,Hampshire,42.322256,-72.62073,Western MA,41 Strong Ave.,,MA,42.319117,-72.62758,41.0,Strong Ave,,,Northampton,MA,Hampshire County,1060.0,Alexsofia LLC,MA,MACCC,Massachusetts Cannabis Control Commission,,,,,
07/01/2024,APPROVED,Marijuana Retailer,Priority Review - MTC Priority,Priority,MTC Priority,COMMENCE OPS,11/8/2019,COMPLETE,MR281892,"Insa, Inc.",Salem,1970.0,,,462 Highland Ave,,Salem,MA,1970,POINT (-70.970827 42.635475),POINT (-70.934830 42.4930200),122 Pleasant Street,Suite 144,Easthampton,MA,1027,46-3327054,MRN281892,4/16/2019 12:46:49 PM,1/18/2019 12:00:00 AM,6/27/2019 12:54:17 PM,True,,,,,,,APPROVED,RP201833,,Not a DBE,,,10/10/2019 04:00:00 AM,9/17/2018 10:22:36 AM,4/17/2019 12:00:00 AM,6/13/2019 03:54:24 PM,8/10/2023 04:00:00 AM,9/16/2024 04:00:00 AM,,5000.0,1970.0,Salem,Essex,42.635475,-70.970827,Northeast,462 Highland Ave,,MA,42.49302,-70.93483,462.0,Highland Ave,,,Salem,MA,Essex County,1970.0,"Insa, Inc.",MA,MACCC,Massachusetts Cannabis Control Commission,,,,,
07/01/2024,APPROVED,Marijuana Product Manufacturer,General Applicant,General Applicant,General Applicant,COMMENCE OPS,2/5/2024,COMPLETE,MP282258,CATDOGG LLC,Mashpee,2649.0,,,800 Falmouth Road,,Mashpee,MA,2649,POINT (-70.301811 41.698999),POINT (-70.495468 41.6042569),565 Whistleberry Drive,,Marstons Mills,MA,2648,92-1109731,MPN282258,3/15/2023 10:17:42 AM,2/8/2023 09:17:21 AM,6/1/2023 03:25:18 PM,False,no,,,,,,,,,Not a DBE,,,1/11/2024 03:00:00 AM,2/4/2023 10:36:03 PM,3/17/2023 09:24:24 AM,5/11/2023 01:49:16 PM,6/1/2023 04:00:00 AM,9/29/2024 04:00:00 AM,,10000.0,2649.0,Mashpee,Barnstable,41.698999,-70.301811,Southeast and Cape,800 Falmouth Road Unit B1A,,MA,41.604257,-70.495468,800.0,Falmouth Rd,Unit,,Mashpee,MA,Barnstable County,2649.0,CATDOGG LLC,MA,MACCC,Massachusetts Cannabis Control Commission,,,,,
07/01/2024,APPROVED,Marijuana Product Manufacturer,Expedited Review - DBE Status,Expedited,DBE Status,COMMENCE OPS,3/2/2022,COMPLETE,MP281932,Good Feels Inc,Medway,2053.0,,,1 Shady Ln,,Medway,MA,2053,POINT (-71.15444 42.199156),POINT (-71.392123 42.1594380),1 Shady Ln,,Medway,MA,2053,85-2648667,MPN281932,10/30/2020 04:27:40 PM,10/26/2020 12:32:11 PM,,False,no,,,,,,,,,Minority-Owned Business,,,1/20/2022 03:00:00 AM,8/13/2020 03:59:21 PM,11/5/2020 11:10:43 AM,1/14/2021 03:29:58 PM,1/11/2024 03:00:00 AM,1/27/2025 03:00:00 AM,,10000.0,2053.0,Medway,Norfolk,42.199156,-71.15444,Central MA,23 Jayar Rd,Suite 6,MA,42.159438,-71.392124,23.0,Jayar Rd,,,Medway,MA,Norfolk County,2053.0,Good Feels Inc,MA,MACCC,Massachusetts Cannabis Control Commission,,,,,
07/01/2024,APPROVED,Marijuana Product Manufacturer,Priority Review - MTC Priority,Priority,MTC Priority,COMMENCE OPS,10/17/2019,COMPLETE,MP281318,"Curaleaf Massachusetts, Inc.",Webster,1570.0,,,30 Worcester Road,Unit B,Webster,MA,1570,POINT (-71.840209 42.329642),POINT (-71.862223 42.06268),2001 Washington Street,Unit B,Hanover,MA,2339,46-3428628,MPN281318,10/11/2018 08:32:27 AM,5/10/2018 12:00:00 AM,10/22/2018 06:20:02 PM,True,,,,,,,APPROVED,RP201882,RPA201882,Not a DBE,,,9/13/2019 04:00:00 AM,4/27/2018 10:13:52 AM,7/5/2018 12:00:00 AM,10/18/2018 02:38:46 PM,11/9/2023 03:00:00 AM,11/13/2024 03:00:00 AM,,5000.0,1570.0,Webster,Worcester,42.329642,-71.840209,Central MA,30 Worcester Road,Unit B,MA,42.06268,-71.862223,30.0,Worcester Rd,,,Webster,MA,Worcester County,1570.0,"Curaleaf Massachusetts, Inc.",MA,MACCC,Massachusetts Cannabis Control Commission,,,,,
07/01/2024,APPROVED,Marijuana Cultivator,Priority Review - MTC Priority,Priority,MTC Priority,COMMENCE OPS,1/7/2019,COMPLETE,MC281267,"New England Treatment Access, LLC.",Franklin,2038.0,,,5 Forge Parkway,,Franklin,MA,2038,POINT (-71.15444 42.199156),POINT (-71.437162 42.0869220),5 Forge Parkway,,Franklin,MA,2038,38-4055241,MCN281267,7/9/2018 02:25:15 PM,5/16/2018 12:00:00 AM,7/26/2018 06:04:16 PM,True,,,,,,,APPROVED,RP201822,RPA201822,Not a DBE,Indoor,"Tier 06: 40,001 to 50,000 sq. ft",11/1/2018 04:00:00 AM,4/18/2018 09:42:38 PM,7/9/2018 12:00:00 AM,7/26/2018 04:12:06 PM,9/14/2023 04:00:00 AM,10/10/2024 04:00:00 AM,,12500.0,2038.0,Franklin,Norfolk,42.199156,-71.15444,Central MA,5 Forge Parkway,,MA,42.086922,-71.437163,5.0,Forge Pkwy,,,Franklin,MA,Norfolk County,2038.0,"New England Treatment Access, LLC.",MA,MACCC,Massachusetts Cannabis Control Commission,,,,,
07/01/2024,APPROVED,Marijuana Cultivator,Priority Review - MTC Priority,Priority,MTC Priority,COMMENCE OPS,2/5/2024,COMPLETE,MC281359,"Silver Therapeutics, Inc",Orange,1364.0,,,"82 Wendell Ave, Suite 100",,Pittsfield,MA,1201,POINT (-72.573941 42.587072),POINT (-72.303200 42.5972099),89 Court Street,,Saratoga Springs,NY,12866,82-1894711,MCN281359,6/29/2018 02:10:57 PM,5/14/2018 12:00:00 AM,12/17/2018 11:30:08 AM,True,,,,,,,,,RPA201854,Not a DBE,Indoor,"Tier 03: 10,001 to 20,000 sq. ft",9/14/2023 04:00:00 AM,5/2/2018 09:21:18 AM,7/5/2018 12:00:00 AM,12/14/2018 11:58:08 AM,2/8/2024 03:00:00 AM,2/12/2025 03:00:00 AM,,5000.0,1364.0,Orange,Franklin,42.587072,-72.573941,Western MA,158 Gov. Dukakis Dr.,,MA,42.59721,-72.3032,,,,,Orange,MA,Franklin County,1364.0,"Silver Therapeutics, Inc",MA,MACCC,Massachusetts Cannabis Control Commission,,,,,
07/01/2024,APPROVED,Marijuana Delivery Operator Pre-Certification,Priority Review - Economic Empowerment Priority,Priority,Economic Empowerment Priority,PROVISIONAL LICENSE,,COMPLETE,PMD5897,"Pronto Leaf, LLC",,,,,1905 Columbus Avenue,,Roxbury,MA,2119,,,476 Canton Street,,Stoughton,MA,2072,86-2198923,PMDA5897,11/4/2021 06:20:05 PM,10/19/2021 02:38:17 PM,,True,,EE201890,,APPROVED,EE201890,,,,,Not a DBE,,,,7/26/2021 11:30:19 AM,11/15/2021 03:09:27 PM,11/16/2021 09:43:25 AM,11/16/2021 03:00:00 AM,11/16/2023 03:00:00 AM,,0.0,,,,,,,,,MA,,,,,,,,,,,"Pronto Leaf, LLC",MA,MACCC,Massachusetts Cannabis Control Commission,,,,,
07/01/2024,APPROVED,Marijuana Retailer,General Applicant,General Applicant,General Applicant,COMMENCE OPS,12/20/2021,COMPLETE,MR281308,JOLO CAN LLC,Chelsea,2150.0,,,80 Eastern Avenue,,Chelsea,MA,2150,POINT (-71.073493 42.334948),POINT (-71.023652 42.3899510),80 Eastern Avenue,,Chelsea,MA,2150,82-5438932,MRN281308,11/15/2019 11:01:15 AM,12/17/2018 12:00:00 AM,1/9/2020 01:58:34 PM,False,,,,,,,,,,Not a DBE,,,7/15/2021 04:00:00 AM,4/24/2018 10:16:31 AM,8/28/2019 12:00:00 AM,1/9/2020 11:27:45 AM,2/8/2024 03:00:00 AM,2/12/2025 03:00:00 AM,,10000.0,2150.0,Chelsea,Suffolk,42.334948,-71.073493,Metro Boston,80 Eastern Avenue,,MA,42.389951,-71.023653,80.0,Eastern Ave,,,Chelsea,MA,Suffolk County,2150.0,JOLO CAN LLC,MA,MACCC,Massachusetts Cannabis Control Commission,,,,,
07/01/2024,APPROVED,Marijuana Retailer,General Applicant,General Applicant,General Applicant,COMMENCE OPS,10/19/2023,COMPLETE,MR284051,Leaf Lux Group Inc.,Holyoke,1040.0,,,40 Lyman Street,,Holyoke,MA,1040,POINT (-72.571312 42.12756),POINT (-72.597154 42.2068050),41 Lyman Street,,Holyoke,MA,1040,86-1446108,MRN284051,9/10/2021 06:56:42 PM,4/30/2021 10:21:15 AM,1/21/2022 03:30:46 PM,False,no,,,,,,,,,Not a DBE,,,9/14/2023 04:00:00 AM,1/28/2021 10:14:08 AM,9/17/2021 10:01:11 AM,1/20/2022 03:39:51 PM,1/11/2024 03:00:00 AM,1/21/2025 03:00:00 AM,,10000.0,1040.0,Holyoke,Hampden,42.12756,-72.571312,Western MA,40 Lyman Street,,MA,42.206805,-72.597154,40.0,Lyman St,,,Holyoke,MA,Hampden County,1040.0,Leaf Lux Group Inc.,MA,MACCC,Massachusetts Cannabis Control Commission,,,,,
07/01/2024,APPROVED,Marijuana Cultivator,General Applicant,General Applicant,General Applicant,PROVISIONAL LICENSE,,COMPLETE,MC282135,dba EMJ LLC,Cummington,1026.0,,,205 West Cummington Rd,Cummington,Cummington,MA,1026,POINT (-72.62073 42.322256),POINT (-72.933921 42.4802010),205 West Cummington Rd,,Cummington,MA,1026,15-8464014,MCN282135,9/21/2020 01:00:23 PM,11/14/2019 12:00:00 AM,11/23/2020 02:52:46 PM,False,no,,,,,,,,,Not a DBE,Indoor,"Tier 01: up to 5,000 square feet",,5/7/2019 06:53:43 AM,9/24/2020 08:25:35 AM,11/19/2020 04:19:23 PM,12/14/2023 03:00:00 AM,12/14/2024 03:00:00 AM,,1250.0,1026.0,Cummington,Hampshire,42.322256,-72.62073,Western MA,205 W Cummington Rd,,MA,42.480201,-72.933922,205.0,W Cummington Rd,,,Cummington,MA,Hampshire County,1026.0,dba EMJ LLC,MA,MACCC,Massachusetts Cannabis Control Commission,,,,,
07/01/2024,APPROVED,Marijuana Product Manufacturer,General Applicant,General Applicant,General Applicant,COMMENCE OPS,9/29/2022,COMPLETE,MP282013,"LC Square, LLC.",Adams,1220.0,,,14 Fox Hill Drive,,Natick,MA,1760,POINT (-73.209889 42.396128),POINT (-73.109057 42.6549059),14 Fox Hill Drive,,Natick,MA,1760,83-0683727,MPN282013,1/23/2021 06:29:52 PM,1/21/2021 01:47:23 PM,,False,no,,,,,,,,,Not a DBE,,,6/9/2022 04:00:00 AM,1/16/2021 06:38:03 PM,2/19/2021 12:56:28 PM,4/16/2021 01:55:17 PM,7/13/2023 04:00:00 AM,8/13/2024 04:00:00 AM,,10000.0,1220.0,Adams,Berkshire,42.396128,-73.209889,Western MA,173 Howland Avenue,,MA,42.654906,-73.109057,173.0,Howland Ave,,,Adams,MA,Berkshire County,1220.0,"LC Square, LLC.",MA,MACCC,Massachusetts Cannabis Control Commission,,,,,
07/01/2024,APPROVED,Marijuana Cultivator,General Applicant,General Applicant,General Applicant,COMMENCE OPS,7/15/2020,COMPLETE,MC281317,Berkshire Welco LLC,Sheffield,1257.0,,,"264 Main St.,3rd Floor",,Great Barrington,MA,1230,POINT (-73.209889 42.396128),POINT (-73.363741 42.1425940),"264 Main St.,3rd Floor",,Great Barrington,MA,1230,82-4943268,MCN281317,10/4/2018 06:51:27 PM,9/19/2018 12:00:00 AM,12/17/2018 11:16:46 AM,False,,,,,,,,,,Not a DBE,Indoor,"Tier 05: 30,001 to 40,000 sq. ft",3/5/2020 03:00:00 AM,4/29/2018 12:18:57 PM,10/23/2018 12:00:00 AM,12/13/2018 04:50:20 PM,1/11/2024 03:00:00 AM,1/15/2025 03:00:00 AM,,10000.0,1257.0,Sheffield,Berkshire,42.396128,-73.209889,Western MA,1375 Main St.,,MA,42.142594,-73.363741,1375.0,N Main St,,,Sheffield,MA,Berkshire County,1257.0,Berkshire Welco LLC,MA,MACCC,Massachusetts Cannabis Control Commission,,,,,
07/01/2024,APPROVED,Marijuana Product Manufacturer,Expedited Review - DBE Status,Expedited,DBE Status,PROVISIONAL CONSIDERATION,,PAYMENT_PENDING,MP281965,GTE Millis LLC,Millis,2054.0,,,120 Bergeron Way,,Stoughton,MA,2072,POINT (-71.15444 42.199156),POINT (-71.383919 42.158234),120 Bergeron Way,,Stoughton,MA,2072,85-2825603,MPN281965,2/8/2021 03:50:34 PM,1/27/2021 11:51:38 AM,,False,no,,,,,,,,,Minority-Owned Business,,,,10/14/2020 03:57:50 PM,2/11/2021 01:43:20 PM,3/11/2021 01:48:48 PM,,,,0.0,2054.0,Millis,Norfolk,42.199156,-71.15444,Central MA,1480 Main Street,,MA,42.158234,-71.383919,1480.0,Main St,,,Millis,MA,Norfolk County,2054.0,GTE Millis LLC,MA,MACCC,Massachusetts Cannabis Control Commission,,,,,
07/01/2024,APPROVED,Marijuana Retailer,Expedited Review - DBE Status,Expedited,DBE Status,COMMENCE OPS,11/13/2020,COMPLETE,MR281744,"CNA Stores, Inc.",Haverhill,1830.0,,,100 Main St.,,Amesbury,MA,1913,POINT (-70.970827 42.635475),POINT (-71.102636 42.7645029),100 Main St,,Amesbury,MA,1913,83-1233238,MRN281744,12/18/2019 09:27:59 AM,10/28/2019 12:00:00 AM,4/9/2020 03:21:11 PM,False,,,,,,,,,,Veteran-Owned Business | Disability-Owned Business,,,10/8/2020 04:00:00 AM,7/25/2018 04:03:35 PM,1/16/2020 12:00:00 AM,4/9/2020 03:06:45 PM,3/7/2024 03:00:00 AM,4/17/2025 04:00:00 AM,,10000.0,1830.0,Haverhill,Essex,42.635475,-70.970827,Northeast,558 River Street,,MA,42.764503,-71.102636,558.0,River St,,,Haverhill,MA,Essex County,1832.0,"CNA Stores, Inc.",MA,MACCC,Massachusetts Cannabis Control Commission,,,,,
07/01/2024,APPROVED,Marijuana Product Manufacturer,General Applicant,General Applicant,General Applicant,PROVISIONAL CONSIDERATION,,PAYMENT_PENDING,MP281670,"XH Management, Inc",Leominster,1453.0,,,200 Highland Avenue,Suite 304,Needham,MA,2494,POINT (-71.840209 42.329642),POINT (-71.578652 42.2868070),PO BOX 961799,,BOSTON,MA,2196,83-2351429,MPN281670,3/27/2023 02:38:27 PM,2/18/2020 12:00:00 AM,,False,,,,,,,,,,Woman-Owned Business,,,,5/15/2019 02:41:24 PM,3/31/2023 11:33:24 AM,7/13/2023 01:57:49 PM,,,,0.0,1453.0,Leominster,Worcester,42.329642,-71.840209,Central MA,Lot 17 & Lot 3A Research Drive,,MA,42.286807,-71.578652,25.0,Research Dr,Lot,,Westborough,MA,Worcester County,1581.0,"XH Management, Inc",MA,MACCC,Massachusetts Cannabis Control Commission,,,,,
07/01/2024,APPROVED,Marijuana Product Manufacturer,Expedited Review - DBE Status,Expedited,DBE Status,PROVISIONAL LICENSE,,COMPLETE,MP281903,Cannabakeri LLC,Worcester,1603.0,,,41 Fremont St,,Worcester,MA,1603,POINT (-71.840209 42.329642),POINT (-71.831031 42.2412399),4 Orchard St.,,Millbury,MA,1527,85-1932636,MPN281903,2/21/2022 08:50:59 PM,9/8/2021 03:41:49 PM,8/12/2022 02:23:28 PM,False,no,,,,,,,,,Woman-Owned Business,,,,6/17/2020 01:00:55 PM,3/18/2022 12:18:55 PM,5/12/2022 02:11:27 PM,7/13/2023 04:00:00 AM,8/12/2024 04:00:00 AM,,10000.0,1603.0,Worcester,Worcester,42.329642,-71.840209,Central MA,41 Fremont St,Ste. 1,MA,42.24124,-71.831032,41.0,Fremont St,,,Worcester,MA,Worcester County,1603.0,Cannabakeri LLC,MA,MACCC,Massachusetts Cannabis Control Commission,,,,,
07/01/2024,APPROVED,Marijuana Cultivator,Expedited Review - Two or More,Expedited,Two or More,COMMENCE OPS,12/8/2021,COMPLETE,MC281338,EOS-Bittersweet LLC,Pittsfield,1201.0,,,973 Barker Road,,Pittsfield,MA,1201,POINT (-73.209889 42.396128),POINT (-73.307815 42.4172519),15 Charisma Drive,,Pittsfiled,MA,1201,84-2076060,MCN281338,12/16/2019 02:18:27 PM,10/7/2019 12:00:00 AM,3/12/2020 03:32:15 PM,False,,,,,,,,,,Minority-Owned Business,Outdoor,"Tier 10: 80,001 to 90,000 sq. ft",11/19/2020 03:00:00 AM,5/1/2018 11:27:38 AM,12/30/2019 12:00:00 AM,3/5/2020 12:17:41 PM,4/14/2023 04:00:00 AM,7/12/2024 04:00:00 AM,,22500.0,1201.0,Pittsfield,Berkshire,42.396128,-73.209889,Western MA,1107 Barker Road,,MA,42.417252,-73.307815,1107.0,Barker Rd,,,Pittsfield,MA,Berkshire County,1201.0,EOS-Bittersweet LLC,MA,MACCC,Massachusetts Cannabis Control Commission,,,,,
07/01/2024,APPROVED,Marijuana Retailer,General Applicant,General Applicant,General Applicant,COMMENCE OPS,3/31/2022,COMPLETE,MR283720,"Apical, Inc.",Northampton,1060.0,,,431 Westminster Street,,Westminster,MA,1420,POINT (-72.62073 42.322256),POINT (-72.633414 42.3247789),2611 Woodruff Road,Suite A,Spokane Valley,WA,99206,82-5135092,MRN283720,8/31/2021 12:51:08 PM,11/18/2020 02:16:59 PM,12/9/2021 04:34:19 PM,True,no,,,,,,APPROVED,RP201884,RP201884,Not a DBE,,,3/10/2022 03:00:00 AM,8/2/2020 03:10:11 PM,9/3/2021 10:06:10 AM,11/18/2021 02:33:24 PM,5/9/2024 04:00:00 AM,5/9/2025 04:00:00 AM,,10000.0,1060.0,Northampton,Hampshire,42.322256,-72.62073,Western MA,144 King Street,,MA,42.324779,-72.633415,144.0,King St,,,Northampton,MA,Hampshire County,1060.0,"Apical, Inc.",MA,MACCC,Massachusetts Cannabis Control Commission,,,,,
07/01/2024,APPROVED,Marijuana Retailer,General Applicant,General Applicant,General Applicant,PROVISIONAL LICENSE,,COMPLETE,MR284489,Green Adventure LLC,Ware,1082.0,,,14 West Street,,Ware,MA,1082,POINT (-72.62073 42.322256),POINT (-72.243386 42.2600290),14 West Street,,Ware,MA,1082,87-2823276,MRN284489,7/20/2022 01:40:01 PM,12/21/2021 09:41:54 AM,,False,no,,,,,,,,,Not a DBE,,,,11/10/2021 08:23:36 AM,8/8/2022 10:23:30 AM,10/13/2022 04:12:44 PM,12/14/2023 03:00:00 AM,12/15/2024 03:00:00 AM,,10000.0,1082.0,Ware,Hampshire,42.322256,-72.62073,Western MA,14 West Street,,MA,42.260029,-72.243386,14.0,West St,,,Ware,MA,Hampshire County,1082.0,Green Adventure LLC,MA,MACCC,Massachusetts Cannabis Control Commission,,,,,
07/01/2024,APPROVED,Marijuana Courier Pre-Certification,Expedited Review - Social Equity Participant,Expedited,Social Equity Participant,PROVISIONAL LICENSE,,COMPLETE,PDO103125,Clovercraft LLC,,,,,30 Norwood Ave.,,Florence,MA,1062,,,30 NOrwood Ave.,,Florence,MA,1062,85-2089487,PDOA103125,7/28/2020 04:16:38 PM,7/6/2020 12:06:59 PM,,False,,SE304457,SE304457,,,,,,,Not a DBE,,,,6/9/2020 03:14:22 PM,,8/5/2020 01:07:46 PM,8/5/2020 04:00:00 AM,8/5/2022 04:00:00 AM,,0.0,,,,,,,,,MA,,,,,,,,,,,Clovercraft LLC,MA,MACCC,Massachusetts Cannabis Control Commission,,,,,
07/01/2024,APPROVED,Marijuana Delivery Operator,Priority Review - Economic Empowerment Priority,Priority,Economic Empowerment Priority,PROVISIONAL LICENSE,,COMPLETE,MD1316,Tradesman Exchange LLC,Mashpee,2649.0,,,800 Falmouth Road,,Mashpee,MA,2649,POINT (-70.301811 41.698999),,226 South Main Street,Suite #6,Fall River,MA,2721,85-2760510,MDA1316,11/8/2022 04:25:58 PM,9/6/2022 11:53:23 AM,,False,,SE303508,,,,,,,,Not a DBE,,,,8/1/2022 10:19:21 AM,11/8/2022 03:47:55 PM,3/9/2023 12:48:36 PM,2/8/2024 03:00:00 AM,3/9/2025 04:00:00 AM,,0.0,2649.0,Mashpee,Barnstable,41.698999,-70.301811,Southeast and Cape,,,MA,,,,,,,,,,,Tradesman Exchange LLC,MA,MACCC,Massachusetts Cannabis Control Commission,,,,,
07/01/2024,APPROVED,Marijuana Cultivator,General Applicant,General Applicant,General Applicant,PROVISIONAL LICENSE,,COMPLETE,MC282404,"Bare Naked Greens, LLC",Uxbridge,1569.0,,,290 Millville Rd.,,Uxbridge,MA,1569,POINT (-71.840209 42.329642),POINT (-71.619939 42.0607150),248 South Pier Rd,,Narragansett,RI,2882,35-2671182,MCN282404,4/3/2020 12:35:05 PM,2/18/2020 12:00:00 AM,,False,,,,,,,,,,Not a DBE,Indoor,"Tier 03: 10,001 to 20,000 sq. ft",,9/17/2019 08:55:57 AM,4/15/2020 12:00:00 AM,6/4/2020 02:03:51 PM,3/10/2022 03:00:00 AM,3/10/2023 03:00:00 AM,,5000.0,1569.0,Uxbridge,Worcester,42.329642,-71.840209,Central MA,290 Millville Rd.,,MA,42.060715,-71.619939,290.0,Millville Rd,,,Uxbridge,MA,Worcester County,1569.0,"Bare Naked Greens, LLC",MA,MACCC,Massachusetts Cannabis Control Commission,,,,,
07/01/2024,APPROVED,Marijuana Cultivator,Expedited Review - DBE Status,Expedited,DBE Status,PROVISIONAL LICENSE,,COMPLETE,MC283252,"Pepperell Roots, LLC",Pepperell,1463.0,,,41 Brookline Street,PO Box 891,Pepperell,MA,1463,POINT (-71.275566 42.459085),POINT (-71.562984 42.6767529),41 Brookline Street,PO Box 891,Pepperell,MA,1463,84-4627957,MCN283252,6/9/2021 03:21:34 PM,2/26/2021 01:21:31 PM,12/16/2021 12:16:10 PM,False,no,,,,,,,,,Woman-Owned Business,Indoor,"Tier 01: up to 5,000 square feet",,12/21/2020 09:07:59 AM,6/25/2021 02:30:24 PM,9/17/2021 12:31:56 PM,12/14/2023 03:00:00 AM,12/16/2024 03:00:00 AM,,1250.0,1463.0,Pepperell,Middlesex,42.459085,-71.275566,Central MA,"35 Lomar Park Drive, Unit C",,MA,42.676753,-71.562984,35.0,Lomar Park Dr,Unit,,Pepperell,MA,Middlesex County,1463.0,"Pepperell Roots, LLC",MA,MACCC,Massachusetts Cannabis Control Commission,,,,,
07/01/2024,APPROVED,Marijuana Retailer,Priority Review - MTC Priority,Priority,MTC Priority,COMMENCE OPS,6/8/2020,COMPLETE,MR282578,"HVV Massachusetts, Inc.",Gloucester,1930.0,,,38 Great Republic Drive,,Gloucester,MA,1930,POINT (-70.970827 42.635475),POINT (-70.645381 42.6285450),39 Country Club Way,,Ipswich,MA,1938,82-4995668,MRN282578,5/24/2019 05:04:41 PM,5/6/2019 12:00:00 AM,9/25/2019 04:06:23 PM,True,,,,,,,,,RP201813,Not a DBE,,,4/9/2020 04:00:00 AM,4/4/2019 03:01:05 PM,6/7/2019 12:00:00 AM,9/13/2019 11:37:47 AM,9/14/2023 04:00:00 AM,10/1/2024 04:00:00 AM,,5000.0,1930.0,Gloucester,Essex,42.635475,-70.970827,Northeast,38 Great Republic Drive,,MA,42.628545,-70.645381,38.0,Great Republic Dr,,,Gloucester,MA,Essex County,1930.0,"HVV Massachusetts, Inc.",MA,MACCC,Massachusetts Cannabis Control Commission,,,,,
07/01/2024,APPROVED,Marijuana Courier Pre-Certification,Expedited Review - Social Equity Participant,Expedited,Social Equity Participant,PROVISIONAL LICENSE,,COMPLETE,PDO103032,Kosher Group LLC,,,,,11 Noble Street,,Newton,MA,2465,,,11 noble street,,Newton,MA,2465,85-1202656,PDOA103032,9/3/2020 09:31:22 AM,8/31/2020 12:26:56 PM,,False,,SE303608,SE303608,,,,,,,Not a DBE,,,,5/28/2020 06:55:49 PM,,10/5/2020 11:46:37 AM,10/5/2020 04:00:00 AM,10/5/2022 04:00:00 AM,,0.0,,,,,,,,,MA,,,,,,,,,,,Kosher Group LLC,MA,MACCC,Massachusetts Cannabis Control Commission,,,,,
07/01/2024,APPROVED,Marijuana Retailer,General Applicant,General Applicant,General Applicant,COMMENCE OPS,2/12/2021,COMPLETE,MR282356,"Northempton Enterprises, Inc.",Northampton,1060.0,,,2 Conz Street,Unit 4,Northampton,MA,1060,POINT (-72.62073 42.322256),POINT (-72.631061 42.3159769),2 Conz Street,Unit 4,Northampton,MA,1060,83-1994260,MRN282356,2/24/2020 01:17:13 PM,10/10/2019 12:00:00 AM,5/11/2020 09:34:22 AM,False,,,,,,,,,,Not a DBE,,,1/14/2021 03:00:00 AM,1/30/2019 01:07:12 PM,2/28/2020 12:00:00 AM,5/8/2020 03:00:11 PM,5/11/2023 04:00:00 AM,9/12/2024 04:00:00 AM,,10000.0,1060.0,Northampton,Hampshire,42.322256,-72.62073,Western MA,2 Conz Street,"Units #6, #2C, #4, #2A",MA,42.315977,-72.631061,2.0,Conz St,,,Northampton,MA,Hampshire County,1060.0,"Northempton Enterprises, Inc.",MA,MACCC,Massachusetts Cannabis Control Commission,,,,,
07/01/2024,APPROVED,Marijuana Retailer,General Applicant,General Applicant,General Applicant,PROVISIONAL LICENSE,,COMPLETE,MR284530,Valkyrie Cannabis Inc.,Great Barrington,1230.0,,,325 Stockbridge Rd.,,Great Barrington,MA,1230,POINT (-73.209889 42.396128),POINT (-73.346320 42.2110770),41 Meeting House Lane,,Southampton,NY,11968,85-0492199,MRN284530,4/27/2022 04:05:14 PM,2/11/2022 02:55:19 PM,7/14/2022 02:14:53 PM,False,no,,,,,,,,,"Lesbian, Gay, Bisexual, and Transgender Owned Business",,,,12/3/2021 10:35:15 AM,5/6/2022 10:40:39 AM,7/14/2022 11:56:23 AM,7/14/2022 04:00:00 AM,7/14/2023 04:00:00 AM,,10000.0,1230.0,Great Barrington,Berkshire,42.396128,-73.209889,Western MA,325 Stockbridge Rd.,,MA,42.211077,-73.34632,325.0,Stockbridge Rd,,,Great Barrington,MA,Berkshire County,1230.0,Valkyrie Cannabis Inc.,MA,MACCC,Massachusetts Cannabis Control Commission,,,,,
07/01/2024,APPROVED,Marijuana Retailer,General Applicant,General Applicant,General Applicant,COMMENCE OPS,4/11/2022,COMPLETE,MR282969,New Green LLC,Egremont,1258.0,,,71 main Street,,South Egremont,MA,1258,POINT (-73.209889 42.396128),POINT (-73.051068 42.2652989),P.O. Box 22,,South Egremont,MA,1258,84-1895926,MRN282969,4/10/2020 03:38:08 PM,2/25/2020 12:00:00 AM,,False,,,,,,,,,,Minority-Owned Business | Woman-Owned Business,,,2/10/2022 03:00:00 AM,9/3/2019 12:12:56 PM,5/26/2020 02:12:51 PM,7/9/2020 03:15:33 PM,11/9/2023 03:00:00 AM,11/18/2024 03:00:00 AM,,10000.0,1258.0,South Egremont,Berkshire,42.396128,-73.209889,,71 Main Street,,MA,42.265299,-73.051069,71.0,Main St,,,Becket,MA,Berkshire County,1223.0,New Green LLC,MA,MACCC,Massachusetts Cannabis Control Commission,,,,,
07/01/2024,APPROVED,Marijuana Cultivator,Expedited Review - DBE Status,Expedited,DBE Status,PROVISIONAL CONSIDERATION,,PAYMENT_PENDING,MC283240,"Royalty Group, LLC",Tyngsborough,1879.0,,,279 Tremont St.,,Boston,MA,2116,POINT (-71.275566 42.459085),POINT (-71.400227 42.6535009),279 Tremont St.,,Boston,MA,2116,47-1893479,MCN283240,3/24/2021 07:48:25 PM,1/29/2021 02:25:29 PM,,False,no,,,,,,,,,Woman-Owned Business,Indoor,"Tier 02: 5,001 to 10,000 sq. ft.",,12/14/2020 04:54:57 PM,4/2/2021 11:20:05 AM,6/22/2021 11:10:51 AM,,,,0.0,1879.0,Tyngsboro,Middlesex,42.459085,-71.275566,,5 Middlesex Rd.,,MA,42.653501,-71.400227,5.0,Middlesex Rd,,,Tyngsboro,MA,Middlesex County,1879.0,"Royalty Group, LLC",MA,MACCC,Massachusetts Cannabis Control Commission,,,,,
07/01/2024,APPROVED,Marijuana Delivery Operator Pre-Certification,Expedited Review - Social Equity Participant,Expedited,Social Equity Participant,PROVISIONAL LICENSE,,COMPLETE,PMD6035,Gas Bus LLC,,,,,33 Cedrus Ave,,Boston,MA,2131,,,33 Cederus Ave,,Boston,MA,2131,85-1367777,PMDA6035,9/13/2022 04:37:33 AM,8/17/2022 08:51:03 AM,,False,,SE306290,SE306290,,,,,,,Not a DBE,,,,7/22/2022 01:31:53 PM,9/27/2022 01:39:18 PM,9/28/2022 01:39:45 PM,9/28/2022 04:00:00 AM,9/28/2024 04:00:00 AM,,0.0,,,,,,,,,MA,,,,,,,,,,,Gas Bus LLC,MA,MACCC,Massachusetts Cannabis Control Commission,,,,,
07/01/2024,APPROVED,Marijuana Delivery Operator Pre-Certification,Expedited Review - Social Equity Participant,Expedited,Social Equity Participant,PROVISIONAL LICENSE,,COMPLETE,PMD5943,Teddy's Veggie Farm LLC,,,,,203 Greenville Street,,Spencer,MA,1562,,,203 Greenville Street,,Spencer,MA,1562,83-0794085,PMDA5943,2/18/2022 08:54:15 AM,2/8/2022 02:20:13 PM,,False,,SE304749,SE304749,,,,,,,Minority-Owned Business,,,,10/5/2021 11:33:05 PM,3/4/2022 02:37:53 PM,3/4/2022 02:38:05 PM,3/4/2022 03:00:00 AM,3/4/2024 03:00:00 AM,,0.0,,,,,,,,,MA,,,,,,,,,,,Teddy's Veggie Farm LLC,MA,MACCC,Massachusetts Cannabis Control Commission,,,,,
07/01/2024,APPROVED,Marijuana Retailer,General Applicant,General Applicant,General Applicant,COMMENCE OPS,3/16/2023,COMPLETE,MR283743,"Cannabro, LLC",Southbridge,1550.0,,,345 Main Street,,Southbridge,MA,1550,POINT (-71.840209 42.329642),POINT (-72.016313 42.0710570),345 Main Street,,Southbridge,MA,1550,85-0507062,MRN283743,9/2/2020 12:12:14 PM,9/1/2020 01:42:27 PM,,False,no,,SE305854,,,,,,,Not a DBE,,,1/12/2023 03:00:00 AM,8/21/2020 03:16:58 PM,9/3/2020 09:44:28 AM,11/19/2020 04:15:33 PM,7/13/2023 04:00:00 AM,11/12/2024 03:00:00 AM,,10000.0,1550.0,Southbridge,Worcester,42.329642,-71.840209,Central MA,345 Main Street,,MA,42.071057,-72.016314,345.0,E Main St,,,Southbridge,MA,Worcester County,1550.0,"Cannabro, LLC",MA,MACCC,Massachusetts Cannabis Control Commission,,,,,
07/01/2024,APPROVED,Marijuana Product Manufacturer,Expedited Review - Social Equity Participant,Expedited,Social Equity Participant,PROVISIONAL LICENSE,,COMPLETE,MP282100,"Briarleaf, LLC",Attleboro,2703.0,,,527 Pleasant Street,,Attleboro,MA,2703,POINT (-71.102131 41.778329),POINT (-71.266148 41.9475529),527 Pleasant Street,,Attleboro,MA,2703,82-3802213,MPN282100,4/13/2022 08:50:50 AM,12/6/2021 11:59:14 AM,,False,yes,SE305293,,,,,,,,Not a DBE,,,,7/16/2021 09:08:58 AM,4/15/2022 01:39:15 PM,6/9/2022 12:47:22 PM,7/13/2023 04:00:00 AM,8/16/2024 04:00:00 AM,,5000.0,2703.0,Attleboro,Bristol,41.778329,-71.102131,Southeast and Cape,527 Pleasant Street,,MA,41.947553,-71.266148,527.0,Pleasant St,,,Attleboro,MA,Bristol County,2703.0,"Briarleaf, LLC",MA,MACCC,Massachusetts Cannabis Control Commission,,,,,
07/01/2024,APPROVED,Marijuana Courier Pre-Certification,Expedited Review - Social Equity Participant,Expedited,Social Equity Participant,PROVISIONAL LICENSE,,COMPLETE,PDO103524,Cannvas LLC,,,,,1400 Brayton Point Road,,Somerset,MA,2725,,,33 Wales Ave,,Avon,MA,2322,87-1991297,PDOA103524,8/11/2021 03:06:12 PM,8/11/2021 01:53:58 PM,,False,,SE304857,,,,,,,,Not a DBE,,,,6/29/2021 09:23:57 AM,8/30/2021 08:13:28 AM,8/30/2021 08:13:36 AM,8/30/2021 04:00:00 AM,8/30/2023 04:00:00 AM,,0.0,,,,,,,,,MA,,,,,,,,,,,Cannvas LLC,MA,MACCC,Massachusetts Cannabis Control Commission,,,,,
07/01/2024,APPROVED,Marijuana Product Manufacturer,Priority Review - MTC Priority,Priority,MTC Priority,COMMENCE OPS,9/17/2021,COMPLETE,MP281736,"Heka, Inc.",Westfield,1085.0,,,98 Sgt. TM Dion Way,,Westfield,MA,1085,POINT (-72.571312 42.12756),POINT (-72.726052 42.1440699),98 Sgt. TM Dion Way,,Westfield,MA,1085,32-0555210,MPN281736,11/25/2019 02:32:01 PM,8/7/2019 12:00:00 AM,,True,,,,,,,APPROVED,RP201937,RP201937,Not a DBE,,,7/15/2021 04:00:00 AM,7/30/2019 09:13:04 AM,11/27/2019 12:00:00 AM,2/7/2020 09:15:27 AM,6/9/2022 04:00:00 AM,10/17/2023 04:00:00 AM,,10000.0,1085.0,Westfield,Hampden,42.12756,-72.571312,Western MA,98 Sgt. TM Dion Way,,MA,42.14407,-72.726053,98.0,Sgt Tm Dion Way,,,Westfield,MA,Hampden County,1085.0,"Heka, Inc.",MA,MACCC,Massachusetts Cannabis Control Commission,,,,,
07/01/2024,APPROVED,Marijuana Retailer,Priority Review - MTC Priority,Priority,MTC Priority,PROVISIONAL LICENSE,,COMPLETE,MR281430,"The Green Harbor Dispensary, LLC",Provincetown,2657.0,,,29 Abbey Lane,,Middleborough,MA,2346,POINT (-70.301811 41.698999),POINT (-70.194697 42.0520939),29 Abbey Lane,,Middleborough,MA,2346,82-5108074,MRN281430,7/1/2020 02:26:06 PM,1/29/2020 12:00:00 AM,9/16/2020 12:41:11 PM,True,,,,,,,APPROVED,RP201920,RP201920,Minority-Owned Business,,,,5/16/2018 10:53:55 AM,7/7/2020 12:45:18 PM,9/10/2020 01:54:14 PM,11/10/2022 03:00:00 AM,11/10/2023 03:00:00 AM,,10000.0,2657.0,Provincetown,Barnstable,41.698999,-70.301811,Southeast and Cape,79 Shank Painter Rd.,,MA,42.052094,-70.194697,79.0,Shank Painter Rd,,,Provincetown,MA,Barnstable County,2657.0,"The Green Harbor Dispensary, LLC",MA,MACCC,Massachusetts Cannabis Control Commission,,,,,
07/01/2024,APPROVED,Marijuana Retailer,Priority Review - Economic Empowerment Priority,Priority,Economic Empowerment Priority,COMMENCE OPS,6/30/2023,COMPLETE,MR284222,New Dia Fenway LLC,Boston,2215.0,,,8 Zoar St,,Worcester,MA,1604,POINT (-71.073493 42.334948),POINT (-71.098140 42.347299),8 Zoar St,,Worcester,MA,1604,87-2585603,MRN284222,10/20/2021 10:47:25 PM,9/28/2021 02:25:35 PM,3/8/2022 04:20:42 PM,True,yes,EE201826,,,,EE201826,,,,Not a DBE,,,5/22/2023 04:00:00 AM,4/26/2021 12:19:58 PM,10/29/2021 12:14:09 PM,2/14/2022 04:22:28 PM,2/8/2024 03:00:00 AM,3/8/2025 03:00:00 AM,,5000.0,2215.0,Boston,Suffolk,42.334948,-71.073493,Metro Boston,48-62 Brookline Ave,,MA,42.347299,-71.098141,,Brookline Ave,,,Boston,MA,Suffolk County,2215.0,New Dia Fenway LLC,MA,MACCC,Massachusetts Cannabis Control Commission,,,,,
07/01/2024,APPROVED,Marijuana Courier Pre-Certification,Expedited Review - Social Equity Participant,Expedited,Social Equity Participant,PROVISIONAL LICENSE,,COMPLETE,PDO103572,"Earth Well Delivery, Inc.",,,,,526 Boston Post Road,,Wayland,MA,1778,,,526 Boston Post Road,,Wayland,MA,1778,87-3411655,PDOA103572,12/9/2021 11:03:43 AM,12/2/2021 11:29:45 AM,,False,,SE305214,,,,,,,,Not a DBE,,,,11/11/2021 09:37:58 AM,12/14/2021 11:05:04 AM,12/14/2021 11:08:14 AM,12/14/2021 03:00:00 AM,12/14/2023 03:00:00 AM,,0.0,,,,,,,,,MA,,,,,,,,,,,"Earth Well Delivery, Inc.",MA,MACCC,Massachusetts Cannabis Control Commission,,,,,
07/01/2024,APPROVED,Marijuana Cultivator,General Applicant,General Applicant,General Applicant,PROVISIONAL LICENSE,,COMPLETE,MC283420,"Greenbridge Technologies, LLC",Tyngsborough,1879.0,,,18 Progress Avenue,,Tyngsborough,MA,1879,POINT (-71.275566 42.459085),POINT (-71.440933 42.6747069),18 Progress Avenue,,Tyngsborough,MA,1879,85-3938524,MCN283420,4/9/2021 04:31:24 PM,3/31/2021 05:19:38 PM,,False,no,,,,,,,,,Not a DBE,Indoor,"Tier 02: 5,001 to 10,000 sq. ft.",,3/10/2021 06:28:15 PM,4/30/2021 09:42:13 AM,6/22/2021 11:00:12 AM,8/10/2023 04:00:00 AM,8/14/2024 04:00:00 AM,,2500.0,1879.0,Tyngsboro,Middlesex,42.459085,-71.275566,,18 Progress Avenue,,MA,42.674707,-71.440933,18.0,Progress Ave,,,Tyngsboro,MA,Middlesex County,1879.0,"Greenbridge Technologies, LLC",MA,MACCC,Massachusetts Cannabis Control Commission,,,,,
07/01/2024,APPROVED,Marijuana Cultivator,General Applicant,General Applicant,General Applicant,PROVISIONAL CONSIDERATION,,PAYMENT_PENDING,MC283798,Canna-Farm LLC,Attleboro,2703.0,,,1 Turner Street,2nd Floor,Attleboro,MA,2703,POINT (-71.102131 41.778329),POINT (-71.380156 41.8974630),1 Turner STreet,2nd Floor,Attleboro,MA,2703,92-0697949,MCN283798,6/9/2023 01:22:55 PM,12/14/2022 09:02:38 AM,,False,no,,,,,,,,,Not a DBE,Indoor,"Tier 05: 30,001 to 40,000 sq. ft",,10/11/2022 02:04:51 PM,6/23/2023 11:01:42 AM,7/13/2023 01:54:29 PM,,,,0.0,2703.0,Attleboro,Bristol,41.778329,-71.102131,Southeast and Cape,1 Turner Street,2nd Floor,MA,41.897463,-71.380157,1.0,Turner St,,,Attleboro,MA,Bristol County,2703.0,Canna-Farm LLC,MA,MACCC,Massachusetts Cannabis Control Commission,,,,,
07/01/2024,APPROVED,Marijuana Cultivator,General Applicant,General Applicant,General Applicant,COMMENCE OPS,4/7/2022,COMPLETE,MC282541,"Grow Rite, LLC",Upton,1568.0,,,162 Milford St.,,Upton,MA,1568,POINT (-71.840209 42.329642),POINT (-71.582916 42.1608340),9 Freeland St,UNIT 1 L,Worcester,MA,1603,83-4670920,MCN282541,8/18/2020 05:22:25 PM,6/29/2020 09:23:44 AM,10/15/2020 09:04:56 AM,False,,,,,,,,,,Not a DBE,Indoor,"Tier 01: up to 5,000 square feet",8/12/2021 04:00:00 AM,12/17/2019 10:58:28 PM,8/20/2020 02:03:37 PM,10/8/2020 02:14:08 PM,9/14/2023 04:00:00 AM,10/15/2024 04:00:00 AM,,1250.0,1568.0,Upton,Worcester,42.329642,-71.840209,Central MA,162 Milford St,,MA,42.160834,-71.582917,162.0,Milford St,,,Upton,MA,Worcester County,1568.0,"Grow Rite, LLC",MA,MACCC,Massachusetts Cannabis Control Commission,,,,,
07/01/2024,APPROVED,Marijuana Retailer,Priority Review - Economic Empowerment Priority,Priority,Economic Empowerment Priority,PROVISIONAL LICENSE,,COMPLETE,MR281281,"Team Green, LLC",Boston,2126.0,,,1292 Blue Hill Ave,,Mattapan,MA,2126,POINT (-71.073493 42.334948),POINT (-71.092680 42.2794570),476 Canton Street,,Stoughton,MA,2072,82-5246181,MRN281281,5/15/2020 05:12:24 PM,10/8/2019 12:00:00 AM,8/22/2020 06:53:12 PM,True,,,,APPROVED,EE201890,EEA201884,,,,Not a DBE,,,,4/19/2018 03:00:40 PM,5/21/2020 11:24:37 AM,8/6/2020 02:21:21 PM,3/7/2024 03:00:00 AM,3/7/2025 03:00:00 AM,,5000.0,2126.0,Mattapan,Suffolk,42.334948,-71.073493,,1292 Blue Hill Avenue,,MA,42.279457,-71.092681,1292.0,Blue Hill Ave,,,Mattapan,MA,Suffolk County,2126.0,"Team Green, LLC",MA,MACCC,Massachusetts Cannabis Control Commission,,,,,
07/01/2024,APPROVED,Marijuana Retailer,General Applicant,General Applicant,General Applicant,PROVISIONAL CONSIDERATION,,PAYMENT_PENDING,MR281621,Debilitating Medical Condition Treatment Centers,Whately,1373.0,,,7 River Rd,,Whately,MA,1093,POINT (-72.573941 42.587072),POINT (-72.614046 42.470101),7 RIver Rd,,Whately,MA,1093,46-3448063,MRN281621,7/22/2022 01:42:11 PM,2/16/2022 12:56:04 PM,,True,,,,,,,APPROVED,RP201977,RP201977,Not a DBE,,,,6/20/2018 11:31:51 AM,8/8/2022 10:23:07 AM,11/10/2022 12:39:35 PM,,,,0.0,1373.0,South Deerfield,Franklin,42.587072,-72.573941,,424 State Rd,,MA,42.470101,-72.614047,424.0,State Rd,,,South Deerfield,MA,Franklin County,1373.0,Debilitating Medical Condition Treatment Centers,MA,MACCC,Massachusetts Cannabis Control Commission,,,,,
07/01/2024,APPROVED,Marijuana Retailer,General Applicant,General Applicant,General Applicant,COMMENCE OPS,4/20/2021,COMPLETE,MR281450,"Hennep, Inc.",Provincetown,2657.0,,,246 Commercial St.,,Provincetown,MA,2657,POINT (-70.301811 41.698999),POINT (-70.187934 42.0506200),1330 Boylston St.,Unit 202,Boston,MA,2215,83-0576823,MRN281450,12/26/2019 12:42:46 PM,8/26/2019 12:00:00 AM,4/13/2020 07:19:34 PM,False,,,,,,,,,,Not a DBE,,,3/11/2021 03:00:00 AM,5/18/2018 09:26:01 AM,2/14/2020 12:00:00 AM,4/9/2020 03:14:52 PM,7/13/2023 04:00:00 AM,7/17/2024 04:00:00 AM,,10000.0,2657.0,Provincetown,Barnstable,41.698999,-70.301811,Southeast and Cape,246 Commercial Street,,MA,42.05062,-70.187935,246.0,Commercial St,,,Provincetown,MA,Barnstable County,2657.0,"Hennep, Inc.",MA,MACCC,Massachusetts Cannabis Control Commission,,,,,
07/01/2024,APPROVED,Marijuana Cultivator,Expedited Review - DBE Status,Expedited,DBE Status,COMMENCE OPS,10/3/2022,COMPLETE,MC282665,"Green Theory Cultivation, LLC",Lee,1238.0,,,845 Pleasant Street,,Lee,MA,1238,POINT (-73.209889 42.396128),POINT (-73.257086 42.278658),41 Pine Ridge Road,,Eastman,GA,31023,83-1813923,MCN282665,5/15/2020 10:46:37 AM,3/3/2020 12:00:00 AM,8/14/2020 12:19:31 PM,False,,,,,,,,,,Minority-Owned Business,Indoor,"Tier 02: 5,001 to 10,000 sq. ft.",4/7/2022 04:00:00 AM,2/26/2020 04:20:47 PM,5/21/2020 11:08:33 AM,8/6/2020 01:57:10 PM,9/14/2023 04:00:00 AM,9/18/2024 04:00:00 AM,,2500.0,1238.0,Lee,Berkshire,42.396128,-73.209889,Western MA,845 Pleasant Street,,MA,42.278658,-73.257086,845.0,Pleasant St,,,Lee,MA,Berkshire County,1238.0,"Green Theory Cultivation, LLC",MA,MACCC,Massachusetts Cannabis Control Commission,,,,,
07/01/2024,APPROVED,Marijuana Product Manufacturer,General Applicant,General Applicant,General Applicant,PROVISIONAL LICENSE,,COMPLETE,MP282044,"Sugar Grove, LLC",Templeton,1468.0,,,111 Gainsborough Street,Unit 407,Boston,MA,2115,POINT (-71.840209 42.329642),POINT (-72.081829 42.5581499),111 Gainsborough Street,Unit 407,Boston,MA,2115,85-2383037,MPN282044,5/26/2021 08:36:20 PM,3/23/2021 11:58:45 AM,2/29/2024 04:22:52 PM,False,no,,,,,,,,,Not a DBE,,,,2/28/2021 09:19:39 PM,5/28/2021 09:47:41 AM,9/17/2021 12:33:45 PM,2/29/2024 03:00:00 AM,3/1/2025 03:00:00 AM,,10000.0,1468.0,Templeton,Worcester,42.329642,-71.840209,Central MA,0 & 642 Patriots Rd,,MA,42.55815,-72.08183,,Patriots Rd,,642.0,Templeton,MA,Worcester County,1468.0,"Sugar Grove, LLC",MA,MACCC,Massachusetts Cannabis Control Commission,,,,,
07/01/2024,APPROVED,Marijuana Product Manufacturer,Priority Review - MTC Priority,Priority,MTC Priority,COMMENCE OPS,1/15/2020,COMPLETE,MP281524,"Nature's Remedy of Massachusetts, Inc.",Lakeville,2347.0,,,110 Turnpike Road,SUITE 114,Westborough,MA,1581,POINT (-70.818958 41.978877),POINT (-70.947676 41.8857),110 Turnpike Road,SUITE 114,Westborough,MA,1581,82-0797573,MPN281524,1/16/2019 04:28:12 PM,12/11/2018 12:00:00 AM,4/5/2019 01:29:33 PM,True,,,,,,,APPROVED,RP201923,RPA201923,Not a DBE,,,6/27/2019 04:00:00 AM,10/29/2018 03:39:16 PM,2/14/2019 12:00:00 AM,4/4/2019 04:38:42 PM,5/11/2023 04:00:00 AM,9/10/2024 04:00:00 AM,,5000.0,2347.0,Lakeville,Plymouth,41.978877,-70.818958,Southeast and Cape,310 Kenneth Welch Drive,,MA,41.8857,-70.947677,310.0,Kenneth Welch Dr,,,Lakeville,MA,Plymouth County,2347.0,"Nature's Remedy of Massachusetts, Inc.",MA,MACCC,Massachusetts Cannabis Control Commission,,,,,
07/01/2024,APPROVED,Marijuana Retailer,General Applicant,General Applicant,General Applicant,PROVISIONAL LICENSE,,COMPLETE,MR283165,Ten-Ten LLC,Sheffield,1257.0,,,775 N. Main St,,Sheffield,MA,1257,POINT (-73.209889 42.396128),POINT (-73.361320 42.1256369),54 Nelson Ave Ext,,Saratoga Springs,NY,12866,83-1989850,MRN283165,4/16/2020 03:12:15 PM,4/3/2020 12:00:00 AM,7/27/2020 04:08:15 PM,False,,,,,,,,,,Not a DBE,,,,12/4/2019 08:04:02 PM,5/26/2020 02:18:08 PM,7/9/2020 03:52:01 PM,7/13/2023 04:00:00 AM,7/27/2024 04:00:00 AM,,10000.0,1257.0,Sheffield,Berkshire,42.396128,-73.209889,Western MA,775 N. Main St,,MA,42.125637,-73.36132,775.0,N Main St,,,Sheffield,MA,Berkshire County,1257.0,Ten-Ten LLC,MA,MACCC,Massachusetts Cannabis Control Commission,,,,,
07/01/2024,APPROVED,Marijuana Retailer,Priority Review - Economic Empowerment Priority,Priority,Economic Empowerment Priority,PROVISIONAL CONSIDERATION,,PAYMENT_PENDING,MR283170,"Holyoke Green Growers, LLC.",Holyoke,1040.0,,,60 Jackson St.,,HOLYOKE,MA,1040,POINT (-72.571312 42.12756),POINT (-72.614537 42.1958600),275 SARGEANT ST FL 2,,HOLYOKE,MA,1040,82-5257334,MRN283170,1/24/2022 12:42:58 PM,12/15/2020 10:46:41 AM,,True,yes,EE202034,,APPROVED,EE202034,EE202034,,,,Not a DBE,,,,12/5/2019 08:49:45 PM,12/3/2021 11:40:11 AM,2/14/2022 04:18:06 PM,,,,0.0,1040.0,Holyoke,Hampden,42.12756,-72.571312,Western MA,60 Jackson St.,,MA,42.19586,-72.614538,60.0,Jackson St,,,Holyoke,MA,Hampden County,1040.0,"Holyoke Green Growers, LLC.",MA,MACCC,Massachusetts Cannabis Control Commission,,,,,
07/01/2024,APPROVED,Marijuana Delivery Operator Pre-Certification,Expedited Review - Social Equity Participant,Expedited,Social Equity Participant,PROVISIONAL LICENSE,,COMPLETE,PMD6023,Motah 420 LLC,,,,,6 RENFREW ST,,ADAMS,MA,1220,,,6 RENFREW ST,,ADAMS,MA,1220,88-1082028,PMDA6023,1/4/2023 10:43:08 AM,11/22/2022 01:31:03 PM,,False,,SE305091,SE305091,,,,,,,Not a DBE,,,,6/22/2022 03:45:46 PM,1/6/2023 02:14:38 PM,1/10/2023 12:15:19 PM,1/10/2023 03:00:00 AM,1/10/2025 03:00:00 AM,,0.0,,,,,,,,,MA,,,,,,,,,,,Motah 420 LLC,MA,MACCC,Massachusetts Cannabis Control Commission,,,,,
07/01/2024,APPROVED,Marijuana Retailer,Expedited Review - DBE Status,Expedited,DBE Status,COMMENCE OPS,3/17/2023,COMPLETE,MR282958,GTE Taunton LLC,Taunton,2780.0,,,120 Bergeron Way,,Stoughton,MA,2072,POINT (-71.102131 41.778329),POINT (-71.089963 41.925888),120 Bergeron Way,,Stoughton,MA,2072,37-1940237,MRN282958,6/29/2020 02:24:59 PM,2/11/2020 12:00:00 AM,2/4/2022 02:09:45 PM,False,no,,,,,,,,,Minority-Owned Business,,,2/9/2023 03:00:00 AM,8/28/2019 12:28:11 PM,7/7/2020 11:36:22 AM,8/6/2020 02:00:34 PM,3/7/2024 03:00:00 AM,3/10/2025 04:00:00 AM,,10000.0,2780.0,Taunton,Bristol,41.778329,-71.102131,Southeast and Cape,297 Broadway Street,,MA,41.925888,-71.089964,297.0,Broadway St,,,Taunton,MA,Bristol County,2780.0,GTE Taunton LLC,MA,MACCC,Massachusetts Cannabis Control Commission,,,,,
07/01/2024,APPROVED,Marijuana Product Manufacturer,Expedited Review - DBE Status,Expedited,DBE Status,COMMENCE OPS,2/17/2021,COMPLETE,MP281662,HIGHMINDED LLC,Great Barrington,1230.0,,,126 Main Street,,Great Barrington,MA,1230,POINT (-73.209889 42.396128),POINT (-73.360406 42.199472),126 Main Street,,Great Barrington,MA,1230,83-0990966,MPN281662,12/16/2019 04:49:22 PM,12/10/2019 12:00:00 AM,4/13/2020 10:16:07 AM,False,,,,,,,,,,"Lesbian, Gay, Bisexual, and Transgender Owned Business",,,11/19/2020 03:00:00 AM,5/8/2019 02:48:58 PM,2/6/2020 12:00:00 AM,4/9/2020 03:15:30 PM,4/11/2024 04:00:00 AM,4/17/2025 04:00:00 AM,,10000.0,1230.0,Great Barrington,Berkshire,42.396128,-73.209889,Western MA,126 Main Street,,MA,42.199472,-73.360407,126.0,Main St,,,Great Barrington,MA,Berkshire County,1230.0,HIGHMINDED LLC,MA,MACCC,Massachusetts Cannabis Control Commission,,,,,
07/01/2024,APPROVED,Marijuana Retailer,General Applicant,General Applicant,General Applicant,COMMENCE OPS,12/29/2022,COMPLETE,MR283773,"Cypress Tree Management Natick, Inc.",Natick,1760.0,,,419 BOYLSTON STREET,300,Boston,MA,2116,POINT (-71.275566 42.459085),POINT (-71.379502 42.3039410),419 BOYLSTON STREET,300,Boston,MA,2116,87-0752412,MRN283773,4/23/2021 02:58:17 PM,4/23/2021 08:36:14 AM,2/24/2022 11:52:46 AM,False,no,,,,,,,,,Not a DBE,,,12/8/2022 03:00:00 AM,9/10/2020 11:07:51 AM,5/7/2021 10:06:13 AM,8/12/2021 01:58:17 PM,2/8/2024 03:00:00 AM,3/10/2025 04:00:00 AM,,10000.0,1760.0,Natick,Middlesex,42.459085,-71.275566,Central MA,321 Speen Street,,MA,42.303941,-71.379502,321.0,Speen St,,,Natick,MA,Middlesex County,1760.0,"Cypress Tree Management Natick, Inc.",MA,MACCC,Massachusetts Cannabis Control Commission,,,,,
07/01/2024,APPROVED,Marijuana Retailer,General Applicant,General Applicant,General Applicant,PROVISIONAL LICENSE,,COMPLETE,MR284703,Green Gold Group,Palmer,1069.0,,,60 Prospect Street,,North Brookfield,MA,1535,POINT (-72.571312 42.12756),POINT (-72.326463 42.1678489),60 Prospect Street,,North Brookfield,MA,1535,47-4984402,MRN284703,9/30/2022 06:15:47 PM,8/19/2022 10:03:52 AM,2/9/2023 03:08:20 PM,False,no,,,,,,,,,Not a DBE,,,,6/21/2022 12:37:27 PM,11/17/2022 12:48:18 PM,2/9/2023 01:17:38 PM,2/8/2024 03:00:00 AM,2/9/2025 03:00:00 AM,,10000.0,1069.0,Palmer,Hampden,42.12756,-72.571312,Western MA,1140 Thorndike Street,,MA,42.167849,-72.326463,1140.0,Thorndike St,,,Palmer,MA,Hampden County,1069.0,Green Gold Group,MA,MACCC,Massachusetts Cannabis Control Commission,,,,,
07/01/2024,APPROVED,Marijuana Cultivator,General Applicant,General Applicant,General Applicant,PROVISIONAL CONSIDERATION,,PAYMENT_PENDING,MC283130,"The Harvest Club, LLC",Littleton,1460.0,,,153 Main St,Ste 222,North Reading,MA,1864,POINT (-71.275566 42.459085),POINT (-71.517313 42.5181109),153 Main St,Ste 222,North Reading,MA,1864,30-1173640,MCN283130,11/17/2020 02:17:39 PM,10/27/2020 02:27:09 PM,,False,yes,SE304442,SE304442,,,,,,,Not a DBE,Indoor,"Tier 05: 30,001 to 40,000 sq. ft",,10/19/2020 09:53:06 AM,11/20/2020 10:21:16 AM,2/11/2021 01:42:42 PM,,,,0.0,1460.0,Littleton,Middlesex,42.459085,-71.275566,Central MA,2 and 3 Monarch Drive,,MA,42.518111,-71.517314,2.0,Monarch Dr,,,Littleton,MA,Middlesex County,1460.0,"The Harvest Club, LLC",MA,MACCC,Massachusetts Cannabis Control Commission,,,,,
07/01/2024,APPROVED,Marijuana Retailer,Priority Review - Economic Empowerment Priority,Priority,Economic Empowerment Priority,PROVISIONAL LICENSE,,COMPLETE,MR284253,"Lemonnade Springfield, LLC",Springfield,1105.0,,,595 Main Street,,Springfield,MA,1105,POINT (-72.571312 42.12756),POINT (-72.580787 42.0942420),4675 MacArthur Court Floor 15,,Newport Beach,CA,92660,86-3974146,MRN284253,2/3/2022 09:58:10 AM,6/21/2021 01:25:08 PM,4/3/2023 03:22:05 PM,True,yes,EE202373,,,,EE202373,,,,Not a DBE,,,,5/19/2021 12:43:53 PM,2/7/2022 02:56:15 PM,5/12/2022 02:07:25 PM,3/7/2024 03:00:00 AM,4/3/2025 04:00:00 AM,,5000.0,1105.0,Springfield,Hampden,42.12756,-72.571312,Western MA,587-595 Main Street,,MA,42.094242,-72.580787,595.0,Main St,,,Springfield,MA,Hampden County,1105.0,"Lemonnade Springfield, LLC",MA,MACCC,Massachusetts Cannabis Control Commission,,,,,
07/01/2024,APPROVED,Marijuana Delivery Operator Pre-Certification,Priority Review - Economic Empowerment Priority,Priority,Economic Empowerment Priority,PROVISIONAL LICENSE,,COMPLETE,PMD5805,"Bud Bus, Inc.",,,,,24 William Way,,Bellingham,MA,2019,,,985 Plain St,,Marshfield,MA,2050,87-1064605,PMDA5805,7/2/2021 02:38:49 PM,6/23/2021 10:40:51 AM,,False,,EE201961,,,,,,,,Not a DBE,,,,5/28/2021 10:36:00 AM,7/12/2021 11:52:31 AM,7/12/2021 11:52:41 AM,7/12/2021 04:00:00 AM,7/12/2023 04:00:00 AM,,0.0,,,,,,,,,MA,,,,,,,,,,,"Bud Bus, Inc.",MA,MACCC,Massachusetts Cannabis Control Commission,,,,,
07/01/2024,APPROVED,Marijuana Retailer,Priority Review - Economic Empowerment Priority,Priority,Economic Empowerment Priority,COMMENCE OPS,10/3/2023,COMPLETE,MR281374,"KG Collective Brockton, LLC",Brockton,2302.0,,,1536 Tremont Street,,Boston,MA,2120,POINT (-70.818958 41.978877),POINT (-70.981832 42.080734),1536 Tremont Street,,Boston,MA,2120,84-2651712,MRN281374,8/5/2021 09:14:32 PM,12/31/2019 12:00:00 AM,,True,yes,EE201965,,APPROVED,EE201965,EE201965,,,,Not a DBE,,,8/10/2023 04:00:00 AM,5/2/2018 10:52:36 PM,8/17/2021 01:47:28 PM,10/14/2021 01:10:36 PM,12/14/2023 03:00:00 AM,12/18/2024 03:00:00 AM,,5000.0,2302.0,Brockton,Plymouth,41.978877,-70.818958,Southeast and Cape,912 Crescent Street,,MA,42.080734,-70.981833,912.0,Crescent St,,,Brockton,MA,Plymouth County,2302.0,"KG Collective Brockton, LLC",MA,MACCC,Massachusetts Cannabis Control Commission,,,,,
07/01/2024,APPROVED,Marijuana Retailer,Priority Review - MTC Priority,Priority,MTC Priority,COMMENCE OPS,7/1/2020,COMPLETE,MR281249,"Resinate, Inc.",Worcester,1607.0,,,120 Gilboa Street,,Douglas,MA,1516,POINT (-71.840209 42.329642),POINT (-71.783561 42.2211830),120 Gilboa Street,,Douglas,MA,1516,47-4392516,MRN281249,1/7/2020 05:52:38 PM,9/26/2019 12:00:00 AM,2/12/2020 04:51:27 PM,True,,,,,,,APPROVED,RP201945,RP201945,Not a DBE,,,6/4/2020 04:00:00 AM,4/17/2018 01:21:24 PM,12/11/2019 12:00:00 AM,2/7/2020 09:26:38 AM,2/8/2024 03:00:00 AM,3/13/2025 04:00:00 AM,,10000.0,1607.0,Worcester,Worcester,42.329642,-71.840209,Central MA,1191 Millbury Street,,MA,42.221183,-71.783561,1191.0,Millbury St,,,Worcester,MA,Worcester County,1607.0,"Resinate, Inc.",MA,MACCC,Massachusetts Cannabis Control Commission,,,,,
07/01/2024,APPROVED,Marijuana Cultivator,Expedited Review - License Type,Expedited,License Type,PROVISIONAL CONSIDERATION,,PAYMENT_PENDING,MC283627,"Middleborough Growers, Inc.",Middleborough,2346.0,,,20 Centerville Road,,Warwick,RI,2886,POINT (-70.818958 41.978877),POINT (-70.803031 41.808619),20 Centerville Road,,Warwick,RI,2886,87-3112425,MCN283627,12/13/2021 03:47:56 PM,12/1/2021 02:34:32 PM,,False,no,,,,,,,,,Not a DBE,Outdoor,"Tier 11: 90,001 to 100,000 sq. ft",,10/14/2021 01:40:18 PM,12/17/2021 11:16:59 AM,2/14/2022 04:21:26 PM,,,,0.0,2346.0,Middleboro,Plymouth,41.978877,-70.818958,,672 Wareham Street,,MA,41.808619,-70.803031,672.0,Wareham St,,,Middleboro,MA,Plymouth County,2346.0,"Middleborough Growers, Inc.",MA,MACCC,Massachusetts Cannabis Control Commission,,,,,
07/01/2024,APPROVED,Marijuana Cultivator,General Applicant,General Applicant,General Applicant,PROVISIONAL LICENSE,,COMPLETE,MC281618,Emerald City Growers Incorporated,Clinton,1510.0,,,843 Main Street,,Clinton,MA,1510,POINT (-71.840209 42.329642),POINT (-71.687359 42.4267869),25 Juniper Street,,Billerica,MA,1862,83-2215618,MCN281618,8/7/2020 03:27:08 PM,3/20/2020 12:00:00 AM,,False,,,,,,,,,,Woman-Owned Business,Indoor,"Tier 02: 5,001 to 10,000 sq. ft.",,7/23/2018 10:08:55 AM,8/14/2020 07:27:17 AM,11/19/2020 04:20:03 PM,12/14/2023 03:00:00 AM,12/14/2024 03:00:00 AM,,2500.0,1510.0,Clinton,Worcester,42.329642,-71.840209,Central MA,843 Main Street,,MA,42.426787,-71.68736,843.0,Main St,,,Clinton,MA,Worcester County,1510.0,Emerald City Growers Incorporated,MA,MACCC,Massachusetts Cannabis Control Commission,,,,,
07/01/2024,APPROVED,Marijuana Retailer,General Applicant,General Applicant,General Applicant,COMMENCE OPS,5/6/2021,COMPLETE,MR282467,"The Old Bank, LLC",Wellfleet,2666.0,,,10 Main Street,,Wellfleet,MA,2667,POINT (-70.301811 41.698999),POINT (-70.021985 41.9374639),PO Box 2157,,Wellfleet,MA,2667,83-3828109,MRN282467,2/11/2020 09:24:18 AM,11/15/2019 12:00:00 AM,,False,,,,,,,,,,Not a DBE,,,4/16/2021 04:00:00 AM,3/5/2019 11:53:25 AM,2/12/2020 12:00:00 AM,4/9/2020 03:33:24 PM,3/7/2024 03:00:00 AM,5/19/2025 04:00:00 AM,,10000.0,2666.0,Truro,Barnstable,41.698999,-70.301811,Southeast and Cape,10 Main Street,,MA,41.937464,-70.021985,10.0,Main St,,,Wellfleet,MA,Barnstable County,2667.0,"The Old Bank, LLC",MA,MACCC,Massachusetts Cannabis Control Commission,,,,,
07/01/2024,APPROVED,Marijuana Cultivator,Expedited Review - DBE Status,Expedited,DBE Status,COMMENCE OPS,6/4/2024,COMPLETE,MC282873,Elevated Cultivation Co. LLC,Kingston,2364.0,,,44 William C. Gould Jr. Way,Unit C,Kingston,MA,2364,POINT (-70.818958 41.978877),POINT (-70.707825 41.9734819),44 William C. Gould Jr. Way,Unit C,Kingston,MA,2364,85-1010317,MCN282873,10/9/2020 01:12:18 PM,7/20/2020 12:36:15 PM,,False,no,,,,,,,,,Minority-Owned Business,Indoor,"Tier 03: 10,001 to 20,000 sq. ft",10/12/2023 04:00:00 AM,6/23/2020 11:58:16 AM,10/15/2020 09:40:33 AM,2/11/2021 01:22:33 PM,10/12/2023 04:00:00 AM,10/16/2024 04:00:00 AM,,2500.0,2364.0,Kingston,Plymouth,41.978877,-70.818958,Southeast and Cape,44 William C. Gould Jr. way,Unit C,MA,41.973482,-70.707825,44.0,William C Gould Jr Way,,,Kingston,MA,Plymouth County,2364.0,Elevated Cultivation Co. LLC,MA,MACCC,Massachusetts Cannabis Control Commission,,,,,
07/01/2024,APPROVED,Marijuana Delivery Operator Pre-Certification,Priority Review - Economic Empowerment Priority,Priority,Economic Empowerment Priority,PROVISIONAL LICENSE,,COMPLETE,PMD5783,"DB Delivery MA, LLC",,,,,6 Liberty Square,#2288,Boston,MA,2109,,,6 Liberty Square,#2288,Boston,MA,2109,85-1582293,PMDA5783,6/10/2021 05:26:34 PM,6/10/2021 02:41:05 PM,,True,,EE202017,,APPROVED,EE202017,,,,,Not a DBE,,,,5/27/2021 06:31:22 PM,,6/29/2021 01:59:04 PM,6/29/2021 04:00:00 AM,6/29/2023 04:00:00 AM,,0.0,,,,,,,,,MA,,,,,,,,,,,"DB Delivery MA, LLC",MA,MACCC,Massachusetts Cannabis Control Commission,,,,,
07/01/2024,APPROVED,Marijuana Retailer,General Applicant,General Applicant,General Applicant,PROVISIONAL LICENSE,,COMPLETE,MR285040,"Hidden Wonders, LLC",Plymouth,2360.0,,,27 Robert J. Way,Unit 1,Plymouith,MA,2360,POINT (-70.818958 41.978877),POINT (-70.649680 41.929738),20 Bassett Road,,Brockton,MA,2301,93-1718499,MRN285040,12/8/2023 11:14:48 AM,11/7/2023 02:12:42 PM,5/6/2024 04:20:08 PM,False,no,,,,,,,,,Not a DBE,,,,9/22/2023 01:09:55 PM,12/8/2023 02:04:29 PM,3/7/2024 11:59:43 AM,5/6/2024 04:00:00 AM,5/6/2025 04:00:00 AM,,10000.0,2360.0,Plymouth,Plymouth,41.978877,-70.818958,Southeast and Cape,27 Robert J. Way,Unit 1,MA,41.929738,-70.64968,27.0,Robert J Way,,,Plymouth,MA,Plymouth County,2360.0,"Hidden Wonders, LLC",MA,MACCC,Massachusetts Cannabis Control Commission,,,,,
07/01/2024,APPROVED,Marijuana Retailer,General Applicant,General Applicant,General Applicant,PROVISIONAL LICENSE,,COMPLETE,MR282378,"THE GRATEFUL MIND, LLC",Wellfleet,2667.0,,,15 BANK STREET,,WELLFLEET,MA,2667,POINT (-70.301811 41.698999),POINT (-70.030422 41.9371450),15 BANK STREET,,WELLFLEET,MA,2667,83-3574631,MRN282378,11/10/2021 11:56:42 AM,11/27/2020 10:45:15 AM,,False,no,,,,,,,,,Not a DBE,,,,2/7/2019 12:08:30 PM,11/15/2021 04:48:36 PM,2/14/2022 04:26:42 PM,4/11/2024 04:00:00 AM,5/18/2025 04:00:00 AM,,10000.0,2667.0,Wellfleet,Barnstable,41.698999,-70.301811,Southeast and Cape,15 Bank Street,,MA,41.937145,-70.030423,15.0,Bank St,,,Wellfleet,MA,Barnstable County,2667.0,"THE GRATEFUL MIND, LLC",MA,MACCC,Massachusetts Cannabis Control Commission,,,,,
07/01/2024,APPROVED,Marijuana Cultivator,General Applicant,General Applicant,General Applicant,PROVISIONAL LICENSE,,COMPLETE,MC281797,Calyx & Pistils Inc.,Southwick,1077.0,,,74 College Highway,,Southwick,MA,1077,POINT (-72.571312 42.12756),POINT (-72.793992 42.0115729),P.O. Box 1598,,Southwick,MA,1077,83-2022154,MCN281797,6/1/2020 10:58:56 AM,2/5/2020 12:00:00 AM,8/7/2020 01:17:28 PM,False,,,,,,,,,,Not a DBE,Indoor,"Tier 03: 10,001 to 20,000 sq. ft",,11/15/2018 12:58:28 PM,6/12/2020 08:30:40 AM,8/6/2020 01:49:10 PM,7/14/2022 04:00:00 AM,8/14/2023 04:00:00 AM,,5000.0,1077.0,Southwick,Hampden,42.12756,-72.571312,Western MA,74 College Highway,,MA,42.011573,-72.793992,74.0,College Hwy,,,Southwick,MA,Hampden County,1077.0,Calyx & Pistils Inc.,MA,MACCC,Massachusetts Cannabis Control Commission,,,,,
07/01/2024,APPROVED,Marijuana Courier,Expedited Review - Social Equity Participant,Expedited,Social Equity Participant,PROVISIONAL LICENSE,,COMPLETE,DO100171,BEWCO LLC,Northampton,1060.0,,,90 Conz St. #219,,Northampton,MA,1060,POINT (-72.62073 42.322256),,90 Conz St. #219,,Northampton,MA,1060,88-2100554,DOA100171,9/8/2022 12:33:05 PM,8/15/2022 10:55:42 AM,,False,,SE305382,SE305382,,,,,,,Woman-Owned Business,,,,6/30/2022 12:48:21 PM,10/7/2022 11:52:58 AM,12/8/2022 02:38:54 PM,12/8/2022 03:00:00 AM,12/8/2023 03:00:00 AM,,0.0,1060.0,Northampton,Hampshire,42.322256,-72.62073,Western MA,,,MA,,,,,,,,,,,BEWCO LLC,MA,MACCC,Massachusetts Cannabis Control Commission,,,,,
07/01/2024,APPROVED,Marijuana Retailer,General Applicant,General Applicant,General Applicant,COMMENCE OPS,12/3/2021,COMPLETE,MR282948,Solar Therapeutics Inc.,Seekonk,2771.0,,,1400 Brayton Point Rd.,,Somerset,MA,2725,POINT (-71.102131 41.778329),POINT (-71.305815 41.7830050),1400 Brayton Point Rd,,Somerset,MA,2725,82-3644660,MRN282948,2/24/2020 02:05:00 PM,2/11/2020 12:00:00 AM,,False,,,,,,,,,,Not a DBE,,,11/18/2021 03:00:00 AM,8/21/2019 03:56:38 PM,5/22/2020 08:18:44 AM,8/6/2020 02:20:55 PM,9/14/2023 04:00:00 AM,9/16/2024 04:00:00 AM,,10000.0,2771.0,Seekonk,Bristol,41.778329,-71.102131,Southeast and Cape,1735 Fall River Avenue,,MA,41.783005,-71.305816,1735.0,Fall River Ave,,,Seekonk,MA,Bristol County,2771.0,Solar Therapeutics Inc.,MA,MACCC,Massachusetts Cannabis Control Commission,,,,,
07/01/2024,APPROVED,Marijuana Cultivator,Priority Review - MTC Priority,Priority,MTC Priority,COMMENCE OPS,12/9/2020,COMPLETE,MC281505,"Central Ave Compassionate Care, Inc.",Ayer,1432.0,,,31 Central Ave,,Ayer,MA,1432,POINT (-71.275566 42.459085),POINT (-71.583742 42.5589749),31 Central Ave,,Ayer,MA,1432,46-2786590,MCN281505,8/15/2018 02:44:40 PM,7/10/2018 12:00:00 AM,10/10/2018 11:40:46 AM,True,,,,,,,APPROVED,RP201835,RPA201835,Not a DBE,Indoor,"Tier 01: up to 5,000 square feet",5/30/2019 04:00:00 AM,5/31/2018 09:16:55 AM,8/21/2018 12:00:00 AM,9/20/2018 03:58:39 PM,10/14/2021 04:00:00 AM,10/15/2022 04:00:00 AM,,1250.0,1432.0,Ayer,Middlesex,42.459085,-71.275566,Central MA,31 Central Ave,,MA,42.558975,-71.583742,31.0,Central Ave,,,Ayer,MA,Middlesex County,1432.0,"Central Ave Compassionate Care, Inc.",MA,MACCC,Massachusetts Cannabis Control Commission,,,,,
07/01/2024,APPROVED,Marijuana Delivery Operator,Expedited Review - Social Equity Participant,Expedited,Social Equity Participant,PROVISIONAL LICENSE,,COMPLETE,MD1268,Kush Kart LLC,Eastham,2642.0,,,11 Hadwen Road,,Worcester,MA,1602,POINT (-70.301811 41.698999),,11 Hadwen Road,,Worcester,MA,1602,85-1639387,MDA1268,10/21/2021 01:41:41 PM,10/5/2021 12:11:59 PM,,False,,SE304623,SE304623,,,,,,,Not a DBE,,,,7/26/2021 10:55:30 AM,10/22/2021 11:22:11 AM,1/20/2022 03:38:54 PM,12/8/2022 03:00:00 AM,1/20/2024 03:00:00 AM,,0.0,2642.0,Eastham,Barnstable,41.698999,-70.301811,Southeast and Cape,,,MA,,,,,,,,,,,Kush Kart LLC,MA,MACCC,Massachusetts Cannabis Control Commission,,,,,
07/01/2024,APPROVED,Marijuana Cultivator,Expedited Review - Social Equity Participant,Expedited,Social Equity Participant,COMMENCE OPS,3/30/2022,COMPLETE,MC283300,"Paper Crane Provisions, LLC",Hubbardston,1730.0,,,56 Gardner Rd.,Suite D,Hubbardston,MA,1452,POINT (-71.275566 42.459085),POINT (-72.011972 42.4901899),2 Pine St,,Bedford,MA,1730,84-2709379,MCN283300,3/10/2021 10:01:40 AM,3/9/2021 04:39:08 PM,5/17/2021 01:56:46 PM,False,yes,SE303555,SE303555,,,,,,,Disability-Owned Business,Outdoor,"Tier 06: 40,001 to 50,000 sq. ft",9/17/2021 04:00:00 AM,1/14/2021 01:36:09 PM,4/2/2021 10:56:38 AM,5/13/2021 12:33:59 PM,4/14/2023 04:00:00 AM,9/14/2024 04:00:00 AM,,6250.0,1730.0,Bedford,Middlesex,42.459085,-71.275566,Northeast,56 Gardner Rd,Suite D,MA,42.49019,-72.011972,56.0,Gardner Rd,,,Hubbardston,MA,Worcester County,1452.0,"Paper Crane Provisions, LLC",MA,MACCC,Massachusetts Cannabis Control Commission,,,,,
07/01/2024,APPROVED,Marijuana Cultivator,General Applicant,General Applicant,General Applicant,PROVISIONAL LICENSE,,COMPLETE,MC283415,DayDreamz Estates LLC,Sandisfield,1255.0,,,68 Sandisfield Road,,Sandisfield,MA,1255,POINT (-73.209889 42.396128),POINT (-73.108464 42.1082260),68 Sandisfield Road,,Sandisfield,MA,1255,86-1250658,MCN283415,4/8/2021 05:50:53 PM,3/22/2021 02:09:05 PM,6/22/2021 02:41:02 PM,False,no,,,,,,,,,Not a DBE,Indoor,"Tier 01: up to 5,000 square feet",,3/9/2021 02:16:59 PM,4/30/2021 07:49:14 AM,6/22/2021 10:52:09 AM,8/10/2023 04:00:00 AM,8/10/2024 04:00:00 AM,,1250.0,1255.0,Sandisfield,Berkshire,42.396128,-73.209889,Western MA,68 Sandisfield Road,,MA,42.108226,-73.108465,66.0,Sandis Field Rd,,,Sandisfield,MA,Berkshire County,1255.0,DayDreamz Estates LLC,MA,MACCC,Massachusetts Cannabis Control Commission,,,,,
07/01/2024,APPROVED,Marijuana Delivery Operator Pre-Certification,Expedited Review - Social Equity Participant,Expedited,Social Equity Participant,PROVISIONAL LICENSE,,COMPLETE,PMD5816,Green Speed Delivery LLC,,,,,226 South Main Street,,Fall River,MA,2721,,,226 South Main Street,,Fall River,MA,2721,87-0930605,PMDA5816,8/26/2021 08:16:26 AM,9/7/2021 01:07:13 PM,,False,,SE305147,SE305147,,,,,,,Not a DBE,,,,5/28/2021 12:40:22 PM,9/13/2021 02:04:23 PM,9/13/2021 02:04:38 PM,9/13/2021 04:00:00 AM,9/13/2023 04:00:00 AM,,0.0,,,,,,,,,MA,,,,,,,,,,,Green Speed Delivery LLC,MA,MACCC,Massachusetts Cannabis Control Commission,,,,,
07/01/2024,APPROVED,Marijuana Retailer,Expedited Review - DBE Status,Expedited,DBE Status,COMMENCE OPS,6/8/2023,COMPLETE,MR283011,"East Boston Bloom, LLC",Boston,2128.0,,,69-71 Maverick Square,,East Boston,MA,2128,POINT (-71.073493 42.334948),POINT (-71.038611 42.3697670),48 Maverick Square,,East Boston,MA,2128,83-2268443,MRN283011,1/12/2021 10:35:46 AM,6/12/2020 02:55:16 PM,,False,,,,,,,,,,Veteran-Owned Business | Minority-Owned Business,,,4/14/2023 04:00:00 AM,9/26/2019 12:51:27 PM,1/14/2021 11:42:57 AM,4/16/2021 01:52:30 PM,9/14/2023 04:00:00 AM,9/18/2024 04:00:00 AM,,10000.0,2128.0,Boston,Suffolk,42.334948,-71.073493,Metro Boston,71 Maverick Square,,MA,42.369767,-71.038611,71.0,Maverick Sq,,,East Boston,MA,Suffolk County,2128.0,"East Boston Bloom, LLC",MA,MACCC,Massachusetts Cannabis Control Commission,,,,,
07/01/2024,APPROVED,Marijuana Retailer,Expedited Review - DBE Status,Expedited,DBE Status,PROVISIONAL LICENSE,,COMPLETE,MR283208,"Calverde Naturals, LLC",Marlborough,1752.0,,,219-237 Boston Post Road West,,Marlborough,MA,1752,POINT (-71.275566 42.459085),POINT (-71.591448 42.3388399),10 Briarwood Lane,,WInchester,MA,1890,84-1907300,MRN283208,9/21/2020 10:36:53 AM,9/8/2020 08:54:54 AM,4/1/2021 11:11:34 AM,False,no,,,,,,,,,Woman-Owned Business,,,,12/30/2019 10:00:55 AM,9/24/2020 07:55:41 AM,1/14/2021 03:24:01 PM,3/9/2023 03:00:00 AM,4/1/2024 04:00:00 AM,,10000.0,1752.0,Marlborough,Middlesex,42.459085,-71.275566,Central MA,219-237 Boston Post Road West,,MA,42.33884,-71.591449,237.0,Boston Post Rd W,,,Marlborough,MA,Middlesex County,1752.0,"Calverde Naturals, LLC",MA,MACCC,Massachusetts Cannabis Control Commission,,,,,
07/01/2024,APPROVED,Marijuana Retailer,General Applicant,General Applicant,General Applicant,PROVISIONAL CONSIDERATION,,PAYMENT_PENDING,MR283227,"Revolution Greencare, LLC",Chicopee,1020.0,,,30 Buckley Blvd,,Chicopee,MA,1020,POINT (-72.571312 42.12756),POINT (-72.597802 42.1938949),30 Buckley Blvd,,Chicopee,MA,1020,12-1234567,MRN283227,11/16/2021 09:56:47 AM,10/27/2021 02:15:31 PM,,False,no,,,,,,,,,Not a DBE,,,,1/10/2020 03:40:43 PM,12/3/2021 11:31:21 AM,2/14/2022 04:24:38 PM,,,,0.0,1020.0,Chicopee,Hampden,42.12756,-72.571312,Western MA,30 Buckley Blvd,,MA,42.193895,-72.597802,30.0,Buckley Blvd,,,Chicopee,MA,Hampden County,1020.0,"Revolution Greencare, LLC",MA,MACCC,Massachusetts Cannabis Control Commission,,,,,
07/01/2024,APPROVED,Marijuana Retailer,General Applicant,General Applicant,General Applicant,COMMENCE OPS,12/20/2022,COMPLETE,MR284569,Beacon Compassion Inc.,Boston,2132.0,,,1524 VFW Parkway,,West Roxbury,MA,2132,POINT (-71.073493 42.334948),POINT (-71.170310 42.2682360),12 Post Office Square,6th Floor,Boston,MA,2109,83-2057586,MRN284569,4/27/2022 12:48:44 PM,2/22/2022 10:55:59 AM,,True,no,,,,,,APPROVED,RP201902,,Not a DBE,,,11/10/2022 03:00:00 AM,1/22/2022 03:22:12 PM,4/8/2022 09:48:37 AM,5/12/2022 02:15:40 PM,4/11/2024 04:00:00 AM,5/18/2025 04:00:00 AM,,10000.0,2132.0,West Roxbury,Suffolk,42.334948,-71.073493,,1524 VFW Parkway,,MA,42.268236,-71.17031,1524.0,Vfw Pkwy,,,West Roxbury,MA,Suffolk County,2132.0,Beacon Compassion Inc.,MA,MACCC,Massachusetts Cannabis Control Commission,,,,,
07/01/2024,APPROVED,Marijuana Retailer,General Applicant,General Applicant,General Applicant,COMMENCE OPS,11/22/2023,COMPLETE,MR283887,ELEVATION RETAIL II LLC,Fairhaven,2719.0,,,240 BRIDGE ST,,FAIRHAVEN,MA,2719,POINT (-71.102131 41.778329),POINT (-70.886685 41.6468149),385 GREAT RD.,,BEDFORD,MA,1730,86-3936013,MRN283887,8/10/2021 10:02:02 AM,8/5/2021 12:30:13 PM,2/9/2022 02:47:43 PM,False,no,,,,,,,,,Not a DBE,,,10/12/2023 04:00:00 AM,11/10/2020 12:17:01 PM,8/24/2021 09:27:51 AM,11/18/2021 02:43:46 PM,2/8/2024 03:00:00 AM,2/9/2025 03:00:00 AM,,10000.0,2719.0,Fairhaven,Bristol,41.778329,-71.102131,Southeast and Cape,240 BRIDGE ST,,MA,41.646815,-70.886685,240.0,Bridge St,,,Fairhaven,MA,Bristol County,2719.0,ELEVATION RETAIL II LLC,MA,MACCC,Massachusetts Cannabis Control Commission,,,,,
07/01/2024,APPROVED,Marijuana Product Manufacturer,General Applicant,General Applicant,General Applicant,PROVISIONAL LICENSE,,COMPLETE,MP281374,"Ashli's Extracts, Inc.",Attleboro,2703.0,,,76 Frank Mossberg Dr.,,Attleboro,MA,2703,POINT (-71.102131 41.778329),POINT (-71.326655 41.9211480),81 West St.,Suite 2112,Attleboro,MA,2703,83-0596234,MPN281374,9/14/2018 11:44:36 AM,8/14/2018 12:00:00 AM,11/6/2018 04:27:42 PM,False,,,,,,,,,,Veteran-Owned Business | Woman-Owned Business,,,,6/2/2018 03:17:07 PM,9/24/2018 12:00:00 AM,11/1/2018 03:08:15 PM,11/9/2023 03:00:00 AM,11/18/2024 03:00:00 AM,,5000.0,2703.0,Attleboro,Bristol,41.778329,-71.102131,Southeast and Cape,76 Frank Mossberg Dr.,,MA,41.921148,-71.326655,76.0,Frank Mossberg Dr,,,Attleboro,MA,Bristol County,2703.0,"Ashli's Extracts, Inc.",MA,MACCC,Massachusetts Cannabis Control Commission,,,,,
07/01/2024,APPROVED,Marijuana Retailer,Expedited Review - DBE Status,Expedited,DBE Status,PROVISIONAL CONSIDERATION,,PAYMENT_PENDING,MR284846,The Stories Company Whitman LLC,Whitman,2382.0,,,109 Raffaele Drive,,Waltham,MA,2452,POINT (-70.818958 41.978877),POINT (-70.946889 42.081702),109 Raffaele Drive,,Waltham,MA,2452,92-2000543,MRN284846,8/1/2023 03:22:02 PM,7/7/2023 09:59:15 AM,,False,no,,,,,,,,,Minority-Owned Business,,,,1/4/2023 11:38:52 AM,8/4/2023 09:13:01 AM,11/9/2023 01:14:46 PM,,,,0.0,2382.0,Whitman,Plymouth,41.978877,-70.818958,Southeast and Cape,769 Bedford Street,,MA,42.081702,-70.94689,769.0,Bedford St,,,Whitman,MA,Plymouth County,2382.0,The Stories Company Whitman LLC,MA,MACCC,Massachusetts Cannabis Control Commission,,,,,
07/01/2024,APPROVED,Marijuana Retailer,General Applicant,General Applicant,General Applicant,COMMENCE OPS,12/14/2022,COMPLETE,MR282001,Green Era LLC,Fitchburg,1420.0,,,143-145 Water St,,Fitchburg,MA,1420,POINT (-71.840209 42.329642),POINT (-71.794891 42.5792209),45 Bodwell St,,Avon,MA,2322,83-1832421,MRN282001,4/6/2020 09:52:04 AM,5/20/2019 12:00:00 AM,,False,,,,,,,,,,Minority-Owned Business,,,9/15/2022 04:00:00 AM,10/29/2018 10:07:57 AM,5/22/2020 08:22:11 AM,10/8/2020 02:08:13 PM,12/14/2023 03:00:00 AM,12/18/2024 03:00:00 AM,,10000.0,1420.0,Fitchburg,Worcester,42.329642,-71.840209,Central MA,143-145 Water St,,MA,42.579221,-71.794891,145.0,Water St,,,Fitchburg,MA,Worcester County,1420.0,Green Era LLC,MA,MACCC,Massachusetts Cannabis Control Commission,,,,,
07/01/2024,APPROVED,Marijuana Retailer,General Applicant,General Applicant,General Applicant,COMMENCE OPS,2/27/2023,COMPLETE,MR284580,"Rockland Old Exit 14, Inc.",Rockland,2370.0,,,1015 Hingham St.,,Rockland,MA,2370,POINT (-70.818958 41.978877),POINT (-70.899117 42.1634299),1015 Hingham Street,,Rockland,MA,2370,88-1116678,MRN284580,4/28/2022 08:49:42 AM,4/6/2022 02:08:07 PM,,False,no,,,,,,,,,Not a DBE,,,2/9/2023 03:00:00 AM,2/1/2022 12:03:51 PM,5/27/2022 06:38:38 AM,8/11/2022 11:50:49 AM,7/13/2023 04:00:00 AM,8/16/2024 04:00:00 AM,,10000.0,2370.0,Rockland,Plymouth,41.978877,-70.818958,Southeast and Cape,1015 Hingham St.,,MA,42.16343,-70.899117,1015.0,Hingham St,,,Rockland,MA,Plymouth County,2370.0,"Rockland Old Exit 14, Inc.",MA,MACCC,Massachusetts Cannabis Control Commission,,,,,
07/01/2024,APPROVED,Marijuana Cultivator,Expedited Review - Two or More,Expedited,Two or More,PROVISIONAL LICENSE,,COMPLETE,MC282372,SAN Holdings LLC,Taunton,2780.0,,,21 Second Street,,Taunton,MA,2780,POINT (-71.102131 41.778329),POINT (-71.067584 41.8847280),21 Second Street,,Taunton,MA,2780,84-1874682,MCN282372,4/2/2021 12:02:40 PM,2/4/2021 04:58:06 PM,6/28/2021 10:55:12 AM,False,yes,SE304216,SE304216,,,,,,,Woman-Owned Business,Indoor,"Tier 02: 5,001 to 10,000 sq. ft.",,9/4/2019 04:10:46 PM,4/9/2021 11:09:25 AM,6/22/2021 11:11:27 AM,6/28/2021 04:00:00 AM,6/28/2022 04:00:00 AM,,1250.0,2780.0,Taunton,Bristol,41.778329,-71.102131,Southeast and Cape,0 Hart Street (Raw Land) (Assessor's Parcel 94-151),No Current Official address (To be updated),MA,41.884728,-71.067585,,Hart St,,,Taunton,MA,Bristol County,2780.0,SAN Holdings LLC,MA,MACCC,Massachusetts Cannabis Control Commission,,,,,
07/01/2024,APPROVED,Marijuana Retailer,Priority Review - MTC Priority,Priority,MTC Priority,COMMENCE OPS,12/11/2018,COMPLETE,MR281255,"Alternative Therapies Group, Inc.",Salem,1970.0,,,50 Grove St,,Salem,MA,1970,POINT (-70.970827 42.635475),POINT (-70.911091 42.5225399),"24R Pleasant St, Unit 2",,Newburyport,MA,1950,46-2086314,MRN281255,7/23/2018 05:50:21 PM,7/10/2018 12:00:00 AM,8/23/2018 04:43:07 PM,True,,,,,,,APPROVED,RP201825,RPA201825,Not a DBE,,,11/20/2018 03:00:00 AM,4/17/2018 02:02:10 PM,7/30/2018 12:00:00 AM,8/23/2018 03:48:49 PM,9/14/2023 04:00:00 AM,10/28/2024 04:00:00 AM,,5000.0,1970.0,Salem,Essex,42.635475,-70.970827,Northeast,50 Grove St,,MA,42.52254,-70.911092,50.0,Grove St,,,Salem,MA,Essex County,1970.0,"Alternative Therapies Group, Inc.",MA,MACCC,Massachusetts Cannabis Control Commission,,,,,
07/01/2024,APPROVED,Marijuana Microbusiness,Expedited Review - Two or More,Expedited,Two or More,PROVISIONAL LICENSE,,COMPLETE,MB282362,876 Grow Inc,Holyoke,1040.0,,,360 Race Street,,Holyoke,MA,1040,POINT (-72.571312 42.12756),POINT (-72.608400 42.1995879),80 Quincy Street,,Springfield,MA,1109,87-1151646,MBN282362,12/21/2021 01:51:44 PM,12/1/2021 04:07:40 PM,5/12/2022 09:44:57 AM,False,yes,SE305709,SE305709,,,,,,,Not a DBE,,,,11/17/2021 03:07:25 PM,12/23/2021 01:37:50 PM,3/10/2022 01:58:05 PM,6/8/2023 04:00:00 AM,6/12/2024 04:00:00 AM,,312.0,1040.0,Holyoke,Hampden,42.12756,-72.571312,Western MA,360 Race Street,,MA,42.199588,-72.6084,360.0,Race St,,,Holyoke,MA,Hampden County,1040.0,876 Grow Inc,MA,MACCC,Massachusetts Cannabis Control Commission,,,,,
07/01/2024,APPROVED,Marijuana Retailer,Expedited Review - DBE Status,Expedited,DBE Status,PROVISIONAL CONSIDERATION,,PAYMENT_PENDING,MR284254,Greener World Inc.,Holyoke,1040.0,,,620 Beaulieu St,,Holyoke,MA,1040,POINT (-72.571312 42.12756),POINT (-72.616309 42.1928010),620 Beaulieu St,,Holyoke,MA,1040,86-1378500,MRN284254,3/23/2022 06:02:30 PM,7/9/2021 04:08:32 PM,,False,no,,,,,,,,,Woman-Owned Business,,,,5/19/2021 03:03:14 PM,4/8/2022 09:29:38 AM,7/14/2022 12:02:21 PM,,,,0.0,1040.0,Holyoke,Hampden,42.12756,-72.571312,Western MA,620 Beaulieu Street,,MA,42.192801,-72.61631,620.0,Beaulieu St,,,Holyoke,MA,Hampden County,1040.0,Greener World Inc.,MA,MACCC,Massachusetts Cannabis Control Commission,,,,,
07/01/2024,APPROVED,Marijuana Product Manufacturer,General Applicant,General Applicant,General Applicant,COMMENCE OPS,7/21/2021,COMPLETE,MP281763,"Green Meadows Farm, LLC",Southbridge,1550.0,,,PO Box 2249,,Hamilton,MA,1982,POINT (-71.840209 42.329642),POINT (-72.043200 42.0824969),PO Box 2249,,Hamilton,MA,1982,61-1897653,MPN281763,3/31/2020 05:06:37 PM,3/23/2020 12:00:00 AM,,False,,,,,,,,,,Not a DBE,,,4/16/2021 04:00:00 AM,9/25/2019 01:49:49 PM,4/15/2020 12:00:00 AM,7/9/2020 02:55:22 PM,6/8/2023 04:00:00 AM,7/30/2024 04:00:00 AM,,10000.0,1550.0,Southbridge,Worcester,42.329642,-71.840209,Central MA,64 Mill Street,1st Floor,MA,42.082497,-72.043201,64.0,Mill St,,,Southbridge,MA,Worcester County,1550.0,"Green Meadows Farm, LLC",MA,MACCC,Massachusetts Cannabis Control Commission,,,,,
07/01/2024,APPROVED,Marijuana Retailer,Expedited Review - DBE Status,Expedited,DBE Status,COMMENCE OPS,6/20/2024,COMPLETE,MR284537,"ReLeaf Alternative Natick, Inc.",Natick,1760.0,,,291 Worcester Street,,Natick,MA,1760,POINT (-71.275566 42.459085),POINT (-71.337145 42.3028169),323 Manley Street,,West Bridgewater,MA,2379,85-0711157,MRN284537,4/6/2022 04:37:46 PM,3/23/2022 09:46:25 AM,8/9/2022 11:04:37 AM,False,no,,,,,,,,,Woman-Owned Business,,,5/9/2024 04:00:00 AM,12/10/2021 02:11:47 PM,4/15/2022 01:37:04 PM,7/14/2022 11:59:03 AM,7/13/2023 04:00:00 AM,8/9/2024 04:00:00 AM,,10000.0,1760.0,Natick,Middlesex,42.459085,-71.275566,Central MA,291 Worcester Street,,MA,42.302817,-71.337145,291.0,Worcester St,,,Natick,MA,Middlesex County,1760.0,"ReLeaf Alternative Natick, Inc.",MA,MACCC,Massachusetts Cannabis Control Commission,,,,,
07/01/2024,APPROVED,Marijuana Delivery Operator,Expedited Review - Social Equity Participant,Expedited,Social Equity Participant,FINAL LICENSE,,COMPLETE,MD1292,Gan Or LLC,Northampton,1060.0,,,60 Damon Rd.,,Northampton,MA,1060,POINT (-72.62073 42.322256),,60 Damon Rd.,,Northampton,MA,1060,87-1189244,MDA1292,2/11/2022 02:46:49 PM,12/27/2021 10:53:21 AM,,False,,SE305335,SE305335,,,,,,,Not a DBE,,,11/9/2023 03:00:00 AM,12/19/2021 12:48:00 PM,2/18/2022 09:53:28 AM,3/10/2022 01:54:53 PM,3/9/2023 03:00:00 AM,11/5/2024 03:00:00 AM,,0.0,1060.0,Northampton,Hampshire,42.322256,-72.62073,Western MA,,,MA,,,,,,,,,,,Gan Or LLC,MA,MACCC,Massachusetts Cannabis Control Commission,,,,,
07/01/2024,APPROVED,Marijuana Retailer,Priority Review - Economic Empowerment Priority,Priority,Economic Empowerment Priority,PROVISIONAL LICENSE,,COMPLETE,MR284583,Healing Greene Massachusetts LLC,Cambridge,2140.0,,,1960 Massachusetts Avenue,,Cambridge,MA,2140,POINT (-71.275566 42.459085),POINT (-71.120721 42.3898489),1960 Massachusetts Avenue,,Cambridge,MA,2140,87-4201856,MRN284583,6/22/2023 01:56:38 PM,5/31/2023 02:02:51 PM,,True,yes,EE201902,,,,EE201902,,,,Not a DBE,,,,2/2/2022 02:56:35 PM,6/30/2023 02:37:26 PM,9/14/2023 03:36:32 PM,1/31/2024 03:00:00 AM,1/31/2025 03:00:00 AM,,5000.0,2140.0,Cambridge,Middlesex,42.459085,-71.275566,Metro Boston,1960 Massachusetts Avenue,,MA,42.389849,-71.120721,1960.0,Massachusetts Ave,,,Cambridge,MA,Middlesex County,2140.0,Healing Greene Massachusetts LLC,MA,MACCC,Massachusetts Cannabis Control Commission,,,,,
07/01/2024,APPROVED,Marijuana Retailer,General Applicant,General Applicant,General Applicant,COMMENCE OPS,12/16/2022,COMPLETE,MR282446,Capeway Cannabis LLC,Carver,2330.0,,,307 Tremont St,,Carver,MA,2330,POINT (-70.818958 41.978877),POINT (-70.753123 41.829366),po box 677,,Monument Beach,MA,2553,87-1541402,MRN282446,2/15/2022 05:22:53 PM,9/23/2021 10:27:33 AM,,False,no,,,,,,,,,Not a DBE,,,11/10/2022 03:00:00 AM,2/26/2019 12:50:45 PM,1/14/2022 11:06:46 AM,3/10/2022 01:56:07 PM,3/7/2024 03:00:00 AM,3/25/2025 04:00:00 AM,,10000.0,2330.0,Carver,Plymouth,41.978877,-70.818958,Southeast and Cape,307 Tremont Street,,MA,41.829366,-70.753123,307.0,Tremont St,,,Carver,MA,Plymouth County,2330.0,Capeway Cannabis LLC,MA,MACCC,Massachusetts Cannabis Control Commission,,,,,
07/01/2024,APPROVED,Marijuana Retailer,General Applicant,General Applicant,General Applicant,COMMENCE OPS,11/5/2021,COMPLETE,MR281811,Mellow Felllows LLC,Haverhill,1830.0,,,330 Amesbury Road,,Haverhill,MA,1832,POINT (-70.970827 42.635475),POINT (-71.053364 42.8021379),P.O.. Box 1115,,Amesbury,MA,1831,83-3104809,MRN281811,4/20/2020 10:28:50 AM,4/8/2020 12:00:00 AM,,False,,,,,,,,,,Not a DBE,,,10/14/2021 04:00:00 AM,8/17/2018 08:23:19 AM,7/17/2020 07:33:19 AM,10/8/2020 02:32:17 PM,4/11/2024 04:00:00 AM,4/16/2025 04:00:00 AM,,10000.0,1830.0,Haverhill,Essex,42.635475,-70.970827,Northeast,330 Amesbury Road,,MA,42.802138,-71.053364,330.0,Amesbury Rd,,,Haverhill,MA,Essex County,1830.0,Mellow Felllows LLC,MA,MACCC,Massachusetts Cannabis Control Commission,,,,,
07/01/2024,APPROVED,Marijuana Cultivator,General Applicant,General Applicant,General Applicant,COMMENCE OPS,9/25/2023,COMPLETE,MC282081,berkley botanicals llc,Berkley,2779.0,,,44 county street,,berkley,MA,2779,POINT (-71.102131 41.778329),POINT (-71.019537 41.8426820),13 bay road,,warren,RI,2885,83-3275518,MCN282081,2/25/2020 12:05:26 PM,10/29/2019 12:00:00 AM,,False,,,,,,,,,,Not a DBE,Indoor,"Tier 02: 5,001 to 10,000 sq. ft.",3/9/2023 03:00:00 AM,4/5/2019 10:46:35 AM,2/27/2020 12:00:00 AM,4/9/2020 02:50:19 PM,1/11/2024 03:00:00 AM,1/15/2025 03:00:00 AM,,2500.0,2779.0,Berkley,Bristol,41.778329,-71.102131,Southeast and Cape,44 county street,,MA,41.842682,-71.019537,44.0,County St,,,Berkley,MA,Bristol County,2779.0,berkley botanicals llc,MA,MACCC,Massachusetts Cannabis Control Commission,,,,,
07/01/2024,APPROVED,Marijuana Product Manufacturer,General Applicant,General Applicant,General Applicant,PROVISIONAL LICENSE,,COMPLETE,MP281975,Green Highland LLC,Holyoke,1040.0,,,26 Hadley Mill Road,,Holyoke,MA,1040,POINT (-72.571312 42.12756),POINT (-72.599464 42.2095509),81 Sea St,,Quincy,MA,2169,85-2890167,MPN281975,4/20/2021 06:25:47 PM,12/7/2020 11:37:54 AM,,False,no,,,,,,,,,Not a DBE,,,,11/12/2020 04:02:02 AM,5/3/2021 09:50:41 AM,7/15/2021 04:34:18 PM,11/10/2022 03:00:00 AM,11/15/2023 03:00:00 AM,,10000.0,1040.0,Holyoke,Hampden,42.12756,-72.571312,Western MA,26 Hadley Mill Road,,MA,42.209551,-72.599465,26.0,Hadley Mills Rd,,,Holyoke,MA,Hampden County,1040.0,Green Highland LLC,MA,MACCC,Massachusetts Cannabis Control Commission,,,,,
07/01/2024,APPROVED,Marijuana Cultivator,General Applicant,General Applicant,General Applicant,PROVISIONAL LICENSE,,COMPLETE,MC282183,"Lifted Genetics, LLC",Hopedale,1747.0,,,42 Holliston St,,Medway,MA,2053,POINT (-71.840209 42.329642),POINT (-71.516945 42.103721),42 Holliston St,,Medway,MA,2053,83-4383350,MCN282183,4/29/2020 03:21:52 PM,3/20/2020 12:00:00 AM,,False,,,,,,,,,,Not a DBE,Indoor,"Tier 02: 5,001 to 10,000 sq. ft.",,6/3/2019 02:51:30 PM,7/10/2020 09:09:55 AM,10/8/2020 02:22:39 PM,11/9/2023 03:00:00 AM,11/19/2024 03:00:00 AM,,2500.0,1747.0,Hopedale,Worcester,42.329642,-71.840209,Central MA,6 Condon Way,,MA,42.103721,-71.516945,6.0,Condon Way,,,Hopedale,MA,Worcester County,1747.0,"Lifted Genetics, LLC",MA,MACCC,Massachusetts Cannabis Control Commission,,,,,
07/01/2024,APPROVED,Marijuana Product Manufacturer,General Applicant,General Applicant,General Applicant,COMMENCE OPS,3/20/2020,COMPLETE,MP281314,T. Bear Inc.,Wareham,2538.0,,,72 Tuttle St.,,Dorchester,MA,2125,POINT (-70.818958 41.978877),POINT (-70.644254 41.75562),72 Tuttle St,,Dorchester,MA,2125,82-3557354,MPN281314,9/7/2018 06:06:22 PM,8/6/2018 12:00:00 AM,12/17/2018 11:16:20 AM,False,,,,,,,,,,Not a DBE,,,1/16/2020 03:00:00 AM,4/24/2018 05:16:31 PM,9/21/2018 12:00:00 AM,11/20/2018 02:58:08 PM,1/11/2024 03:00:00 AM,1/22/2025 03:00:00 AM,,5000.0,2538.0,East Wareham,Plymouth,41.978877,-70.818958,,3103 Cranberry HIghway,,MA,41.75562,-70.644254,3103.0,Cranberry Hwy,,,East Wareham,MA,Plymouth County,2538.0,T. Bear Inc.,MA,MACCC,Massachusetts Cannabis Control Commission,,,,,
07/01/2024,APPROVED,Marijuana Retailer,Expedited Review - Social Equity Participant,Expedited,Social Equity Participant,COMMENCE OPS,9/27/2022,COMPLETE,MR281301,"JimBuddys Rec Shop, Inc.",Chicopee,1020.0,,,1269 Memorial Drive,,Chicopee,MA,1020,POINT (-72.571312 42.12756),POINT (-72.575481 42.19238),1269 Memorial Drive,,Chicopee,MA,1020,83-0904086,MRN281301,6/9/2021 12:07:58 PM,10/16/2019 12:00:00 AM,,False,yes,SE303995,SE303995,,,,,,,Not a DBE,,,8/11/2022 04:00:00 AM,4/22/2018 07:28:21 PM,6/23/2021 09:41:36 AM,7/15/2021 04:36:02 PM,7/13/2023 04:00:00 AM,7/28/2024 04:00:00 AM,,5000.0,1020.0,Chicopee,Hampden,42.12756,-72.571312,Western MA,1269 Memorial Drive,,MA,42.19238,-72.575482,1269.0,Memorial Dr,,,Chicopee,MA,Hampden County,1020.0,"JimBuddys Rec Shop, Inc.",MA,MACCC,Massachusetts Cannabis Control Commission,,,,,
07/01/2024,APPROVED,Marijuana Cultivator,General Applicant,General Applicant,General Applicant,COMMENCE OPS,9/22/2023,COMPLETE,MC281903,"15 Arch, LLC",Greenfield,1301.0,,,15 Arch St,,Greenfield,MA,1301,POINT (-72.573941 42.587072),POINT (-72.604956 42.5924679),10 Woodlawn Ave,,Needham,MA,2492,83-2785238,MCN281903,5/15/2020 02:08:44 PM,12/9/2019 12:00:00 AM,1/6/2021 11:30:30 AM,False,,,SE306812,,,,,,,Not a DBE,Indoor,"Tier 01: up to 5,000 square feet",3/9/2023 03:00:00 AM,1/4/2019 12:44:17 PM,5/21/2020 01:24:53 PM,9/10/2020 01:01:48 PM,1/11/2024 03:00:00 AM,1/21/2025 03:00:00 AM,,1250.0,1301.0,Greenfield,Franklin,42.587072,-72.573941,Western MA,15 Arch Street,,MA,42.592468,-72.604956,15.0,Arch St,,,Greenfield,MA,Franklin County,1301.0,"15 Arch, LLC",MA,MACCC,Massachusetts Cannabis Control Commission,,,,,
07/01/2024,APPROVED,Marijuana Delivery Operator Pre-Certification,Expedited Review - Social Equity Participant,Expedited,Social Equity Participant,PROVISIONAL LICENSE,,COMPLETE,PMD5824,GreenHouse Distributors Incorporated,,,,,253 Millers Falls Road,,Turners Falls,MA,1349,,,41A East Main Street,,Millers Falls,MA,1349,87-1120388,PMDA5824,7/19/2021 02:33:23 PM,7/15/2021 03:21:07 PM,,False,,SE305006,SE305006,,,,,,,Minority-Owned Business,,,,5/28/2021 03:24:08 PM,8/27/2021 10:43:12 AM,8/30/2021 10:43:29 AM,8/30/2021 04:00:00 AM,8/30/2023 04:00:00 AM,,0.0,,,,,,,,,MA,,,,,,,,,,,GreenHouse Distributors Incorporated,MA,MACCC,Massachusetts Cannabis Control Commission,,,,,
07/01/2024,APPROVED,Marijuana Cultivator,Expedited Review - License Type,Expedited,License Type,PROVISIONAL LICENSE,,COMPLETE,MC283116,Charlemont FarmWorks LLC,Charlemont,1339.0,,,120 Fulton Street,,Boston,MA,2109,POINT (-72.573941 42.587072),POINT (-72.775067 42.6213320),120 Fulton Street,,Boston,MA,2109,85-3297284,MCN283116,12/3/2020 05:17:17 PM,10/22/2020 11:31:24 AM,,False,no,,,,,,,,,Not a DBE,Outdoor,"Tier 11: 90,001 to 100,000 sq. ft",,10/15/2020 12:17:35 AM,12/10/2020 09:58:11 AM,3/11/2021 01:45:54 PM,3/10/2022 03:00:00 AM,3/24/2023 04:00:00 AM,,25000.0,1339.0,Charlemont,Franklin,42.587072,-72.573941,Western MA,1947 Route 2,,MA,42.621332,-72.775067,1945.0,State Rte 2,,,Shelburne Falls,MA,Franklin County,1370.0,Charlemont FarmWorks LLC,MA,MACCC,Massachusetts Cannabis Control Commission,,,,,
07/01/2024,APPROVED,Marijuana Courier Pre-Certification,Expedited Review - Social Equity Participant,Expedited,Social Equity Participant,PROVISIONAL LICENSE,,COMPLETE,PDO103102,Florencia LLC,,,,,24 rawson st,,Dorchester,MA,2125,,,24 rawson st,,Dorchester,MA,2125,85-0807018,PDOA103102,6/17/2020 09:38:56 AM,6/15/2020 02:36:11 PM,,False,,SE303788,SE303788,,,,,,,Minority-Owned Business,,,,6/2/2020 04:17:47 PM,6/19/2020 02:20:22 PM,6/30/2020 09:35:51 AM,6/30/2020 04:00:00 AM,6/30/2022 04:00:00 AM,,0.0,,,,,,,,,MA,,,,,,,,,,,Florencia LLC,MA,MACCC,Massachusetts Cannabis Control Commission,,,,,
07/01/2024,APPROVED,Marijuana Cultivator,Expedited Review - License Type,Expedited,License Type,COMMENCE OPS,3/22/2023,COMPLETE,MC283155,"Berkshire Welco Cultivation, LLC",Sheffield,1257.0,,,1375 North Main Street,,Sheffield,MA,1257,POINT (-73.209889 42.396128),POINT (-73.363741 42.1425940),490 Main Street,,Great Barrington,MA,1230,85-1143675,MCN283155,5/10/2021 03:48:11 PM,12/1/2020 03:12:49 PM,7/22/2021 11:26:16 AM,False,no,,,,,,,,,Not a DBE,Outdoor,"Tier 04: 20,001 to 30,000 sq. ft",7/14/2022 04:00:00 AM,11/3/2020 11:13:41 AM,5/28/2021 10:40:44 AM,7/15/2021 04:30:56 PM,7/13/2023 04:00:00 AM,11/19/2024 03:00:00 AM,,10000.0,1257.0,Sheffield,Berkshire,42.396128,-73.209889,Western MA,1375 North Main Street,,MA,42.142594,-73.363741,1375.0,N Main St,,,Sheffield,MA,Berkshire County,1257.0,"Berkshire Welco Cultivation, LLC",MA,MACCC,Massachusetts Cannabis Control Commission,,,,,
07/01/2024,APPROVED,Marijuana Cultivator,General Applicant,General Applicant,General Applicant,COMMENCE OPS,12/23/2022,COMPLETE,MC281487,"CannAssist, LLC",Leicester,1542.0,,,2131 Washington Street,,Boston,MA,2119,POINT (-71.840209 42.329642),POINT (-71.907159 42.2075280),2131 Washington Street,,Boston,MA,2119,82-3527958,MCN281487,5/8/2019 11:45:57 AM,10/3/2018 12:00:00 AM,8/1/2019 10:46:53 AM,False,,,,,,,,,,Not a DBE,Indoor,"Tier 08: 60,001 to 70,000 sq. ft",2/10/2022 03:00:00 AM,5/25/2018 04:11:28 PM,5/9/2019 12:00:00 AM,5/30/2019 01:51:55 PM,2/8/2024 03:00:00 AM,2/12/2025 03:00:00 AM,,17500.0,1542.0,Rochdale,Worcester,42.329642,-71.840209,,88 Huntoon Memorial Highway,,MA,42.207528,-71.907159,88.0,Huntoon Memorial Hwy,,,Rochdale,MA,Worcester County,1542.0,"CannAssist, LLC",MA,MACCC,Massachusetts Cannabis Control Commission,,,,,
07/01/2024,APPROVED,Marijuana Cultivator,Expedited Review - Social Equity Participant,Expedited,Social Equity Participant,PROVISIONAL LICENSE,,COMPLETE,MC282234,Fuego Farms Inc.,Middleborough,2346.0,,,254 Newhill Ave.,,Somerset,MA,2726,POINT (-70.818958 41.978877),POINT (-70.864131 41.8575590),77 Pond Street,,Sharon,MA,2067,84-2193238,MCN282234,2/7/2020 08:41:01 AM,10/16/2019 12:00:00 AM,7/14/2020 08:27:37 PM,False,,,,,,,,,,Not a DBE,Indoor,"Tier 02: 5,001 to 10,000 sq. ft.",,6/24/2019 06:30:16 PM,2/12/2020 12:00:00 AM,4/9/2020 03:13:01 PM,7/14/2022 04:00:00 AM,7/14/2023 04:00:00 AM,,1250.0,2346.0,Middleboro,Plymouth,41.978877,-70.818958,,370 Wareham Street,Lot 2,MA,41.857559,-70.864131,370.0,Wareham St,,,Middleboro,MA,Plymouth County,2346.0,Fuego Farms Inc.,MA,MACCC,Massachusetts Cannabis Control Commission,,,,,
07/01/2024,APPROVED,Craft Marijuana Cooperative,Expedited Review - License Type,Expedited,License Type,PROVISIONAL LICENSE,,COMPLETE,CO281452,Mass Cannabis Growers Cooperative,,,,,62 Main St - Bldg #3,,Hatifled,MA,1038,,POINT (-71.489592 42.15652),PO Box 704,,Hatfield,MA,1038,84-2079381,CON281452,6/18/2021 02:34:32 PM,12/9/2020 12:49:03 PM,,False,no,,,,,,,,,Not a DBE,Indoor,"Tier 03: 10,001 to 20,000 sq. ft",,6/10/2019 03:03:22 PM,6/25/2021 02:29:28 PM,9/17/2021 12:30:31 PM,3/9/2023 03:00:00 AM,3/10/2024 04:00:00 AM,,5000.0,,,,,,,,,MA,42.15652,-71.489592,,,,,,MA,,,Mass Cannabis Growers Cooperative,MA,MACCC,Massachusetts Cannabis Control Commission,,,,,
07/01/2024,APPROVED,Marijuana Cultivator,Expedited Review - Social Equity Participant,Expedited,Social Equity Participant,FINAL LICENSE,,COMPLETE,MC282387,Aura Cannabis Company LLC,Fall River,2720.0,,,83 Development Street,,Fall River,MA,2721,POINT (-71.102131 41.778329),POINT (-71.116333 41.7526289),P.O. Box 3313,,Westport,MA,2790,83-3918824,MCN282387,6/14/2022 12:47:55 PM,2/4/2021 11:54:21 AM,,False,no,,,,,,,,,Not a DBE,Indoor,"Tier 03: 10,001 to 20,000 sq. ft",3/7/2024 03:00:00 AM,9/11/2019 09:24:48 AM,6/17/2022 11:44:01 AM,8/11/2022 11:46:51 AM,12/14/2023 03:00:00 AM,12/14/2024 03:00:00 AM,,5000.0,2720.0,Fall River,Bristol,41.778329,-71.102131,Southeast and Cape,320 Airport Road,,MA,41.752629,-71.116334,320.0,Airport Rd,,,Fall River,MA,Bristol County,2720.0,Aura Cannabis Company LLC,MA,MACCC,Massachusetts Cannabis Control Commission,,,,,
07/01/2024,APPROVED,Marijuana Product Manufacturer,Expedited Review - DBE Status,Expedited,DBE Status,PROVISIONAL CONSIDERATION,,PAYMENT_PENDING,MP282224,"Eudaimonia Health, LLC",Clinton,1510.0,,,20 Cameron  Street,,Clinton,MA,1510,POINT (-71.840209 42.329642),POINT (-71.679316 42.4099829),60 Schoolmasters Lane,,Dedham,MA,2026,88-1610302,MPN282224,6/26/2023 10:18:06 PM,11/4/2022 10:44:50 AM,,False,no,,SE306617,,,,,,,Veteran-Owned Business,,,,8/5/2022 08:40:23 AM,6/26/2023 03:31:41 PM,9/14/2023 03:35:51 PM,,,,0.0,1510.0,Clinton,Worcester,42.329642,-71.840209,Central MA,20 Cameron Street,,MA,42.409983,-71.679317,20.0,Cameron St,,,Clinton,MA,Worcester County,1510.0,"Eudaimonia Health, LLC",MA,MACCC,Massachusetts Cannabis Control Commission,,,,,
07/01/2024,APPROVED,Marijuana Microbusiness,Expedited Review - License Type,Expedited,License Type,PROVISIONAL CONSIDERATION,,PAYMENT_PENDING,MB282223,Happy Flower LLC,Worcester,1603.0,,,41 Fremont Street,,Worcester,MA,1603,POINT (-71.840209 42.329642),POINT (-71.831031 42.2412399),PO Box 52355,,Boston,MA,2205,12-3456789,MBN282223,11/10/2021 11:04:07 PM,11/2/2021 01:35:59 PM,,False,no,,,,,,,,,Not a DBE,,,,1/30/2021 01:01:53 PM,11/15/2021 04:35:08 PM,1/20/2022 03:37:21 PM,,,,0.0,1603.0,Worcester,Worcester,42.329642,-71.840209,Central MA,41 Fremont Street,,MA,42.24124,-71.831032,41.0,Fremont St,,,Worcester,MA,Worcester County,1603.0,Happy Flower LLC,MA,MACCC,Massachusetts Cannabis Control Commission,,,,,
07/01/2024,APPROVED,Marijuana Retailer,General Applicant,General Applicant,General Applicant,PROVISIONAL LICENSE,,COMPLETE,MR284839,GVLP Corporation,Chelsea,2150.0,,,320 Revere Beach Parkway,,Chelsea,MA,2150,POINT (-71.073493 42.334948),POINT (-71.029608 42.4047709),311 Dale Street,,North Andover,MA,1845,87-3577419,MRN284839,3/3/2023 07:35:08 AM,1/30/2023 04:30:44 PM,6/19/2023 11:41:05 AM,False,no,,,,,,,,,Not a DBE,,,,12/16/2022 01:22:24 PM,3/3/2023 10:47:30 AM,5/11/2023 02:18:01 PM,6/19/2023 04:00:00 AM,6/19/2024 04:00:00 AM,,10000.0,2150.0,Chelsea,Suffolk,42.334948,-71.073493,Metro Boston,320 Revere Beach Parkway,,MA,42.404771,-71.029609,320.0,Revere Beach Pkwy,,,Chelsea,MA,Suffolk County,2150.0,GVLP Corporation,MA,MACCC,Massachusetts Cannabis Control Commission,,,,,
07/01/2024,APPROVED,Marijuana Product Manufacturer,Expedited Review - DBE Status,Expedited,DBE Status,PROVISIONAL LICENSE,,COMPLETE,MP281550,Mantis Management Group,Winchendon,1475.0,,,2 Juniper St,,Winchendon,MA,1475,POINT (-71.840209 42.329642),POINT (-72.045765 42.6866320),3 Vermont Ave,,Saugus,MA,1906,83-2443791,MPN281550,2/27/2020 11:04:04 AM,1/23/2020 12:00:00 AM,,False,,,,,,,,,,Minority-Owned Business,,,,12/2/2018 09:10:18 AM,3/19/2020 12:00:00 AM,5/8/2020 02:50:37 PM,4/14/2023 04:00:00 AM,5/19/2024 04:00:00 AM,,10000.0,1475.0,Winchendon,Worcester,42.329642,-71.840209,Central MA,250 Central St,,MA,42.686632,-72.045765,250.0,Central St,,,Winchendon,MA,Worcester County,1475.0,Mantis Management Group,MA,MACCC,Massachusetts Cannabis Control Commission,,,,,
07/01/2024,APPROVED,Marijuana Product Manufacturer,General Applicant,General Applicant,General Applicant,PROVISIONAL LICENSE,,COMPLETE,MP281673,CCE CAT LLC,Mashpee,2649.0,,,800 Falmouth Rd,B-1,Mashpee,MA,2649,POINT (-70.301811 41.698999),POINT (-70.495468 41.6042569),800 Falmouth Rd,Unit C-101,Mashpee,MA,2649,83-2862061,MPN281673,3/5/2020 11:28:59 AM,1/14/2020 12:00:00 AM,,False,,,,,,,,,,Not a DBE,,,,5/21/2019 01:08:59 PM,3/5/2020 12:00:00 AM,6/4/2020 02:08:30 PM,7/13/2023 04:00:00 AM,7/17/2024 04:00:00 AM,,10000.0,2649.0,Mashpee,Barnstable,41.698999,-70.301811,Southeast and Cape,800 Falmouth Rd Unit B-1,,MA,41.604257,-70.495468,800.0,Falmouth Rd,Unit,,Mashpee,MA,Barnstable County,2649.0,CCE CAT LLC,MA,MACCC,Massachusetts Cannabis Control Commission,,,,,
07/01/2024,APPROVED,Marijuana Product Manufacturer,General Applicant,General Applicant,General Applicant,PROVISIONAL CONSIDERATION,,PAYMENT_PENDING,MP281883,"CCC MASHPEE HOLDINGS, LLC",Mashpee,2649.0,,,1446 STATE HIGHWAY ROUTE 6,,WELLFLEET,MA,2663,POINT (-70.301811 41.698999),POINT (-70.501586 41.6569399),1300 Brickell Bay Dr,1109,Miami,FL,33131,83-3682075,MPN281883,8/27/2020 04:24:12 PM,6/5/2020 03:02:19 PM,,False,no,,,,,,,,,Not a DBE,,,,5/4/2020 11:22:27 AM,9/2/2020 07:43:03 AM,11/19/2020 04:16:58 PM,,,,0.0,2649.0,Mashpee,Barnstable,41.698999,-70.301811,Southeast and Cape,79 Echo Rd,,MA,41.65694,-70.501586,79.0,Echo Rd,,,Mashpee,MA,Barnstable County,2649.0,"CCC MASHPEE HOLDINGS, LLC",MA,MACCC,Massachusetts Cannabis Control Commission,,,,,
07/01/2024,APPROVED,Marijuana Product Manufacturer,Expedited Review - Social Equity Participant,Expedited,Social Equity Participant,PROVISIONAL LICENSE,,COMPLETE,MP282024,"Bada Bloom!, Inc.",Tyngsborough,1879.0,,,44 Old Tyng Road,Building #3,Tyngsborough,MA,1879,POINT (-71.275566 42.459085),POINT (-71.412477 42.6645290),8 Marion Street,Unit 1,Natick,MA,1760,85-1307071,MPN282024,10/7/2021 01:28:24 PM,10/7/2021 10:41:24 AM,12/17/2021 01:58:45 PM,False,yes,SE304844,SE304844,,,,,,,Not a DBE,,,,2/4/2021 01:35:30 PM,10/8/2021 11:33:23 AM,11/18/2021 02:34:24 PM,1/12/2023 03:00:00 AM,1/14/2024 03:00:00 AM,,5000.0,1879.0,Tyngsboro,Middlesex,42.459085,-71.275566,,44 Old Tyng Road,Building #3,MA,42.664529,-71.412478,44.0,Old Tyng Rd,,,Tyngsboro,MA,Middlesex County,1879.0,"Bada Bloom!, Inc.",MA,MACCC,Massachusetts Cannabis Control Commission,,,,,
07/01/2024,APPROVED,Marijuana Cultivator,Expedited Review - DBE Status,Expedited,DBE Status,PROVISIONAL LICENSE,,COMPLETE,MC283670,"Ahava, LLC",Holyoke,1040.0,,,333 N. Canal Street,,Holyoke,MA,1040,POINT (-72.571312 42.12756),POINT (-72.597581 42.2013740),1500 Main Street,Suite 2700,Springfield,MA,1115,38-4191566,MCN283670,6/13/2022 02:17:16 PM,4/5/2022 02:26:04 PM,,False,no,,,,,,,,,Minority-Owned Business,Indoor,"Tier 10: 80,001 to 90,000 sq. ft",,12/14/2021 12:56:44 PM,7/1/2022 02:34:40 PM,9/15/2022 12:45:11 PM,8/10/2023 04:00:00 AM,10/11/2024 04:00:00 AM,,45000.0,1040.0,Holyoke,Hampden,42.12756,-72.571312,Western MA,333 N. Canal Street,,MA,42.201374,-72.597581,333.0,N Canal St,,,Holyoke,MA,Hampden County,1040.0,"Ahava, LLC",MA,MACCC,Massachusetts Cannabis Control Commission,,,,,
07/01/2024,APPROVED,Marijuana Retailer,General Applicant,General Applicant,General Applicant,PROVISIONAL LICENSE,,COMPLETE,MR281929,"Deerfield Naturals, Inc.",Deerfield,1373.0,,,10 Greenfield Road,,South Deerfield,MA,1373,POINT (-72.573941 42.587072),POINT (-72.612706 42.4724039),10 Greenfield Road,,South Deerfield,MA,1373,83-1965882,MRN281929,3/5/2020 03:19:17 PM,1/29/2020 12:00:00 AM,,False,,,,,,,,,,Not a DBE,,,,9/27/2018 10:21:34 AM,3/27/2020 12:00:00 AM,7/9/2020 02:46:25 PM,9/14/2023 04:00:00 AM,10/15/2024 04:00:00 AM,,10000.0,1373.0,South Deerfield,Franklin,42.587072,-72.573941,,10 Greenfield Road,,MA,42.472404,-72.612706,10.0,Greenfield Rd,,,South Deerfield,MA,Franklin County,1373.0,"Deerfield Naturals, Inc.",MA,MACCC,Massachusetts Cannabis Control Commission,,,,,
07/01/2024,APPROVED,Marijuana Retailer,Priority Review - MTC Priority,Priority,MTC Priority,COMMENCE OPS,3/9/2020,COMPLETE,MR282183,Curaleaf Massachusetts Inc,Ware,1082.0,,,124 West Street,Unit D,Ware,MA,1082,POINT (-72.62073 42.322256),POINT (-72.249594 42.2558640),2001 Washington Street,Unit B,Hanover,MA,2339,46-3428628,MRN282183,4/8/2019 01:35:58 PM,1/25/2019 12:00:00 AM,9/17/2019 11:34:57 PM,True,,,,,,,APPROVED,RP201882,RPA201882,Not a DBE,,,2/6/2020 03:00:00 AM,12/13/2018 11:20:22 PM,6/7/2019 12:00:00 AM,9/13/2019 11:32:25 AM,9/14/2023 04:00:00 AM,1/16/2025 03:00:00 AM,,5000.0,1082.0,Ware,Hampshire,42.322256,-72.62073,Western MA,124 West Street,Unit D,MA,42.255864,-72.249594,124.0,West St,,,Ware,MA,Hampshire County,1082.0,Curaleaf Massachusetts Inc,MA,MACCC,Massachusetts Cannabis Control Commission,,,,,
07/01/2024,APPROVED,Marijuana Delivery Operator Pre-Certification,Expedited Review - Social Equity Participant,Expedited,Social Equity Participant,PROVISIONAL LICENSE,,COMPLETE,PMD6098,Suite 420 Wellness LLC,,,,,1295-1297 River Street,,Hyde Park,MA,2136,,,1295-1297 River Street,,Hyde Park,MA,2136,92-0346966,PMDA6098,4/3/2024 10:58:37 AM,4/12/2024 07:04:03 PM,,False,,SE304228,,,,,,,,Not a DBE,,,,2/19/2024 01:17:38 PM,4/12/2024 09:41:47 AM,4/18/2024 04:13:40 PM,4/18/2024 04:00:00 AM,4/18/2026 04:00:00 AM,,0.0,,,,,,,,,MA,,,,,,,,,,,Suite 420 Wellness LLC,MA,MACCC,Massachusetts Cannabis Control Commission,,,,,
07/01/2024,APPROVED,Marijuana Retailer,General Applicant,General Applicant,General Applicant,COMMENCE OPS,7/5/2023,COMPLETE,MR284668,Himalayan High,Becket,1223.0,,,2727 Jacobs Ladder Road,,Becket,MA,1223,POINT (-73.209889 42.396128),POINT (-73.134800 42.2638150),215A Chaplin Rd.,,Eastford,CT,6242,88-2973141,MRN284668,1/6/2023 11:17:12 AM,6/23/2022 08:34:32 AM,,False,no,,,,,,,,,Not a DBE,,,6/8/2023 04:00:00 AM,5/27/2022 10:18:05 AM,1/6/2023 12:20:58 PM,3/9/2023 12:41:44 PM,3/7/2024 03:00:00 AM,3/13/2025 04:00:00 AM,,10000.0,1223.0,Becket,Berkshire,42.396128,-73.209889,Western MA,2727 Jacobs Ladder Rd,,MA,42.263815,-73.134801,2727.0,Jacobs Ladder Rd,,,Becket,MA,Berkshire County,1223.0,Himalayan High,MA,MACCC,Massachusetts Cannabis Control Commission,,,,,
07/01/2024,APPROVED,Marijuana Retailer,Expedited Review - Social Equity Participant,Expedited,Social Equity Participant,PROVISIONAL CONSIDERATION,,PAYMENT_PENDING,MR284973,Herbal Power LLC,Boston,2116.0,,,329 Columbus Avenue,Unit 1,Boston,MA,2116,POINT (-71.073493 42.334948),POINT (-71.075098 42.3463300),78 Zeigler Street,,Roxbury,MA,2119,87-3104706,MRN284973,9/1/2023 02:18:50 PM,7/7/2023 02:18:56 PM,,False,yes,SE304406,,,,,,,,Not a DBE,,,,6/17/2023 12:40:28 PM,9/8/2023 03:37:55 PM,10/12/2023 12:51:49 PM,,,,0.0,2116.0,Boston,Suffolk,42.334948,-71.073493,Metro Boston,329 Columbus Avenue,Unit 1,MA,42.34633,-71.075099,329.0,Columbus Ave,,,Boston,MA,Suffolk County,2116.0,Herbal Power LLC,MA,MACCC,Massachusetts Cannabis Control Commission,,,,,
07/01/2024,APPROVED,Marijuana Courier Pre-Certification,Priority Review - Economic Empowerment Priority,Priority,Economic Empowerment Priority,PROVISIONAL LICENSE,,COMPLETE,PDO103070,Beantown Bud Hub,,,,,TBD,,TBD,MA,0,,,89 Vernon Street,,Waltham,MA,2453,85-1234247,PDOA103070,7/1/2020 01:09:52 PM,6/17/2020 12:31:04 PM,,True,,EE202295,,APPROVED,EE202295,,,,,Not a DBE,,,,5/29/2020 07:08:14 PM,7/7/2020 09:11:50 AM,7/7/2020 02:47:59 PM,7/7/2020 04:00:00 AM,7/7/2022 04:00:00 AM,,0.0,,,,,,,,,MA,,,,,,,,,,,Beantown Bud Hub,MA,MACCC,Massachusetts Cannabis Control Commission,,,,,
07/01/2024,APPROVED,Marijuana Retailer,General Applicant,General Applicant,General Applicant,PROVISIONAL LICENSE,,COMPLETE,MR283634,Cannabis Healing LLC,Boston,2128.0,,,2A-4 Neptune Road,,Boston,MA,2128,POINT (-71.073493 42.334948),POINT (-71.025441 42.3802790),111 Cumberland Road,,Leominster,MA,1453,85-2998047,MRN283634,5/19/2023 08:19:55 AM,2/27/2023 12:09:43 PM,8/19/2023 10:42:33 AM,False,no,,,,,,,,,Not a DBE,,,,6/30/2020 02:21:02 PM,6/9/2023 12:43:42 PM,8/10/2023 11:25:15 AM,8/19/2023 04:00:00 AM,8/19/2024 04:00:00 AM,,10000.0,2128.0,Boston,Suffolk,42.334948,-71.073493,Metro Boston,2A-4 Neptune Road,,MA,42.380279,-71.025441,,Neptune Rd,,,East Boston,MA,Suffolk County,2128.0,Cannabis Healing LLC,MA,MACCC,Massachusetts Cannabis Control Commission,,,,,
07/01/2024,APPROVED,Marijuana Delivery Operator Pre-Certification,Expedited Review - Social Equity Participant,Expedited,Social Equity Participant,PROVISIONAL LICENSE,,COMPLETE,PMD5799,Blossom Flower LLC,,,,,1 Cabot Street,,Holyoke,MA,1040,,,16 Mayer Drive,,Holyoke,MA,1040,00-1438198,PMDA5799,7/22/2021 02:25:26 PM,7/7/2021 01:16:30 PM,,False,,SE304773,SE304773,,,,,,,Not a DBE,,,,5/28/2021 09:29:21 AM,8/2/2021 02:02:56 PM,8/2/2021 02:03:06 PM,8/2/2021 04:00:00 AM,8/2/2023 04:00:00 AM,,0.0,,,,,,,,,MA,,,,,,,,,,,Blossom Flower LLC,MA,MACCC,Massachusetts Cannabis Control Commission,,,,,
07/01/2024,APPROVED,Marijuana Product Manufacturer,General Applicant,General Applicant,General Applicant,COMMENCE OPS,6/1/2021,COMPLETE,MP281412,Cloud Creamery LLC,Framingham,1702.0,,,119 Herbert St,,Framingham,MA,1702,POINT (-71.275566 42.459085),POINT (-71.414867 42.269354),15 Irene Rd,,Framingham,MA,1701,82-5241882,MPN281412,6/1/2020 05:06:07 PM,2/14/2020 12:00:00 AM,8/20/2020 02:59:43 PM,False,,,,,,,,,,Not a DBE,,,3/11/2021 03:00:00 AM,6/20/2018 06:36:03 PM,6/12/2020 08:42:44 AM,8/6/2020 01:52:33 PM,9/14/2023 04:00:00 AM,9/18/2024 04:00:00 AM,,10000.0,1702.0,Framingham,Middlesex,42.459085,-71.275566,Central MA,119 Herbert Street,,MA,42.269354,-71.414867,119.0,Herbert St,,,Framingham,MA,Middlesex County,1702.0,Cloud Creamery LLC,MA,MACCC,Massachusetts Cannabis Control Commission,,,,,
07/01/2024,APPROVED,Independent Testing Laboratory,Expedited Review - License Type,Expedited,License Type,COMMENCE OPS,2/10/2022,COMPLETE,IL281355,Smithers AMS LLC,Wareham,2571.0,,,790 Main Street,,Wareham,MA,2571,POINT (-70.818958 41.978877),POINT (-70.74897 41.7705399),790 Main Street,,Wareham,MA,2571,85-2924837,ILN281355,3/23/2021 03:48:06 PM,3/3/2021 03:29:04 PM,7/16/2021 10:49:36 AM,False,no,,,,,,,,,Not a DBE,,,1/20/2022 03:00:00 AM,9/30/2020 04:44:32 PM,4/2/2021 12:07:19 PM,7/15/2021 04:44:22 PM,7/13/2023 04:00:00 AM,7/16/2024 04:00:00 AM,,10000.0,2571.0,Wareham,Plymouth,41.978877,-70.818958,Southeast and Cape,790 Main Street,,MA,41.77054,-70.74897,790.0,Main St,,,Wareham,MA,Plymouth County,2571.0,Smithers AMS LLC,MA,MACCC,Massachusetts Cannabis Control Commission,,,,,
07/01/2024,APPROVED,Marijuana Cultivator,Priority Review - MTC Priority,Priority,MTC Priority,COMMENCE OPS,9/21/2020,COMPLETE,MC281438,"The Heirloom Collective, Inc.",Bernardston,1337.0,,,38 Arbor Way,,North Easton,MA,2356,POINT (-72.573941 42.587072),POINT (-72.537542 42.6694710),38 Arbor Way,,North Easton,MA,2356,47-5460213,MCN281438,5/9/2019 09:45:30 PM,3/29/2019 12:00:00 AM,10/2/2019 02:58:36 PM,True,,,,,,,APPROVED,RP201869,RPA201869,Not a DBE,Indoor,"Tier 02: 5,001 to 10,000 sq. ft.",4/9/2020 04:00:00 AM,5/14/2018 12:10:21 PM,6/7/2019 12:00:00 AM,9/13/2019 11:40:01 AM,9/14/2023 04:00:00 AM,10/2/2024 04:00:00 AM,,2500.0,1337.0,Bernardston,Franklin,42.587072,-72.573941,Western MA,87 Northfield Road,,MA,42.669471,-72.537543,87.0,Northfield Rd,,,Bernardston,MA,Franklin County,1337.0,"The Heirloom Collective, Inc.",MA,MACCC,Massachusetts Cannabis Control Commission,,,,,
07/01/2024,APPROVED,Marijuana Retailer,General Applicant,General Applicant,General Applicant,COMMENCE OPS,3/11/2022,COMPLETE,MR282668,"Harmony of MA, Inc.",West Boylston,1583.0,,,40 Nouvelle Way,Unit N947,Natick,MA,1760,POINT (-71.840209 42.329642),POINT (-71.772166 42.3398189),40 Nouvelle Way,Unit N947,Natick,MA,1760,83-2551679,MRN282668,11/18/2019 11:17:47 AM,11/5/2019 12:00:00 AM,8/20/2020 06:22:51 PM,False,,,,,,,,,,Not a DBE,,,4/16/2021 04:00:00 AM,5/1/2019 10:05:03 AM,12/30/2019 12:00:00 AM,3/5/2020 12:19:42 PM,10/13/2022 04:00:00 AM,2/11/2024 03:00:00 AM,,10000.0,1583.0,West Boylston,Worcester,42.329642,-71.840209,Central MA,111 & 113 Shrewsbury Street,,MA,42.339819,-71.772167,111.0,Shrewsbury St,,113.0,West Boylston,MA,Worcester County,1583.0,"Harmony of MA, Inc.",MA,MACCC,Massachusetts Cannabis Control Commission,,,,,
07/01/2024,APPROVED,Marijuana Courier Pre-Certification,Expedited Review - Social Equity Participant,Expedited,Social Equity Participant,PROVISIONAL LICENSE,,COMPLETE,PDO103039,Zip Run,,,,,160 Orlando street,,Mattapan,MA,2126,,,160 Orlando street,,Mattapan,MA,2126,84-1868442,PDOA103039,6/18/2020 02:47:22 PM,6/10/2020 04:00:00 AM,,False,,SE303983,SE303983,,,,,,,Not a DBE | Minority-Owned Business,,,,5/28/2020 07:57:42 PM,6/26/2020 11:32:41 AM,6/30/2020 09:25:52 AM,6/30/2020 04:00:00 AM,6/30/2022 04:00:00 AM,,0.0,,,,,,,,,MA,,,,,,,,,,,Zip Run,MA,MACCC,Massachusetts Cannabis Control Commission,,,,,
07/01/2024,APPROVED,Marijuana Retailer,General Applicant,General Applicant,General Applicant,PROVISIONAL CONSIDERATION,,PAYMENT_PENDING,MR284935,The Copley Connection Inc.,Boston,2116.0,,,551 Boylston St,,Boston,MA,2116,POINT (-71.073493 42.334948),POINT (-71.076006 42.3507450),10 Tremont St. 2nd Floor,,Boston,MA,2108,92-0650530,MRN284935,12/19/2023 05:40:41 PM,10/20/2023 12:18:26 PM,,False,no,,,,,,,,,Not a DBE,,,,5/2/2023 11:21:30 AM,12/22/2023 02:34:03 PM,2/8/2024 03:02:46 PM,,,,0.0,2116.0,Boston,Suffolk,42.334948,-71.073493,Metro Boston,551 Boylston St.,,MA,42.350745,-71.076006,551.0,Boylston St,,,Boston,MA,Suffolk County,2116.0,The Copley Connection Inc.,MA,MACCC,Massachusetts Cannabis Control Commission,,,,,
07/01/2024,APPROVED,Marijuana Cultivator,General Applicant,General Applicant,General Applicant,PROVISIONAL LICENSE,,COMPLETE,MC283727,"Projekt Flower, LLC",Worcester,1603.0,,,13 Hope Ave,,Worcester,MA,1603,POINT (-71.840209 42.329642),POINT (-71.820297 42.2313010),12 Cardinal Circle,,Derry,NH,3038,86-2531055,MCN283727,11/30/2022 09:39:27 AM,4/26/2022 04:06:51 PM,,False,no,,,,,,,,,Minority-Owned Business,Indoor,"Tier 04: 20,001 to 30,000 sq. ft",,4/14/2022 02:42:31 PM,12/9/2022 10:36:41 AM,2/9/2023 01:25:19 PM,5/3/2023 04:00:00 AM,5/3/2024 04:00:00 AM,,20000.0,1603.0,Worcester,Worcester,42.329642,-71.840209,Central MA,13 Hope Avenue,,MA,42.231301,-71.820298,13.0,Hope Ave,,,Worcester,MA,Worcester County,1603.0,"Projekt Flower, LLC",MA,MACCC,Massachusetts Cannabis Control Commission,,,,,
07/01/2024,APPROVED,Marijuana Retailer,Priority Review - MTC Priority,Priority,MTC Priority,COMMENCE OPS,6/12/2020,COMPLETE,MR281571,"Ipswich Pharmaceutical Associates, Inc.",Rowley,1969.0,,,116 Newburyport Turnpike,,Rowley,MA,1969,POINT (-70.970827 42.635475),POINT (-70.911295 42.7008709),53 Town Farm Road,,Ipswich,MA,1938,90-1007354,MRN281571,5/24/2019 03:40:47 PM,10/16/2018 12:00:00 AM,8/20/2019 12:24:52 PM,True,,,,,,,APPROVED,RP201928,RPA201928,Disability-Owned Business | Veteran-Owned Business,,,2/6/2020 03:00:00 AM,6/8/2018 03:47:52 PM,6/7/2019 12:00:00 AM,8/9/2019 11:40:42 AM,9/14/2023 04:00:00 AM,10/21/2024 04:00:00 AM,,5000.0,1969.0,Rowley,Essex,42.635475,-70.970827,Northeast,116 Newburyport Turnpike,,MA,42.700871,-70.911296,116.0,Newburyport Turnpike,,,Rowley,MA,Essex County,1969.0,"Ipswich Pharmaceutical Associates, Inc.",MA,MACCC,Massachusetts Cannabis Control Commission,,,,,
07/01/2024,APPROVED,Marijuana Courier Pre-Certification,Expedited Review - Social Equity Participant,Expedited,Social Equity Participant,PROVISIONAL LICENSE,,COMPLETE,PDO103087,K Elise Enterprises,,,,,5 Perth St,Unit 5,Dorchester,MA,2121,,,51 Norfolk St,Unit 4,Cambridge,MA,2139,27-3623667,PDOA103087,4/27/2021 02:28:54 PM,4/23/2021 09:20:55 AM,,False,,SE303684,SE303684,,,,,,,Minority-Owned Business | Woman-Owned Business,,,,5/31/2020 06:49:50 PM,,5/7/2021 03:30:33 PM,5/7/2021 04:00:00 AM,5/7/2023 04:00:00 AM,,0.0,,,,,,,,,MA,,,,,,,,,,,K Elise Enterprises,MA,MACCC,Massachusetts Cannabis Control Commission,,,,,
07/01/2024,APPROVED,Marijuana Retailer,General Applicant,General Applicant,General Applicant,COMMENCE OPS,8/2/2021,COMPLETE,MR282640,"Salty Farmers, LLC",Eastham,2651.0,,,182 Brackett Road,,Eastham,MA,2651,POINT (-70.301811 41.698999),POINT (-69.983794 41.8548759),PO BOX 726,,North Truro,MA,2652,82-1492906,MRN282640,5/18/2020 08:14:20 PM,1/21/2020 12:00:00 AM,7/14/2020 01:15:47 PM,False,,,,,,,,,,Not a DBE,,,7/15/2021 04:00:00 AM,4/24/2019 05:56:33 PM,5/21/2020 02:02:29 PM,7/9/2020 03:42:46 PM,6/8/2023 04:00:00 AM,7/14/2024 04:00:00 AM,,10000.0,2651.0,North Eastham,Barnstable,41.698999,-70.301811,,182 Brackett Road,,MA,41.854876,-69.983794,182.0,Brackett Rd,,,Eastham,MA,Barnstable County,2642.0,"Salty Farmers, LLC",MA,MACCC,Massachusetts Cannabis Control Commission,,,,,
07/01/2024,APPROVED,Marijuana Cultivator,General Applicant,General Applicant,General Applicant,PROVISIONAL CONSIDERATION,,PAYMENT_PENDING,MC283643,"OBCC, LLC",Pittsfield,1201.0,,,74 Downing Parkway,,Pittsfield,MA,1201,POINT (-73.209889 42.396128),POINT (-73.197676 42.460898),PO Box 2189,,Pittsfield,MA,1202,84-4675879,MCN283643,4/29/2022 09:46:29 AM,2/24/2022 01:42:21 PM,,False,no,,,,,,,,,Not a DBE,Indoor,"Tier 05: 30,001 to 40,000 sq. ft",,11/9/2021 08:52:27 AM,5/20/2022 10:29:57 AM,7/14/2022 12:00:51 PM,,,,0.0,1201.0,Pittsfield,Berkshire,42.396128,-73.209889,Western MA,74 Downing Parkway,,MA,42.460898,-73.197677,74.0,Downing Pkwy,,,Pittsfield,MA,Berkshire County,1201.0,"OBCC, LLC",MA,MACCC,Massachusetts Cannabis Control Commission,,,,,
07/01/2024,APPROVED,Marijuana Courier Pre-Certification,Priority Review - Economic Empowerment Priority,Priority,Economic Empowerment Priority,PROVISIONAL LICENSE,,COMPLETE,PDO103064,"Major Bloom, LLC",,,,,76 Millbury Street,,Worcester,MA,1610,,,50 Loring St,,Hyde Park,MA,2136,82-5007405,PDOA103064,8/28/2020 05:27:40 PM,8/13/2020 01:16:52 PM,,True,,EE202093,,APPROVED,EE202093,,,,,Not a DBE,,,,5/29/2020 02:17:08 PM,9/3/2020 09:20:58 AM,9/3/2020 04:00:02 PM,9/3/2020 04:00:00 AM,9/3/2022 04:00:00 AM,,0.0,,,,,,,,,MA,,,,,,,,,,,"Major Bloom, LLC",MA,MACCC,Massachusetts Cannabis Control Commission,,,,,
07/01/2024,APPROVED,Marijuana Delivery Operator Pre-Certification,Expedited Review - Social Equity Participant,Expedited,Social Equity Participant,PROVISIONAL LICENSE,,COMPLETE,PMD5911,"Nug Run, LLC",,,,,57 South Hunt Road,,Amesbury,MA,1913,,,57 South Hunt Road,,Amesbury,MA,1913,87-2806488,PMDA5911,11/4/2021 02:39:35 PM,11/1/2021 03:40:56 PM,,False,,SE305620,SE305620,,,,,,,Not a DBE,,,,8/17/2021 03:38:33 PM,11/5/2021 07:26:57 AM,11/8/2021 07:27:09 AM,11/8/2021 03:00:00 AM,11/8/2023 03:00:00 AM,,0.0,,,,,,,,,MA,,,,,,,,,,,"Nug Run, LLC",MA,MACCC,Massachusetts Cannabis Control Commission,,,,,
07/01/2024,APPROVED,Marijuana Retailer,General Applicant,General Applicant,General Applicant,COMMENCE OPS,6/7/2022,COMPLETE,MR283179,"Western Front, LLC",Cambridge,2139.0,,,699 Boylston Street,12th Floor,Boston,MA,2116,POINT (-71.275566 42.459085),POINT (-71.102350 42.3649419),699 Boylston Street,12th Floor,Boston,MA,2116,82-5141599,MRN283179,5/20/2020 11:40:33 AM,5/18/2020 09:56:02 AM,10/29/2020 11:09:52 AM,True,,,,APPROVED,EE202211,EE202211,,,,Not a DBE,,,5/12/2022 04:00:00 AM,12/9/2019 08:17:28 PM,6/11/2020 01:02:01 PM,8/6/2020 02:51:33 PM,10/12/2023 04:00:00 AM,10/29/2024 04:00:00 AM,,10000.0,2139.0,Cambridge,Middlesex,42.459085,-71.275566,Metro Boston,567-569 Massachusetts Ave.,,MA,42.364942,-71.102351,569.0,Massachusetts Ave,,,Cambridge,MA,Middlesex County,2139.0,"Western Front, LLC",MA,MACCC,Massachusetts Cannabis Control Commission,,,,,
07/01/2024,APPROVED,Marijuana Retailer,General Applicant,General Applicant,General Applicant,COMMENCE OPS,3/28/2024,COMPLETE,MR282587,Tree Market Lynn LLC,Lynn,1904.0,,,One International Place,Suite 3700,Boston,MA,2110,POINT (-70.970827 42.635475),POINT (-70.956937 42.47683),10 Fiddler Crab Lane,,Mashpee,MA,2649,85-2252539,MRN282587,9/11/2020 12:31:20 PM,11/5/2019 12:00:00 AM,11/20/2020 04:31:56 PM,False,,,,,,,,,,Not a DBE,,,2/8/2024 03:00:00 AM,4/8/2019 02:19:59 PM,9/17/2020 10:33:29 AM,11/19/2020 04:26:37 PM,11/9/2023 03:00:00 AM,11/20/2024 03:00:00 AM,,10000.0,1904.0,Lynn,Essex,42.635475,-70.970827,Northeast,100 Ford Street,,MA,42.47683,-70.956938,100.0,Ford St,,,Lynn,MA,Essex County,1904.0,Tree Market Lynn LLC,MA,MACCC,Massachusetts Cannabis Control Commission,,,,,
07/01/2024,APPROVED,Marijuana Retailer,General Applicant,General Applicant,General Applicant,COMMENCE OPS,8/29/2019,COMPLETE,MR281817,SOLAR THERAPEUTICS,Somerset,2725.0,,,1400 Brayton Point Rd,,SOMERSET,MA,2725,POINT (-71.102131 41.778329),POINT (-71.172910 41.7290490),1400 Brayton Point Rd,,SOMERSET,MA,2725,82-3644660,MRN281817,4/17/2019 01:19:11 PM,11/19/2018 12:00:00 AM,6/3/2019 10:28:12 AM,False,,,,,,,,,,Not a DBE,,,8/8/2019 04:00:00 AM,8/20/2018 11:00:39 AM,4/17/2019 12:00:00 AM,5/30/2019 02:03:35 PM,5/11/2023 04:00:00 AM,10/1/2024 04:00:00 AM,,5000.0,2725.0,Somerset,Bristol,41.778329,-71.102131,Southeast and Cape,1400 Brayton Point Road,,MA,41.729049,-71.17291,1400.0,Brayton Point Rd,,,Somerset,MA,Bristol County,2725.0,SOLAR THERAPEUTICS,MA,MACCC,Massachusetts Cannabis Control Commission,,,,,
07/01/2024,APPROVED,Marijuana Transporter with Other Existing ME License,Expedited Review - DBE Status,Expedited,DBE Status,PROVISIONAL LICENSE,,COMPLETE,MX281413,"FitzCanna, Inc",Clinton,1510.0,,,"75 Green Street, Suite 5",,Clinton,MA,1510,POINT (-71.840209 42.329642),POINT (-71.679017 42.4129539),60 Bolton Station Road,,Lancaster,MA,1523,87-1573192,MXN281413,5/9/2023 11:40:32 AM,12/8/2022 03:57:03 PM,,False,no,,,,,,,,,Woman-Owned Business,,,,6/18/2022 08:26:45 AM,5/12/2023 12:11:39 PM,8/10/2023 11:42:59 AM,10/31/2023 04:00:00 AM,10/31/2024 04:00:00 AM,,5000.0,1510.0,Clinton,Worcester,42.329642,-71.840209,Central MA,"75 Green Street, Suite 5",,MA,42.412954,-71.679018,75.0,Green St,Ste,5.0,Clinton,MA,Worcester County,1510.0,"FitzCanna, Inc",MA,MACCC,Massachusetts Cannabis Control Commission,,,,,
07/01/2024,APPROVED,Marijuana Cultivator,General Applicant,General Applicant,General Applicant,PROVISIONAL LICENSE,,COMPLETE,MC281466,"EMB Natural Ventures, LLC",Holyoke,1040.0,,,140 Middle Water Street,,Holyoke,MA,1040,POINT (-72.571312 42.12756),POINT (-72.603221 42.1956350),P.O. Box 565,,Holyoke,MA,4041,83-0920109,MCN281466,11/30/2019 09:20:46 PM,9/6/2019 12:00:00 AM,3/7/2020 12:30:29 AM,False,,,,,,,,,,Not a DBE,Indoor,"Tier 03: 10,001 to 20,000 sq. ft",,5/22/2018 12:25:31 PM,12/30/2019 12:00:00 AM,3/5/2020 12:16:51 PM,2/8/2024 03:00:00 AM,3/11/2025 04:00:00 AM,,5000.0,1040.0,Holyoke,Hampden,42.12756,-72.571312,Western MA,140 Middle Water St,,MA,42.195635,-72.603221,140.0,Middle Water St,,,Holyoke,MA,Hampden County,1040.0,"EMB Natural Ventures, LLC",MA,MACCC,Massachusetts Cannabis Control Commission,,,,,
07/01/2024,APPROVED,Marijuana Retailer,General Applicant,General Applicant,General Applicant,PROVISIONAL LICENSE,,COMPLETE,MR282952,Fresh Fields LLC,Beverly,1915.0,,,"1700 Shawsheen St, 2nd Floor",,Tewksbury,MA,1876,POINT (-70.970827 42.635475),POINT (-70.882867 42.5523969),"1700 Shawsheen St, 2nd Floor",,Tewksbury,MA,1876,83-3311969,MRN282952,7/16/2020 08:50:03 AM,3/3/2020 12:00:00 AM,12/29/2020 05:03:46 PM,False,no,,,,,,,,,Not a DBE,,,,8/23/2019 11:22:01 AM,7/24/2020 07:37:39 AM,10/8/2020 01:07:06 PM,12/14/2023 03:00:00 AM,12/29/2024 03:00:00 AM,,10000.0,1915.0,Beverly,Essex,42.635475,-70.970827,Northeast,350-354 Rantoul Street,,MA,42.552397,-70.882867,354.0,Rantoul St,,,Beverly,MA,Essex County,1915.0,Fresh Fields LLC,MA,MACCC,Massachusetts Cannabis Control Commission,,,,,
07/01/2024,APPROVED,Marijuana Product Manufacturer,Priority Review - MTC Priority,Priority,MTC Priority,FINAL LICENSE,,COMPLETE,MP281681,ARL Healthcare Inc.,New Bedford,2745.0,,,167 John Vertente Blvd,,New Bedford,MA,2745,POINT (-71.102131 41.778329),POINT (-70.965284 41.726796),167 John Vertente Blvd,,New Bedford,MA,2745,46-3459666,MPN281681,12/31/2019 11:25:34 AM,7/11/2019 12:00:00 AM,4/30/2020 09:08:25 AM,True,,,SE303548,,,,APPROVED,RP201908,RP201908,Not a DBE,,,8/6/2020 04:00:00 AM,5/28/2019 11:51:59 AM,1/15/2020 12:00:00 AM,4/9/2020 02:26:55 PM,9/14/2023 04:00:00 AM,9/15/2024 04:00:00 AM,,10000.0,2745.0,New Bedford,Bristol,41.778329,-71.102131,Southeast and Cape,167 John Vertente Blvd,,MA,41.726796,-70.965285,167.0,John Vertente Blvd,,,New Bedford,MA,Bristol County,2745.0,ARL Healthcare Inc.,MA,MACCC,Massachusetts Cannabis Control Commission,,,,,
07/01/2024,APPROVED,Marijuana Cultivator,General Applicant,General Applicant,General Applicant,PROVISIONAL LICENSE,,COMPLETE,MC281931,"E and J Supply, LLC",Belchertown,1007.0,,,401 Mill Valley Road,,Belchertown,MA,1007,POINT (-72.62073 42.322256),POINT (-72.371466 42.2594950),150 Lawndale Street,,Chicopee,MA,1013,83-1025967,MCN281931,6/22/2020 04:18:37 PM,2/20/2020 12:00:00 AM,9/14/2020 10:34:09 AM,False,,,,,,,,,,Not a DBE,Indoor,"Tier 02: 5,001 to 10,000 sq. ft.",,1/18/2019 10:14:26 AM,6/26/2020 01:34:27 PM,9/10/2020 12:59:14 PM,9/14/2020 04:00:00 AM,9/14/2021 04:00:00 AM,,2500.0,1007.0,Belchertown,Hampshire,42.322256,-72.62073,Western MA,401 Mill Valley Road,,MA,42.259495,-72.371467,401.0,Mill Valley Rd,,,Belchertown,MA,Hampshire County,1007.0,"E and J Supply, LLC",MA,MACCC,Massachusetts Cannabis Control Commission,,,,,
07/01/2024,APPROVED,Marijuana Product Manufacturer,Priority Review - MTC Priority,Priority,MTC Priority,PROVISIONAL LICENSE,,COMPLETE,MP282063,"PharmaCannis Massachusetts, Inc.",Holliston,1746.0,,,465 Hopping Brook Rd.,,Holliston,MA,1746,POINT (-71.275566 42.459085),POINT (-71.424499 42.2000999),190 S. LaSalle,29th Floor,Chicago,IL,60603,46-3307025,MPN282063,1/7/2022 01:51:21 PM,10/19/2021 10:15:32 AM,,True,no,,,,,,APPROVED,RP201821,,Not a DBE,,,,4/8/2021 03:22:02 PM,1/14/2022 10:41:58 AM,3/10/2022 01:51:39 PM,3/7/2024 03:00:00 AM,3/31/2025 04:00:00 AM,,10000.0,1746.0,Holliston,Middlesex,42.459085,-71.275566,Central MA,465 Hoppingbrook Rd,,MA,42.2001,-71.4245,,,,,Holliston,MA,Middlesex County,1746.0,"PharmaCannis Massachusetts, Inc.",MA,MACCC,Massachusetts Cannabis Control Commission,,,,,
07/01/2024,APPROVED,Marijuana Cultivator,General Applicant,General Applicant,General Applicant,PROVISIONAL LICENSE,,COMPLETE,MC283504,"Aspen Blue Mashpee, Inc.",Mashpee,2649.0,,,14 Wags Road,,Mashpee,MA,2649,POINT (-70.301811 41.698999),POINT (-70.492518 41.6091249),20 Centerville Road,,Warwick,RI,2886,86-3195188,MCN283504,9/9/2021 02:20:49 PM,6/4/2021 02:44:32 PM,3/14/2023 01:38:12 PM,False,no,,,,,,,,,Not a DBE,Indoor,"Tier 02: 5,001 to 10,000 sq. ft.",,5/3/2021 09:37:51 AM,10/5/2021 03:39:17 PM,1/20/2022 03:23:31 PM,3/14/2023 04:00:00 AM,3/14/2024 04:00:00 AM,,2500.0,2649.0,Mashpee,Barnstable,41.698999,-70.301811,Southeast and Cape,14 Wags Road,,MA,41.609125,-70.492518,14.0,Wags Rd,,,Mashpee,MA,Barnstable County,2649.0,"Aspen Blue Mashpee, Inc.",MA,MACCC,Massachusetts Cannabis Control Commission,,,,,
07/01/2024,APPROVED,Marijuana Product Manufacturer,General Applicant,General Applicant,General Applicant,COMMENCE OPS,2/12/2021,COMPLETE,MP281661,Fernway LLC,Northampton,1060.0,,,178 Industrial Dr,,Northampton,MA,1060,POINT (-72.62073 42.322256),POINT (-72.633660 42.3365849),110 Morningside Drive,,Florence,MA,1062,83-2063991,MPN281661,12/16/2019 04:56:08 PM,12/6/2019 12:00:00 AM,,False,,,,,,,,,,Not a DBE,,,1/14/2021 03:00:00 AM,5/6/2019 11:11:43 AM,2/27/2020 12:00:00 AM,5/8/2020 02:27:11 PM,4/14/2023 04:00:00 AM,9/16/2024 04:00:00 AM,,10000.0,1060.0,Northampton,Hampshire,42.322256,-72.62073,Western MA,178 Industrial Drive,,MA,42.336585,-72.63366,178.0,Industrial Dr,,,Northampton,MA,Hampshire County,1060.0,Fernway LLC,MA,MACCC,Massachusetts Cannabis Control Commission,,,,,
07/01/2024,APPROVED,Marijuana Courier,Priority Review - Economic Empowerment Priority,Priority,Economic Empowerment Priority,PROVISIONAL LICENSE,,COMPLETE,DO100144,Alchemy League,Holyoke,1040.0,,,"12 Marcella St, Boston, MA",,Type,MA,2119,POINT (-72.571312 42.12756),,"12 Marcella St, Boston, MA",,Roxbury,MA,2119,82-4415549,DOA100144,10/20/2021 12:25:39 PM,9/13/2021 03:50:12 PM,,True,,EE201940,,APPROVED,EE201940,,,,,"Minority-Owned Business | Woman-Owned Business | Veteran-Owned Business | Lesbian, Gay, Bisexual, and Transgender Owned Business",,,,8/10/2021 02:30:27 PM,10/22/2021 11:32:15 AM,1/20/2022 03:23:06 PM,4/14/2023 04:00:00 AM,4/14/2024 04:00:00 AM,,0.0,1040.0,Holyoke,Hampden,42.12756,-72.571312,Western MA,,,MA,,,,,,,,,,,Alchemy League,MA,MACCC,Massachusetts Cannabis Control Commission,,,,,
07/01/2024,APPROVED,Marijuana Microbusiness,Expedited Review - License Type,Expedited,License Type,PROVISIONAL LICENSE,,COMPLETE,MB281863,"Tastebud Farms, LLC",Lowell,1851.0,,,70 Wilbur Street,U2,Lowell,MA,1851,POINT (-71.275566 42.459085),POINT (-71.349571 42.6242609),70 Wilbur Street,U2,Lowell,MA,1851,86-1247153,MBN281863,12/21/2021 02:32:41 PM,11/3/2021 10:36:38 AM,,False,no,,,,,,,,,Not a DBE,,,,4/11/2020 06:54:54 PM,12/23/2021 01:55:10 PM,2/14/2022 04:25:42 PM,8/1/2022 04:00:00 AM,8/1/2023 04:00:00 AM,,625.0,1851.0,Lowell,Middlesex,42.459085,-71.275566,Northeast,70 Wilbur Street,Unit 2,MA,42.624261,-71.349572,70.0,Wilbur St,,,Lowell,MA,Middlesex County,1851.0,"Tastebud Farms, LLC",MA,MACCC,Massachusetts Cannabis Control Commission,,,,,
07/01/2024,APPROVED,Marijuana Cultivator,General Applicant,General Applicant,General Applicant,PROVISIONAL CONSIDERATION,,PAYMENT_PENDING,MC283626,"Hardwick Mill Greenery, Inc.",Hardwick,1031.0,,,94 Main St,,Hardwick,MA,1031,POINT (-71.840209 42.329642),POINT (-72.208759 42.3121409),15 Stone Crest Drive,,Braintree,MA,2184,86-3124077,MCN283626,12/23/2021 09:32:33 AM,11/10/2021 10:21:18 AM,,False,no,,,,,,,,,Not a DBE,Indoor,"Tier 06: 40,001 to 50,000 sq. ft",,10/14/2021 09:19:32 AM,12/23/2021 02:39:57 PM,2/14/2022 04:15:35 PM,,,,0.0,1031.0,Gilbertville,Worcester,42.329642,-71.840209,,94 Main St,,MA,42.312141,-72.208759,94.0,Main St,,,Gilbertville,MA,Worcester County,1031.0,"Hardwick Mill Greenery, Inc.",MA,MACCC,Massachusetts Cannabis Control Commission,,,,,
07/01/2024,APPROVED,Marijuana Cultivator,Priority Review - MTC Priority,Priority,MTC Priority,COMMENCE OPS,4/29/2019,COMPLETE,MC281557,"Good Chemistry of Massachusetts, Inc.",Bellingham,2019.0,,,20 Williams Way,,Bellingham,MA,2019,POINT (-71.15444 42.199156),POINT (-71.494814 42.0846629),50 Congress Street,Suite 420,Boston,MA,2109,46-3379588,MCN281557,7/30/2018 02:55:53 PM,7/10/2018 12:00:00 AM,11/27/2018 02:08:58 PM,True,,,,,,,APPROVED,RP201817,RPA201817,Not a DBE,Indoor,"Tier 04: 20,001 to 30,000 sq. ft",2/21/2019 03:00:00 AM,6/18/2018 02:37:08 PM,8/10/2018 12:00:00 AM,11/20/2018 02:51:27 PM,11/9/2023 03:00:00 AM,11/30/2024 03:00:00 AM,,7500.0,2019.0,Bellingham,Norfolk,42.199156,-71.15444,Central MA,20 William Way,,MA,42.084663,-71.494814,20.0,William Way,,,Bellingham,MA,Norfolk County,2019.0,"Good Chemistry of Massachusetts, Inc.",MA,MACCC,Massachusetts Cannabis Control Commission,,,,,
07/01/2024,APPROVED,Marijuana Retailer,Expedited Review - DBE Status,Expedited,DBE Status,COMMENCE OPS,4/19/2024,COMPLETE,MR282740,"Ganesh Wellness, Inc.",Salisbury,1952.0,,,47 High Street,Suite 432,Medford,MA,2155,POINT (-70.970827 42.635475),POINT (-70.873185 42.8655630),62 Church Hill Rd,,Newtown,CT,6470,82-4520628,MRN282740,5/26/2020 04:47:35 PM,12/11/2019 12:00:00 AM,,False,,,,,,,,,,Minority-Owned Business | Woman-Owned Business,,,4/11/2024 04:00:00 AM,5/27/2019 03:00:22 PM,6/11/2020 02:11:31 PM,8/6/2020 01:55:29 PM,6/8/2023 04:00:00 AM,8/18/2024 04:00:00 AM,,10000.0,1952.0,Salisbury,Essex,42.635475,-70.970827,Northeast,191 Lafayette Road,,MA,42.865563,-70.873185,191.0,Lafayette Rd,,,Salisbury,MA,Essex County,1952.0,"Ganesh Wellness, Inc.",MA,MACCC,Massachusetts Cannabis Control Commission,,,,,
07/01/2024,APPROVED,Marijuana Product Manufacturer,General Applicant,General Applicant,General Applicant,PROVISIONAL LICENSE,,COMPLETE,MP282184,"Greenway Cultivation, LLC",Orange,1364.0,,,70 West River Street,,Orange,MA,1364,POINT (-72.573941 42.587072),POINT (-72.312758 42.5893889),70 West River Street,,Orange,MA,1364,88-0766460,MPN282184,4/27/2022 07:19:35 PM,4/5/2022 06:47:02 AM,6/20/2022 10:31:30 AM,False,no,,,,,,,,,Not a DBE,,,,3/10/2022 03:11:36 PM,5/6/2022 10:10:53 AM,6/14/2022 12:21:33 PM,6/8/2023 04:00:00 AM,10/18/2024 04:00:00 AM,,10000.0,1364.0,Orange,Franklin,42.587072,-72.573941,Western MA,70 West River Street,,MA,42.589389,-72.312758,70.0,W River St,,,Orange,MA,Franklin County,1364.0,"Greenway Cultivation, LLC",MA,MACCC,Massachusetts Cannabis Control Commission,,,,,
07/01/2024,APPROVED,Marijuana Retailer,General Applicant,General Applicant,General Applicant,COMMENCE OPS,11/27/2020,COMPLETE,MR281800,Native Sun Wellness INC,Hudson,1749.0,,,67 Kemble St,,Boston,MA,2119,POINT (-71.275566 42.459085),POINT (-71.591345 42.3965049),67 Kemble St,,Boston,MA,2119,82-2598834,MRN281800,11/14/2018 03:30:31 PM,11/7/2018 12:00:00 AM,5/15/2019 10:58:18 AM,False,,,,,,,,,,Not a DBE,,,11/19/2020 03:00:00 AM,8/14/2018 10:41:40 AM,11/28/2018 12:00:00 AM,4/4/2019 04:37:20 PM,3/7/2024 03:00:00 AM,5/16/2025 04:00:00 AM,,5000.0,1749.0,Hudson,Middlesex,42.459085,-71.275566,Central MA,37 Coolidge St.,,MA,42.396505,-71.591345,37.0,Coolidge St,,,Hudson,MA,Middlesex County,1749.0,Native Sun Wellness INC,MA,MACCC,Massachusetts Cannabis Control Commission,,,,,
07/01/2024,APPROVED,Marijuana Courier Pre-Certification,Expedited Review - Social Equity Participant,Expedited,Social Equity Participant,PROVISIONAL LICENSE,,COMPLETE,PDO103026,"BLAZR, INC",,,,,1 Dunford Street,,Boston,MA,2119,,,1 Dunford Street,,Boston,MA,2119,00-1439324,PDOA103026,9/14/2020 09:01:02 AM,8/14/2020 11:37:06 AM,,False,,SE304937,SE304937,,,,,,,Minority-Owned Business,,,,5/28/2020 06:29:19 PM,9/18/2020 08:01:10 AM,9/21/2020 01:12:10 PM,9/21/2020 04:00:00 AM,9/21/2022 04:00:00 AM,,0.0,,,,,,,,,MA,,,,,,,,,,,"BLAZR, INC",MA,MACCC,Massachusetts Cannabis Control Commission,,,,,
07/01/2024,APPROVED,Marijuana Retailer,General Applicant,General Applicant,General Applicant,COMMENCE OPS,4/12/2021,COMPLETE,MR282685,CCC Wellfleet NV LLC,Wellfleet,2667.0,,,1446 State Highway Route 6,,Wellfleet,MA,2667,POINT (-70.301811 41.698999),POINT (-69.990324 41.9166230),1446 State Highway Route 6,PO Box 1136,South Wellfleet,MA,2663,83-3535825,MRN282685,5/11/2020 02:52:16 PM,2/4/2020 12:00:00 AM,8/13/2020 10:18:02 AM,False,,,,,,,,,,Not a DBE,,,3/11/2021 03:00:00 AM,5/6/2019 12:21:05 PM,5/21/2020 02:57:56 PM,8/6/2020 01:51:02 PM,7/13/2023 04:00:00 AM,8/13/2024 04:00:00 AM,,10000.0,2667.0,Wellfleet,Barnstable,41.698999,-70.301811,Southeast and Cape,1446 State Highway Route 6,,MA,41.916623,-69.990324,1446.0,US-6,,,Wellfleet,MA,Barnstable County,2667.0,CCC Wellfleet NV LLC,MA,MACCC,Massachusetts Cannabis Control Commission,,,,,
07/01/2024,APPROVED,Marijuana Product Manufacturer,General Applicant,General Applicant,General Applicant,PROVISIONAL LICENSE,,COMPLETE,MP281679,"HumboldtEast, LLC",Georgetown,1833.0,,,2 Norino Way,,Georgetown,MA,1833,POINT (-70.970827 42.635475),POINT (-70.955948 42.7181470),395B Ipswich Rd,,Boxford,MA,1921,83-2992256,MPN281679,4/17/2020 06:02:22 PM,1/23/2020 12:00:00 AM,,False,,,,,,,,,,Not a DBE,,,,5/25/2019 12:56:32 PM,5/21/2020 02:26:00 PM,8/6/2020 02:04:23 PM,8/10/2023 04:00:00 AM,8/18/2024 04:00:00 AM,,10000.0,1833.0,Georgetown,Essex,42.635475,-70.970827,Northeast,2 Norino Way,,MA,42.718147,-70.955948,2.0,Norino Way,,,Georgetown,MA,Essex County,1833.0,"HumboldtEast, LLC",MA,MACCC,Massachusetts Cannabis Control Commission,,,,,
07/01/2024,APPROVED,Marijuana Delivery Operator Pre-Certification,Priority Review - Economic Empowerment Priority,Priority,Economic Empowerment Priority,PROVISIONAL LICENSE,,COMPLETE,PMD5847,"UPA, Inc.",,,,,2 Powder Mil Rd,,Maynard,MA,1754,,,226 South Main Street,Suite 6,Fall River,MA,2721,87-2083422,PMDA5847,9/9/2021 03:22:53 PM,8/6/2021 12:04:13 PM,,False,,EE202088,,,,,,,,Minority-Owned Business | Woman-Owned Business,,,,6/1/2021 02:57:52 PM,9/20/2021 07:38:37 AM,9/21/2021 07:38:49 AM,9/21/2021 04:00:00 AM,9/21/2023 04:00:00 AM,,0.0,,,,,,,,,MA,,,,,,,,,,,"UPA, Inc.",MA,MACCC,Massachusetts Cannabis Control Commission,,,,,
07/01/2024,APPROVED,Marijuana Retailer,General Applicant,General Applicant,General Applicant,COMMENCE OPS,2/27/2020,COMPLETE,MR281402,Slang LLC,Pittsfield,1201.0,,,2 Larch St,,Pittsfield,MA,1201,POINT (-73.209889 42.396128),POINT (-73.209958 42.4586880),392 Merrill Rd.,,Pittsfield,MA,1201,83-0662212,MRN281402,1/18/2019 12:09:01 PM,12/17/2018 12:00:00 AM,3/12/2019 01:24:52 PM,False,,,,,,,,,,Not a DBE,,,11/7/2019 03:00:00 AM,5/8/2018 10:54:16 AM,2/7/2019 12:00:00 AM,3/7/2019 04:10:01 PM,2/8/2024 03:00:00 AM,3/12/2025 04:00:00 AM,,5000.0,1201.0,Pittsfield,Berkshire,42.396128,-73.209889,Western MA,2 Larch St,,MA,42.458688,-73.209959,2.0,Larch St,,,Pittsfield,MA,Berkshire County,1201.0,Slang LLC,MA,MACCC,Massachusetts Cannabis Control Commission,,,,,
07/01/2024,APPROVED,Marijuana Product Manufacturer,Expedited Review - DBE Status,Expedited,DBE Status,PROVISIONAL CONSIDERATION,,PAYMENT_PENDING,MP282161,Green Origin Farm LLC,Petersham,1366.0,,,93 Glasheen Rd.,,Petersham,MA,1366,POINT (-71.840209 42.329642),POINT (-72.133543 42.4990829),93 Glasheen Rd,,Petersham,MA,1366,87-2022896,MPN282161,6/7/2022 07:53:24 AM,3/23/2022 10:05:49 AM,,False,no,,,,,,,,,Woman-Owned Business,,,,12/22/2021 09:10:30 PM,6/10/2022 09:53:21 AM,9/16/2022 01:56:11 PM,,,,0.0,1366.0,Petersham,Worcester,42.329642,-71.840209,Western MA,93 Glasheen Rd,,MA,42.499083,-72.133543,93.0,Glasheen Rd,,,Petersham,MA,Worcester County,1366.0,Green Origin Farm LLC,MA,MACCC,Massachusetts Cannabis Control Commission,,,,,
07/01/2024,APPROVED,Marijuana Retailer,Expedited Review - DBE Status,Expedited,DBE Status,PROVISIONAL CONSIDERATION,,PAYMENT_PENDING,MR284138,First City Provisions Inc.,Holyoke,1040.0,,,89 South Street,,Holyoke,MA,1040,POINT (-72.571312 42.12756),POINT (-72.614996 42.1944159),64 Thompson Street,,Springfield,MA,1109,86-2366706,MRN284138,5/11/2022 01:26:04 PM,3/28/2022 12:14:50 PM,,False,no,,,,,,,,,Minority-Owned Business,,,,3/5/2021 01:27:21 PM,5/20/2022 10:19:20 AM,8/11/2022 11:48:57 AM,,,,0.0,1040.0,Holyoke,Hampden,42.12756,-72.571312,Western MA,89 South St.,,MA,42.194416,-72.614996,89.0,South St,,,Holyoke,MA,Hampden County,1040.0,First City Provisions Inc.,MA,MACCC,Massachusetts Cannabis Control Commission,,,,,
07/01/2024,APPROVED,Marijuana Cultivator,General Applicant,General Applicant,General Applicant,PROVISIONAL CONSIDERATION,,PAYMENT_PENDING,MC283253,"Coastal Infusions, LLC",Salisbury,1952.0,,,10 Fanaras Dr,,Salisbury,MA,1952,POINT (-70.970827 42.635475),POINT (-70.887666 42.8568429),"24R Pleasant St, Unit 2",,Newburyport,MA,1950,85-3618466,MCN283253,12/24/2020 10:42:41 AM,12/24/2020 09:29:58 AM,,False,no,,,,,,,,,Not a DBE,Indoor,"Tier 03: 10,001 to 20,000 sq. ft",,12/21/2020 09:35:39 AM,1/8/2021 02:55:07 PM,2/11/2021 01:18:16 PM,,,,0.0,1952.0,Salisbury,Essex,42.635475,-70.970827,Northeast,10 Fanaras Drive,,MA,42.856843,-70.887667,10.0,Fanaras Dr,,,Salisbury,MA,Essex County,1952.0,"Coastal Infusions, LLC",MA,MACCC,Massachusetts Cannabis Control Commission,,,,,
07/01/2024,APPROVED,Marijuana Product Manufacturer,Priority Review - MTC Priority,Priority,MTC Priority,COMMENCE OPS,1/15/2020,COMPLETE,MP281346,"M3 Ventures, Inc.",Plymouth,2360.0,,,9 Collins Avenue,,Plymouth,MA,2360,POINT (-70.818958 41.978877),POINT (-70.691278 41.9603869),9 Collins Avenue,,Plymouth,MA,2360,35-2472435,MPN281346,7/11/2018 03:26:49 PM,5/30/2018 12:00:00 AM,8/15/2018 12:32:58 PM,True,,,,,,,APPROVED,RP201874,RPA201874,Not a DBE,,,9/13/2019 04:00:00 AM,5/16/2018 12:46:57 PM,7/13/2018 12:00:00 AM,8/9/2018 04:33:47 PM,11/9/2023 03:00:00 AM,11/21/2024 03:00:00 AM,,5000.0,2360.0,Plymouth,Plymouth,41.978877,-70.818958,Southeast and Cape,9 Collins Avenue,,MA,41.960387,-70.691279,9.0,Collins Ave,,,Plymouth,MA,Plymouth County,2360.0,"M3 Ventures, Inc.",MA,MACCC,Massachusetts Cannabis Control Commission,,,,,
07/01/2024,APPROVED,Marijuana Courier,Priority Review - Economic Empowerment Priority,Priority,Economic Empowerment Priority,COMMENCE OPS,9/13/2022,COMPLETE,DO100137,Healing Calyx LLC,Holyoke,1040.0,,,380 Dwight Street,Suite 5,Holyoke,MA,1040,POINT (-72.571312 42.12756),,40 Rhodes Circle,,Hingham,MA,2043,82-3974166,DOA100137,11/4/2021 01:31:46 PM,9/30/2021 09:22:59 AM,,False,,EE201902,,,,,,,,Not a DBE,,,6/9/2022 04:00:00 AM,4/9/2021 02:22:18 PM,11/5/2021 10:56:01 AM,1/20/2022 03:37:53 PM,4/14/2023 04:00:00 AM,4/14/2024 04:00:00 AM,,0.0,1040.0,Holyoke,Hampden,42.12756,-72.571312,Western MA,,,MA,,,,,,,,,,,Healing Calyx LLC,MA,MACCC,Massachusetts Cannabis Control Commission,,,,,
07/01/2024,APPROVED,Marijuana Delivery Operator,Expedited Review - Social Equity Participant,Expedited,Social Equity Participant,COMMENCE OPS,4/14/2022,COMPLETE,MD1270,TSC Delivery LLC,Hudson,1749.0,,,25 Harriman Rd,,Hudson,MA,1749,POINT (-71.275566 42.459085),,25 Harriman Rd,,Hudson,MA,1749,85-1899227,MDA1270,9/28/2021 12:57:20 PM,9/2/2021 10:34:45 AM,,False,,SE303732,SE303732,,,,,,,Not a DBE,,,3/10/2022 03:00:00 AM,7/28/2021 10:25:14 AM,10/5/2021 02:57:24 PM,11/18/2021 02:36:21 PM,12/14/2023 03:00:00 AM,12/18/2024 03:00:00 AM,,0.0,1749.0,Hudson,Middlesex,42.459085,-71.275566,Central MA,,,MA,,,,,,,,,,,TSC Delivery LLC,MA,MACCC,Massachusetts Cannabis Control Commission,,,,,
07/01/2024,APPROVED,Marijuana Product Manufacturer,Expedited Review - DBE Status,Expedited,DBE Status,PROVISIONAL LICENSE,,COMPLETE,MP282192,"Good Feels, Inc.",Holliston,1746.0,,,23 Jayar Rd,Suite 6,Medway,MA,2053,POINT (-71.275566 42.459085),POINT (-71.411073 42.2123459),23 Jayar Rd,Suite 6,Medway,MA,2053,85-2648667,MPN282192,1/5/2023 10:05:34 AM,8/17/2022 01:25:02 PM,4/8/2023 07:33:52 PM,False,no,,,,,,,,,Minority-Owned Business,,,,4/4/2022 12:42:15 PM,2/3/2023 09:07:16 AM,3/9/2023 12:39:11 PM,4/8/2023 04:00:00 AM,8/8/2024 04:00:00 AM,,5000.0,1746.0,Holliston,Middlesex,42.459085,-71.275566,Central MA,72 Jeffrey Ave,Suite B,MA,42.212346,-71.411073,72.0,Jeffrey Ave,,,Holliston,MA,Middlesex County,1746.0,"Good Feels, Inc.",MA,MACCC,Massachusetts Cannabis Control Commission,,,,,
07/01/2024,APPROVED,Marijuana Cultivator,General Applicant,General Applicant,General Applicant,COMMENCE OPS,11/18/2021,COMPLETE,MC281262,"LDE Holdings, LLC.",Wareham,2571.0,,,74 SNOWS POND ROAD,,ROCHESTER,MA,2770,POINT (-70.818958 41.978877),POINT (-70.737538 41.780293),74 SNOWS POND ROAD,,ROCHESTER,MA,2770,30-1147888,MCN281262,9/25/2018 04:37:41 PM,8/20/2018 12:00:00 AM,1/12/2019 10:15:49 AM,False,,,SE304850,,,,,,,Not a DBE,Indoor,"Tier 02: 5,001 to 10,000 sq. ft.",5/13/2021 04:00:00 AM,4/18/2018 10:14:50 AM,10/5/2018 12:00:00 AM,1/10/2019 01:49:29 PM,5/11/2023 04:00:00 AM,8/1/2024 04:00:00 AM,,2500.0,2571.0,Wareham,Plymouth,41.978877,-70.818958,Southeast and Cape,6 Thatcher Ln.,,MA,41.780293,-70.737538,6.0,Thatcher Ln,,,Wareham,MA,Plymouth County,2571.0,"LDE Holdings, LLC.",MA,MACCC,Massachusetts Cannabis Control Commission,,,,,
07/01/2024,APPROVED,Marijuana Courier Pre-Certification,Expedited Review - Social Equity Participant,Expedited,Social Equity Participant,PROVISIONAL LICENSE,,COMPLETE,PDO103628,TZ Delivery LLC,,,,,60 Damon Rd.,,Northampton,MA,1060,,,60 Damon Rd.,,Northampton,MA,1060,87-1189244,PDOA103628,1/19/2023 03:09:10 PM,1/4/2023 08:30:04 AM,,False,,SE305335,SE305335,,,,,,,Not a DBE,,,,12/16/2022 12:38:36 PM,1/27/2023 10:17:02 AM,10/4/2023 10:34:08 AM,10/4/2023 04:00:00 AM,10/4/2025 04:00:00 AM,,0.0,,,,,,,,,MA,,,,,,,,,,,TZ Delivery LLC,MA,MACCC,Massachusetts Cannabis Control Commission,,,,,
07/01/2024,APPROVED,Marijuana Cultivator,Expedited Review - License Type,Expedited,License Type,COMMENCE OPS,1/14/2021,COMPLETE,MC281406,Wiseacre Farm Inc.,West Stockbridge,1266.0,,,276 Great Barrington Road,,West Stockbridge,MA,1266,POINT (-73.209889 42.396128),POINT (-73.390465 42.3386950),P.O. Box 808,,Housatonic,MA,1236,83-3340878,MCN281406,1/3/2020 12:19:32 PM,10/3/2019 12:00:00 AM,1/16/2020 05:00:35 PM,False,,,,,,,,,,Not a DBE,Outdoor,"Tier 01: up to 5,000 square feet",6/4/2020 04:00:00 AM,5/8/2018 05:59:32 AM,11/1/2019 12:00:00 AM,1/16/2020 03:47:10 PM,2/8/2024 03:00:00 AM,2/12/2025 03:00:00 AM,,17712.0,1266.0,West Stockbridge,Berkshire,42.396128,-73.209889,Western MA,42 Baker Street,,MA,42.338695,-73.390465,42.0,Baker St,,,West Stockbridge,MA,Berkshire County,1266.0,Wiseacre Farm Inc.,MA,MACCC,Massachusetts Cannabis Control Commission,,,,,
07/01/2024,APPROVED,Marijuana Microbusiness,Expedited Review - License Type,Expedited,License Type,COMMENCE OPS,12/22/2021,COMPLETE,MB281355,"Hidden Hemlock, LLC",Middleborough,2346.0,,,167 Stoney Cover Road,,Cummaquid,MA,2637,POINT (-70.818958 41.978877),POINT (-70.959608 41.903112),155 Federal Street,Suite 700,Boston,MA,2110,82-4464786,MBN281355,5/12/2020 05:15:52 PM,9/27/2019 12:00:00 AM,,False,,,,,,,,,,Not a DBE,,,10/14/2021 04:00:00 AM,5/1/2018 06:36:33 AM,3/27/2020 12:00:00 AM,6/19/2020 10:12:19 AM,8/10/2023 04:00:00 AM,8/14/2024 04:00:00 AM,,5625.0,2346.0,Middleboro,Plymouth,41.978877,-70.818958,,109 Apremont Way,Unit 9,MA,41.903112,-70.959608,,US-44,,,Middleboro,MA,Plymouth County,2346.0,"Hidden Hemlock, LLC",MA,MACCC,Massachusetts Cannabis Control Commission,,,,,
07/01/2024,APPROVED,Marijuana Courier Pre-Certification,Priority Review - Economic Empowerment Priority,Priority,Economic Empowerment Priority,PROVISIONAL LICENSE,,COMPLETE,PDO103066,"KG Collective Delivery, LLC",,,,,1536 Tremont Street,,Boston,MA,2120,,,1536 Tremont Street,,Boston,MA,2120,85-1313888,PDOA103066,8/14/2020 05:58:14 PM,8/13/2020 02:42:33 PM,,True,,EE201965,,APPROVED,EE201965,,,,,Not a DBE,,,,5/29/2020 03:56:46 PM,,8/20/2020 03:45:30 PM,8/20/2020 04:00:00 AM,8/20/2022 04:00:00 AM,,0.0,,,,,,,,,MA,,,,,,,,,,,"KG Collective Delivery, LLC",MA,MACCC,Massachusetts Cannabis Control Commission,,,,,
07/01/2024,APPROVED,Marijuana Retailer,Priority Review - MTC Priority,Priority,MTC Priority,COMMENCE OPS,6/16/2023,COMPLETE,MR282481,"The Haven Center, Inc.",Brewster,2631.0,,,245 Route 6A,,Orleans,MA,2653,POINT (-70.301811 41.698999),POINT (-70.011501 41.775658),PO Box 2036,,Orleans,MA,2653,47-4353074,MRN282481,5/7/2019 11:52:06 AM,3/26/2019 12:00:00 AM,7/24/2019 12:25:15 PM,True,,,,,,,APPROVED,RP201922,RP201922,Not a DBE,,,5/11/2023 04:00:00 AM,3/11/2019 11:20:31 AM,3/26/2019 12:00:00 AM,6/27/2019 04:28:18 PM,11/9/2023 03:00:00 AM,11/13/2024 03:00:00 AM,,5000.0,2631.0,Brewster,Barnstable,41.698999,-70.301811,Southeast and Cape,4018 Main Street,,MA,41.775658,-70.011502,4018.0,Main St,,,Brewster,MA,Barnstable County,2631.0,"The Haven Center, Inc.",MA,MACCC,Massachusetts Cannabis Control Commission,,,,,
07/01/2024,APPROVED,Marijuana Retailer,General Applicant,General Applicant,General Applicant,COMMENCE OPS,11/4/2020,COMPLETE,MR282667,"Holistic Industries, Inc.",Springfield,1119.0,,,1300 Boston Road,,Springfield,MA,1119,POINT (-72.571312 42.12756),POINT (-72.500647 42.1413620),24 School Street,C/O William Cass,Boston,MA,2108,47-5374980,MRN282667,4/22/2020 02:31:04 PM,2/26/2020 12:00:00 AM,,True,,,,,,,APPROVED,RP201840,RP201840,Not a DBE,,,10/8/2020 04:00:00 AM,5/1/2019 09:51:10 AM,4/7/2020 12:00:00 AM,7/9/2020 02:59:52 PM,6/8/2023 04:00:00 AM,7/15/2024 04:00:00 AM,,10000.0,1119.0,Springfield,Hampden,42.12756,-72.571312,Western MA,1300 Boston Road,,MA,42.141362,-72.500648,1300.0,Boston Rd,,,Springfield,MA,Hampden County,1119.0,"Holistic Industries, Inc.",MA,MACCC,Massachusetts Cannabis Control Commission,,,,,
07/01/2024,APPROVED,Marijuana Delivery Operator Pre-Certification,Priority Review - Economic Empowerment Priority,Priority,Economic Empowerment Priority,PROVISIONAL LICENSE,,COMPLETE,PMD5939,We Canna LLC.,,,,,1428 Dorchester Avenue,,Dorchester,MA,2122,,,1428 Dorchester Avenue,,Dorchester,MA,2122,86-2177009,PMDA5939,10/25/2021 11:25:55 AM,10/27/2021 09:49:54 AM,,True,,EE202158,,APPROVED,EE202158,,,,,Not a DBE,,,,9/28/2021 04:42:23 PM,11/3/2021 11:05:55 AM,12/14/2021 11:10:57 AM,12/14/2021 03:00:00 AM,12/14/2023 03:00:00 AM,,0.0,,,,,,,,,MA,,,,,,,,,,,We Canna LLC.,MA,MACCC,Massachusetts Cannabis Control Commission,,,,,
07/01/2024,APPROVED,Marijuana Retailer,Priority Review - MTC Priority,Priority,MTC Priority,COMMENCE OPS,8/9/2022,COMPLETE,MR284429,"Apothca, Inc.",Boston,2130.0,,,99 Development Rd,,Fitchburg,MA,1420,POINT (-71.073493 42.334948),POINT (-71.114123 42.298724),99 Development Rd,,Fitchburg,MA,1420,81-4591516,MRN284429,3/21/2022 11:44:27 AM,1/18/2022 02:27:42 PM,4/7/2022 01:37:27 PM,True,no,,,,,,APPROVED,RP201880,RP201880,Not a DBE,,,7/14/2022 04:00:00 AM,9/27/2021 12:02:49 PM,2/7/2022 02:58:42 PM,4/7/2022 12:43:44 PM,2/8/2024 03:00:00 AM,4/7/2025 04:00:00 AM,,10000.0,2130.0,Jamaica Plain,Suffolk,42.334948,-71.073493,,54a Hyde Park Ave,,MA,42.298724,-71.114123,54.0,Hyde Park Ave,,,Jamaica Plain,MA,Suffolk County,2130.0,"Apothca, Inc.",MA,MACCC,Massachusetts Cannabis Control Commission,,,,,
07/01/2024,APPROVED,Marijuana Product Manufacturer,Priority Review - Economic Empowerment Priority,Priority,Economic Empowerment Priority,COMMENCE OPS,12/23/2022,COMPLETE,MP281917,I & I Rose Garden LLC,Boston,2131.0,,,22 Birch Street,,Roslindale,MA,2131,POINT (-71.073493 42.334948),POINT (-71.130041 42.286707),182 Poplar Street,,Roslindale,MA,2131,85-1790679,MPN281917,10/5/2021 01:47:37 PM,9/9/2021 09:59:31 AM,,True,yes,EE201827,,APPROVED,EE201827,EE201827,,,,Minority-Owned Business | Woman-Owned Business,,,10/13/2022 04:00:00 AM,7/16/2020 03:49:34 PM,10/15/2021 07:42:36 AM,11/18/2021 02:42:20 PM,11/10/2022 03:00:00 AM,4/5/2024 04:00:00 AM,,5000.0,2131.0,Roslindale,Suffolk,42.334948,-71.073493,,22 Birch Street,,MA,42.286707,-71.130041,22.0,Birch St,,,Roslindale,MA,Suffolk County,2131.0,I & I Rose Garden LLC,MA,MACCC,Massachusetts Cannabis Control Commission,,,,,
07/01/2024,APPROVED,Marijuana Cultivator,General Applicant,General Applicant,General Applicant,PROVISIONAL LICENSE,,COMPLETE,MC283400,Baked Beans Farm LLC,Beverly,1915.0,,,150 Sam Fonzo Drive,,Beverly,MA,1915,POINT (-70.970827 42.635475),POINT (-70.906015 42.5819540),865 E 1st Street,,South Boston,MA,2127,85-1443035,MCN283400,2/10/2022 01:01:30 PM,12/16/2021 01:25:13 PM,6/16/2022 09:06:46 AM,False,no,,,,,,,,,Not a DBE,Indoor,"Tier 02: 5,001 to 10,000 sq. ft.",,3/2/2021 08:24:36 AM,2/11/2022 09:31:32 AM,4/7/2022 12:45:02 PM,6/16/2022 04:00:00 AM,6/16/2023 04:00:00 AM,,2500.0,1915.0,Beverly,Essex,42.635475,-70.970827,Northeast,150 Sam Fonzo Drive,,MA,42.581954,-70.906016,150.0,Sam Fonzo Dr,,,Beverly,MA,Essex County,1915.0,Baked Beans Farm LLC,MA,MACCC,Massachusetts Cannabis Control Commission,,,,,
07/01/2024,APPROVED,Marijuana Retailer,General Applicant,General Applicant,General Applicant,PROVISIONAL LICENSE,,COMPLETE,MR281745,"Green Railroad Group, Inc.",Great Barrington,1230.0,,,68 Main Street,2,Lenox,MA,1240,POINT (-73.209889 42.396128),POINT (-73.363052 42.1957159),68 Main Street,2,Lenox,MA,1240,83-2175129,MRN281745,9/20/2019 04:16:35 PM,5/20/2019 12:00:00 AM,2/4/2020 04:14:53 PM,False,,,,,,,,,,Not a DBE,,,,7/25/2018 06:03:01 PM,11/1/2019 12:00:00 AM,1/16/2020 03:35:26 PM,6/8/2023 04:00:00 AM,6/8/2024 04:00:00 AM,,10000.0,1230.0,Great Barrington,Berkshire,42.396128,-73.209889,Western MA,82 Railroad Street,,MA,42.195716,-73.363053,82.0,Railroad St,,,Great Barrington,MA,Berkshire County,1230.0,"Green Railroad Group, Inc.",MA,MACCC,Massachusetts Cannabis Control Commission,,,,,
07/01/2024,APPROVED,Marijuana Cultivator,General Applicant,General Applicant,General Applicant,PROVISIONAL CONSIDERATION,,PAYMENT_PENDING,MC283584,Victoria Frost LLC,Holyoke,1040.0,,,679-689 Main St.,,Holyoke,MA,1040,POINT (-72.571312 42.12756),POINT (-72.615111 42.1927060),263 Westerly Circle,,Ludlow,MA,1056,85-4037468,MCN283584,12/21/2021 10:57:29 AM,10/28/2021 01:51:28 PM,,False,no,,,,,,,,,Minority-Owned Business,Indoor,"Tier 02: 5,001 to 10,000 sq. ft.",,8/30/2021 04:02:16 PM,12/23/2021 02:51:48 PM,3/10/2022 01:49:04 PM,,,,0.0,1040.0,Holyoke,Hampden,42.12756,-72.571312,Western MA,679-689 Main St.,,MA,42.192706,-72.615112,689.0,Main St,,,Holyoke,MA,Hampden County,1040.0,Victoria Frost LLC,MA,MACCC,Massachusetts Cannabis Control Commission,,,,,
07/01/2024,APPROVED,Marijuana Product Manufacturer,General Applicant,General Applicant,General Applicant,PROVISIONAL LICENSE,,COMPLETE,MP281531,"AmeriCann Brands, Inc.",Freetown,2702.0,,,1550 Wewatta Street,2nd Floor,Denver,CO,80202,POINT (-71.102131 41.778329),POINT (-71.078704 41.7796650),1550 Wewatta Street,2nd Floor,Denver,CO,80202,83-2442337,MPN281531,8/8/2020 12:14:24 PM,5/18/2020 09:54:48 AM,1/12/2021 02:39:32 PM,False,,,,,,,,,,Not a DBE,,,,11/8/2018 12:42:39 PM,8/14/2020 07:26:10 AM,11/19/2020 04:12:55 PM,1/11/2024 03:00:00 AM,1/21/2025 03:00:00 AM,,10000.0,2702.0,Assonet,Bristol,41.778329,-71.102131,,7 Campanelli Drive,,MA,41.779665,-71.078704,11.0,Campanelli Dr,,,Assonet,MA,Bristol County,2702.0,"AmeriCann Brands, Inc.",MA,MACCC,Massachusetts Cannabis Control Commission,,,,,
07/01/2024,APPROVED,Marijuana Retailer,Priority Review - Economic Empowerment Priority,Priority,Economic Empowerment Priority,PROVISIONAL LICENSE,,COMPLETE,MR284855,"GreenSoul Organics, Inc.",Cambridge,2139.0,,,251 Little Falls Drive,,Wilmington,DE,2130,POINT (-71.275566 42.459085),POINT (-71.105350 42.3665700),24 Sigourney Street,Unit 2,Jamaica Plain,MA,2130,87-3993992,MRN284855,3/2/2023 05:37:01 PM,1/31/2023 10:58:15 AM,,True,yes,EE202243,,,,EEA202243,,,,Not a DBE,,,,1/17/2023 10:56:54 AM,3/3/2023 09:17:15 AM,6/8/2023 11:26:08 AM,5/16/2024 04:00:00 AM,5/16/2025 04:00:00 AM,,5000.0,2139.0,Cambridge,Middlesex,42.459085,-71.275566,Metro Boston,759 Massachusetts Avenue,,MA,42.36657,-71.105351,759.0,Massachusetts Ave,,,Cambridge,MA,Middlesex County,2139.0,"GreenSoul Organics, Inc.",MA,MACCC,Massachusetts Cannabis Control Commission,,,,,
07/01/2024,APPROVED,Marijuana Courier Pre-Certification,Expedited Review - Social Equity Participant,Expedited,Social Equity Participant,PROVISIONAL LICENSE,,COMPLETE,PDO103118,GreenGrab Inc.,,,,,172 birchland ave,,spingfield,MA,1119,,,172 birchland ave,,spingfield,MA,1119,84-2641313,PDOA103118,8/23/2020 11:12:13 PM,8/7/2020 11:25:31 AM,,False,,SE304954,SE304954,,,,,,,Not a DBE,,,,6/7/2020 04:38:51 PM,8/27/2020 10:16:44 AM,8/28/2020 11:31:19 AM,8/28/2020 04:00:00 AM,8/28/2022 04:00:00 AM,,0.0,,,,,,,,,MA,,,,,,,,,,,GreenGrab Inc.,MA,MACCC,Massachusetts Cannabis Control Commission,,,,,
07/01/2024,APPROVED,Marijuana Cultivator,Expedited Review - DBE Status,Expedited,DBE Status,PROVISIONAL LICENSE,,COMPLETE,MC282313,True East Leaf LLC,Pittsfield,1201.0,,,161 Seymour Street,,Pittsfield,MA,1201,POINT (-73.209889 42.396128),POINT (-73.251278 42.4611230),12 Vivian Avenue,,Pittsfield,MA,1201,83-4481897,MCN282313,6/3/2021 10:40:23 AM,5/17/2021 09:01:11 AM,8/12/2021 02:42:27 PM,False,no,,SE306477,,,,,,,Woman-Owned Business,Indoor,"Tier 01: up to 5,000 square feet",,8/2/2019 09:29:29 PM,7/2/2021 10:44:57 AM,8/12/2021 02:29:14 PM,7/13/2023 04:00:00 AM,8/12/2024 04:00:00 AM,,1250.0,1201.0,Pittsfield,Berkshire,42.396128,-73.209889,Western MA,161 Seymour Street,,MA,42.461123,-73.251279,161.0,Seymour St,,,Pittsfield,MA,Berkshire County,1201.0,True East Leaf LLC,MA,MACCC,Massachusetts Cannabis Control Commission,,,,,
07/01/2024,APPROVED,Marijuana Courier,Priority Review - Economic Empowerment Priority,Priority,Economic Empowerment Priority,PROVISIONAL LICENSE,,COMPLETE,DO100170,Pure Oasis LLC,Boston,2121.0,,,430 Blue Hill Ave,,Boston,MA,2121,POINT (-71.073493 42.334948),,398 Columbus Ave,Suite 148,Boston,MA,2116,82-5029450,DOA100170,11/23/2022 10:07:15 AM,7/21/2022 01:31:51 PM,,True,,EE201868,,APPROVED,EE201868,,,,,Not a DBE,,,,5/26/2022 03:43:52 PM,12/2/2022 12:39:34 PM,1/12/2023 01:36:12 PM,1/12/2023 03:00:00 AM,1/12/2024 03:00:00 AM,,0.0,2121.0,Boston,Suffolk,42.334948,-71.073493,Metro Boston,,,MA,,,,,,,,,,,Pure Oasis LLC,MA,MACCC,Massachusetts Cannabis Control Commission,,,,,
07/01/2024,APPROVED,Marijuana Delivery Operator Pre-Certification,Expedited Review - Social Equity Participant,Expedited,Social Equity Participant,PROVISIONAL LICENSE,,COMPLETE,PMD5913,"New Growth, LLC",,,,,111 South Main Street,,Randolph,MA,2368,,,111 South Main Street,,Randolph,MA,2368,85-2488311,PMDA5913,12/14/2023 01:29:30 PM,10/24/2023 03:10:52 PM,,False,,SE303700,SE303700,,,,,,,Not a DBE,,,,8/24/2021 09:19:45 PM,1/16/2024 08:56:15 AM,1/18/2024 08:59:20 AM,1/18/2024 03:00:00 AM,1/18/2026 03:00:00 AM,,0.0,,,,,,,,,MA,,,,,,,,,,,"New Growth, LLC",MA,MACCC,Massachusetts Cannabis Control Commission,,,,,
07/01/2024,APPROVED,Marijuana Product Manufacturer,Priority Review - MTC Priority,Priority,MTC Priority,COMMENCE OPS,4/19/2019,COMPLETE,MP281381,"Garden Remedies, Inc.",Fitchburg,1420.0,,,307 Airport Road,,Fitchburg,MA,1420,POINT (-71.840209 42.329642),POINT (-71.769569 42.561681),307 Airport Road,,Fitchburg,MA,1420,46-3326321,MPN281381,11/2/2018 02:53:21 PM,10/1/2018 12:00:00 AM,12/17/2018 04:32:42 PM,True,,,,,,,APPROVED,RP201820,RPA201820,Not a DBE,,,3/7/2019 03:00:00 AM,6/5/2018 11:51:35 AM,11/23/2018 12:00:00 AM,12/14/2018 11:55:50 AM,1/12/2023 03:00:00 AM,1/22/2024 03:00:00 AM,,5000.0,1420.0,Fitchburg,Worcester,42.329642,-71.840209,Central MA,307 Airport Road,,MA,42.561681,-71.769569,307.0,Airport Rd,,,Fitchburg,MA,Worcester County,1420.0,"Garden Remedies, Inc.",MA,MACCC,Massachusetts Cannabis Control Commission,,,,,
07/01/2024,APPROVED,Marijuana Retailer,Priority Review - MTC Priority,Priority,MTC Priority,COMMENCE OPS,6/29/2020,COMPLETE,MR282033,"Temescal Wellness of Massachusetts, LLC",Framingham,1701.0,,,665 Cochituate Road,Suite 1B,Worcester,MA,1701,POINT (-71.275566 42.459085),POINT (-71.385261 42.3071770),665 Cochituate Rd,Second Floor,Framingham,MA,1701,83-2756477,MRN282033,11/18/2019 11:15:50 AM,6/12/2019 12:00:00 AM,1/9/2020 08:22:03 PM,True,,,,,,,APPROVED,RP201850,RPA201850,Not a DBE,,,4/9/2020 04:00:00 AM,11/8/2018 09:33:34 AM,10/7/2019 12:00:00 AM,1/9/2020 11:30:15 AM,2/8/2024 03:00:00 AM,2/12/2025 03:00:00 AM,,10000.0,1701.0,Framingham,Middlesex,42.459085,-71.275566,Central MA,665 Cochituate Road,Suite 1B,MA,42.307177,-71.385262,665.0,Cochituate Rd,,,Framingham,MA,Middlesex County,1701.0,"Temescal Wellness of Massachusetts, LLC",MA,MACCC,Massachusetts Cannabis Control Commission,,,,,
07/01/2024,APPROVED,Marijuana Cultivator,Expedited Review - DBE Status,Expedited,DBE Status,PROVISIONAL LICENSE,,COMPLETE,MC282380,Green Ventures Corp,Ashburnham,1430.0,,,3 Young rd,,Ashburnham,MA,1430,POINT (-71.840209 42.329642),POINT (-71.952579 42.6844820),1215 Main st unit 15 #5,,Tewksbury,MA,1876,84-4544590,MCN282380,9/14/2022 02:02:19 PM,5/5/2022 08:43:45 AM,,False,no,,,,,,,,,Woman-Owned Business,Indoor,"Tier 01: up to 5,000 square feet",,9/7/2019 03:07:44 PM,10/7/2022 11:56:34 AM,12/8/2022 02:41:09 PM,3/9/2023 03:00:00 AM,3/9/2024 03:00:00 AM,,1250.0,1430.0,Ashburnham,Worcester,42.329642,-71.840209,Central MA,3 Young rd,,MA,42.684482,-71.95258,3.0,Young Rd,,,Ashburnham,MA,Worcester County,1430.0,Green Ventures Corp,MA,MACCC,Massachusetts Cannabis Control Commission,,,,,
07/01/2024,APPROVED,Marijuana Delivery Operator Pre-Certification,Expedited Review - Social Equity Participant,Expedited,Social Equity Participant,PROVISIONAL LICENSE,,COMPLETE,PMD5866,"Trevor Express, Inc.",,,,,211 Oak Street,,Natick,MA,1760,,,9 Bartlet Street,#322,Andover,MA,1810,88-2036288,PMDA5866,11/22/2022 05:40:21 PM,11/16/2022 03:32:15 PM,,False,,SE304844,SE304844,,,,,,,Not a DBE,,,,6/9/2021 10:16:52 PM,11/28/2022 03:53:37 PM,12/2/2022 03:54:06 PM,12/2/2022 03:00:00 AM,12/2/2024 03:00:00 AM,,0.0,,,,,,,,,MA,,,,,,,,,,,"Trevor Express, Inc.",MA,MACCC,Massachusetts Cannabis Control Commission,,,,,
07/01/2024,APPROVED,Marijuana Retailer,General Applicant,General Applicant,General Applicant,COMMENCE OPS,7/1/2021,COMPLETE,MR281804,Liberty Market,Lanesborough,1237.0,,,126 South Main Street,Suite 1 & 2,Lanesborough,MA,1237,POINT (-73.209889 42.396128),POINT (-73.228127 42.5188279),10 West Street,,Allenstown,NH,3275,83-1419000,MRN281804,8/1/2019 01:44:45 PM,3/22/2019 12:00:00 AM,10/26/2019 11:02:35 AM,False,,,,,,,,,,Not a DBE,,,4/16/2021 04:00:00 AM,8/15/2018 08:00:02 AM,8/1/2019 12:00:00 AM,10/10/2019 01:06:47 PM,9/14/2023 04:00:00 AM,10/29/2024 04:00:00 AM,,5000.0,1237.0,Lanesboro,Berkshire,42.396128,-73.209889,,35 N. Main Street,,MA,42.518828,-73.228128,35.0,N Main St,,,Hancock,MA,Berkshire County,1237.0,Liberty Market,MA,MACCC,Massachusetts Cannabis Control Commission,,,,,
07/01/2024,APPROVED,Marijuana Cultivator,Expedited Review - DBE Status,Expedited,DBE Status,PROVISIONAL CONSIDERATION,,PAYMENT_PENDING,MC283858,"Crafted Cannabis, LLC",Whitman,2382.0,,,356 South Ave.,,Whitman,MA,2382,POINT (-70.818958 41.978877),POINT (-70.925572 42.0832759),800 Hingham St.,,Rockland,MA,2370,92-3450399,MCN283858,1/11/2024 01:51:38 PM,10/18/2023 12:08:10 PM,,False,no,,,,,,,,,Woman-Owned Business,Indoor,"Tier 02: 5,001 to 10,000 sq. ft.",,4/7/2023 10:53:45 AM,2/16/2024 03:08:34 PM,4/11/2024 11:33:28 AM,,,,0.0,2382.0,Whitman,Plymouth,41.978877,-70.818958,Southeast and Cape,356 South Avenue,Units 9 and 10,MA,42.083276,-70.925572,356.0,South Ave,,,Whitman,MA,Plymouth County,2382.0,"Crafted Cannabis, LLC",MA,MACCC,Massachusetts Cannabis Control Commission,,,,,
07/01/2024,APPROVED,Marijuana Delivery Operator Pre-Certification,Expedited Review - DBE Status,Expedited,DBE Status,PROVISIONAL LICENSE,,COMPLETE,PMD6096,DÜBSKI LLC,,,,,161 Seymour Street,,Pittsfield,MA,1201,,,12 Vivian Avenue,,Pittsfield,MA,1201,99-1998044,PMDA6096,5/5/2024 06:44:59 PM,4/11/2024 03:36:15 PM,,False,,SE306477,SE306477,,,,,,,Woman-Owned Business,,,,2/9/2024 09:52:56 AM,5/10/2024 02:07:38 PM,5/14/2024 02:09:16 PM,5/14/2024 04:00:00 AM,5/14/2026 04:00:00 AM,,0.0,,,,,,,,,MA,,,,,,,,,,,DÜBSKI LLC,MA,MACCC,Massachusetts Cannabis Control Commission,,,,,
07/01/2024,APPROVED,Marijuana Product Manufacturer,General Applicant,General Applicant,General Applicant,PROVISIONAL LICENSE,,COMPLETE,MP281741,Royal Hemp LLC,Lanesborough,1224.0,,,660 Cheshire Rd.,,Lanesborough,MA,1224,POINT (-73.209889 42.396128),POINT (-73.201995 42.4928620),660 Cheshire Rd.,,Lanesborough,MA,1224,83-4641649,MPN281741,3/24/2020 03:02:40 PM,2/7/2020 12:00:00 AM,,False,,,,,,,,,,Not a DBE,,,,8/9/2019 01:00:13 PM,4/7/2020 12:00:00 AM,7/9/2020 03:37:06 PM,12/8/2022 03:00:00 AM,12/8/2023 03:00:00 AM,,10000.0,1224.0,Berkshire,Berkshire,42.396128,-73.209889,,660 Cheshire Road,,MA,42.492862,-73.201996,660.0,Cheshire Rd,,,Lanesborough,MA,Berkshire County,1237.0,Royal Hemp LLC,MA,MACCC,Massachusetts Cannabis Control Commission,,,,,
07/01/2024,APPROVED,Marijuana Product Manufacturer,Priority Review - Economic Empowerment Priority,Priority,Economic Empowerment Priority,COMMENCE OPS,9/1/2022,COMPLETE,MP281677,Community Growth Partners Northampton Operations LLC,Northampton,1060.0,,,20 Ladd Avenue,,Northampton,MA,1060,POINT (-72.62073 42.322256),POINT (-72.624916 42.3296040),470 Atlantic Avenue,4th Floor,Boston,MA,2210,83-4005322,MPN281677,10/25/2019 03:16:24 PM,6/5/2019 12:00:00 AM,12/21/2021 12:04:03 PM,True,,,,INCOMPLETE,EE202038,EE202207,,,,Not a DBE,,,6/9/2022 04:00:00 AM,5/24/2019 12:21:10 PM,9/13/2019 12:00:00 AM,11/7/2019 01:35:21 PM,12/8/2022 03:00:00 AM,7/10/2024 04:00:00 AM,,10000.0,1060.0,Northampton,Hampshire,42.322256,-72.62073,Western MA,20 Ladd Avenue,,MA,42.329604,-72.624917,20.0,Day Ave,,,Northampton,MA,Hampshire County,1060.0,Community Growth Partners Northampton Operations LLC,MA,MACCC,Massachusetts Cannabis Control Commission,,,,,
07/01/2024,APPROVED,Marijuana Delivery Operator,Priority Review - Economic Empowerment Priority,Priority,Economic Empowerment Priority,PROVISIONAL LICENSE,,COMPLETE,MD1259,Relevant Energy Concepts LLC,Holyoke,1040.0,,,1833 Roosevelt Avenue,,Springfield,MA,1109,POINT (-72.571312 42.12756),,1833 Roosevelt Avenue,,Springfield,MA,1109,85-2318289,MDA1259,1/14/2022 07:40:26 PM,11/22/2021 10:54:53 AM,,True,,EE202251,,APPROVED,EE202251,,,,,Not a DBE,,,,6/29/2021 05:02:35 PM,1/21/2022 07:24:46 AM,4/7/2022 12:51:30 PM,4/7/2022 04:00:00 AM,4/7/2023 04:00:00 AM,,0.0,1040.0,Holyoke,Hampden,42.12756,-72.571312,Western MA,,,MA,,,,,,,,,,,Relevant Energy Concepts LLC,MA,MACCC,Massachusetts Cannabis Control Commission,,,,,
07/01/2024,APPROVED,Marijuana Microbusiness,Expedited Review - License Type,Expedited,License Type,PROVISIONAL LICENSE,,COMPLETE,MB281350,Cloudfarming LLC,Boston,2128.0,,,50 Condor St,,East Boston,MA,2128,POINT (-71.073493 42.334948),POINT (-71.038126 42.3828329),77 Pond Street,,Marblehead,MA,1945,46-2413335,MBN281350,11/24/2023 12:10:04 PM,11/16/2022 11:27:27 AM,1/26/2024 12:02:49 PM,False,,,,,,,INCOMPLETE,RP201976,,Not a DBE,,,,4/29/2018 08:23:33 PM,11/27/2023 09:59:43 AM,1/11/2024 12:39:30 PM,1/26/2024 03:00:00 AM,1/26/2025 03:00:00 AM,,5625.0,2128.0,Boston,Suffolk,42.334948,-71.073493,Metro Boston,50 Condor Street,,MA,42.382833,-71.038126,50.0,Condor St,,,East Boston,MA,Suffolk County,2128.0,Cloudfarming LLC,MA,MACCC,Massachusetts Cannabis Control Commission,,,,,
07/01/2024,APPROVED,Marijuana Retailer,Expedited Review - DBE Status,Expedited,DBE Status,COMMENCE OPS,3/15/2024,COMPLETE,MR284256,"Community Growth Partners Boston, LLC",Boston,2118.0,,,591 Albany Street,,Boston,MA,2118,POINT (-71.073493 42.334948),POINT (-71.068331 42.3374889),783 S. Main Street,,Great Barrington,MA,1230,93-2342240,MRN284256,8/25/2023 04:51:55 PM,8/8/2023 09:57:15 AM,10/19/2023 08:19:05 AM,False,no,,,INCOMPLETE,EE202038,,,,,Woman-Owned Business,,,1/11/2024 03:00:00 AM,5/21/2021 11:07:38 AM,9/19/2023 07:08:48 PM,10/12/2023 12:48:56 PM,10/19/2023 04:00:00 AM,10/19/2024 04:00:00 AM,,10000.0,2118.0,Boston,Suffolk,42.334948,-71.073493,Metro Boston,591 Albany St,,MA,42.337489,-71.068331,591.0,Albany St,,,Boston,MA,Suffolk County,2118.0,"Community Growth Partners Boston, LLC",MA,MACCC,Massachusetts Cannabis Control Commission,,,,,
07/01/2024,APPROVED,Marijuana Cultivator,General Applicant,General Applicant,General Applicant,PROVISIONAL LICENSE,,COMPLETE,MC281455,"East Coast Organics, LLC",Leicester,1524.0,,,238 Shrewsbury Street,,Worcester,MA,1604,POINT (-71.840209 42.329642),POINT (-71.907159 42.2075280),238 Shrewsbury Street,,Worcester,MA,1604,82-5042980,MCN281455,9/26/2018 03:49:23 PM,8/6/2018 12:00:00 AM,11/2/2018 06:42:53 AM,False,,,,,,,,,,Not a DBE,Indoor,"Tier 11: 90,001 to 100,000 sq. ft",,5/18/2018 03:46:10 AM,9/6/2018 12:00:00 AM,10/18/2018 02:40:45 PM,10/13/2022 04:00:00 AM,11/20/2023 03:00:00 AM,,25000.0,1524.0,Leicester,Worcester,42.329642,-71.840209,Central MA,88 Huntoon Memorial Highway,,MA,42.207528,-71.907159,88.0,Huntoon Memorial Hwy,,,Rochdale,MA,Worcester County,1542.0,"East Coast Organics, LLC",MA,MACCC,Massachusetts Cannabis Control Commission,,,,,
07/01/2024,APPROVED,Marijuana Courier Pre-Certification,Expedited Review - Social Equity Participant,Expedited,Social Equity Participant,PROVISIONAL LICENSE,,COMPLETE,PDO103057,"Trade Winds, LLC.",,,,,74 Snows Pond Rd,,Wareham,MA,2571,,,74 Snows Pond Rd,,Rochester,MA,2770,85-1203811,PDOA103057,8/6/2020 01:37:44 PM,7/2/2020 11:19:10 AM,,False,,SE304850,SE304850,,,,,,,Not a DBE,,,,5/29/2020 06:50:29 AM,8/13/2020 03:19:35 PM,8/17/2020 12:37:57 PM,8/17/2020 04:00:00 AM,8/17/2022 04:00:00 AM,,0.0,,,,,,,,,MA,,,,,,,,,,,"Trade Winds, LLC.",MA,MACCC,Massachusetts Cannabis Control Commission,,,,,
07/01/2024,APPROVED,Marijuana Microbusiness,Expedited Review - License Type,Expedited,License Type,PROVISIONAL CONSIDERATION,,PAYMENT_PENDING,MB281858,"Wise Man Genetics, LLC",Middleborough,2346.0,,,55 Knox Trail Rd,,Acton,MA,1720,POINT (-70.818958 41.978877),POINT (-70.864131 41.8575590),18 Thaxter Rd,,Newton,MA,2460,85-3540755,MBN281858,7/13/2021 06:13:55 PM,5/25/2021 01:02:17 PM,,False,no,,,,,,,,,Not a DBE,,,,4/10/2020 11:51:23 AM,7/26/2021 08:38:13 AM,10/14/2021 01:12:06 PM,,,,0.0,2346.0,Middleboro,Plymouth,41.978877,-70.818958,,370 Wareham Road,"Lot 2A, Building 4, Unit A",MA,41.857559,-70.864131,370.0,Wareham St,,,Middleboro,MA,Plymouth County,2346.0,"Wise Man Genetics, LLC",MA,MACCC,Massachusetts Cannabis Control Commission,,,,,
07/01/2024,APPROVED,Marijuana Cultivator,General Applicant,General Applicant,General Applicant,COMMENCE OPS,6/30/2022,COMPLETE,MC281510,"Platinum HydroLab, Inc.",Lowell,1854.0,,,740 Dutton St,,Lowell,MA,1854,POINT (-71.275566 42.459085),POINT (-71.320964 42.6405450),13 Jacques Rd,,Tyngsboro,MA,1879,83-2126815,MCN281510,11/7/2019 10:29:07 AM,7/30/2019 12:00:00 AM,2/19/2020 06:08:48 PM,False,,,,,,,,,,Not a DBE,Indoor,"Tier 01: up to 5,000 square feet",1/20/2022 03:00:00 AM,6/1/2018 01:44:09 PM,11/7/2019 12:00:00 AM,2/7/2020 09:24:21 AM,4/14/2023 04:00:00 AM,9/6/2024 04:00:00 AM,,1250.0,1854.0,Lowell,Middlesex,42.459085,-71.275566,Northeast,740 Dutton Street,,MA,42.640545,-71.320964,740.0,Dutton St,,,Lowell,MA,Middlesex County,1854.0,"Platinum HydroLab, Inc.",MA,MACCC,Massachusetts Cannabis Control Commission,,,,,
07/01/2024,APPROVED,Marijuana Retailer,Priority Review - MTC Priority,Priority,MTC Priority,COMMENCE OPS,11/1/2019,COMPLETE,MR282205,"Commcan, Inc.",Millis,2054.0,,,1525 Main Street,,Millis,MA,2054,POINT (-71.15444 42.199156),POINT (-71.387539 42.158175),730 Main Street Suite 2A,,MILLIS,MA,2054,47-4619040,MRN282205,4/9/2019 05:57:43 PM,3/6/2019 12:00:00 AM,5/31/2019 04:02:04 PM,True,,,,,,,APPROVED,RP201907,RPA201907,Not a DBE,,,10/10/2019 04:00:00 AM,12/19/2018 10:03:50 AM,4/17/2019 12:00:00 AM,5/30/2019 01:54:12 PM,7/13/2023 04:00:00 AM,12/1/2024 03:00:00 AM,,5000.0,2054.0,Millis,Norfolk,42.199156,-71.15444,Central MA,1525 Main Street,,MA,42.158175,-71.387539,1525.0,Main St,,,Millis,MA,Norfolk County,2054.0,"Commcan, Inc.",MA,MACCC,Massachusetts Cannabis Control Commission,,,,,
07/01/2024,APPROVED,Marijuana Retailer,Expedited Review - DBE Status,Expedited,DBE Status,COMMENCE OPS,12/2/2022,COMPLETE,MR284261,"Rooted In, LLC",Boston,2115.0,,,331 Newbury St,,Boston,MA,2115,POINT (-71.073493 42.334948),POINT (-71.086431 42.3487590),22 Warren St,,Boston,MA,2119,83-3790969,MRN284261,11/12/2021 01:41:46 PM,10/25/2021 03:16:25 PM,3/1/2022 01:31:09 PM,False,yes,SE306235,SE305360,,,,,,,Not a DBE,,,11/10/2022 03:00:00 AM,5/26/2021 07:00:40 PM,12/3/2021 11:25:31 AM,2/14/2022 04:25:13 PM,3/7/2024 03:00:00 AM,3/11/2025 04:00:00 AM,,5000.0,2115.0,Boston,Suffolk,42.334948,-71.073493,Metro Boston,331 Newbury Street,,MA,42.348759,-71.086431,331.0,Newbury St,,,Boston,MA,Suffolk County,2115.0,"Rooted In, LLC",MA,MACCC,Massachusetts Cannabis Control Commission,,,,,
07/01/2024,APPROVED,Marijuana Cultivator,General Applicant,General Applicant,General Applicant,COMMENCE OPS,1/4/2024,COMPLETE,MC282139,"Bostica, LLC",Lynn,1905.0,,,71 Linden Street,,Lynn,MA,1905,POINT (-70.970827 42.635475),POINT (-70.973962 42.4582989),71 Linden Street,,Lynn,MA,1905,83-3189639,MCN282139,3/4/2020 01:28:41 PM,2/4/2020 12:00:00 AM,,False,,,,,,,,,,Not a DBE,Indoor,"Tier 04: 20,001 to 30,000 sq. ft",7/13/2023 04:00:00 AM,5/10/2019 02:29:32 PM,3/5/2020 12:00:00 AM,6/4/2020 02:05:52 PM,5/11/2023 04:00:00 AM,7/10/2024 04:00:00 AM,,20000.0,1905.0,Lynn,Essex,42.635475,-70.970827,Northeast,71 Linden Street,,MA,42.458299,-70.973962,71.0,Linden St,,,Lynn,MA,Essex County,1905.0,"Bostica, LLC",MA,MACCC,Massachusetts Cannabis Control Commission,,,,,
07/01/2024,APPROVED,Marijuana Product Manufacturer,General Applicant,General Applicant,General Applicant,COMMENCE OPS,4/27/2021,COMPLETE,MP281321,Supercritical Mass Laboratories Inc.,Worcester,1606.0,,,2 Fisher St.,,Northborough,MA,1532,POINT (-71.840209 42.329642),POINT (-71.800753 42.3214729),2 Fisher St.,,Northborough,MA,1532,82-4965917,MPN281321,12/23/2019 12:38:14 PM,8/26/2019 12:00:00 AM,,False,,,,,,,,,,Not a DBE,,,3/11/2021 03:00:00 AM,4/30/2018 11:08:22 AM,2/14/2020 12:00:00 AM,4/9/2020 03:31:13 PM,7/13/2023 04:00:00 AM,7/22/2024 04:00:00 AM,,10000.0,1606.0,Worcester,Worcester,42.329642,-71.840209,Central MA,251 Brooks St.,,MA,42.321473,-71.800754,251.0,Brooks St,,,Worcester,MA,Worcester County,1606.0,Supercritical Mass Laboratories Inc.,MA,MACCC,Massachusetts Cannabis Control Commission,,,,,
07/01/2024,APPROVED,Marijuana Retailer,General Applicant,General Applicant,General Applicant,COMMENCE OPS,4/19/2023,COMPLETE,MR282334,Greenhouse Naturals LLC,Beverly,1915.0,,,80A Lawrence Road,,Boxford,MA,1921,POINT (-70.970827 42.635475),POINT (-70.884193 42.5848149),80A Lawrence Road,,Boxford,MA,1921,83-2388643,MRN282334,5/1/2020 04:20:58 PM,3/5/2020 12:00:00 AM,,True,,,SE303548,,,,APPROVED,RP201908,,Not a DBE,,,3/9/2023 03:00:00 AM,1/25/2019 09:53:05 AM,6/26/2020 02:41:19 PM,9/10/2020 01:09:40 PM,9/14/2023 04:00:00 AM,11/11/2024 03:00:00 AM,,10000.0,1915.0,Beverly,Essex,42.635475,-70.970827,Northeast,11-23 Enon Street,,MA,42.584815,-70.884194,23.0,Enon St,,,Beverly,MA,Essex County,1915.0,Greenhouse Naturals LLC,MA,MACCC,Massachusetts Cannabis Control Commission,,,,,
07/01/2024,APPROVED,Marijuana Retailer,General Applicant,General Applicant,General Applicant,COMMENCE OPS,3/8/2021,COMPLETE,MR281779,Delta 420 LLC,Blackstone,1504.0,,,199 Main Street,,Blackstone,MA,1504,POINT (-71.840209 42.329642),POINT (-71.542434 42.0172969),199 Main Street,,Blackstone,MA,1504,83-4720355,MRN281779,7/20/2020 02:15:53 PM,1/23/2020 12:00:00 AM,9/14/2020 01:50:39 PM,False,,,,,,,,,,Minority-Owned Business,,,2/11/2021 03:00:00 AM,8/4/2018 05:14:47 PM,4/15/2020 12:00:00 AM,9/10/2020 12:57:57 PM,3/7/2024 03:00:00 AM,3/7/2025 03:00:00 AM,,10000.0,1504.0,Blackstone,Worcester,42.329642,-71.840209,Central MA,199 Main Street,,MA,42.017297,-71.542434,199.0,Main St,,,Blackstone,MA,Worcester County,1504.0,Delta 420 LLC,MA,MACCC,Massachusetts Cannabis Control Commission,,,,,
07/01/2024,APPROVED,Marijuana Product Manufacturer,General Applicant,General Applicant,General Applicant,COMMENCE OPS,6/30/2023,COMPLETE,MP282157,Hudson Botanical Processing LLC,Hudson,1749.0,,,14 Kane Industrial Drive,,Hudson,MA,1749,POINT (-71.275566 42.459085),POINT (-71.507161 42.3944260),9 Kane Industrial Drive,Unit# 1,Hudson,MA,1749,83-3219275,MPN282157,8/24/2022 01:47:50 PM,1/7/2022 02:51:08 PM,12/12/2022 01:11:28 PM,False,no,,,,,,,,,Not a DBE,,,6/8/2023 04:00:00 AM,12/9/2021 12:32:03 PM,8/24/2022 12:59:12 PM,9/16/2022 01:57:07 PM,12/14/2023 03:00:00 AM,12/18/2024 03:00:00 AM,,10000.0,1749.0,Hudson,Middlesex,42.459085,-71.275566,Central MA,14 Kane Industrial Dr.,,MA,42.394426,-71.507162,14.0,Kane Industrial Dr,,,Hudson,MA,Middlesex County,1749.0,Hudson Botanical Processing LLC,MA,MACCC,Massachusetts Cannabis Control Commission,,,,,
07/01/2024,APPROVED,Marijuana Cultivator,General Applicant,General Applicant,General Applicant,PROVISIONAL LICENSE,,COMPLETE,MC283278,EC Developments,Greenfield,1301.0,,,1385 Bernardston Road,,Greenfield,MA,1301,POINT (-72.573941 42.587072),POINT (-72.561356 42.650917),1385 Classic Court,Unit 330,Mount Pleasant,SC,29466,87-0898962,MCN283278,10/28/2021 03:08:57 PM,8/5/2021 10:07:02 AM,,False,no,,,,,,,,,Not a DBE,Indoor,"Tier 04: 20,001 to 30,000 sq. ft",,1/5/2021 08:39:11 AM,10/29/2021 02:11:03 PM,1/20/2022 03:31:12 PM,4/22/2022 04:00:00 AM,4/22/2023 04:00:00 AM,,20000.0,1301.0,Greenfield,Franklin,42.587072,-72.573941,Western MA,1385 Bernardston Road,,MA,42.650917,-72.561356,1385.0,Bernardston Rd,,,Greenfield,MA,Franklin County,1301.0,EC Developments,MA,MACCC,Massachusetts Cannabis Control Commission,,,,,
07/01/2024,APPROVED,Marijuana Retailer,General Applicant,General Applicant,General Applicant,COMMENCE OPS,5/29/2020,COMPLETE,MR281793,Green Biz LLC,Northampton,1060.0,,,34 Bridge St,,Northampton,MA,1060,POINT (-72.62073 42.322256),POINT (-72.628145 42.3216740),45 Bodwell St,,Avon,MA,2322,82-5025315,MRN281793,3/4/2019 04:21:57 PM,12/20/2018 12:00:00 AM,3/28/2019 03:15:58 PM,False,,,,,,,,,,Minority-Owned Business,,,2/6/2020 03:00:00 AM,8/11/2018 03:57:09 PM,2/7/2019 12:00:00 AM,3/7/2019 04:10:59 PM,3/7/2024 03:00:00 AM,3/29/2025 04:00:00 AM,,5000.0,1060.0,Northampton,Hampshire,42.322256,-72.62073,Western MA,34 Bridge St,,MA,42.321674,-72.628145,34.0,Bridge St,,,Northampton,MA,Hampshire County,1060.0,Green Biz LLC,MA,MACCC,Massachusetts Cannabis Control Commission,,,,,
07/01/2024,APPROVED,Marijuana Product Manufacturer,Priority Review - MTC Priority,Priority,MTC Priority,COMMENCE OPS,7/1/2019,COMPLETE,MP281468,"Mass Alternative Care, Inc.",Chicopee,1020.0,,,1247 East Main Street,,Chicopee,MA,1020,POINT (-72.571312 42.12756),POINT (-72.542676 42.1581550),1247 East Main Street,,Chicopee,MA,1020,46-2915012,MPN281468,11/7/2018 05:12:37 PM,11/6/2018 12:00:00 AM,1/29/2019 11:05:43 AM,True,,,,,,,APPROVED,RP201836,RPA201836,Not a DBE,,,4/4/2019 04:00:00 AM,8/23/2018 02:22:56 PM,11/23/2018 12:00:00 AM,1/10/2019 01:51:14 PM,1/11/2024 03:00:00 AM,1/29/2025 03:00:00 AM,,5000.0,1020.0,Chicopee,Hampden,42.12756,-72.571312,Western MA,1247 East Main Street,,MA,42.158155,-72.542677,1247.0,E Main St,,,Chicopee,MA,Hampden County,1020.0,"Mass Alternative Care, Inc.",MA,MACCC,Massachusetts Cannabis Control Commission,,,,,
07/01/2024,APPROVED,Marijuana Product Manufacturer,General Applicant,General Applicant,General Applicant,PROVISIONAL CONSIDERATION,,PAYMENT_PENDING,MP282023,"ACMJ, Inc",Holyoke,1040.0,,,532 Main St.,,Holyoke,MA,1040,POINT (-72.571312 42.12756),POINT (-72.610652 42.1960309),532 Main St.,,Holyoke,MA,1040,85-4061764,MPN282023,3/17/2021 11:20:09 AM,2/24/2021 09:35:27 AM,,False,no,,,,,,,,,Not a DBE,,,,2/2/2021 01:01:49 PM,4/9/2021 11:31:22 AM,6/22/2021 10:49:18 AM,,,,0.0,1040.0,Holyoke,Hampden,42.12756,-72.571312,Western MA,532 Main Street,,MA,42.196031,-72.610652,532.0,Main St,,,Holyoke,MA,Hampden County,1040.0,"ACMJ, Inc",MA,MACCC,Massachusetts Cannabis Control Commission,,,,,
07/01/2024,APPROVED,Marijuana Delivery Operator,Expedited Review - Two or More,Expedited,Two or More,FINAL LICENSE,,COMPLETE,MD1264,BLUE SKY ORGANICS LLC,Newton,2459.0,,,16 Maguire Ct.,,Newton,MA,2458,POINT (-71.275566 42.459085),,17 Cortes St. #1,,Boston,MA,2116,85-1202656,MDA1264,2/3/2022 05:19:47 PM,1/19/2022 10:24:50 AM,,False,,SE303608,SE303608,,,,,,,Veteran-Owned Business,,,6/13/2024 04:00:00 AM,7/12/2021 12:50:30 PM,2/4/2022 09:51:32 AM,3/10/2022 01:56:57 PM,6/13/2024 04:00:00 AM,6/13/2025 04:00:00 AM,,0.0,2459.0,Newton Center,Middlesex,42.459085,-71.275566,,,,MA,,,,,,,,,,,BLUE SKY ORGANICS LLC,MA,MACCC,Massachusetts Cannabis Control Commission,,,,,
07/01/2024,APPROVED,Marijuana Cultivator,Priority Review - MTC Priority,Priority,MTC Priority,PROVISIONAL LICENSE,,COMPLETE,MC281982,TDMA Orange LLC,Orange,1364.0,,,207 Daniel Shays Hwy,,Orange,MA,1364,POINT (-72.573941 42.587072),POINT (-72.254626 42.6099790),305 SE 3rd Ave,Ste 203,Portland,OR,97214,83-3515575,MCN281982,4/18/2019 01:06:38 PM,3/20/2019 12:00:00 AM,11/22/2019 10:45:02 AM,True,,,,,,,,,RPA201948,Not a DBE,Indoor,"Tier 02: 5,001 to 10,000 sq. ft.",,2/11/2019 01:38:00 PM,9/19/2019 12:00:00 AM,10/10/2019 01:10:25 PM,11/18/2021 03:00:00 AM,12/10/2022 03:00:00 AM,,2500.0,1364.0,Orange,Franklin,42.587072,-72.573941,Western MA,Lot 6F RW Moore Avenue,,MA,42.609979,-72.254626,,Moore Hill Rd,,,Orange,MA,Franklin County,1364.0,TDMA Orange LLC,MA,MACCC,Massachusetts Cannabis Control Commission,,,,,
07/01/2024,APPROVED,Marijuana Retailer,General Applicant,General Applicant,General Applicant,COMMENCE OPS,11/12/2021,COMPLETE,MR281867,HAMPSHIRE HEMP LLC,Northampton,1060.0,,,371 DAMON ROAD,,NORTHAMPTON,MA,1060,POINT (-72.62073 42.322256),POINT (-72.621504 42.3340340),28 APPLETON ST,,HOLYOKE,MA,1040,83-1339372,MRN281867,11/16/2019 07:13:23 PM,11/16/2018 12:00:00 AM,1/27/2020 12:34:15 PM,False,,,,,,,,,,Not a DBE,,,9/17/2021 04:00:00 AM,9/6/2018 08:59:58 AM,11/1/2019 12:00:00 AM,1/16/2020 03:36:07 PM,6/8/2023 04:00:00 AM,7/9/2024 04:00:00 AM,,10000.0,1060.0,Northampton,Hampshire,42.322256,-72.62073,Western MA,371-391 Damon Road,,MA,42.334034,-72.621505,391.0,Damon Rd,,,Northampton,MA,Hampshire County,1060.0,HAMPSHIRE HEMP LLC,MA,MACCC,Massachusetts Cannabis Control Commission,,,,,
07/01/2024,APPROVED,Marijuana Courier Pre-Certification,Priority Review - Economic Empowerment Priority,Priority,Economic Empowerment Priority,PROVISIONAL LICENSE,,COMPLETE,PDO103144,Bouffée Inc.,,,,,74 Madison Avenue,,Everett,MA,2149,,,74 Madison Avenue,,Everett,MA,2149,83-3220220,PDOA103144,10/28/2020 04:52:41 PM,10/7/2020 03:16:25 PM,,True,,EE202250,SE303565,APPROVED,EE202250,,,,,Minority-Owned Business | Woman-Owned Business,,,,6/24/2020 07:42:43 PM,11/5/2020 02:02:43 PM,11/5/2020 02:10:44 PM,11/5/2020 03:00:00 AM,11/5/2022 04:00:00 AM,,0.0,,,,,,,,,MA,,,,,,,,,,,Bouffée Inc.,MA,MACCC,Massachusetts Cannabis Control Commission,,,,,
07/01/2024,APPROVED,Marijuana Cultivator,Priority Review - MTC Priority,Priority,MTC Priority,COMMENCE OPS,8/31/2020,COMPLETE,MC281288,"Mission MA, Inc.",Worcester,1605.0,,,640 Lincoln St.,,Worcester,MA,1605,POINT (-71.840209 42.329642),POINT (-71.764895 42.2991510),5060 N. 40th Street,Suite 120,Phoenix,AZ,85018,47-3906035,MCN281288,2/7/2019 08:57:20 AM,12/7/2018 12:00:00 AM,6/20/2019 04:18:11 PM,True,,,,,,,APPROVED,RP201863,RP201863,Not a DBE,Indoor,"Tier 01: up to 5,000 square feet",8/6/2020 04:00:00 AM,4/23/2018 10:51:12 AM,2/14/2019 12:00:00 AM,5/16/2019 01:32:42 PM,12/14/2023 03:00:00 AM,12/19/2024 03:00:00 AM,,1250.0,1605.0,Worcester,Worcester,42.329642,-71.840209,Central MA,640 Lincoln Street,Suite 200,MA,42.299151,-71.764896,640.0,Lincoln St,,,Worcester,MA,Worcester County,1605.0,"Mission MA, Inc.",MA,MACCC,Massachusetts Cannabis Control Commission,,,,,
07/01/2024,APPROVED,Marijuana Retailer,General Applicant,General Applicant,General Applicant,COMMENCE OPS,12/6/2021,COMPLETE,MR282815,"Pure Lowell, Inc.",Lowell,1852.0,,,673 – 681 Rogers Street,,Lowell,MA,1852,POINT (-71.275566 42.459085),POINT (-71.280730 42.6302700),673-681 Rogers St,,Lowell,MA,1852,84-4143646,MRN282815,6/25/2020 09:39:51 AM,6/29/2020 09:24:08 AM,9/14/2020 11:05:02 AM,False,no,,,,,,,,,Not a DBE,,,11/18/2021 03:00:00 AM,6/26/2019 05:53:32 PM,7/29/2020 12:28:54 PM,9/10/2020 01:30:46 PM,8/10/2023 04:00:00 AM,9/14/2024 04:00:00 AM,,10000.0,1852.0,Lowell,Middlesex,42.459085,-71.275566,Northeast,683 Rogers Street,,MA,42.63027,-71.28073,683.0,Rogers St,,,Lowell,MA,Middlesex County,1852.0,"Pure Lowell, Inc.",MA,MACCC,Massachusetts Cannabis Control Commission,,,,,
07/01/2024,APPROVED,Marijuana Retailer,General Applicant,General Applicant,General Applicant,COMMENCE OPS,5/13/2021,COMPLETE,MR283323,"Heal Sturbridge, Inc.",Sturbridge,1566.0,,,4 Irving Road,,Weston,MA,2493,POINT (-71.840209 42.329642),POINT (-72.124914 42.115682),1200 Walnut Street,,Newton Highlands,MA,2461,84-4707229,MRN283323,5/19/2020 08:26:17 PM,5/26/2020 10:42:27 AM,,False,,,,,,,,,,Not a DBE,,,4/16/2021 04:00:00 AM,3/3/2020 02:38:06 PM,7/24/2020 08:24:44 AM,9/10/2020 01:10:03 PM,9/14/2023 04:00:00 AM,9/18/2024 04:00:00 AM,,10000.0,1566.0,Sturbridge,Worcester,42.329642,-71.840209,Central MA,660 Main Street,,MA,42.115682,-72.124914,660.0,Main St,,,Fiskdale,MA,Worcester County,1518.0,"Heal Sturbridge, Inc.",MA,MACCC,Massachusetts Cannabis Control Commission,,,,,
07/01/2024,APPROVED,Marijuana Retailer,General Applicant,General Applicant,General Applicant,COMMENCE OPS,5/19/2023,COMPLETE,MR281458,"berkley botanicals, llc",Berkley,2779.0,,,44 county street,,berkley,MA,2779,POINT (-71.102131 41.778329),POINT (-71.019537 41.8426820),13 Bay Rd.,,Warren,RI,2885,83-3275518,MRN281458,2/25/2020 12:07:04 PM,10/29/2019 12:00:00 AM,,False,,,,,,,,,,Not a DBE,,,3/9/2023 03:00:00 AM,5/21/2018 06:40:32 AM,2/27/2020 12:00:00 AM,4/9/2020 03:03:36 PM,1/11/2024 03:00:00 AM,1/15/2025 03:00:00 AM,,10000.0,2779.0,Berkley,Bristol,41.778329,-71.102131,Southeast and Cape,44 county street,,MA,41.842682,-71.019537,44.0,County St,,,Berkley,MA,Bristol County,2779.0,"berkley botanicals, llc",MA,MACCC,Massachusetts Cannabis Control Commission,,,,,
07/01/2024,APPROVED,Marijuana Product Manufacturer,General Applicant,General Applicant,General Applicant,COMMENCE OPS,8/6/2021,COMPLETE,MP281383,"PHA Industries, Inc.",Orange,1364.0,,,153 Quabbin Blvd,,Orange,MA,1364,POINT (-72.573941 42.587072),POINT (-72.301612 42.5695550),153 Quabbin Blvd,,Orange,MA,1364,04-3541744,MPN281383,4/9/2020 02:05:15 PM,10/1/2019 12:00:00 AM,,False,,,,,,,,,,Not a DBE,,,7/15/2021 04:00:00 AM,6/5/2018 12:58:55 PM,4/15/2020 12:00:00 AM,6/4/2020 02:35:41 PM,6/8/2023 04:00:00 AM,10/27/2024 04:00:00 AM,,10000.0,1364.0,Orange,Franklin,42.587072,-72.573941,Western MA,154 Quabbin Blvd,,MA,42.569555,-72.301612,154.0,Quabbin Blvd,,,Orange,MA,Franklin County,1364.0,"PHA Industries, Inc.",MA,MACCC,Massachusetts Cannabis Control Commission,,,,,
07/01/2024,APPROVED,Marijuana Cultivator,Expedited Review - License Type,Expedited,License Type,PROVISIONAL LICENSE,,COMPLETE,MC283866,FreeMarketMA LLC,Berkley,2779.0,,,118 Bayview Avenue,,Berkley,MA,2779,POINT (-71.102131 41.778329),POINT (-71.103628 41.8070510),401 Middle Road,,Acushnet,MA,2743,92-2240920,MCN283866,6/13/2023 08:54:32 AM,5/17/2023 12:31:03 PM,8/10/2023 12:30:56 PM,False,no,,,,,,,,,Not a DBE,Outdoor,"Tier 02: 5,001 to 10,000 sq. ft.",,4/29/2023 01:11:07 PM,6/23/2023 11:37:14 AM,8/10/2023 11:40:23 AM,8/10/2023 04:00:00 AM,8/10/2024 04:00:00 AM,,1250.0,2779.0,Berkley,Bristol,41.778329,-71.102131,Southeast and Cape,118 Bayview Avenue,,MA,41.807051,-71.103628,118.0,Bayview Ave,,,Berkley,MA,Bristol County,2779.0,FreeMarketMA LLC,MA,MACCC,Massachusetts Cannabis Control Commission,,,,,
07/01/2024,APPROVED,Marijuana Cultivator,General Applicant,General Applicant,General Applicant,PROVISIONAL CONSIDERATION,,PAYMENT_PENDING,MC283477,Fish Road LLC,Dudley,1570.0,,,40 Fish Road,,Dudley,MA,1571,POINT (-71.840209 42.329642),POINT (-71.973775 42.0469220),120 Schofield Avenue,,Dudley,MA,1571,86-3032556,MCN283477,8/25/2021 11:58:48 AM,5/7/2021 09:43:07 AM,,False,no,,,,,,,,,Not a DBE,Indoor,"Tier 06: 40,001 to 50,000 sq. ft",,4/15/2021 02:39:10 PM,9/3/2021 10:31:54 AM,10/14/2021 01:08:48 PM,,,,0.0,1570.0,Webster,Worcester,42.329642,-71.840209,Central MA,40 Fish Road,,MA,42.046922,-71.973775,40.0,Fish Rd,,,Dudley,MA,Worcester County,1571.0,Fish Road LLC,MA,MACCC,Massachusetts Cannabis Control Commission,,,,,
07/01/2024,APPROVED,Marijuana Retailer,General Applicant,General Applicant,General Applicant,COMMENCE OPS,10/3/2023,COMPLETE,MR284733,"Holland Brands SB, LLC",Boston,2127.0,,,550 East First Street,,Boston,MA,2127,POINT (-71.073493 42.334948),POINT (-71.038149 42.3383589),55 Henshaw Street,,Brighton,MA,2135,00-1385468,MRN284733,12/29/2022 08:15:21 PM,12/14/2022 02:59:15 PM,,False,no,,,,,,,,,Not a DBE,,,9/14/2023 04:00:00 AM,8/2/2022 09:48:01 AM,1/6/2023 09:36:18 AM,3/9/2023 12:42:35 PM,2/8/2024 03:00:00 AM,3/27/2025 04:00:00 AM,,10000.0,2127.0,Boston,Suffolk,42.334948,-71.073493,Metro Boston,115 K Street,538-550 East First Street,MA,42.338359,-71.038149,115.0,K St,,,South Boston,MA,Suffolk County,2127.0,"Holland Brands SB, LLC",MA,MACCC,Massachusetts Cannabis Control Commission,,,,,
07/01/2024,APPROVED,Marijuana Delivery Operator Pre-Certification,Expedited Review - Social Equity Participant,Expedited,Social Equity Participant,PROVISIONAL LICENSE,,COMPLETE,PMD5798,"Bando Alternative Group Delivery, LLC",,,,,521 American Legion Highway,Unit A,Westport,MA,2790,,,521 American Legion Highway,Unit A,Westport,MA,2790,86-1204566,PMDA5798,7/7/2021 09:46:06 PM,6/14/2021 11:03:59 AM,,False,,SE304960,SE304960,,,,,,,Not a DBE,,,,5/28/2021 09:20:25 AM,7/26/2021 09:32:01 AM,7/26/2021 09:32:09 AM,7/26/2021 04:00:00 AM,7/26/2023 04:00:00 AM,,0.0,,,,,,,,,MA,,,,,,,,,,,"Bando Alternative Group Delivery, LLC",MA,MACCC,Massachusetts Cannabis Control Commission,,,,,
07/01/2024,APPROVED,Marijuana Cultivator,Expedited Review - DBE Status,Expedited,DBE Status,PROVISIONAL LICENSE,,COMPLETE,MC281484,Wing Well LLC,Palmer,1079.0,,,1111 Elm St.,STE 27,West Springfield,MA,1089,POINT (-72.571312 42.12756),POINT (-72.326509 42.1863820),1111 Elm St.,STE 27,West Springfield,MA,1089,83-0828160,MCN281484,3/22/2021 01:20:35 PM,7/7/2020 02:30:54 PM,6/10/2021 01:54:35 PM,False,,,,,,,,,,Minority-Owned Business,Indoor,"Tier 03: 10,001 to 20,000 sq. ft",,5/25/2018 10:19:58 AM,4/2/2021 11:45:17 AM,5/13/2021 12:39:06 PM,7/14/2022 04:00:00 AM,7/15/2023 04:00:00 AM,,5000.0,1079.0,Thorndike,Hampden,42.12756,-72.571312,,4145 Church St.,Bldg 10,MA,42.186382,-72.32651,4145.0,Church St,,,Thorndike,MA,Hampden County,1079.0,Wing Well LLC,MA,MACCC,Massachusetts Cannabis Control Commission,,,,,
07/01/2024,APPROVED,Marijuana Product Manufacturer,General Applicant,General Applicant,General Applicant,PROVISIONAL LICENSE,,COMPLETE,MP282072,Admiral Green Holdings Corp.,Gloucester,1930.0,,,58 Great Republic Drive,,Gloucester,MA,1930,POINT (-70.970827 42.635475),POINT (-70.645959 42.6246220),226 South Main Street,,Fall River,MA,2721,87-1742024,MPN282072,12/12/2021 11:17:40 AM,11/17/2021 09:03:56 AM,3/22/2022 03:33:37 PM,False,no,,,,,,,,,Not a DBE,,,,5/5/2021 10:21:39 AM,12/17/2021 10:22:49 AM,3/10/2022 01:57:15 PM,3/22/2022 04:00:00 AM,3/22/2023 04:00:00 AM,,10000.0,1930.0,Gloucester,Essex,42.635475,-70.970827,Northeast,58 Great Republic Drive,,MA,42.624622,-70.645959,58.0,Great Republic Dr,,,Gloucester,MA,Essex County,1930.0,Admiral Green Holdings Corp.,MA,MACCC,Massachusetts Cannabis Control Commission,,,,,
07/01/2024,APPROVED,Marijuana Retailer,General Applicant,General Applicant,General Applicant,COMMENCE OPS,11/17/2022,COMPLETE,MR284547,Elevated Roots II LLC,Halifax,2338.0,,,319 Monponsett Street,,Halifax,MA,2338,POINT (-70.818958 41.978877),POINT (-70.844089 41.9967770),319 Monponsett Street,,Halifax,MA,2338,87-3372445,MRN284547,3/4/2022 01:03:24 PM,1/7/2022 12:51:10 PM,7/28/2022 04:22:33 PM,False,no,,,,,,,,,Not a DBE,,,10/13/2022 04:00:00 AM,12/28/2021 12:36:32 PM,3/11/2022 09:19:03 AM,5/12/2022 02:12:50 PM,7/13/2023 04:00:00 AM,7/28/2024 04:00:00 AM,,10000.0,2338.0,Halifax,Plymouth,41.978877,-70.818958,Southeast and Cape,319 Monponsett Street,,MA,41.996777,-70.84409,319.0,Monponsett St,,,Halifax,MA,Plymouth County,2338.0,Elevated Roots II LLC,MA,MACCC,Massachusetts Cannabis Control Commission,,,,,
07/01/2024,APPROVED,Marijuana Product Manufacturer,General Applicant,General Applicant,General Applicant,PROVISIONAL LICENSE,,COMPLETE,MP282052,"Hybrid House, LLC",Holyoke,1040.0,,,55 Jackson Street,,Holyoke,MA,1040,POINT (-72.571312 42.12756),POINT (-72.612652 42.1968919),55 Jackson Street,,Holyoke,MA,1040,85-3947116,MPN282052,3/25/2022 03:49:16 PM,3/30/2021 01:57:43 PM,5/19/2022 01:40:48 PM,False,no,,,,,,,,,Not a DBE,,,,3/10/2021 03:18:17 PM,3/25/2022 03:59:27 PM,5/12/2022 02:12:03 PM,5/19/2022 04:00:00 AM,5/19/2023 04:00:00 AM,,10000.0,1040.0,Holyoke,Hampden,42.12756,-72.571312,Western MA,55 Jackson Street,,MA,42.196892,-72.612653,55.0,Jackson St,,,Holyoke,MA,Hampden County,1040.0,"Hybrid House, LLC",MA,MACCC,Massachusetts Cannabis Control Commission,,,,,
07/01/2024,APPROVED,Marijuana Product Manufacturer,Expedited Review - Social Equity Participant,Expedited,Social Equity Participant,PROVISIONAL CONSIDERATION,,PAYMENT_PENDING,MP281882,Melting Pot Manufacturing Inc,Middleborough,2346.0,,,321 WEST GROVE ST  Floor 2 Unit 1,,MIDDLEBOROUGH,MA,2346,POINT (-70.818958 41.978877),POINT (-70.941850 41.8943000),33 Cedrus Ave,,Boston,MA,2131,93-3556906,MPN281882,11/21/2023 01:12:03 PM,11/6/2023 10:29:26 AM,,False,yes,SE305106,SE305106,,,,,,,Not a DBE,,,,5/1/2020 12:00:09 AM,12/22/2023 02:51:12 PM,2/8/2024 02:58:33 PM,,,,0.0,2346.0,Middleboro,Plymouth,41.978877,-70.818958,,321 West Grove St Floor 2 Unit 1,,MA,41.8943,-70.94185,321.0,W Grove St,Fl,2.0,Middleboro,MA,Plymouth County,2346.0,Melting Pot Manufacturing Inc,MA,MACCC,Massachusetts Cannabis Control Commission,,,,,
07/01/2024,APPROVED,Marijuana Courier Pre-Certification,Expedited Review - Social Equity Participant,Expedited,Social Equity Participant,PROVISIONAL LICENSE,,COMPLETE,PDO103300,"GreenLeaf Valet, Inc.",,,,,800 Hingham Street,,Rockland,MA,2370,,,800 Hingham Street,,Rockland,MA,2370,85-4016062,PDOA103300,11/30/2020 01:36:18 PM,11/30/2020 09:47:49 AM,,False,,SE303755,,,,,,,,Not a DBE,,,,11/9/2020 01:55:39 PM,12/7/2020 02:33:46 PM,1/6/2021 10:00:27 AM,1/6/2021 03:00:00 AM,1/6/2023 03:00:00 AM,,0.0,,,,,,,,,MA,,,,,,,,,,,"GreenLeaf Valet, Inc.",MA,MACCC,Massachusetts Cannabis Control Commission,,,,,
07/01/2024,APPROVED,Marijuana Cultivator,General Applicant,General Applicant,General Applicant,PROVISIONAL LICENSE,,COMPLETE,MC283899,686 Cultivation LLC,Tewksbury,1876.0,,,686 Clark Rd,,Tewksbury,MA,1876,POINT (-71.275566 42.459085),POINT (-71.266660 42.6267380),686 Clark Rd,,Tewksbury,MA,1876,93-4335202,MCN283899,2/13/2024 04:16:16 PM,1/30/2024 09:48:58 AM,,False,no,,,,,,,,,Not a DBE,Indoor,"Tier 02: 5,001 to 10,000 sq. ft.",,12/20/2023 10:52:08 AM,2/28/2024 08:45:14 AM,4/11/2024 11:30:15 AM,4/24/2024 04:00:00 AM,4/24/2025 04:00:00 AM,,2500.0,1876.0,Tewksbury,Middlesex,42.459085,-71.275566,Northeast,686 Clark Road,,MA,42.626738,-71.266661,686.0,Clark Rd,,,Tewksbury,MA,Middlesex County,1876.0,686 Cultivation LLC,MA,MACCC,Massachusetts Cannabis Control Commission,,,,,
07/01/2024,APPROVED,Marijuana Product Manufacturer,General Applicant,General Applicant,General Applicant,PROVISIONAL LICENSE,,COMPLETE,MP281710,"Glacier Rock Farm, Inc.",Cummington,1026.0,,,"c/o Stage Road Holdings, LLC","1 Monarch Place, Suite 310",Springfield,MA,1144,POINT (-72.62073 42.322256),POINT (-72.866085 42.4663340),"c/o Stage Road Holdings, LLC","1 Monarch Place, Suite 310",Springfield,MA,1144,83-4488305,MPN281710,3/31/2020 02:28:10 PM,1/16/2020 12:00:00 AM,,False,,,,,,,,,,Not a DBE,,,,6/20/2019 02:31:49 PM,4/7/2020 12:00:00 AM,6/4/2020 02:14:23 PM,6/8/2023 04:00:00 AM,7/10/2024 04:00:00 AM,,10000.0,1026.0,Cummington,Hampshire,42.322256,-72.62073,Western MA,506 Stage Road (Parcel ID: 24-2),,MA,42.466334,-72.866086,506.0,Stage Rd,,,Cummington,MA,Hampshire County,1026.0,"Glacier Rock Farm, Inc.",MA,MACCC,Massachusetts Cannabis Control Commission,,,,,
07/01/2024,APPROVED,Marijuana Retailer,General Applicant,General Applicant,General Applicant,COMMENCE OPS,5/15/2023,COMPLETE,MR281663,Witch City Gardens LLC,Salem,1970.0,,,36-38 Jefferson Ave,,Salem,MA,1970,POINT (-70.970827 42.635475),POINT (-70.887165 42.5365490),36-38 Jefferson Ave,,Salem,MA,1970,83-1048561,MRN281663,3/16/2020 02:35:38 PM,9/6/2019 12:00:00 AM,,False,,,,,,,,,,Not a DBE,,,4/14/2023 04:00:00 AM,6/27/2018 06:10:46 PM,3/19/2020 12:00:00 AM,6/4/2020 02:41:09 PM,8/10/2023 04:00:00 AM,10/13/2024 04:00:00 AM,,10000.0,1970.0,Salem,Essex,42.635475,-70.970827,Northeast,2 Bridge St.,,MA,42.536549,-70.887166,2.0,Bridge St,,,Salem,MA,Essex County,1970.0,Witch City Gardens LLC,MA,MACCC,Massachusetts Cannabis Control Commission,,,,,
07/01/2024,APPROVED,Marijuana Retailer,Expedited Review - Social Equity Participant,Expedited,Social Equity Participant,PROVISIONAL LICENSE,,COMPLETE,MR284875,Build A Life Legacy LLC,Boston,2126.0,,,536-538 River St,,MATTAPAN,MA,2126,POINT (-71.073493 42.334948),POINT (-71.094740 42.2670079),"28 Church St, Ste 14 #1260",,Winchester,MA,1890,85-4131840,MRN284875,8/2/2023 05:48:39 PM,3/21/2023 09:34:07 AM,,False,yes,SE305504,SE305504,,,,,,,Not a DBE,,,,2/13/2023 03:44:13 PM,8/4/2023 09:55:59 AM,10/12/2023 12:34:25 PM,2/6/2024 03:00:00 AM,2/6/2025 03:00:00 AM,,5000.0,2126.0,Mattapan,Suffolk,42.334948,-71.073493,,536-538 River St,,MA,42.267008,-71.094741,538.0,River St,,,Mattapan,MA,Suffolk County,2126.0,Build A Life Legacy LLC,MA,MACCC,Massachusetts Cannabis Control Commission,,,,,
07/01/2024,APPROVED,Marijuana Retailer,General Applicant,General Applicant,General Applicant,COMMENCE OPS,7/6/2020,COMPLETE,MR281525,Boston Bud Factory Inc.,Holyoke,1040.0,,,73 Sargeant St,,Holyoke,MA,1040,POINT (-72.571312 42.12756),POINT (-72.609660 42.198338),37 Commercial St,,Holyoke,MA,1040,83-0540049,MRN281525,4/1/2019 09:34:30 PM,9/14/2018 12:00:00 AM,6/27/2019 04:15:03 PM,False,,,SE304718,,,,,,,Not a DBE,,,4/9/2020 04:00:00 AM,6/1/2018 02:39:45 PM,4/10/2019 12:00:00 AM,5/30/2019 01:50:58 PM,2/8/2024 03:00:00 AM,2/8/2025 03:00:00 AM,,5000.0,1040.0,Holyoke,Hampden,42.12756,-72.571312,Western MA,73 Sargeant St,,MA,42.198338,-72.60966,73.0,Sargeant St,,,Holyoke,MA,Hampden County,1040.0,Boston Bud Factory Inc.,MA,MACCC,Massachusetts Cannabis Control Commission,,,,,
07/01/2024,APPROVED,Marijuana Retailer,General Applicant,General Applicant,General Applicant,PROVISIONAL LICENSE,,COMPLETE,MR281700,"Not Grampa's Tobacco, Inc.",Winchendon,1475.0,,,703 School St,,Winchendon,MA,1475,POINT (-71.840209 42.329642),POINT (-72.077642 42.7139609),703 School St,,Winchendon,MA,1475,82-5447356,MRN281700,5/3/2021 03:27:54 PM,11/14/2019 12:00:00 AM,,False,no,,,,,,,,,Not a DBE,,,,7/11/2018 02:13:47 PM,5/7/2021 11:33:45 AM,7/15/2021 04:38:44 PM,7/14/2022 04:00:00 AM,8/9/2023 04:00:00 AM,,10000.0,1475.0,Winchendon,Worcester,42.329642,-71.840209,Central MA,703 School St,,MA,42.713961,-72.077643,703.0,School St,,,Winchendon,MA,Worcester County,1475.0,"Not Grampa's Tobacco, Inc.",MA,MACCC,Massachusetts Cannabis Control Commission,,,,,
07/01/2024,APPROVED,Marijuana Courier Pre-Certification,Expedited Review - Social Equity Participant,Expedited,Social Equity Participant,PROVISIONAL LICENSE,,COMPLETE,PDO103201,"Uprising Therapeutics, Inc.",,,,,37 Schuyler Street,,Boston,MA,2121,,,37 Schuyler Street,,Boston,MA,2121,85-2786703,PDOA103201,9/4/2020 01:04:30 PM,9/2/2020 04:00:00 AM,,False,,SE304739,,,,,,,,Not a DBE,,,,8/31/2020 02:28:35 PM,9/10/2020 08:38:58 AM,9/10/2020 01:25:19 PM,9/10/2020 04:00:00 AM,9/10/2022 04:00:00 AM,,0.0,,,,,,,,,MA,,,,,,,,,,,"Uprising Therapeutics, Inc.",MA,MACCC,Massachusetts Cannabis Control Commission,,,,,
07/01/2024,APPROVED,Marijuana Courier Pre-Certification,Priority Review - Economic Empowerment Priority,Priority,Economic Empowerment Priority,PROVISIONAL LICENSE,,COMPLETE,PDO103368,The Corner Emporium LLC.,,,,,40 Jackson St.,,Worcester,MA,1608,,,40 Jackson St.,,Worcester,MA,1608,85-2363467,PDOA103368,2/4/2021 12:02:54 PM,1/11/2021 12:14:12 PM,,True,,EE202178,SE303851,APPROVED,EE202178,,,,,Minority-Owned Business,,,,12/11/2020 08:50:41 AM,2/12/2021 04:11:02 PM,2/12/2021 04:11:09 PM,2/12/2021 03:00:00 AM,2/12/2023 03:00:00 AM,,0.0,,,,,,,,,MA,,,,,,,,,,,The Corner Emporium LLC.,MA,MACCC,Massachusetts Cannabis Control Commission,,,,,
07/01/2024,APPROVED,Marijuana Delivery Operator Pre-Certification,Expedited Review - Social Equity Participant,Expedited,Social Equity Participant,PROVISIONAL LICENSE,,COMPLETE,PMD5910,"Canndle Massachusetts, LLC",,,,,935 Great Plain Ave,#102,Needham,MA,2492,,,935 Great Plain Ave,#102,Needham,MA,2492,87-2209460,PMDA5910,9/13/2021 04:09:07 PM,9/13/2021 03:36:55 PM,,False,,SE305169,SE305169,,,,,,,Not a DBE,,,,8/16/2021 11:21:29 AM,10/13/2021 10:29:33 AM,10/13/2021 10:29:41 AM,10/13/2021 04:00:00 AM,10/13/2023 04:00:00 AM,,0.0,,,,,,,,,MA,,,,,,,,,,,"Canndle Massachusetts, LLC",MA,MACCC,Massachusetts Cannabis Control Commission,,,,,
07/01/2024,APPROVED,Marijuana Retailer,Priority Review - Economic Empowerment Priority,Priority,Economic Empowerment Priority,PROVISIONAL LICENSE,,COMPLETE,MR283974,"Nuestra, LLC",Newton,2464.0,,,198 Tremont Street,Suite 228,Boston,MA,2116,POINT (-71.275566 42.459085),POINT (-71.187882 42.3534099),198 Tremont Street,,Boston,MA,2116,84-4886414,MRN283974,2/23/2021 05:57:50 PM,1/28/2021 04:23:14 PM,6/25/2021 12:32:53 PM,True,yes,EE202121,SE303833,APPROVED,EE202121,EE202121,,,,Not a DBE,,,,12/16/2020 02:38:21 PM,2/26/2021 03:38:57 PM,4/16/2021 01:56:17 PM,6/8/2023 04:00:00 AM,9/23/2024 04:00:00 AM,,5000.0,2464.0,Newton Upper Falls,Middlesex,42.459085,-71.275566,,518 Somerville Ave,,MA,42.35341,-71.187882,,,,,Newton,MA,Middlesex County,2458.0,"Nuestra, LLC",MA,MACCC,Massachusetts Cannabis Control Commission,,,,,
07/01/2024,APPROVED,Marijuana Cultivator,General Applicant,General Applicant,General Applicant,COMMENCE OPS,9/18/2023,COMPLETE,MC283314,"Advanced Cultivators, LLC",Lowell,1852.0,,,100 Phoenix Avenue,Units 3 and 5,Lowell,MA,1852,POINT (-71.275566 42.459085),POINT (-71.278608 42.6276719),100 Phoenix Avenue,Units 3 and 5,Lowell,MA,1852,85-1259829,MCN283314,8/30/2021 07:40:46 AM,5/18/2021 12:47:56 PM,11/18/2021 07:52:58 PM,False,no,,,,,,,,,Not a DBE,Indoor,"Tier 02: 5,001 to 10,000 sq. ft.",3/9/2023 03:00:00 AM,1/20/2021 06:01:29 PM,9/3/2021 09:46:30 AM,11/18/2021 02:33:01 PM,11/9/2023 03:00:00 AM,11/18/2024 03:00:00 AM,,2500.0,1852.0,Lowell,Middlesex,42.459085,-71.275566,Northeast,100 Phoenix Avenue,Units 3 and 5,MA,42.627672,-71.278608,100.0,Phoenix Ave,,,Lowell,MA,Middlesex County,1852.0,"Advanced Cultivators, LLC",MA,MACCC,Massachusetts Cannabis Control Commission,,,,,
07/01/2024,APPROVED,Marijuana Retailer,General Applicant,General Applicant,General Applicant,COMMENCE OPS,5/4/2022,COMPLETE,MR283056,Vedi Naturals LLC,Marlborough,1752.0,,,505 Boston Post Road West,,Marlborough,MA,1752,POINT (-71.275566 42.459085),POINT (-71.603797 42.3360399),3 Craig Drive,,Clinton,MA,1510,83-3872261,MRN283056,7/9/2020 08:33:05 AM,4/6/2020 12:00:00 AM,,False,,,,,,,,,,Minority-Owned Business,,,4/7/2022 04:00:00 AM,10/15/2019 10:15:21 PM,7/10/2020 09:14:08 AM,8/6/2020 02:53:29 PM,3/7/2024 03:00:00 AM,3/10/2025 04:00:00 AM,,10000.0,1752.0,Marlborough,Middlesex,42.459085,-71.275566,Central MA,505 Boston Post Road West,Units F&G,MA,42.33604,-71.603797,505.0,Boston Post Rd W,,,Marlborough,MA,Middlesex County,1752.0,Vedi Naturals LLC,MA,MACCC,Massachusetts Cannabis Control Commission,,,,,
07/01/2024,APPROVED,Marijuana Cultivator,Priority Review - MTC Priority,Priority,MTC Priority,COMMENCE OPS,2/17/2023,COMPLETE,MC282761,Coastal Healing,Westport,2790.0,,,248 State road,,Westport,MA,2970,POINT (-71.102131 41.778329),POINT (-71.103795 41.6731279),1942 crandall road,,tiverton,RI,2878,84-2687547,MCN282761,12/1/2021 05:05:46 PM,11/23/2021 02:45:08 PM,3/23/2022 10:10:01 AM,False,no,,,,,,,,,Not a DBE,Indoor,"Tier 03: 10,001 to 20,000 sq. ft",10/13/2022 04:00:00 AM,4/22/2020 11:22:43 AM,12/10/2021 01:10:10 PM,3/10/2022 01:55:49 PM,2/8/2024 03:00:00 AM,3/23/2025 04:00:00 AM,,5000.0,2790.0,Westport,Bristol,41.778329,-71.102131,Southeast and Cape,248 State Road,,MA,41.673128,-71.103795,248.0,State Rd,,,Westport,MA,Bristol County,2790.0,Coastal Healing,MA,MACCC,Massachusetts Cannabis Control Commission,,,,,
07/01/2024,APPROVED,Marijuana Cultivator,Priority Review - MTC Priority,Priority,MTC Priority,COMMENCE OPS,3/1/2019,COMPLETE,MC281308,"Sanctuary Medicinals, Inc.",Littleton,1460.0,,,234 Taylor Street,,Littleton,MA,1460,POINT (-71.275566 42.459085),POINT (-71.508712 42.5123400),234 Taylor Street,,Littleton,MA,1460,82-0978452,MCN281308,9/4/2018 02:02:28 PM,8/21/2018 12:00:00 AM,11/6/2018 11:31:03 AM,True,,,,,,,APPROVED,RP201958,RPA201958,Not a DBE,Indoor,"Tier 05: 30,001 to 40,000 sq. ft",1/24/2019 03:00:00 AM,4/26/2018 01:14:49 PM,9/6/2018 12:00:00 AM,11/1/2018 03:24:39 PM,12/14/2023 03:00:00 AM,12/18/2024 03:00:00 AM,,10000.0,1460.0,Littleton,Middlesex,42.459085,-71.275566,Central MA,234 Taylor Street,,MA,42.51234,-71.508712,234.0,Taylor St,,,Littleton,MA,Middlesex County,1460.0,"Sanctuary Medicinals, Inc.",MA,MACCC,Massachusetts Cannabis Control Commission,,,,,
07/01/2024,APPROVED,Marijuana Product Manufacturer,General Applicant,General Applicant,General Applicant,COMMENCE OPS,2/9/2022,COMPLETE,MP281467,Humboldt Masters LLC,West Boylston,1583.0,,,149 Parsons St,,Brighton,MA,2135,POINT (-71.840209 42.329642),POINT (-71.771463 42.3324560),149 Parsons St,,Brighton,MA,2135,83-1605969,MPN281467,1/6/2020 08:56:39 PM,11/4/2019 12:00:00 AM,,False,,,,,,,,,,Not a DBE,,,11/18/2021 03:00:00 AM,8/21/2018 03:49:08 PM,2/27/2020 12:00:00 AM,4/9/2020 03:20:10 PM,4/14/2023 04:00:00 AM,10/11/2024 04:00:00 AM,,10000.0,1583.0,West Boylston,Worcester,42.329642,-71.840209,Central MA,215 Shrewsbury Street,,MA,42.332456,-71.771464,215.0,Shrewsbury St,,,West Boylston,MA,Worcester County,1583.0,Humboldt Masters LLC,MA,MACCC,Massachusetts Cannabis Control Commission,,,,,
07/01/2024,APPROVED,Marijuana Retailer,General Applicant,General Applicant,General Applicant,PROVISIONAL LICENSE,,COMPLETE,MR284380,Raíces on the Hill LLC,Boston,2120.0,,,123 Terrace Street,,Boston,MA,2120,POINT (-71.073493 42.334948),POINT (-71.098500 42.3280389),123 Terrace Street,,Boston,MA,2120,83-4706346,MRN284380,5/17/2023 04:41:52 PM,3/11/2022 11:49:08 AM,,False,no,,,,,,,,,Not a DBE,,,,8/26/2021 08:15:52 AM,5/30/2023 08:14:46 AM,9/14/2023 03:39:20 PM,9/29/2023 04:00:00 AM,9/29/2024 04:00:00 AM,,10000.0,2120.0,Boston,Suffolk,42.334948,-71.073493,Metro Boston,123 Terrace Street,,MA,42.328039,-71.098501,123.0,Terrace St,,,Roxbury Crossing,MA,Suffolk County,2120.0,Raíces on the Hill LLC,MA,MACCC,Massachusetts Cannabis Control Commission,,,,,
07/01/2024,APPROVED,Marijuana Product Manufacturer,Priority Review - MTC Priority,Priority,MTC Priority,COMMENCE OPS,11/18/2021,COMPLETE,MP281715,"Four Daughters Compassionate Care, Inc.",Sharon,2067.0,,,1200 Providence Highway,,Sharon,MA,2067,POINT (-71.15444 42.199156),POINT (-71.233565 42.118938),415 N. Dearborn St.,4th Floor,Chicago,IL,60654,47-4470548,MPN281715,10/28/2019 12:20:45 PM,7/11/2019 12:00:00 AM,11/21/2019 04:05:35 PM,True,,,,,,,APPROVED,RP201864,RPA201864,Not a DBE,,,9/17/2021 04:00:00 AM,6/26/2019 03:42:14 PM,9/5/2019 12:00:00 AM,11/7/2019 01:37:09 PM,11/9/2023 03:00:00 AM,12/9/2024 03:00:00 AM,,10000.0,2067.0,Sharon,Norfolk,42.199156,-71.15444,Southeast and Cape,1200 General Edwards Highway,,MA,42.118938,-71.233566,1200.0,General Edwards Hwy,,,Sharon,MA,Norfolk County,2067.0,"Four Daughters Compassionate Care, Inc.",MA,MACCC,Massachusetts Cannabis Control Commission,,,,,
07/01/2024,APPROVED,Marijuana Cultivator,Expedited Review - Social Equity Participant,Expedited,Social Equity Participant,COMMENCE OPS,3/13/2023,COMPLETE,MC283286,"Ideal Craft Cannabis, Inc.",Uxbridge,1569.0,,,616 Douglas Street,,Uxbridge,MA,1569,POINT (-71.840209 42.329642),POINT (-71.668012 42.064273),616 Douglas Street,,Uxbridge,MA,1569,85-4143834,MCN283286,2/4/2021 11:17:13 AM,1/20/2021 03:00:00 AM,,False,yes,SE303568,SE303568,,,,,,,Not a DBE,Indoor,"Tier 01: up to 5,000 square feet",9/15/2022 04:00:00 AM,1/7/2021 01:33:48 PM,2/11/2021 01:43:35 PM,4/16/2021 01:54:22 PM,2/8/2024 03:00:00 AM,2/8/2025 03:00:00 AM,,625.0,1569.0,Uxbridge,Worcester,42.329642,-71.840209,Central MA,616 Douglas Street,,MA,42.064273,-71.668012,616.0,Douglas St,,,Uxbridge,MA,Worcester County,1569.0,"Ideal Craft Cannabis, Inc.",MA,MACCC,Massachusetts Cannabis Control Commission,,,,,
07/01/2024,APPROVED,Marijuana Retailer,Priority Review - MTC Priority,Priority,MTC Priority,COMMENCE OPS,2/22/2022,COMPLETE,MR281863,Just Healthy LLC,Northampton,1060.0,,,58 Pleasant Street,,Northampton,MA,1060,POINT (-72.62073 42.322256),POINT (-72.628559 42.3190540),202 State Street,,Northampton,MA,1060,82-5031284,MRN281863,9/4/2019 02:27:00 PM,1/14/2019 12:00:00 AM,12/5/2019 11:34:24 AM,True,,,,,,,APPROVED,RP201898,RPA201898,Not a DBE,,,1/20/2022 03:00:00 AM,9/5/2018 10:59:57 AM,9/12/2019 12:00:00 AM,11/7/2019 01:43:36 PM,11/10/2022 03:00:00 AM,12/5/2023 03:00:00 AM,,10000.0,1060.0,Northampton,Hampshire,42.322256,-72.62073,Western MA,58 Pleasant Street,,MA,42.319054,-72.62856,58.0,Pleasant St,,,Northampton,MA,Hampshire County,1060.0,Just Healthy LLC,MA,MACCC,Massachusetts Cannabis Control Commission,,,,,
07/01/2024,APPROVED,Marijuana Microbusiness,General Applicant,General Applicant,General Applicant,COMMENCE OPS,12/30/2019,COMPLETE,MB281347,Gibby's Garden LLC,Uxbridge,1569.0,,,660 Douglas Street,Suite 300,Uxbridge,MA,1569,POINT (-71.840209 42.329642),POINT (-71.669275 42.0624109),317 Aldrich Street,,Uxbridge,MA,1569,82-4246592,MBN281347,10/11/2018 06:15:35 AM,8/14/2018 12:00:00 AM,11/18/2018 08:02:41 AM,False,,,,,,,,,,Woman-Owned Business,,,5/30/2019 04:00:00 AM,4/28/2018 09:10:47 AM,10/12/2018 12:00:00 AM,11/1/2018 03:22:01 PM,12/14/2023 03:00:00 AM,12/18/2024 03:00:00 AM,,3125.0,1569.0,Uxbridge,Worcester,42.329642,-71.840209,Central MA,660 Douglas Street,Unit 300,MA,42.062411,-71.669276,660.0,Douglas St,,,Uxbridge,MA,Worcester County,1569.0,Gibby's Garden LLC,MA,MACCC,Massachusetts Cannabis Control Commission,,,,,
07/01/2024,APPROVED,Marijuana Retailer,General Applicant,General Applicant,General Applicant,PROVISIONAL LICENSE,,COMPLETE,MR283469,Innovative Flower LLC,Framingham,1701.0,,,655 Cochituate Road,,Framingham,MA,1701,POINT (-71.275566 42.459085),POINT (-71.385103 42.3080160),913 West Falmouth Highway,,Falmouth,MA,2540,83-1798390,MRN283469,11/9/2020 04:06:08 PM,10/5/2020 04:34:31 PM,2/15/2021 01:48:58 PM,False,no,,,,,,,,,Not a DBE,,,,4/20/2020 01:04:09 PM,11/12/2020 01:47:46 PM,2/11/2021 01:31:02 PM,1/12/2023 03:00:00 AM,2/15/2024 03:00:00 AM,,10000.0,1701.0,Framingham,Middlesex,42.459085,-71.275566,Central MA,655 Cochituate Road,,MA,42.308016,-71.385103,655.0,Cochituate Rd,,,Framingham,MA,Middlesex County,1701.0,Innovative Flower LLC,MA,MACCC,Massachusetts Cannabis Control Commission,,,,,
07/01/2024,APPROVED,Marijuana Delivery Operator Pre-Certification,Expedited Review - Two or More,Expedited,Two or More,PROVISIONAL LICENSE,,COMPLETE,PMD6016,"WeeDeliver, LLC",,,,,640 Lincoln St,,Worcester,MA,1605,,,430 Truman HWY,,Milton,MA,2186,87-2195863,PMDA6016,6/17/2022 12:13:49 PM,6/16/2022 09:51:20 AM,,False,,SE303936,,,,,,,,Minority-Owned Business | Woman-Owned Business,,,,5/31/2022 07:47:35 AM,6/27/2022 10:23:17 AM,6/27/2022 10:23:27 AM,6/27/2022 04:00:00 AM,6/27/2024 04:00:00 AM,,0.0,,,,,,,,,MA,,,,,,,,,,,"WeeDeliver, LLC",MA,MACCC,Massachusetts Cannabis Control Commission,,,,,
07/01/2024,APPROVED,Marijuana Cultivator,General Applicant,General Applicant,General Applicant,PROVISIONAL LICENSE,,COMPLETE,MC283849,Burn Bright LLC,Holyoke,1040.0,,,1 Cabot Street Unit #8,,Holyoke,MA,1040,POINT (-72.571312 42.12756),POINT (-72.602168 42.1966370),1 Cabot Street Unit #8,,Holyoke,MA,1040,32-0702878,MCN283849,6/28/2023 04:44:37 PM,4/19/2023 08:43:25 AM,,False,no,,SE306556,,,,,,,Not a DBE,Indoor,"Tier 01: up to 5,000 square feet",,3/5/2023 10:59:47 AM,7/14/2023 03:19:23 PM,10/12/2023 12:48:24 PM,11/24/2023 03:00:00 AM,11/24/2024 03:00:00 AM,,1250.0,1040.0,Holyoke,Hampden,42.12756,-72.571312,Western MA,1 Cabot Street Unit #8,,MA,42.196637,-72.602168,1.0,Cabot St,Unit,8.0,Holyoke,MA,Hampden County,1040.0,Burn Bright LLC,MA,MACCC,Massachusetts Cannabis Control Commission,,,,,
07/01/2024,APPROVED,Marijuana Retailer,General Applicant,General Applicant,General Applicant,COMMENCE OPS,8/29/2019,COMPLETE,MR281245,"253 Organic, LLC",Montague,1376.0,,,253 Millers Falls Road,,Turners Fall,MA,1376,POINT (-72.573941 42.587072),POINT (-72.527305 42.5902900),c/o The Wagner Law Group,99 Summer Street,Boston,MA,2110,82-4664662,MRN281245,9/6/2018 05:00:52 PM,8/14/2018 12:00:00 AM,10/18/2018 02:58:38 PM,False,,,,,,,,,,Not a DBE,,,8/8/2019 04:00:00 AM,4/17/2018 12:09:14 PM,9/11/2018 12:00:00 AM,10/4/2018 03:25:56 PM,10/12/2023 04:00:00 AM,10/25/2024 04:00:00 AM,,5000.0,1376.0,Turners Falls,Franklin,42.587072,-72.573941,,253 Millers Falls Road,P.O. Box 253,MA,42.59029,-72.527306,253.0,Millers Falls Rd,,,Turners Falls,MA,Franklin County,1376.0,"253 Organic, LLC",MA,MACCC,Massachusetts Cannabis Control Commission,,,,,
07/01/2024,APPROVED,Marijuana Retailer,Priority Review - MTC Priority,Priority,MTC Priority,COMMENCE OPS,10/29/2020,COMPLETE,MR282319,Trichome Health Corp.,Worcester,1606.0,,,12 Pennsylvania Ave,,Newton,MA,2464,POINT (-71.840209 42.329642),POINT (-71.805735 42.2908320),12 Pennsylvania Ave,,Newton,MA,2464,81-3554788,MRN282319,3/8/2019 04:59:14 PM,3/19/2019 12:00:00 AM,5/29/2019 12:02:49 PM,True,,,,,,,APPROVED,RP201939,RP201939,Not a DBE,,,10/8/2020 04:00:00 AM,1/22/2019 10:20:03 AM,3/19/2019 12:00:00 AM,5/16/2019 01:41:36 PM,4/14/2023 04:00:00 AM,10/1/2024 04:00:00 AM,,5000.0,1606.0,Worcester,Worcester,42.329642,-71.840209,Central MA,62-68 W. Boylston St.,,MA,42.290832,-71.805736,68.0,W Boylston St,,,Worcester,MA,Worcester County,1606.0,Trichome Health Corp.,MA,MACCC,Massachusetts Cannabis Control Commission,,,,,
07/01/2024,APPROVED,Marijuana Cultivator,Expedited Review - DBE Status,Expedited,DBE Status,PROVISIONAL LICENSE,,COMPLETE,MC282295,Matriline Farms LLC,Douglas,1516.0,,,153 Davis St,,Douglas,MA,1516,POINT (-71.840209 42.329642),POINT (-71.686701 42.057693),22 Chilton Ave.,,Kingston,MA,2364,85-4056975,MCN282295,11/29/2021 11:18:12 AM,9/21/2021 03:01:31 PM,1/19/2023 04:31:49 PM,False,no,,,,,,,,,Minority-Owned Business,Indoor,"Tier 01: up to 5,000 square feet",,7/23/2019 04:51:51 PM,12/3/2021 12:18:18 PM,1/20/2022 03:42:48 PM,12/14/2023 03:00:00 AM,1/19/2025 03:00:00 AM,,1250.0,1516.0,Douglas,Worcester,42.329642,-71.840209,Central MA,153 Davis St.,,MA,42.057693,-71.686702,153.0,Davis St,,,Douglas,MA,Worcester County,1516.0,Matriline Farms LLC,MA,MACCC,Massachusetts Cannabis Control Commission,,,,,
07/01/2024,APPROVED,Marijuana Retailer,General Applicant,General Applicant,General Applicant,COMMENCE OPS,7/1/2019,COMPLETE,MR281796,Canna Provisions Inc,Lee,1238.0,,,214 Adams Ave,,West Newton,MA,2465,POINT (-73.209889 42.396128),POINT (-73.242132 42.2993979),220 Housatonic Street,,Lee,MA,1238,82-5377573,MRN281796,9/3/2018 07:08:31 PM,11/7/2018 12:00:00 AM,3/5/2019 04:02:35 PM,False,,,,,,,,,,Not a DBE,,,5/30/2019 04:00:00 AM,8/12/2018 11:33:26 AM,11/8/2018 12:00:00 AM,2/21/2019 04:10:09 PM,2/8/2024 03:00:00 AM,3/13/2025 04:00:00 AM,,5000.0,1238.0,Lee,Berkshire,42.396128,-73.209889,Western MA,220 Housatonic Street,,MA,42.299398,-73.242133,220.0,Housatonic St,,,Lee,MA,Berkshire County,1238.0,Canna Provisions Inc,MA,MACCC,Massachusetts Cannabis Control Commission,,,,,
07/01/2024,APPROVED,Marijuana Delivery Operator Pre-Certification,Expedited Review - Social Equity Participant,Expedited,Social Equity Participant,PROVISIONAL LICENSE,,COMPLETE,PMD5963,Herby Home Delivery LLC,,,,,36A Wheeler St,,Pepperell,MA,1463,,,36A Wheeler St,,Pepperell,MA,1463,87-3265712,PMDA5963,11/30/2021 07:40:05 PM,11/30/2021 12:33:48 PM,,False,,SE305364,SE305364,,,,,,,Not a DBE,,,,11/18/2021 10:33:35 PM,12/14/2021 11:27:16 AM,12/14/2021 11:27:25 AM,12/14/2021 03:00:00 AM,12/14/2023 03:00:00 AM,,0.0,,,,,,,,,MA,,,,,,,,,,,Herby Home Delivery LLC,MA,MACCC,Massachusetts Cannabis Control Commission,,,,,
07/01/2024,APPROVED,Marijuana Delivery Operator Pre-Certification,Expedited Review - Social Equity Participant,Expedited,Social Equity Participant,PROVISIONAL LICENSE,,COMPLETE,PMD6067,"THConnect, LLC dba ""Houz of Diesel""",,,,,141 MORAINE ST,,BROCKTON,MA,2301,,,141 MORAINE ST,,Brockton,MA,2301,88-0996525,PMDA6067,5/23/2023 02:31:19 PM,5/3/2023 10:32:40 AM,,False,,SE303704,SE303704,,,,,,,Not a DBE,,,,5/1/2023 09:29:20 AM,6/9/2023 01:49:18 PM,7/28/2023 01:41:29 PM,7/28/2023 04:00:00 AM,7/28/2025 04:00:00 AM,,0.0,,,,,,,,,MA,,,,,,,,,,,"THConnect, LLC dba ""Houz of Diesel""",MA,MACCC,Massachusetts Cannabis Control Commission,,,,,
07/01/2024,APPROVED,Marijuana Courier Pre-Certification,Expedited Review - Social Equity Participant,Expedited,Social Equity Participant,PROVISIONAL LICENSE,,COMPLETE,PDO103152,"6 Bricks Delivery, LLC.",,,,,6 Olney Avenue,,Springfield,MA,1119,,,6 Olney Avenue,,Springfield,MA,1119,85-1818042,PDOA103152,7/30/2020 02:00:11 PM,7/15/2020 02:02:56 PM,,False,,SE304833,,,,,,,,Minority-Owned Business | Woman-Owned Business,,,,7/1/2020 08:01:33 PM,,8/5/2020 12:15:02 PM,8/5/2020 04:00:00 AM,8/5/2022 04:00:00 AM,,0.0,,,,,,,,,MA,,,,,,,,,,,"6 Bricks Delivery, LLC.",MA,MACCC,Massachusetts Cannabis Control Commission,,,,,
07/01/2024,APPROVED,Marijuana Product Manufacturer,Expedited Review - DBE Status,Expedited,DBE Status,PROVISIONAL LICENSE,,COMPLETE,MP281852,Sparkboro Corp.,Egremont,1258.0,,,17 Sky Farm Road,,Egremont,MA,1258,POINT (-73.209889 42.396128),POINT (-73.416677 42.1850980),180 Elm Street Suite I#340,,Pittsfield,MA,1201,84-2817307,MPN281852,8/4/2020 01:33:59 PM,7/8/2020 11:11:32 AM,11/20/2020 03:40:25 PM,False,,,,,,,,,,Minority-Owned Business,,,,3/5/2020 02:53:08 PM,8/6/2020 11:48:40 AM,11/19/2020 04:24:20 PM,7/13/2023 04:00:00 AM,7/13/2024 04:00:00 AM,,10000.0,1258.0,South Egremont,Berkshire,42.396128,-73.209889,,120 Middle Water Street,,MA,42.185098,-73.416677,120.0,Egremont Plain Rd,,,Great Barrington,MA,Berkshire County,1230.0,Sparkboro Corp.,MA,MACCC,Massachusetts Cannabis Control Commission,,,,,
07/01/2024,APPROVED,Marijuana Cultivator,General Applicant,General Applicant,General Applicant,PROVISIONAL LICENSE,,COMPLETE,MC281342,"Holyoke Gardens, LLC",Holyoke,1040.0,,,5 Appleton Street,,Holyoke,MA,1040,POINT (-72.571312 42.12756),POINT (-72.598252 42.198608),5 Appleton Street,,Holyoke,MA,1040,82-4928299,MCN281342,10/13/2018 02:27:08 AM,8/2/2018 12:00:00 AM,6/19/2019 10:10:47 PM,False,,,,,,,,,,Not a DBE,Indoor,"Tier 06: 40,001 to 50,000 sq. ft",,5/1/2018 01:26:41 PM,10/18/2018 12:00:00 AM,1/10/2019 01:46:02 PM,4/14/2023 04:00:00 AM,8/15/2024 04:00:00 AM,,12500.0,1040.0,Holyoke,Hampden,42.12756,-72.571312,Western MA,5A Appleton Street,,MA,42.198608,-72.598252,5.0,Appleton St,,,Holyoke,MA,Hampden County,1040.0,"Holyoke Gardens, LLC",MA,MACCC,Massachusetts Cannabis Control Commission,,,,,
07/01/2024,APPROVED,Marijuana Cultivator,Expedited Review - License Type,Expedited,License Type,PROVISIONAL LICENSE,,COMPLETE,MC282765,SUN AND SOIL CRAFT CANNABIS LLC,Charlemont,1339.0,,,24 MOUNTAIN BRANCH RD,,CHARLEMONT,MA,1339,POINT (-72.573941 42.587072),POINT (-72.850757 42.637546),24 MOUNTAIN BRANCH RD,,CHARLEMONT,MA,1339,84-2106129,MCN282765,12/21/2021 05:40:15 PM,7/22/2021 03:52:14 PM,2/21/2022 10:36:22 AM,False,no,,,,,,,,,Veteran-Owned Business,Indoor,"Tier 02: 5,001 to 10,000 sq. ft.",,4/24/2020 09:03:08 AM,12/23/2021 02:09:23 PM,1/20/2022 03:46:37 PM,6/8/2023 04:00:00 AM,6/8/2024 04:00:00 AM,,2500.0,1339.0,Charlemont,Franklin,42.587072,-72.573941,Western MA,24 MOUNTAIN BRANCH RD,,MA,42.637546,-72.850757,24.0,Mountain Branch Rd,,,Charlemont,MA,Franklin County,1339.0,SUN AND SOIL CRAFT CANNABIS LLC,MA,MACCC,Massachusetts Cannabis Control Commission,,,,,
07/01/2024,APPROVED,Marijuana Product Manufacturer,Expedited Review - DBE Status,Expedited,DBE Status,PROVISIONAL LICENSE,,COMPLETE,MP281870,Buudda Brothers 90 Sargeant Street LLC,Holyoke,1040.0,,,90 Sargeant Street,,Holyoke,MA,1040,POINT (-72.571312 42.12756),POINT (-72.612803 42.1994260),170 Prospect Street,,Chicopee,MA,1013,85-0711639,MPN281870,5/15/2020 03:58:39 PM,4/23/2020 12:00:00 AM,7/9/2020 07:45:35 PM,False,,,,,,,,,,Minority-Owned Business,,,,4/9/2020 02:14:01 PM,5/26/2020 02:05:02 PM,7/9/2020 02:34:15 PM,1/12/2023 03:00:00 AM,1/12/2024 03:00:00 AM,,10000.0,1040.0,Holyoke,Hampden,42.12756,-72.571312,Western MA,90 Sargeant Street,,MA,42.199426,-72.612804,90.0,Sargeant St,,,Holyoke,MA,Hampden County,1040.0,Buudda Brothers 90 Sargeant Street LLC,MA,MACCC,Massachusetts Cannabis Control Commission,,,,,
07/01/2024,APPROVED,Marijuana Delivery Operator Pre-Certification,Expedited Review - Social Equity Participant,Expedited,Social Equity Participant,PROVISIONAL LICENSE,,COMPLETE,PMD5803,Clovercraft llc,,,,,17 East St.,,Easthampton,MA,1027,,,17 East St.,,Easthampton,MA,1027,85-2089487,PMDA5803,6/25/2021 02:37:31 PM,6/25/2021 01:49:16 PM,,False,,SE304457,SE304457,,,,,,,Not a DBE,,,,5/28/2021 10:27:41 AM,7/12/2021 11:54:39 AM,7/12/2021 11:54:47 AM,7/12/2021 04:00:00 AM,7/12/2023 04:00:00 AM,,0.0,,,,,,,,,MA,,,,,,,,,,,Clovercraft llc,MA,MACCC,Massachusetts Cannabis Control Commission,,,,,
07/01/2024,APPROVED,Marijuana Retailer,Priority Review - MTC Priority,Priority,MTC Priority,COMMENCE OPS,7/20/2021,COMPLETE,MR282742,"Olde World Remedies, Inc.",Lynn,1901.0,,,50 Congress Street,Suite 420,Boston,MA,2109,POINT (-70.970827 42.635475),POINT (-70.972917 42.4564870),50 Congress Street,Suite 420,Boston,MA,2109,47-4390517,MRN282742,12/6/2019 05:48:09 PM,9/19/2019 12:00:00 AM,,True,,,,,,,,,RPA201932,Not a DBE,,,6/17/2021 04:00:00 AM,5/28/2019 02:34:23 PM,12/11/2019 12:00:00 AM,2/7/2020 09:22:33 AM,5/11/2023 04:00:00 AM,9/12/2024 04:00:00 AM,,10000.0,1901.0,Lynn,Essex,42.635475,-70.970827,Northeast,953 Western Avenue,,MA,42.456487,-70.972918,953.0,Western Ave,,,Lynn,MA,Essex County,1905.0,"Olde World Remedies, Inc.",MA,MACCC,Massachusetts Cannabis Control Commission,,,,,
07/01/2024,APPROVED,Craft Marijuana Cooperative,Expedited Review - Two or More,Expedited,Two or More,PROVISIONAL LICENSE,,COMPLETE,CO281297,High Dune Craft Cooperative LLC,,,,,23 Old Bridge Rd.,,Truro,MA,2666,,POINT (-71.489592 42.15652),PO Box 273,,North Truro,MA,2652,82-5002251,CON281297,5/13/2021 11:52:43 AM,2/19/2020 12:00:00 AM,,False,,,,,,,,,,"Disability-Owned Business | Woman-Owned Business | Lesbian, Gay, Bisexual, and Transgender Owned Business | Veteran-Owned Business",Outdoor,"Tier 03: 10,001 to 20,000 sq. ft",,5/1/2018 09:47:12 AM,4/9/2021 09:30:37 AM,6/22/2021 11:02:57 AM,7/13/2021 04:00:00 AM,8/12/2022 04:00:00 AM,,2500.0,,,,,,,,,MA,42.15652,-71.489592,,,,,,MA,,,High Dune Craft Cooperative LLC,MA,MACCC,Massachusetts Cannabis Control Commission,,,,,
07/01/2024,APPROVED,Marijuana Retailer,Priority Review - MTC Priority,Priority,MTC Priority,PROVISIONAL LICENSE,,COMPLETE,MR282271,Beacon Compassion Inc,New Bedford,2740.0,,,366 Hathaway Road,,New Bedford,MA,2740,POINT (-71.102131 41.778329),POINT (-70.954327 41.6566150),12 Post Office Square,6th Floor,Boston,MA,2109,83-2057586,MRN282271,12/6/2021 11:51:59 AM,10/19/2021 02:05:27 PM,,True,no,,,,,,APPROVED,RP201902,RP201902,Not a DBE,,,,1/9/2019 04:26:43 PM,12/10/2021 01:32:48 PM,4/7/2022 12:46:00 PM,4/14/2023 04:00:00 AM,4/25/2024 04:00:00 AM,,10000.0,2740.0,New Bedford,Bristol,41.778329,-71.102131,Southeast and Cape,366 Hathaway Road,,MA,41.656615,-70.954327,366.0,Hathaway Rd,,,New Bedford,MA,Bristol County,2740.0,Beacon Compassion Inc,MA,MACCC,Massachusetts Cannabis Control Commission,,,,,
07/01/2024,APPROVED,Marijuana Cultivator,Expedited Review - License Type,Expedited,License Type,COMMENCE OPS,2/7/2022,COMPLETE,MC283296,River Valley Growers Inc,Hatfield,1038.0,,,Bashin Road Lot 12 Map 202,,Hatfield,MA,1038,POINT (-72.62073 42.322256),POINT (-72.589606 42.422162),6 Upper Farms Path,,Hatfield,MA,1038,12-1234567,MCN283296,2/24/2021 05:20:06 PM,2/22/2021 10:40:11 AM,6/13/2021 11:05:25 AM,False,no,,,,,,,,,Not a DBE,Outdoor,"Tier 11: 90,001 to 100,000 sq. ft",7/15/2021 04:00:00 AM,1/12/2021 09:24:03 AM,3/12/2021 09:07:18 AM,5/13/2021 12:34:54 PM,5/11/2023 04:00:00 AM,10/11/2024 04:00:00 AM,,25000.0,1038.0,Hatfield,Hampshire,42.322256,-72.62073,Western MA,586 Main Street,,MA,42.422162,-72.589606,586.0,Main St,,,Hatfield,MA,Hampshire County,1038.0,River Valley Growers Inc,MA,MACCC,Massachusetts Cannabis Control Commission,,,,,
07/01/2024,APPROVED,Marijuana Product Manufacturer,General Applicant,General Applicant,General Applicant,PROVISIONAL LICENSE,,COMPLETE,MP281740,"The Hub Craft, LLC",Fitchburg,1420.0,,,25 Newport Street,,Fitchburg,MA,91775,POINT (-71.840209 42.329642),POINT (-71.774523 42.5662639),308 N. California Street,,San Gabriel,CA,91775,84-1927817,MPN281740,4/8/2020 10:03:20 AM,2/6/2020 12:00:00 AM,,False,,,,,,,,,,Minority-Owned Business,,,,8/9/2019 11:41:01 AM,4/7/2020 12:00:00 AM,7/9/2020 03:58:27 PM,8/12/2021 04:00:00 AM,8/16/2022 04:00:00 AM,,10000.0,1420.0,Fitchburg,Worcester,42.329642,-71.840209,Central MA,25 Newport Street,,MA,42.566264,-71.774523,25.0,Newport St,,,Fitchburg,MA,Worcester County,1420.0,"The Hub Craft, LLC",MA,MACCC,Massachusetts Cannabis Control Commission,,,,,
07/01/2024,APPROVED,Marijuana Delivery Operator,Expedited Review - Social Equity Participant,Expedited,Social Equity Participant,COMMENCE OPS,2/14/2023,COMPLETE,MD1265,Rolling Releaf LLC,Middleborough,2346.0,,,370 Wareham Street,,Middleborough,MA,2346,POINT (-70.818958 41.978877),,22 Rock Island Road,,Quincy,MA,2169,85-1220335,MDA1265,9/3/2021 10:19:49 AM,9/1/2021 11:11:22 AM,,False,,SE303639,SE303639,,,,,,,Not a DBE,,,1/12/2023 03:00:00 AM,7/12/2021 01:52:33 PM,9/10/2021 09:41:27 AM,11/18/2021 02:39:11 PM,11/9/2023 03:00:00 AM,11/18/2024 03:00:00 AM,,0.0,2346.0,Middleboro,Plymouth,41.978877,-70.818958,,,,MA,,,,,,,,,,,Rolling Releaf LLC,MA,MACCC,Massachusetts Cannabis Control Commission,,,,,
07/01/2024,APPROVED,Marijuana Cultivator,General Applicant,General Applicant,General Applicant,COMMENCE OPS,10/27/2021,COMPLETE,MC282059,Mederi Inc.,Holliston,1746.0,,,44 Boynton Road,,Holliston,MA,1746,POINT (-71.275566 42.459085),POINT (-71.462297 42.1623930),44 Boynton Road,,Holliston,MA,1746,82-3486721,MCN282059,2/20/2020 05:27:05 PM,11/6/2019 12:00:00 AM,5/8/2020 03:16:52 PM,False,,,,,,,,,,Not a DBE,Indoor,"Tier 02: 5,001 to 10,000 sq. ft.",2/11/2021 03:00:00 AM,3/28/2019 01:55:47 PM,2/27/2020 12:00:00 AM,5/8/2020 02:54:06 PM,8/10/2023 04:00:00 AM,8/14/2024 04:00:00 AM,,2500.0,1746.0,Holliston,Middlesex,42.459085,-71.275566,Central MA,44 Boynton Road,,MA,42.162393,-71.462297,44.0,Boynton Rd,,,Holliston,MA,Middlesex County,1746.0,Mederi Inc.,MA,MACCC,Massachusetts Cannabis Control Commission,,,,,
07/01/2024,APPROVED,Marijuana Cultivator,Expedited Review - License Type,Expedited,License Type,PROVISIONAL LICENSE,,COMPLETE,MC283045,ZGC LLC,Sheffield,1222.0,,,200 HIGHLAND AVENUE,Suite 401,NEEDHAM,MA,2494,POINT (-73.209889 42.396128),POINT (-73.309572 42.04833),200 HIGHLAND AVENUE,Suite 401,NEEDHAM,MA,2494,00-1469218,MCN283045,2/4/2021 04:01:23 PM,12/29/2020 09:32:54 AM,,False,no,,,,,,,,,Not a DBE,Outdoor,"Tier 11: 90,001 to 100,000 sq. ft",,9/7/2020 10:48:57 PM,2/11/2021 01:43:00 PM,3/11/2021 02:10:07 PM,3/16/2021 04:00:00 AM,3/16/2022 04:00:00 AM,,25000.0,1222.0,Ashley Falls,Berkshire,42.396128,-73.209889,,806 Polikoff Rd,,MA,42.04833,-73.309572,806.0,Polikoff Rd,,,Ashley Falls,MA,Berkshire County,1222.0,ZGC LLC,MA,MACCC,Massachusetts Cannabis Control Commission,,,,,
07/01/2024,APPROVED,Marijuana Cultivator,Expedited Review - Social Equity Participant,Expedited,Social Equity Participant,PROVISIONAL LICENSE,,COMPLETE,MC283141,Evokanna Labs LLC,Ashburnham,1430.0,,,207 Kenoza St,,Haverhill,MA,1830,POINT (-71.840209 42.329642),POINT (-71.939204 42.6087520),207 Kenoza St,,Haverhill,MA,1830,85-3468885,MCN283141,6/3/2021 05:04:00 PM,12/4/2020 05:09:25 PM,10/7/2021 04:12:18 PM,False,yes,SE304359,SE304359,,,,,,,Minority-Owned Business,Indoor,"Tier 04: 20,001 to 30,000 sq. ft",,10/23/2020 04:25:37 PM,6/25/2021 11:31:08 AM,9/17/2021 12:28:24 PM,10/12/2023 04:00:00 AM,10/16/2024 04:00:00 AM,,10000.0,1430.0,Ashburnham,Worcester,42.329642,-71.840209,Central MA,14 South Pleasant Street,,MA,42.608752,-71.939204,14.0,S Pleasant St,,,Ashburnham,MA,Worcester County,1430.0,Evokanna Labs LLC,MA,MACCC,Massachusetts Cannabis Control Commission,,,,,
07/01/2024,APPROVED,Marijuana Courier Pre-Certification,Expedited Review - Social Equity Participant,Expedited,Social Equity Participant,PROVISIONAL LICENSE,,COMPLETE,PDO103097,Terrasol To Go LLC,,,,,87 EAST ASHLAND ST.,,BROCKTON,MA,2302,,,PO Box 493,,Brockton,MA,2303,85-1205299,PDOA103097,6/27/2020 01:56:50 AM,6/11/2020 12:35:54 PM,,False,,SE303509,SE303509,,,,,,,Not a DBE,,,,6/2/2020 10:57:13 AM,7/7/2020 10:43:33 AM,8/5/2020 01:42:59 PM,8/5/2020 04:00:00 AM,8/5/2022 04:00:00 AM,,0.0,,,,,,,,,MA,,,,,,,,,,,Terrasol To Go LLC,MA,MACCC,Massachusetts Cannabis Control Commission,,,,,
07/01/2024,APPROVED,Marijuana Delivery Operator Pre-Certification,Expedited Review - Social Equity Participant,Expedited,Social Equity Participant,PROVISIONAL LICENSE,,COMPLETE,PMD5836,Massachusetts Caregivers LLC,,,,,405 Deerfield St.,,Greenfield,MA,1301,,,52 B Northampton St.,,Easthampton,MA,1027,12-1234567,PMDA5836,11/2/2021 11:29:07 AM,10/29/2021 12:44:46 PM,,False,,SE303999,SE303999,,,,,,,Not a DBE,,,,5/29/2021 08:15:03 PM,11/5/2021 07:22:45 AM,11/8/2021 07:22:57 AM,11/8/2021 03:00:00 AM,11/8/2023 03:00:00 AM,,0.0,,,,,,,,,MA,,,,,,,,,,,Massachusetts Caregivers LLC,MA,MACCC,Massachusetts Cannabis Control Commission,,,,,
07/01/2024,APPROVED,Marijuana Cultivator,Expedited Review - License Type,Expedited,License Type,COMMENCE OPS,8/23/2021,COMPLETE,MC282052,"COASTAL CULTIVARS,LLC.",Wareham,2576.0,,,399 Boylston St,Sixth Floor,Boston,MA,2116,POINT (-70.818958 41.978877),POINT (-70.750125 41.7814130),399 Boylston St.,Sixth Floor,Boston,MA,2116,83-2354890,MCN282052,3/13/2020 08:51:17 PM,10/4/2019 12:00:00 AM,,False,,,,,,,,,,Minority-Owned Business,Outdoor,"Tier 11: 90,001 to 100,000 sq. ft",4/16/2021 04:00:00 AM,3/24/2019 10:26:10 PM,3/27/2020 12:00:00 AM,7/9/2020 02:38:15 PM,9/14/2023 04:00:00 AM,11/11/2024 03:00:00 AM,,25000.0,2576.0,West Wareham,Plymouth,41.978877,-70.818958,,23 Patterson Brook Road,,MA,41.781413,-70.750126,23.0,Patterson Brook Rd,,,West Wareham,MA,Plymouth County,2576.0,"COASTAL CULTIVARS,LLC.",MA,MACCC,Massachusetts Cannabis Control Commission,,,,,
07/01/2024,APPROVED,Medical Marijuana Treatment Center,General Applicant,General Applicant,General Applicant,PROVISIONAL CONSIDERATION,,PAYMENT_PENDING,RMD4128,"Native Sun Wellness, Inc.",Hudson,1749.0,,,37 Coolidge Street,,Hudson,MA,1749,POINT (-71.275566 42.459085),POINT (-71.564430 42.3917799),77 Rumford Avenue,Suite 7,Waltham,MA,2453,82-2598834,RMDA4128,2/15/2024 02:43:47 PM,1/16/2024 01:04:31 PM,,False,,,,,,,,,,Not a DBE,Indoor,"Tier 05: 30,001 to 40,000 sq. ft",,8/10/2023 09:58:25 PM,2/27/2024 02:42:05 PM,6/13/2024 03:33:39 PM,,,,0.0,1749.0,Hudson,Middlesex,42.459085,-71.275566,Central MA,,,MA,42.39178,-71.56443,,,,,Hudson,MA,Middlesex County,1749.0,"Native Sun Wellness, Inc.",MA,MACCC,Massachusetts Cannabis Control Commission,,,,,
07/01/2024,APPROVED,Marijuana Retailer,Priority Review - MTC Priority,Priority,MTC Priority,COMMENCE OPS,1/14/2021,COMPLETE,MR281709,"Nature's Medicines, Inc.",Uxbridge,1569.0,,,1045 Quaker Highway,,Uxbridge,MA,1569,POINT (-71.840209 42.329642),POINT (-71.597437 42.0150980),Po Box D,482 Globe Street,Fall River,MA,2724,47-4387528,MRN281709,3/23/2019 05:43:35 AM,3/15/2019 12:00:00 AM,6/1/2019 09:42:48 PM,True,,,,,,,APPROVED,RP201918,RP201918,Not a DBE,,,11/19/2020 03:00:00 AM,7/13/2018 03:36:37 PM,4/9/2019 12:00:00 AM,5/30/2019 02:00:54 PM,9/14/2023 04:00:00 AM,9/18/2024 04:00:00 AM,,5000.0,1569.0,Uxbridge,Worcester,42.329642,-71.840209,Central MA,1045 Quaker Highway,,MA,42.015098,-71.597438,1045.0,Quaker Hwy,,,Uxbridge,MA,Worcester County,1569.0,"Nature's Medicines, Inc.",MA,MACCC,Massachusetts Cannabis Control Commission,,,,,
07/01/2024,APPROVED,Marijuana Retailer,General Applicant,General Applicant,General Applicant,FINAL LICENSE,,COMPLETE,MR283656,Ocean Breeze Cultivators LLC,Gloucester,1930.0,,,9 Whistle Stop Way,,Gloucester,MA,1930,POINT (-70.970827 42.635475),POINT (-70.668098 42.6170070),34 Winthrop Ave.,,Gloucester,MA,1930,83-3036787,MRN283656,4/6/2021 06:31:15 PM,12/4/2020 01:08:16 PM,,False,no,,,,,,,,,Not a DBE,,,6/13/2024 04:00:00 AM,7/10/2020 10:43:48 AM,4/30/2021 08:55:58 AM,7/15/2021 04:39:19 PM,6/13/2024 04:00:00 AM,6/13/2025 04:00:00 AM,,10000.0,1930.0,Gloucester,Essex,42.635475,-70.970827,Northeast,9 Whistle Stop Way,,MA,42.617007,-70.668099,9.0,Whistle Stop Way,,,Gloucester,MA,Essex County,1930.0,Ocean Breeze Cultivators LLC,MA,MACCC,Massachusetts Cannabis Control Commission,,,,,
07/01/2024,APPROVED,Marijuana Product Manufacturer,General Applicant,General Applicant,General Applicant,COMMENCE OPS,2/7/2023,COMPLETE,MP281490,"27 Broom Street, LLC",Plainfield,1070.0,,,26 Brookside Drive,,Feeding Hills,MA,1030,POINT (-72.62073 42.322256),POINT (-72.900081 42.51052),26 Brookside Drive,,Feeding Hills,MA,1030,82-0727541,MPN281490,12/2/2019 02:20:41 PM,5/20/2019 12:00:00 AM,3/20/2020 03:45:43 PM,False,,,,,,,,,,Not a DBE,,,12/8/2022 03:00:00 AM,9/19/2018 01:56:54 PM,10/3/2019 12:00:00 AM,1/9/2020 11:19:54 AM,7/13/2023 04:00:00 AM,8/6/2024 04:00:00 AM,,10000.0,1070.0,Plainfield,Hampshire,42.322256,-72.62073,Western MA,27 Broom Street,,MA,42.51052,-72.900082,27.0,Broom St,,,Plainfield,MA,Hampshire County,1070.0,"27 Broom Street, LLC",MA,MACCC,Massachusetts Cannabis Control Commission,,,,,
07/01/2024,APPROVED,Marijuana Retailer,Priority Review - MTC Priority,Priority,MTC Priority,COMMENCE OPS,12/17/2018,COMPLETE,MR281252,Pharmacannis Massachusetts Inc.,Wareham,2571.0,,,112 Main Street,,Wareham,MA,2571,POINT (-70.818958 41.978877),POINT (-70.713284 41.7560209),112 Main Street,PO Box 391,Wareham,MA,2571,46-3307025,MRN281252,7/5/2018 10:38:43 AM,5/10/2018 12:00:00 AM,8/10/2018 10:49:41 AM,True,,,,,,,APPROVED,RP201821,RP201821,Not a DBE,,,11/1/2018 04:00:00 AM,4/17/2018 01:42:58 PM,7/5/2018 12:00:00 AM,8/9/2018 04:29:44 PM,9/14/2023 04:00:00 AM,10/14/2024 04:00:00 AM,,5000.0,2571.0,Wareham,Plymouth,41.978877,-70.818958,Southeast and Cape,112 Main Street,,MA,41.756021,-70.713285,112.0,Main St,,,Wareham,MA,Plymouth County,2571.0,Pharmacannis Massachusetts Inc.,MA,MACCC,Massachusetts Cannabis Control Commission,,,,,
07/01/2024,APPROVED,Marijuana Retailer,General Applicant,General Applicant,General Applicant,PROVISIONAL LICENSE,,COMPLETE,MR281755,Fairway Botanicals Inc.,Boston,2131.0,,,882-884 South St,,Roslindale,MA,2131,POINT (-71.073493 42.334948),POINT (-71.134319 42.2885879),16 Fairview St,,Roslindale,MA,2131,83-3656519,MRN281755,5/25/2022 11:32:06 AM,5/5/2021 11:44:28 AM,8/2/2022 07:08:06 AM,False,no,,,,,,,,,Not a DBE,,,,7/28/2018 09:38:26 PM,6/10/2022 10:59:22 AM,7/14/2022 12:04:54 PM,7/13/2023 04:00:00 AM,8/2/2024 04:00:00 AM,,10000.0,2131.0,Roslindale,Suffolk,42.334948,-71.073493,,882-886 South St,,MA,42.288588,-71.134319,886.0,South St,,,Roslindale,MA,Suffolk County,2131.0,Fairway Botanicals Inc.,MA,MACCC,Massachusetts Cannabis Control Commission,,,,,
07/01/2024,APPROVED,Marijuana Retailer,General Applicant,General Applicant,General Applicant,COMMENCE OPS,12/6/2021,COMPLETE,MR282527,Munro Associates LLC,Worcester,1606.0,,,885 BUFFINTON ST.,,SOMERSET,MA,2726,POINT (-71.840209 42.329642),POINT (-71.792043 42.3240389),885 BUFFINTON ST.,,SOMERSET,MA,2726,83-2236376,MRN282527,3/2/2020 03:18:19 PM,1/9/2020 12:00:00 AM,,False,,,,,,,,,,Not a DBE,,,11/18/2021 03:00:00 AM,3/27/2019 11:09:54 AM,3/5/2020 12:00:00 AM,5/11/2020 08:02:43 PM,5/11/2023 04:00:00 AM,10/7/2024 04:00:00 AM,,10000.0,1606.0,Worcester,Worcester,42.329642,-71.840209,Central MA,17 East Mountain Street,,MA,42.324039,-71.792043,17.0,Mountain St E,,,Worcester,MA,Worcester County,1606.0,Munro Associates LLC,MA,MACCC,Massachusetts Cannabis Control Commission,,,,,
07/01/2024,APPROVED,Marijuana Retailer,Priority Review - MTC Priority,Priority,MTC Priority,COMMENCE OPS,7/24/2020,COMPLETE,MR282801,"Fidelity Wellness Center, Inc.",Rockland,2370.0,,,38 Church Street,,Winchester,MA,1890,POINT (-70.818958 41.978877),POINT (-70.910635 42.1609130),38 Church Street,,Winchester,MA,1890,82-5058119,MRN282801,9/23/2019 10:34:48 PM,9/5/2019 12:00:00 AM,3/17/2020 10:31:21 AM,True,,,,,,,APPROVED,RP201987,RP201987,Not a DBE,,,7/9/2020 04:00:00 AM,6/21/2019 10:35:32 AM,10/7/2019 12:00:00 AM,1/16/2020 03:34:31 PM,3/7/2024 03:00:00 AM,3/17/2025 04:00:00 AM,,10000.0,2370.0,Rockland,Plymouth,41.978877,-70.818958,Southeast and Cape,256 Weymouth Street,,MA,42.160913,-70.910636,256.0,Weymouth St,,,Rockland,MA,Plymouth County,2370.0,"Fidelity Wellness Center, Inc.",MA,MACCC,Massachusetts Cannabis Control Commission,,,,,
07/01/2024,APPROVED,Marijuana Retailer,Priority Review - Economic Empowerment Priority,Priority,Economic Empowerment Priority,COMMENCE OPS,10/4/2023,COMPLETE,MR283332,Low key LLC,Boston,2124.0,,,1601 Blue Hill Avenue suite 201,,boston,MA,2126,POINT (-71.073493 42.334948),POINT (-71.072001 42.2916390),1601 Blue Hill Ave suite 201,,Boston,MA,2126,84-5188219,MRN283332,4/21/2021 06:38:50 PM,6/23/2020 04:27:09 PM,7/15/2021 06:09:03 PM,True,yes,EE202286,,APPROVED,EE202286,EE202286,,,,Not a DBE,,,9/14/2023 04:00:00 AM,3/5/2020 03:16:31 PM,5/3/2021 09:53:03 AM,7/15/2021 04:36:37 PM,7/13/2023 04:00:00 AM,7/15/2024 04:00:00 AM,,5000.0,2124.0,Boston,Suffolk,42.334948,-71.073493,Metro Boston,571B Washington st,,MA,42.291639,-71.072001,571.0,Washington St,,,Dorchester Center,MA,Suffolk County,2124.0,Low key LLC,MA,MACCC,Massachusetts Cannabis Control Commission,,,,,
07/01/2024,APPROVED,Marijuana Cultivator,General Applicant,General Applicant,General Applicant,PROVISIONAL LICENSE,,COMPLETE,MC281413,Urban Grown Inc.,Whately,1093.0,,,4 Keefe Avenue,,Holyoke,MA,1040,POINT (-72.573941 42.587072),POINT (-72.607922 42.447035),81 Shattuck Rd,,Hadley,MA,1035,81-5017094,MCN281413,11/13/2018 04:18:08 PM,8/20/2018 12:00:00 AM,2/14/2019 03:07:08 PM,False,,,,,,,,,,Not a DBE,Outdoor,"Tier 02: 5,001 to 10,000 sq. ft.",,5/8/2018 07:50:08 PM,11/26/2018 12:00:00 AM,1/24/2019 03:59:50 PM,3/9/2023 03:00:00 AM,3/9/2024 03:00:00 AM,,1250.0,1093.0,Whately,Franklin,42.587072,-72.573941,Western MA,149 Christian Lane,,MA,42.447035,-72.607922,149.0,Christian Ln,,,South Deerfield,MA,Franklin County,1373.0,Urban Grown Inc.,MA,MACCC,Massachusetts Cannabis Control Commission,,,,,
07/01/2024,APPROVED,Marijuana Delivery Operator,Expedited Review - Two or More,Expedited,Two or More,PROVISIONAL LICENSE,,COMPLETE,MD1313,TasteBudz Delivery LLC.,Lynn,1905.0,,,22 Wyman St,Apt. 1,Lynn,MA,1905,POINT (-70.970827 42.635475),,22 Wyman St,Apt. 1,Lynn,MA,1905,85-1419229,MDA1313,9/12/2022 07:54:15 PM,8/12/2022 10:54:46 AM,,False,,SE304535,SE304535,,,,,,,Minority-Owned Business,,,,5/26/2022 10:26:25 AM,11/8/2022 12:51:05 PM,1/12/2023 01:38:35 PM,1/12/2023 03:00:00 AM,1/12/2024 03:00:00 AM,,0.0,1905.0,Lynn,Essex,42.635475,-70.970827,Northeast,,,MA,,,,,,,,,,,TasteBudz Delivery LLC.,MA,MACCC,Massachusetts Cannabis Control Commission,,,,,
07/01/2024,APPROVED,Marijuana Product Manufacturer,General Applicant,General Applicant,General Applicant,COMMENCE OPS,7/15/2020,COMPLETE,MP281505,"Berkshire Welco, LLC",Sheffield,1257.0,,,264 Main St.,3rd Floor,Great Barrington,MA,1230,POINT (-73.209889 42.396128),POINT (-73.363741 42.1425940),264 Main St.,3rd Floor,Great Barrington,MA,1230,82-4943268,MPN281505,12/3/2019 01:19:54 PM,4/30/2019 12:00:00 AM,1/15/2020 08:43:35 PM,False,,,,,,,,,,Not a DBE,,,3/5/2020 03:00:00 AM,10/9/2018 12:22:57 AM,11/1/2019 12:00:00 AM,1/9/2020 11:23:35 AM,1/11/2024 03:00:00 AM,2/4/2025 03:00:00 AM,,10000.0,1257.0,Sheffield,Berkshire,42.396128,-73.209889,Western MA,1375 Main St.,,MA,42.142594,-73.363741,1375.0,N Main St,,,Sheffield,MA,Berkshire County,1257.0,"Berkshire Welco, LLC",MA,MACCC,Massachusetts Cannabis Control Commission,,,,,
07/01/2024,APPROVED,Marijuana Retailer,Expedited Review - DBE Status,Expedited,DBE Status,PROVISIONAL CONSIDERATION,,PAYMENT_PENDING,MR285084,"Catamount Cannabis Company, LLC",Shelburne,10370.0,,,1105 Mohawk Trail,Unit 2,Shelburne,MA,1370,,POINT (-72.671786 42.6034999),1105 Mohawk Trail,#2,Shelburne,MA,1370,92-3959790,MRN285084,2/27/2024 03:33:55 PM,11/29/2023 12:31:22 PM,,False,no,,,,,,,,,Woman-Owned Business,,,,11/14/2023 01:41:14 PM,3/29/2024 03:45:34 PM,5/9/2024 12:29:50 PM,,,,0.0,,,,,,,1105 Mohawk Trail,Unit 2,MA,42.6035,-72.671787,1105.0,Mohawk Trl,,,Shelburne Falls,MA,Franklin County,1370.0,"Catamount Cannabis Company, LLC",MA,MACCC,Massachusetts Cannabis Control Commission,,,,,
07/01/2024,APPROVED,Marijuana Product Manufacturer,General Applicant,General Applicant,General Applicant,COMMENCE OPS,5/17/2021,COMPLETE,MP281555,TYCA Green,Clinton,1510.0,,,470 Main St.,,Clinton,MA,1510,POINT (-71.840209 42.329642),POINT (-71.690029 42.4164019),470 Main St.,,Clinton,MA,1510,83-1534263,MPN281555,1/3/2020 11:47:37 AM,8/9/2019 12:00:00 AM,2/6/2020 11:00:18 AM,False,,,,,,,,,,Not a DBE,,,2/11/2021 03:00:00 AM,12/10/2018 04:34:29 PM,11/1/2019 12:00:00 AM,1/16/2020 03:45:22 PM,2/8/2024 03:00:00 AM,3/13/2025 04:00:00 AM,,10000.0,1510.0,Clinton,Worcester,42.329642,-71.840209,Central MA,470 Main Street,,MA,42.416402,-71.69003,470.0,Main St,,,Clinton,MA,Worcester County,1510.0,TYCA Green,MA,MACCC,Massachusetts Cannabis Control Commission,,,,,
07/01/2024,APPROVED,Marijuana Retailer,Priority Review - Economic Empowerment Priority,Priority,Economic Empowerment Priority,COMMENCE OPS,9/2/2020,COMPLETE,MR282695,Community Growth Partners Great Barrington Operations LLC,Great Barrington,1230.0,,,783 South Main Street,,Great Barrington,MA,1230,POINT (-73.209889 42.396128),POINT (-73.362834 42.1791849),783 South Main Street,,Great Barrington,MA,1230,83-4030617,MRN282695,9/6/2019 02:57:33 PM,5/29/2019 12:00:00 AM,1/9/2020 05:24:56 PM,True,,,,INCOMPLETE,EE202038,EE202207,,,,Not a DBE,,,8/6/2020 04:00:00 AM,5/8/2019 05:45:38 PM,9/13/2019 12:00:00 AM,11/7/2019 01:33:35 PM,5/11/2023 04:00:00 AM,9/18/2024 04:00:00 AM,,5000.0,1230.0,Great Barrington,Berkshire,42.396128,-73.209889,Western MA,783 South Main Street,,MA,42.179185,-73.362834,783.0,Main St,,,Great Barrington,MA,Berkshire County,1230.0,Community Growth Partners Great Barrington Operations LLC,MA,MACCC,Massachusetts Cannabis Control Commission,,,,,
07/01/2024,APPROVED,Marijuana Cultivator,Priority Review - MTC Priority,Priority,MTC Priority,COMMENCE OPS,7/30/2020,COMPLETE,MC281631,"Healthy Pharms, Inc.",Georgetown,1833.0,,,401 E. Main St.,,Georgetown,MA,1833,POINT (-70.970827 42.635475),POINT (-70.961955 42.7066299),401 E. Main St.,,Georgetown,MA,1833,46-3447386,MCN281631,1/11/2019 05:37:48 PM,9/11/2018 12:00:00 AM,3/13/2019 09:04:04 AM,True,,,,,,,APPROVED,RP201814,RP201901,Not a DBE,Indoor,"Tier 04: 20,001 to 30,000 sq. ft",7/17/2019 04:00:00 AM,7/25/2018 05:51:37 PM,1/7/2019 12:00:00 AM,3/7/2019 04:08:32 PM,3/9/2023 03:00:00 AM,12/4/2024 03:00:00 AM,,7500.0,1833.0,Georgetown,Essex,42.635475,-70.970827,Northeast,401 E. Main Street,,MA,42.70663,-70.961955,401.0,E Main St,,,Georgetown,MA,Essex County,1833.0,"Healthy Pharms, Inc.",MA,MACCC,Massachusetts Cannabis Control Commission,,,,,
07/01/2024,APPROVED,Marijuana Cultivator,Expedited Review - License Type,Expedited,License Type,COMMENCE OPS,6/16/2023,COMPLETE,MC283608,"UC Cultivation, LLC",Ashby,1431.0,,,601 Fitchburg State Road,,Ashby,MA,1431,POINT (-71.275566 42.459085),POINT (-71.790603 42.6472770),601 Fitchburg State Road,,Ashby,MA,1431,87-2433821,MCN283608,12/7/2021 08:59:36 AM,10/18/2021 04:04:08 PM,3/21/2022 04:48:12 PM,False,no,,,,,,,,,Not a DBE,Outdoor,"Tier 05: 30,001 to 40,000 sq. ft",7/14/2022 04:00:00 AM,9/27/2021 10:40:35 AM,12/10/2021 01:39:29 PM,3/10/2022 01:49:21 PM,2/8/2024 03:00:00 AM,3/21/2025 04:00:00 AM,,11250.0,1431.0,Ashby,Middlesex,42.459085,-71.275566,Central MA,601 Fitchburg State Road,,MA,42.647277,-71.790603,601.0,Fitchburg State Rd,,,Ashby,MA,Middlesex County,1431.0,"UC Cultivation, LLC",MA,MACCC,Massachusetts Cannabis Control Commission,,,,,
07/01/2024,APPROVED,Marijuana Product Manufacturer,Priority Review - MTC Priority,Priority,MTC Priority,PROVISIONAL LICENSE,,COMPLETE,MP281564,NS AJO Holdings Inc.,Fitchburg,1420.0,,,67 Dana Street,Unit 1,Cambridge,MA,2138,POINT (-71.840209 42.329642),POINT (-71.847296 42.5515070),67 Dana Street,Unit 1,Cambridge,MA,2138,85-5166002,MPN281564,12/24/2019 09:15:24 AM,3/6/2019 12:00:00 AM,5/25/2020 08:48:06 PM,True,,,,,,,APPROVED,RP201991,RPA201991,Not a DBE,,,,12/29/2018 04:11:04 PM,1/15/2020 12:00:00 AM,3/5/2020 12:22:28 PM,4/11/2024 04:00:00 AM,5/25/2025 04:00:00 AM,,10000.0,1420.0,Fitchburg,Worcester,42.329642,-71.840209,Central MA,20 Authority Drive,,MA,42.551507,-71.847296,20.0,Authority Dr,,,Fitchburg,MA,Worcester County,1420.0,NS AJO Holdings Inc.,MA,MACCC,Massachusetts Cannabis Control Commission,,,,,
07/01/2024,APPROVED,Marijuana Delivery Operator,Expedited Review - Social Equity Participant,Expedited,Social Equity Participant,PROVISIONAL LICENSE,,COMPLETE,MD1274,Ember Gardens Delivery LLC,Middleborough,2346.0,,,254 Newhill Ave,,Somerset,MA,2726,POINT (-70.818958 41.978877),,254 Newhill Ave,,Somerset,MA,2726,85-1239749,MDA1274,9/29/2021 02:09:41 PM,9/8/2021 01:54:22 PM,,False,,SE304227,,,,,,,,Not a DBE | Minority-Owned Business,,,,8/16/2021 02:43:40 PM,10/5/2021 03:08:21 PM,1/20/2022 03:32:39 PM,1/11/2024 03:00:00 AM,1/20/2025 03:00:00 AM,,0.0,2346.0,Middleboro,Plymouth,41.978877,-70.818958,,,,MA,,,,,,,,,,,Ember Gardens Delivery LLC,MA,MACCC,Massachusetts Cannabis Control Commission,,,,,
07/01/2024,APPROVED,Marijuana Retailer,Expedited Review - DBE Status,Expedited,DBE Status,PROVISIONAL LICENSE,,COMPLETE,MR282868,Shine Diamond LLC,Whately,1373.0,,,85 State Rd,,Whately,MA,1373,POINT (-72.573941 42.587072),POINT (-72.622354 42.4268160),85 State Rd,,Whately,MA,1373,81-3617795,MRN282868,8/4/2020 11:46:56 AM,1/29/2020 12:00:00 AM,9/10/2020 01:44:26 PM,False,,,,,,,,,,Woman-Owned Business,,,,7/16/2019 07:27:18 PM,8/6/2020 10:36:31 AM,9/10/2020 01:36:05 PM,3/10/2022 03:00:00 AM,7/8/2023 04:00:00 AM,,10000.0,1373.0,South Deerfield,Franklin,42.587072,-72.573941,,85 State Road,,MA,42.426816,-72.622354,85.0,State Rd,,,South Deerfield,MA,Franklin County,1373.0,Shine Diamond LLC,MA,MACCC,Massachusetts Cannabis Control Commission,,,,,
07/01/2024,APPROVED,Marijuana Courier,Expedited Review - Social Equity Participant,Expedited,Social Equity Participant,PROVISIONAL LICENSE,,COMPLETE,DO100155,SOCIAL-J LLC,Northampton,1060.0,,,1280 Belmont St.,,Brockton,MA,2031,POINT (-72.62073 42.322256),,1 Porrazzo Rd.,,Hull,MA,2045,87-1071822,DOA100155,3/30/2022 01:29:40 PM,3/29/2022 09:14:51 AM,,False,,SE305049,SE305049,,,,,,,Not a DBE,,,,11/8/2021 09:01:16 AM,4/15/2022 02:10:13 PM,6/9/2022 01:00:36 PM,11/9/2023 03:00:00 AM,11/9/2024 03:00:00 AM,,0.0,1060.0,Northampton,Hampshire,42.322256,-72.62073,Western MA,,,MA,,,,,,,,,,,SOCIAL-J LLC,MA,MACCC,Massachusetts Cannabis Control Commission,,,,,
07/01/2024,APPROVED,Marijuana Cultivator,General Applicant,General Applicant,General Applicant,PROVISIONAL LICENSE,,COMPLETE,MC282703,"DMA HOLDINGS (MA), LLC",Dudley,1571.0,,,35 Chase Avenue,,Dudley,MA,1571,POINT (-71.840209 42.329642),POINT (-71.888422 42.0413339),703 Beacon Park,,Webster,MA,1570,84-2453548,MCN282703,7/30/2020 02:42:27 PM,6/4/2020 02:18:23 PM,,False,,,,,,,,,,Not a DBE,Indoor,"Tier 08: 60,001 to 70,000 sq. ft",,3/22/2020 07:42:12 PM,8/6/2020 11:13:06 AM,10/8/2020 12:58:55 PM,2/8/2024 03:00:00 AM,2/12/2025 03:00:00 AM,,35000.0,1571.0,Dudley,Worcester,42.329642,-71.840209,Central MA,35 Chase Avenue,,MA,42.041334,-71.888422,35.0,Chase Ave,,,Dudley,MA,Worcester County,1571.0,"DMA HOLDINGS (MA), LLC",MA,MACCC,Massachusetts Cannabis Control Commission,,,,,
07/01/2024,APPROVED,Marijuana Retailer,General Applicant,General Applicant,General Applicant,COMMENCE OPS,6/28/2022,COMPLETE,MR282961,"Cosmopolitan Dispensary, Inc.",Fall River,2720.0,,,82 Hartwell Street,,Fall River,MA,2720,POINT (-71.102131 41.778329),POINT (-71.153160 41.6983639),60 Rock Street,,Fall River,MA,2720,84-2360365,MRN282961,9/11/2020 12:37:53 PM,9/10/2020 03:04:39 PM,11/20/2020 06:49:28 PM,False,no,,,,,,,,,Not a DBE,,,5/12/2022 04:00:00 AM,8/29/2019 05:36:41 PM,9/17/2020 11:04:45 AM,11/19/2020 04:18:55 PM,11/9/2023 03:00:00 AM,11/20/2024 03:00:00 AM,,10000.0,2720.0,Fall River,Bristol,41.778329,-71.102131,Southeast and Cape,82 Hartwell Street,,MA,41.698364,-71.153161,82.0,Hartwell St,,,Fall River,MA,Bristol County,2721.0,"Cosmopolitan Dispensary, Inc.",MA,MACCC,Massachusetts Cannabis Control Commission,,,,,
07/01/2024,APPROVED,Marijuana Microbusiness,Expedited Review - Social Equity Participant,Expedited,Social Equity Participant,PROVISIONAL LICENSE,,COMPLETE,MB282396,Aunty Budz LLC,Northampton,1062.0,,,"34 North Maple Street, Unit 19",,Florence,MA,1062,POINT (-72.62073 42.322256),POINT (-72.673299 42.3377249),17 Brookline Avenue,,Holyoke,MA,1040,88-1215036,MBN282396,8/15/2022 11:56:59 AM,7/7/2022 04:23:59 PM,10/13/2022 05:12:39 PM,False,yes,SE304852,,,,,,,,Not a DBE,,,,3/30/2022 01:09:40 PM,8/19/2022 09:36:07 AM,10/13/2022 03:58:57 PM,12/14/2023 03:00:00 AM,12/14/2024 03:00:00 AM,,2812.0,1062.0,Florence,Hampshire,42.322256,-72.62073,,34 North Maple Street,Florence,MA,42.337725,-72.6733,34.0,N Maple St,,,Florence,MA,Hampshire County,1062.0,Aunty Budz LLC,MA,MACCC,Massachusetts Cannabis Control Commission,,,,,
07/01/2024,APPROVED,Marijuana Microbusiness,Expedited Review - License Type,Expedited,License Type,COMMENCE OPS,3/6/2023,COMPLETE,MB281797,BeachGrass Topicals LLC,Wareham,2538.0,,,3103 Cranberry Hwy,Unit F,East Wareham,MA,2538,POINT (-70.818958 41.978877),POINT (-70.644254 41.75562),35 Bay Head Shores Road,,Buzzards Bay,MA,2532,83-4185705,MBN281797,4/13/2021 10:30:45 AM,2/17/2021 02:39:41 PM,10/11/2021 12:19:31 PM,False,no,,SE306849,,,,,,,Woman-Owned Business,,,12/8/2022 03:00:00 AM,2/22/2020 02:00:40 PM,6/1/2021 02:17:59 PM,8/12/2021 01:56:04 PM,10/12/2023 04:00:00 AM,10/14/2024 04:00:00 AM,,5000.0,2538.0,East Wareham,Plymouth,41.978877,-70.818958,,"3103 Cranberry Hwy, Unit F",,MA,41.75562,-70.644254,3103.0,Cranberry Hwy,Unit,,East Wareham,MA,Plymouth County,2538.0,BeachGrass Topicals LLC,MA,MACCC,Massachusetts Cannabis Control Commission,,,,,
07/01/2024,APPROVED,Marijuana Cultivator,Priority Review - MTC Priority,Priority,MTC Priority,COMMENCE OPS,4/5/2021,COMPLETE,MC281970,"BCWC, LLC dba Nova Farms",Sheffield,1257.0,,,1884  North Main Street,,Sheffield,MA,1257,POINT (-73.209889 42.396128),POINT (-73.364514 42.1569920),34 Extension Street,,Attleboro,MA,2703,82-4930709,MCN281970,5/17/2019 05:48:32 PM,3/6/2019 12:00:00 AM,8/15/2019 12:13:50 PM,True,,,,,,,,,RPA201852,Not a DBE,Indoor,"Tier 01: up to 5,000 square feet",11/19/2020 03:00:00 AM,2/6/2019 04:45:45 PM,6/7/2019 12:00:00 AM,6/27/2019 04:25:30 PM,1/11/2024 03:00:00 AM,1/15/2025 03:00:00 AM,,1250.0,1257.0,Sheffield,Berkshire,42.396128,-73.209889,Western MA,1884 North Main Street,1884 North Main Street,MA,42.156992,-73.364514,1884.0,N Main St,,,Sheffield,MA,Berkshire County,1257.0,"BCWC, LLC dba Nova Farms",MA,MACCC,Massachusetts Cannabis Control Commission,,,,,
07/01/2024,APPROVED,Marijuana Retailer,General Applicant,General Applicant,General Applicant,COMMENCE OPS,1/24/2022,COMPLETE,MR281735,"202 Trading Company, Inc. d/b/a Bud Barn",Winchendon,1475.0,,,682 Spring Street,,Winchendon,MA,1475,POINT (-71.840209 42.329642),POINT (-72.008574 42.66639),25 Palmer Rd.,,Framingham,MA,1702,85-0535116,MRN281735,5/18/2020 10:11:25 AM,3/4/2019 12:00:00 AM,8/7/2020 11:01:08 AM,False,,,,,,,,,,Woman-Owned Business,,,11/18/2021 03:00:00 AM,7/22/2018 06:47:25 PM,5/21/2020 01:48:52 PM,7/9/2020 02:24:45 PM,8/10/2023 04:00:00 AM,9/17/2024 04:00:00 AM,,10000.0,1475.0,Winchendon,Worcester,42.329642,-71.840209,Central MA,682 Spring Street,,MA,42.66639,-72.008575,682.0,Spring St,,,Winchendon,MA,Worcester County,1475.0,"202 Trading Company, Inc. d/b/a Bud Barn",MA,MACCC,Massachusetts Cannabis Control Commission,,,,,
07/01/2024,APPROVED,Marijuana Cultivator,Priority Review - MTC Priority,Priority,MTC Priority,COMMENCE OPS,1/23/2020,COMPLETE,MC281478,"Hope Heal Health, Inc.",Fall River,2720.0,,,1 West Street,,Fall River,MA,2720,POINT (-71.102131 41.778329),POINT (-71.145536 41.7275940),PO Box 161,,North Scituate,MA,2060,81-1369497,MCN281478,12/16/2018 06:28:51 AM,11/26/2018 12:00:00 AM,4/12/2019 11:59:23 AM,True,,,,,,,APPROVED,RP201845,RPA201894,Not a DBE,Indoor,"Tier 04: 20,001 to 30,000 sq. ft",12/19/2019 03:00:00 AM,5/23/2018 08:14:10 PM,12/21/2018 12:00:00 AM,4/4/2019 04:34:00 PM,7/13/2023 04:00:00 AM,7/17/2024 04:00:00 AM,,7500.0,2720.0,Fall River,Bristol,41.778329,-71.102131,Southeast and Cape,1 West Street,,MA,41.727594,-71.145536,1.0,West St,,,Fall River,MA,Bristol County,2720.0,"Hope Heal Health, Inc.",MA,MACCC,Massachusetts Cannabis Control Commission,,,,,
07/01/2024,APPROVED,Marijuana Retailer,Expedited Review - DBE Status,Expedited,DBE Status,COMMENCE OPS,2/11/2022,COMPLETE,MR283357,"Krishna Lenox, LLC",Lenox,2140.0,,,55 Pittsfield Road,,Lenox,MA,2140,POINT (-71.275566 42.459085),POINT (-73.267435 42.4017570),55 Pittsfield Road,,Lenox,MA,2140,84-1852782,MRN283357,6/18/2020 05:22:54 PM,4/3/2020 12:00:00 AM,,False,,,,,,,,,,Minority-Owned Business,,,1/20/2022 03:00:00 AM,3/13/2020 02:45:33 PM,6/19/2020 03:09:58 PM,9/10/2020 01:10:43 PM,6/8/2023 04:00:00 AM,8/12/2024 04:00:00 AM,,10000.0,2140.0,Cambridge,Middlesex,42.459085,-71.275566,Metro Boston,439 Pittsfield Road,Unit C,MA,42.401757,-73.267435,439.0,Pitts Field Rd,,,Lenox,MA,Berkshire County,1240.0,"Krishna Lenox, LLC",MA,MACCC,Massachusetts Cannabis Control Commission,,,,,
07/01/2024,APPROVED,Marijuana Courier Pre-Certification,Expedited Review - Social Equity Participant,Expedited,Social Equity Participant,PROVISIONAL LICENSE,,COMPLETE,PDO103320,Kadupul LLC,,,,,60 James St Apt 1,,Attleboro,MA,2703,,,60 James St Apt 1,,Attleboro,MA,2703,87-1020981,PDOA103320,10/27/2021 02:14:44 PM,10/13/2021 02:20:35 PM,,False,,SE304445,SE304445,,,,,,,Not a DBE,,,,11/23/2020 06:24:24 PM,11/5/2021 07:18:36 AM,11/8/2021 07:18:54 AM,11/8/2021 03:00:00 AM,11/8/2023 03:00:00 AM,,0.0,,,,,,,,,MA,,,,,,,,,,,Kadupul LLC,MA,MACCC,Massachusetts Cannabis Control Commission,,,,,
07/01/2024,APPROVED,Marijuana Retailer,General Applicant,General Applicant,General Applicant,PROVISIONAL LICENSE,,COMPLETE,MR281936,New England Organics LLC,Medford,2155.0,,,567 Fellsway,,Medford,MA,2155,POINT (-71.275566 42.459085),POINT (-71.106127 42.411614),627 Fellsway,,Medford,MA,2155,83-3555153,MRN281936,9/11/2023 11:56:58 AM,1/25/2019 12:00:00 AM,,True,yes,SE304957,,,,,APPROVED,RP201927,,Not a DBE,,,,9/30/2018 08:34:28 PM,9/15/2023 01:19:37 PM,12/14/2023 02:30:01 PM,1/9/2024 03:00:00 AM,1/9/2025 03:00:00 AM,,5000.0,2155.0,Medford,Middlesex,42.459085,-71.275566,Northeast,114 Mystic Ave,,MA,42.411614,-71.106127,114.0,Mystic Ave,,,Medford,MA,Middlesex County,2155.0,New England Organics LLC,MA,MACCC,Massachusetts Cannabis Control Commission,,,,,
07/01/2024,APPROVED,Marijuana Cultivator,Priority Review - MTC Priority,Priority,MTC Priority,PROVISIONAL LICENSE,,COMPLETE,MC282047,"Pharmacannis Massachusetts, Inc.",Holliston,1746.0,,,465 Hopping Brook Rd,,Holliston,MA,1746,POINT (-71.275566 42.459085),POINT (-71.424499 42.2000999),190 South LaSalle,29th Floor,Chicago,IL,60603,46-3307025,MCN282047,12/5/2019 03:22:30 PM,6/25/2019 12:00:00 AM,2/11/2020 03:14:46 PM,True,,,,,,,APPROVED,RP201821,RP201821,Not a DBE,Indoor,"Tier 07: 50,001 to 60,000 sq. ft",,3/21/2019 05:05:10 PM,12/11/2019 12:00:00 AM,2/7/2020 09:23:42 AM,3/7/2024 03:00:00 AM,3/11/2025 04:00:00 AM,,30000.0,1746.0,Holliston,Middlesex,42.459085,-71.275566,Central MA,465 Hoppingbrook Rd,,MA,42.2001,-71.4245,,,,,Holliston,MA,Middlesex County,1746.0,"Pharmacannis Massachusetts, Inc.",MA,MACCC,Massachusetts Cannabis Control Commission,,,,,
07/01/2024,APPROVED,Marijuana Cultivator,General Applicant,General Applicant,General Applicant,PROVISIONAL LICENSE,,COMPLETE,MC282494,"Alfred's Finest, Inc.",Plymouth,2360.0,,,8 Scobee Circle,,Plymouth,MA,2360,POINT (-70.818958 41.978877),POINT (-70.707127 41.9495810),99 Main Street,,Plympton,MA,2367,83-0824729,MCN282494,6/25/2020 03:20:15 PM,3/9/2020 12:00:00 AM,,False,,,SE303609,,,,,,,Minority-Owned Business,Indoor,"Tier 01: up to 5,000 square feet",,11/19/2019 10:44:45 AM,6/29/2020 07:55:39 AM,10/8/2020 12:24:03 PM,1/7/2022 03:00:00 AM,1/7/2023 03:00:00 AM,,1250.0,2360.0,Plymouth,Plymouth,41.978877,-70.818958,Southeast and Cape,8 Scobee Circle,,MA,41.949581,-70.707127,8.0,Scobee Cir,,,Plymouth,MA,Plymouth County,2360.0,"Alfred's Finest, Inc.",MA,MACCC,Massachusetts Cannabis Control Commission,,,,,
07/01/2024,APPROVED,Marijuana Product Manufacturer,Expedited Review - Social Equity Participant,Expedited,Social Equity Participant,COMMENCE OPS,8/9/2023,COMPLETE,MP282232,"Caroline's Cannabis, LLC",Hopedale,1747.0,,,4 Charlesview Road,,Hopedale,MA,1747,POINT (-71.840209 42.329642),POINT (-71.502137 42.1040720),PO Box 175,,Douglas,MA,1516,82-2327750,MPN282232,12/6/2022 11:27:22 PM,11/15/2022 03:13:49 PM,2/11/2023 02:45:54 PM,False,yes,SE303599,SE303599,,,,,,,Not a DBE,,,7/13/2023 04:00:00 AM,9/10/2022 06:48:56 PM,12/9/2022 09:50:08 AM,2/9/2023 01:12:11 PM,2/8/2024 03:00:00 AM,2/11/2025 03:00:00 AM,,5000.0,1747.0,Hopedale,Worcester,42.329642,-71.840209,Central MA,4 Charlesview Road,,MA,42.104072,-71.502137,4.0,Charlesview Rd,,,Hopedale,MA,Worcester County,1747.0,"Caroline's Cannabis, LLC",MA,MACCC,Massachusetts Cannabis Control Commission,,,,,
07/01/2024,APPROVED,Marijuana Retailer,Expedited Review - DBE Status,Expedited,DBE Status,COMMENCE OPS,11/30/2021,COMPLETE,MR283143,Uma Flowers LLC,Pepperell,1463.0,,,109 Raffaele Drive,,Waltham,MA,2452,POINT (-71.275566 42.459085),POINT (-71.572796 42.6664239),109 Raffaele Drive,,Waltham,MA,2452,84-3613796,MRN283143,5/11/2020 10:56:16 AM,3/19/2020 12:00:00 AM,,False,,,,,,,,,,Woman-Owned Business | Minority-Owned Business,,,10/14/2021 04:00:00 AM,11/23/2019 02:58:34 PM,5/21/2020 02:42:02 PM,8/6/2020 02:56:16 PM,1/11/2024 03:00:00 AM,1/21/2025 03:00:00 AM,,10000.0,1463.0,Pepperell,Middlesex,42.459085,-71.275566,Central MA,2 Tarbell Street,,MA,42.666424,-71.572797,2.0,Tarbell St,,,Pepperell,MA,Middlesex County,1463.0,Uma Flowers LLC,MA,MACCC,Massachusetts Cannabis Control Commission,,,,,
07/01/2024,APPROVED,Marijuana Product Manufacturer,General Applicant,General Applicant,General Applicant,PROVISIONAL LICENSE,,COMPLETE,MP282152,Coyote Cannabis Corporation,Uxbridge,1569.0,,,420 West Street,,Uxbridge,MA,1569,POINT (-71.840209 42.329642),POINT (-71.666623 42.0570999),100 State Street,9th Floor,Boston,MA,2109,84-2420149,MPN282152,5/15/2022 04:23:53 PM,12/9/2021 01:01:11 PM,12/9/2022 02:51:15 PM,False,no,,,,,,,,,Not a DBE,,,,11/23/2021 04:52:05 PM,5/27/2022 10:29:23 AM,9/15/2022 12:50:45 PM,12/14/2023 03:00:00 AM,12/18/2024 03:00:00 AM,,10000.0,1569.0,Uxbridge,Worcester,42.329642,-71.840209,Central MA,420 West Street,,MA,42.0571,-71.666623,420.0,West St,,,Uxbridge,MA,Worcester County,1569.0,Coyote Cannabis Corporation,MA,MACCC,Massachusetts Cannabis Control Commission,,,,,
07/01/2024,APPROVED,Marijuana Product Manufacturer,General Applicant,General Applicant,General Applicant,PROVISIONAL LICENSE,,COMPLETE,MP282265,"Mass Tree Holdings, LLC",Rutland,1543.0,,,79-81 Main St.,,Rutland,MA,1543,POINT (-71.840209 42.329642),POINT (-71.935162 42.3760899),10 Peabody St,,Worcester,MA,1604,86-3958713,MPN282265,6/19/2023 10:57:58 PM,6/6/2023 12:39:40 PM,,False,no,,,,,,,,,Not a DBE,,,,2/21/2023 12:55:33 PM,6/30/2023 09:59:21 AM,8/10/2023 11:31:10 AM,1/31/2024 03:00:00 AM,1/31/2025 03:00:00 AM,,10000.0,1543.0,Rutland,Worcester,42.329642,-71.840209,Central MA,79-81 Main St,,MA,42.37609,-71.935162,81.0,Main St,,,Rutland,MA,Worcester County,1543.0,"Mass Tree Holdings, LLC",MA,MACCC,Massachusetts Cannabis Control Commission,,,,,
07/01/2024,APPROVED,Marijuana Retailer,General Applicant,General Applicant,General Applicant,COMMENCE OPS,3/8/2023,COMPLETE,MR284556,Cadella LLC,Quincy,2169.0,,,715 Washington St.,,Quincy,MA,2169,POINT (-71.15444 42.199156),POINT (-70.972103 42.2448940),715 Washington St.,,Quincy,MA,2169,87-1232388,MRN284556,1/27/2022 01:02:43 PM,1/21/2022 02:40:25 PM,,False,no,,,,,,,,,Not a DBE,,,2/9/2023 03:00:00 AM,1/8/2022 02:55:06 PM,2/7/2022 02:29:13 PM,5/12/2022 02:10:31 PM,4/14/2023 04:00:00 AM,10/4/2024 04:00:00 AM,,10000.0,2169.0,Quincy,Norfolk,42.199156,-71.15444,Metro Boston,715 Washington St.,,MA,42.244894,-70.972103,715.0,Washington St,,,Quincy,MA,Norfolk County,2169.0,Cadella LLC,MA,MACCC,Massachusetts Cannabis Control Commission,,,,,
07/01/2024,APPROVED,Marijuana Cultivator,Priority Review - MTC Priority,Priority,MTC Priority,COMMENCE OPS,4/19/2019,COMPLETE,MC281504,Garden Remedies Inc,Fitchburg,1420.0,,,307 Airport Road,,Fitchburg,MA,1420,POINT (-71.840209 42.329642),POINT (-71.769569 42.561681),307 Airport Road,,Fitchburg,MA,1420,83-1282619,MCN281504,11/5/2018 02:23:43 PM,10/1/2018 12:00:00 AM,12/14/2018 03:28:09 PM,True,,,,,,,APPROVED,RP201820,RPA201820,Not a DBE,Indoor,"Tier 03: 10,001 to 20,000 sq. ft",3/7/2019 03:00:00 AM,5/31/2018 08:03:08 AM,11/23/2018 12:00:00 AM,12/14/2018 11:54:58 AM,1/12/2023 03:00:00 AM,1/22/2024 03:00:00 AM,,5000.0,1420.0,Fitchburg,Worcester,42.329642,-71.840209,Central MA,307 Airport Road,,MA,42.561681,-71.769569,307.0,Airport Rd,,,Fitchburg,MA,Worcester County,1420.0,Garden Remedies Inc,MA,MACCC,Massachusetts Cannabis Control Commission,,,,,
07/01/2024,APPROVED,Marijuana Retailer,Expedited Review - DBE Status,Expedited,DBE Status,PROVISIONAL LICENSE,,COMPLETE,MR284841,Kali Cannabis LLC,Palmer,1069.0,,,405 Shearer St.,,Palmer,MA,1069,POINT (-72.571312 42.12756),POINT (-72.326305 42.1716529),405 Shearer St.,,Palmer,MA,1069,92-0333441,MRN284841,2/9/2023 02:07:23 PM,1/3/2023 01:01:15 PM,5/3/2023 04:46:07 PM,False,no,,,,,,,,,Woman-Owned Business,,,,12/21/2022 07:38:52 PM,2/17/2023 08:56:34 AM,4/14/2023 03:05:56 PM,5/3/2023 04:00:00 AM,5/3/2024 04:00:00 AM,,10000.0,1069.0,Palmer,Hampden,42.12756,-72.571312,Western MA,405 Shearer St.,,MA,42.171653,-72.326305,405.0,Shearer St,,,Palmer,MA,Hampden County,1069.0,Kali Cannabis LLC,MA,MACCC,Massachusetts Cannabis Control Commission,,,,,
07/01/2024,APPROVED,Marijuana Cultivator,General Applicant,General Applicant,General Applicant,PROVISIONAL CONSIDERATION,,PAYMENT_PENDING,MC283288,Massbiotics Inc.,Worcester,1603.0,,,35 Armory Street,,Worcester,MA,1603,POINT (-71.840209 42.329642),POINT (-71.813587 42.2470519),35 Armory Street,,Worcester,MA,1603,83-4640547,MCN283288,2/16/2021 11:39:55 AM,1/29/2021 04:25:37 PM,,False,no,,,,,,,,,Not a DBE,Indoor,"Tier 02: 5,001 to 10,000 sq. ft.",,1/8/2021 10:17:42 AM,2/26/2021 12:55:19 PM,5/13/2021 12:31:35 PM,,,,0.0,1603.0,Worcester,Worcester,42.329642,-71.840209,Central MA,35 Armory Street,,MA,42.247052,-71.813588,35.0,Armory St,,,Worcester,MA,Worcester County,1603.0,Massbiotics Inc.,MA,MACCC,Massachusetts Cannabis Control Commission,,,,,
07/01/2024,APPROVED,Marijuana Microbusiness,General Applicant,General Applicant,General Applicant,COMMENCE OPS,6/26/2023,COMPLETE,MB281356,"Bodelle's Edibles, LLC",Northampton,1062.0,,,660 Riverside Dr,,Northampton,MA,1062,POINT (-72.62073 42.322256),POINT (-72.672872 42.3296160),41 Alfred St,,Ludlow,MA,1056,82-5342092,MBN281356,11/27/2018 07:04:29 PM,8/20/2018 12:00:00 AM,3/5/2019 07:01:43 PM,False,,,,,,,,,,Woman-Owned Business,,,1/20/2022 03:00:00 AM,5/1/2018 09:14:50 AM,12/10/2018 12:00:00 AM,2/7/2019 03:03:00 PM,4/14/2023 04:00:00 AM,8/12/2024 04:00:00 AM,,2500.0,1062.0,Florence,Hampshire,42.322256,-72.62073,,660 Riverside Dr,,MA,42.329616,-72.672873,660.0,Riverside Dr,,,Florence,MA,Hampshire County,1062.0,"Bodelle's Edibles, LLC",MA,MACCC,Massachusetts Cannabis Control Commission,,,,,
07/01/2024,APPROVED,Marijuana Retailer,Expedited Review - DBE Status,Expedited,DBE Status,COMMENCE OPS,8/31/2020,COMPLETE,MR282825,"BWell Holdings, Inc",Provincetown,2657.0,,,220 Commercial St,Unit 2,Provincetown,MA,2657,POINT (-70.301811 41.698999),POINT (-70.188790 42.0497780),336 Commercial St,Unit 5,Provincetown,MA,2657,83-4427456,MRN282825,2/4/2020 02:17:46 PM,1/2/2020 12:00:00 AM,4/9/2020 03:52:54 PM,False,,,,,,,,,,"Lesbian, Gay, Bisexual, and Transgender Owned Business | Veteran-Owned Business | Woman-Owned Business",,,8/6/2020 04:00:00 AM,7/1/2019 02:32:42 PM,2/12/2020 12:00:00 AM,4/9/2020 03:04:16 PM,4/14/2023 04:00:00 AM,12/13/2024 03:00:00 AM,,10000.0,2657.0,Provincetown,Barnstable,41.698999,-70.301811,Southeast and Cape,220 Commercial St,Unit 2,MA,42.049778,-70.188791,220.0,Commercial St,,,Provincetown,MA,Barnstable County,2657.0,"BWell Holdings, Inc",MA,MACCC,Massachusetts Cannabis Control Commission,,,,,
07/01/2024,APPROVED,Marijuana Product Manufacturer,General Applicant,General Applicant,General Applicant,PROVISIONAL CONSIDERATION,,PAYMENT_PENDING,MP282017,MassBiotics Inc.,Worcester,1603.0,,,35 Armory Street,,Worcester,MA,1603,POINT (-71.840209 42.329642),POINT (-71.813587 42.2470519),35 Armory Street,,Worcester,MA,1603,83-4640547,MPN282017,2/26/2021 02:54:19 PM,1/29/2021 04:25:20 PM,,False,no,,,,,,,,,Not a DBE,,,,1/19/2021 10:59:07 AM,4/9/2021 11:09:10 AM,7/15/2021 04:37:39 PM,,,,0.0,1603.0,Worcester,Worcester,42.329642,-71.840209,Central MA,35 Armory Street,,MA,42.247052,-71.813588,35.0,Armory St,,,Worcester,MA,Worcester County,1603.0,MassBiotics Inc.,MA,MACCC,Massachusetts Cannabis Control Commission,,,,,
07/01/2024,APPROVED,Marijuana Product Manufacturer,General Applicant,General Applicant,General Applicant,COMMENCE OPS,6/29/2020,COMPLETE,MP281464,"Solar Therapeutics, Inc.",Somerset,2725.0,,,1400 Brayton Point Rd,,Somerset,MA,2725,POINT (-71.102131 41.778329),POINT (-71.172910 41.7290490),1400 Brayton Point Rd,,Somerset,MA,2725,82-3644660,MPN281464,4/17/2019 01:21:09 PM,11/19/2018 12:00:00 AM,7/16/2019 02:37:34 PM,False,,,,,,,,,,Not a DBE,,,2/6/2020 03:00:00 AM,8/20/2018 06:54:02 PM,4/17/2019 12:00:00 AM,5/30/2019 02:01:56 PM,10/12/2023 04:00:00 AM,10/16/2024 04:00:00 AM,,5000.0,2725.0,Somerset,Bristol,41.778329,-71.102131,Southeast and Cape,1400 Brayton Point Road,,MA,41.729049,-71.17291,1400.0,Brayton Point Rd,,,Somerset,MA,Bristol County,2725.0,"Solar Therapeutics, Inc.",MA,MACCC,Massachusetts Cannabis Control Commission,,,,,
07/01/2024,APPROVED,Marijuana Courier Pre-Certification,Expedited Review - Social Equity Participant,Expedited,Social Equity Participant,PROVISIONAL LICENSE,,COMPLETE,PDO103304,King Green Industries LLC,,,,,11 Granite Lane,,Barnstable,MA,2630,,,11 Granite Lane,,Barnstable,MA,2630,84-4614547,PDOA103304,5/28/2021 04:36:46 AM,12/3/2020 09:12:12 AM,,False,,SE304703,SE304703,,,,,,,Not a DBE,,,,11/10/2020 11:53:01 PM,,6/7/2021 11:43:28 AM,6/7/2021 04:00:00 AM,6/7/2023 04:00:00 AM,,0.0,,,,,,,,,MA,,,,,,,,,,,King Green Industries LLC,MA,MACCC,Massachusetts Cannabis Control Commission,,,,,
07/01/2024,APPROVED,Marijuana Retailer,Priority Review - MTC Priority,Priority,MTC Priority,COMMENCE OPS,1/8/2019,COMPLETE,MR281309,Temescal Wellness of Massachusetts,Hudson,1749.0,,,252 Coolidge St,,Hudson,MA,1749,POINT (-71.275566 42.459085),POINT (-71.601889 42.3968070),665 Cochituate Road,Second Floor,Framingham,MA,1701,46-2527018,MRN281309,8/23/2018 08:20:30 AM,7/25/2018 12:00:00 AM,9/23/2018 08:16:41 AM,True,,,,,,,APPROVED,RP201850,RP201850,Not a DBE,,,12/13/2018 03:00:00 AM,4/24/2018 10:23:15 AM,8/30/2018 12:00:00 AM,9/20/2018 03:52:02 PM,8/10/2023 04:00:00 AM,9/24/2024 04:00:00 AM,,5000.0,1749.0,Hudson,Middlesex,42.459085,-71.275566,Central MA,252 Coolidge Street,,MA,42.396807,-71.601889,252.0,Coolidge St,,,Hudson,MA,Middlesex County,1749.0,Temescal Wellness of Massachusetts,MA,MACCC,Massachusetts Cannabis Control Commission,,,,,
07/01/2024,APPROVED,Marijuana Cultivator,General Applicant,General Applicant,General Applicant,PROVISIONAL CONSIDERATION,,PAYMENT_PENDING,MC282087,"Whately Cultivation Partners, LLC",Whately,1373.0,,,62 Christian Lane,,Whately,MA,1373,POINT (-72.573941 42.587072),POINT (-72.623408 42.4432910),17 Corporate Plaza Drive,Suite 200,NEWPORT BEACH,CA,92660,87-4107452,MCN282087,9/21/2022 10:49:25 AM,1/21/2022 02:25:35 PM,,False,no,,,,,,,,,Not a DBE,Indoor,"Tier 11: 90,001 to 100,000 sq. ft",,4/10/2019 04:56:33 PM,11/16/2022 09:27:16 AM,2/9/2023 01:28:55 PM,,,,0.0,1373.0,South Deerfield,Franklin,42.587072,-72.573941,,62 Christian Lane,,MA,42.443291,-72.623409,62.0,Christian Ln,,,South Deerfield,MA,Franklin County,1373.0,"Whately Cultivation Partners, LLC",MA,MACCC,Massachusetts Cannabis Control Commission,,,,,
07/01/2024,APPROVED,Marijuana Cultivator,Expedited Review - DBE Status,Expedited,DBE Status,PROVISIONAL CONSIDERATION,,PAYMENT_PENDING,MC283578,"Kief USA, LLC",Attleboro,2703.0,,,1 Turner Street fka 330 Turner Street,,Attleboro,MA,2703,POINT (-71.102131 41.778329),POINT (-71.380156 41.8974630),1 Turner Street fka 330 Turner Street,,Attleboro,MA,2703,87-0968717,MCN283578,10/22/2021 12:12:22 PM,9/29/2021 08:51:12 AM,,False,no,,,,,,,,,Minority-Owned Business | Woman-Owned Business,Indoor,"Tier 11: 90,001 to 100,000 sq. ft",,8/23/2021 11:18:40 AM,11/15/2021 03:44:26 PM,2/14/2022 04:20:52 PM,,,,0.0,2703.0,Attleboro,Bristol,41.778329,-71.102131,Southeast and Cape,1 Turner Street FKA 330 Turner Street,,MA,41.897463,-71.380157,1.0,Turner St,,330.0,Attleboro,MA,Bristol County,2703.0,"Kief USA, LLC",MA,MACCC,Massachusetts Cannabis Control Commission,,,,,
07/01/2024,APPROVED,Marijuana Retailer,Priority Review - MTC Priority,Priority,MTC Priority,COMMENCE OPS,2/16/2024,COMPLETE,MR284457,Alternative Compassion Services Inc,Bridgewater,2324.0,,,693 Elm Street,,Bridgewater,MA,2324,POINT (-70.818958 41.978877),POINT (-71.021432 41.9860630),693 Elm Street,,Bridgewater,MA,2324,46-2655758,MRN284457,6/30/2023 01:19:59 PM,4/20/2023 03:31:36 PM,9/15/2023 03:27:57 PM,True,no,,,,,,APPROVED,RP201839,RPA201839,Not a DBE,,,1/11/2024 03:00:00 AM,10/18/2021 09:05:57 PM,6/30/2023 02:50:16 PM,9/14/2023 03:33:08 PM,9/15/2023 04:00:00 AM,9/15/2024 04:00:00 AM,,10000.0,2324.0,Bridgewater,Plymouth,41.978877,-70.818958,Southeast and Cape,693 Elm Street,,MA,41.986063,-71.021432,693.0,Elm St,,,Bridgewater,MA,Plymouth County,2324.0,Alternative Compassion Services Inc,MA,MACCC,Massachusetts Cannabis Control Commission,,,,,
07/01/2024,APPROVED,Marijuana Delivery Operator Pre-Certification,Expedited Review - Social Equity Participant,Expedited,Social Equity Participant,PROVISIONAL LICENSE,,COMPLETE,PMD5792,Blazin' D's Delivery,,,,,90 Howland St.,,Brockton,MA,2302,,,90 Howland St.,,Brockton,MA,2302,85-3628011,PMDA5792,7/29/2021 11:00:03 PM,7/20/2021 11:32:06 AM,,False,,SE304196,SE304196,,,,,,,Not a DBE,,,,5/27/2021 10:10:14 PM,8/30/2021 07:40:15 AM,8/30/2021 07:40:25 AM,8/30/2021 04:00:00 AM,8/30/2023 04:00:00 AM,,0.0,,,,,,,,,MA,,,,,,,,,,,Blazin' D's Delivery,MA,MACCC,Massachusetts Cannabis Control Commission,,,,,
07/01/2024,APPROVED,Marijuana Cultivator,General Applicant,General Applicant,General Applicant,PROVISIONAL LICENSE,,COMPLETE,MC282775,New England Regional Dispensary LLC,Clarksburg,1247.0,,,34 Cross Road,,Clarksburg,MA,1247,POINT (-73.209889 42.396128),POINT (-73.079824 42.7158220),65 Furnace St,,North Adams,MA,1247,84-4449751,MCN282775,12/1/2020 03:04:48 PM,11/17/2020 10:15:55 AM,2/23/2021 10:00:05 AM,False,no,,,,,,,,,Not a DBE,Indoor,"Tier 03: 10,001 to 20,000 sq. ft",,4/29/2020 02:46:57 PM,12/10/2020 10:01:20 AM,2/11/2021 01:36:07 PM,7/14/2022 04:00:00 AM,7/14/2023 04:00:00 AM,,5000.0,1247.0,North Adams,Berkshire,42.396128,-73.209889,Western MA,34 Cross Road,,MA,42.715822,-73.079824,34.0,Cross Rd,,,Clarksburg,MA,Berkshire County,1247.0,New England Regional Dispensary LLC,MA,MACCC,Massachusetts Cannabis Control Commission,,,,,
07/01/2024,APPROVED,Marijuana Cultivator,General Applicant,General Applicant,General Applicant,PROVISIONAL LICENSE,,COMPLETE,MC283774,Healing Gardens LLC,Plymouth,2360.0,,,19 Richards Road,,Plymouth,MA,2360,POINT (-70.818958 41.978877),POINT (-70.707375 41.957825),19 Richards Road,,Plymouth,MA,2360,87-2387983,MCN283774,11/11/2022 01:20:14 PM,11/9/2022 11:55:50 AM,,False,no,,,,,,,,,Not a DBE,Indoor,"Tier 02: 5,001 to 10,000 sq. ft.",,8/5/2022 01:26:45 PM,11/18/2022 11:28:59 AM,2/9/2023 01:19:17 PM,2/16/2023 03:00:00 AM,2/16/2024 03:00:00 AM,,2500.0,2360.0,Plymouth,Plymouth,41.978877,-70.818958,Southeast and Cape,19 Richard's Road,,MA,41.957825,-70.707376,19.0,Richard's Rd,,,Plymouth,MA,Plymouth County,2360.0,Healing Gardens LLC,MA,MACCC,Massachusetts Cannabis Control Commission,,,,,
07/01/2024,APPROVED,Marijuana Product Manufacturer,Priority Review - MTC Priority,Priority,MTC Priority,PROVISIONAL LICENSE,,COMPLETE,MP281559,"Just Healthy, LLC",Northampton,1062.0,,,56 Colborne Road,,Boston,MA,2135,POINT (-72.62073 42.322256),POINT (-72.711689 42.306196),6 Turnberry Lane,,Loudonville,NY,12211,82-5031284,MPN281559,10/25/2019 03:37:49 PM,1/24/2019 12:00:00 AM,12/5/2019 11:35:17 AM,True,,,,,,,APPROVED,RP201898,RPA201898,Not a DBE,,,,12/20/2018 04:10:56 PM,9/12/2019 12:00:00 AM,11/7/2019 01:42:51 PM,11/10/2022 03:00:00 AM,12/5/2023 03:00:00 AM,,10000.0,1062.0,Florence,Hampshire,42.322256,-72.62073,,1010 Ryan Road,,MA,42.306196,-72.711689,1010.0,Ryan Rd,,,Florence,MA,Hampshire County,1062.0,"Just Healthy, LLC",MA,MACCC,Massachusetts Cannabis Control Commission,,,,,
07/01/2024,APPROVED,Marijuana Retailer,Expedited Review - DBE Status,Expedited,DBE Status,PROVISIONAL LICENSE,,COMPLETE,MR284969,Yellow House Cannabis LLC,Tyngsborough,1879.0,,,405-409 Middlesex Rd,,Tyngsborough,MA,1879,POINT (-71.275566 42.459085),POINT (-71.436282 42.694837),47 Bailey Drive,,Rochester,NH,3868,93-2712891,MRN284969,10/9/2023 09:38:56 PM,9/8/2023 09:44:32 AM,,False,no,,,,,,,,,Veteran-Owned Business,,,,6/15/2023 09:48:29 AM,10/20/2023 11:21:06 AM,12/14/2023 02:30:32 PM,12/19/2023 03:00:00 AM,12/19/2024 03:00:00 AM,,10000.0,1879.0,Tyngsboro,Middlesex,42.459085,-71.275566,,405-409 Middlesex Road,,MA,42.694837,-71.436282,409.0,Middlesex Rd,,,Tyngsboro,MA,Middlesex County,1879.0,Yellow House Cannabis LLC,MA,MACCC,Massachusetts Cannabis Control Commission,,,,,
07/01/2024,APPROVED,Marijuana Cultivator,Expedited Review - License Type,Expedited,License Type,PROVISIONAL LICENSE,,COMPLETE,MC283497,Town Meadow Farm,Leicester,1524.0,,,124 Green street,,Leicester,MA,1524,POINT (-71.840209 42.329642),POINT (-71.924521 42.2143030),124 Green st,,Leicester,MA,1524,86-3254356,MCN283497,10/20/2021 02:05:35 PM,5/20/2021 10:27:58 AM,,False,no,,SE306504,,,,,,,"Minority-Owned Business | Veteran-Owned Business | Lesbian, Gay, Bisexual, and Transgender Owned Business",Outdoor,"Tier 11: 90,001 to 100,000 sq. ft",,4/28/2021 12:29:28 PM,10/29/2021 01:11:46 PM,1/20/2022 03:48:00 PM,4/14/2023 04:00:00 AM,4/25/2024 04:00:00 AM,,25000.0,1524.0,Leicester,Worcester,42.329642,-71.840209,Central MA,124 Green street,,MA,42.214303,-71.924522,124.0,Green St,,,Leicester,MA,Worcester County,1524.0,Town Meadow Farm,MA,MACCC,Massachusetts Cannabis Control Commission,,,,,
07/01/2024,APPROVED,Marijuana Product Manufacturer,General Applicant,General Applicant,General Applicant,COMMENCE OPS,5/10/2022,COMPLETE,MP281696,QPS Massachusetts Holdings LLC,Franklin,2038.0,,,105 Constitution Blvd,,Franklin,MA,2038,POINT (-71.15444 42.199156),POINT (-71.402688 42.0537720),2082 S State St,,Ann Arbor,MI,48104,83-0659900,MPN281696,3/31/2020 09:10:18 PM,1/9/2020 12:00:00 AM,9/3/2020 07:51:59 AM,False,,,,,,,,,,Not a DBE,,,10/14/2021 04:00:00 AM,6/11/2019 10:21:07 AM,4/15/2020 12:00:00 AM,6/4/2020 02:37:53 PM,12/14/2023 03:00:00 AM,1/14/2025 03:00:00 AM,,10000.0,2038.0,Franklin,Norfolk,42.199156,-71.15444,Central MA,105 Constitution Blvd,,MA,42.053772,-71.402689,105.0,Constitution Blvd,,,Franklin,MA,Norfolk County,2038.0,QPS Massachusetts Holdings LLC,MA,MACCC,Massachusetts Cannabis Control Commission,,,,,
07/01/2024,APPROVED,Marijuana Product Manufacturer,General Applicant,General Applicant,General Applicant,PROVISIONAL CONSIDERATION,,PAYMENT_PENDING,MP282036,"Elevated, Inc.",Clinton,1510.0,,,223 MEADOW NECK ROAD,,Falmouth,MA,2536,POINT (-71.840209 42.329642),POINT (-71.689257 42.4207049),223 MEADOW NECK ROAD,,Falmouth,MA,2536,85-2144857,MPN282036,3/3/2023 04:32:10 PM,1/24/2023 04:16:08 PM,,False,no,,,,,,,,,Not a DBE,,,,2/20/2021 06:06:08 PM,3/10/2023 11:30:10 AM,6/8/2023 11:14:53 AM,,,,0.0,1510.0,Clinton,Worcester,42.329642,-71.840209,Central MA,56 Sterling Street,,MA,42.420705,-71.689258,56.0,Sterling St,,,Clinton,MA,Worcester County,1510.0,"Elevated, Inc.",MA,MACCC,Massachusetts Cannabis Control Commission,,,,,
07/01/2024,APPROVED,Marijuana Cultivator,General Applicant,General Applicant,General Applicant,PROVISIONAL LICENSE,,COMPLETE,MC282476,"Canna Provisions, Inc.",Lee,1238.0,,,160 Quarry Hill Road,,Lee,MA,1238,POINT (-73.209889 42.396128),POINT (-73.256315 42.2847360),220 Housatonic St Lee,,Lee,MA,1238,82-5377573,MCN282476,3/23/2020 08:53:54 PM,2/26/2020 12:00:00 AM,10/8/2020 01:19:18 PM,False,,,,,,,,,,Not a DBE,Indoor,"Tier 03: 10,001 to 20,000 sq. ft",,11/3/2019 03:53:54 PM,4/7/2020 12:00:00 AM,7/9/2020 02:37:03 PM,10/12/2023 04:00:00 AM,10/16/2024 04:00:00 AM,,5000.0,1238.0,Lee,Berkshire,42.396128,-73.209889,Western MA,160 Quarry Hill Road,,MA,42.284736,-73.256316,160.0,Quarry Hill Rd,,,Lee,MA,Berkshire County,1238.0,"Canna Provisions, Inc.",MA,MACCC,Massachusetts Cannabis Control Commission,,,,,
07/01/2024,APPROVED,Marijuana Product Manufacturer,Priority Review - MTC Priority,Priority,MTC Priority,PROVISIONAL LICENSE,,COMPLETE,MP282071,"Pleasantrees, Inc.",Holyoke,1040.0,,,111 Mosher Street,,Holyoke,MA,1040,POINT (-72.571312 42.12756),POINT (-72.593647 42.2031139),195 Northampton Street,,Easthampton,MA,1027,81-4397799,MPN282071,6/7/2021 04:40:39 PM,6/8/2021 09:34:48 AM,,True,no,,,,,,APPROVED,RP201924,RP201924,Not a DBE,,,,5/4/2021 09:00:20 AM,6/25/2021 02:31:12 PM,8/12/2021 02:27:35 PM,9/29/2021 04:00:00 AM,9/29/2022 04:00:00 AM,,10000.0,1040.0,Holyoke,Hampden,42.12756,-72.571312,Western MA,111 Mosher Street,,MA,42.203114,-72.593647,111.0,Mosher St,,,Holyoke,MA,Hampden County,1040.0,"Pleasantrees, Inc.",MA,MACCC,Massachusetts Cannabis Control Commission,,,,,
07/01/2024,APPROVED,Marijuana Retailer,Expedited Review - Social Equity Participant,Expedited,Social Equity Participant,COMMENCE OPS,4/30/2024,COMPLETE,MR284843,Stone's Throw Cannabis LLC d/b/a Firebrand Cannabis,Boston,2111.0,,,100 State Street,,9th Floor,MA,2109,POINT (-71.073493 42.334948),POINT (-71.056810 42.3506890),100 State Street,,9th Floor,MA,2109,87-3166009,MRN284843,5/19/2023 05:07:44 PM,1/4/2023 12:26:59 PM,8/10/2023 03:35:45 PM,True,yes,EE201902,,,,EE201902,,,,Not a DBE,,,4/11/2024 04:00:00 AM,12/23/2022 08:09:28 PM,5/12/2023 11:45:22 AM,8/10/2023 11:20:33 AM,8/10/2023 04:00:00 AM,8/10/2024 04:00:00 AM,,5000.0,2111.0,Boston,Suffolk,42.334948,-71.073493,Metro Boston,727 Atlantic Ave.,Floors #1,MA,42.350689,-71.056811,727.0,Atlantic Ave,,,Boston,MA,Suffolk County,2111.0,Stone's Throw Cannabis LLC d/b/a Firebrand Cannabis,MA,MACCC,Massachusetts Cannabis Control Commission,,,,,
07/01/2024,APPROVED,Marijuana Product Manufacturer,Expedited Review - Social Equity Participant,Expedited,Social Equity Participant,PROVISIONAL LICENSE,,COMPLETE,MP282203,OGeez Brands MA LLC,Hopedale,1747.0,,,6 Charlesview Road,Suite 1,Hopedale,MA,1747,POINT (-71.840209 42.329642),POINT (-71.502330 42.1045659),55 Linden St,,Douglas,MA,1516,88-2417250,MPN282203,7/19/2023 10:39:38 AM,11/17/2022 10:03:03 AM,,False,no,,,,,,,,,Not a DBE,,,,5/16/2022 12:48:25 PM,8/4/2023 08:55:35 AM,9/14/2023 03:37:50 PM,10/31/2023 04:00:00 AM,10/31/2024 04:00:00 AM,,10000.0,1747.0,Hopedale,Worcester,42.329642,-71.840209,Central MA,6 Charlesview Rd,Suite 1,MA,42.104566,-71.50233,6.0,Charlesview Rd,,,Hopedale,MA,Worcester County,1747.0,OGeez Brands MA LLC,MA,MACCC,Massachusetts Cannabis Control Commission,,,,,
07/01/2024,APPROVED,Marijuana Courier Pre-Certification,Expedited Review - Social Equity Participant,Expedited,Social Equity Participant,PROVISIONAL LICENSE,,COMPLETE,PDO103595,"Mobile ReLeaf, LLC",,,,,14 West Fountain Street,,Milford,MA,1757,,,14 West Fountain Street,,Milford,MA,1757,88-1061781,PDOA103595,3/15/2022 06:10:57 PM,3/24/2022 12:08:19 PM,,False,,SE306343,,,,,,,,Not a DBE,,,,3/13/2022 04:44:42 PM,3/25/2022 03:57:16 PM,3/28/2022 07:58:05 AM,3/28/2022 04:00:00 AM,3/28/2024 04:00:00 AM,,0.0,,,,,,,,,MA,,,,,,,,,,,"Mobile ReLeaf, LLC",MA,MACCC,Massachusetts Cannabis Control Commission,,,,,
07/01/2024,APPROVED,Marijuana Cultivator,Expedited Review - License Type,Expedited,License Type,PROVISIONAL LICENSE,,COMPLETE,MC283668,BTE INC,Plainfield,1070.0,,,145 stonehill rd,,east longmeadow,MA,1028,POINT (-72.62073 42.322256),POINT (-72.877869 42.5204790),145 Stonehill Road,,East Longmeadow,MA,1028,86-3867055,MCN283668,2/7/2022 02:55:38 PM,1/13/2022 02:26:20 PM,,False,no,,,,,,,,,Not a DBE,Outdoor,"Tier 11: 90,001 to 100,000 sq. ft",,12/10/2021 01:36:47 PM,2/18/2022 10:07:10 AM,4/7/2022 12:46:45 PM,3/9/2023 03:00:00 AM,4/19/2024 04:00:00 AM,,25000.0,1070.0,Plainfield,Hampshire,42.322256,-72.62073,Western MA,129 Grant St,,MA,42.520479,-72.877869,129.0,Grant St,,,Plainfield,MA,Hampshire County,1070.0,BTE INC,MA,MACCC,Massachusetts Cannabis Control Commission,,,,,
07/01/2024,APPROVED,Marijuana Courier Pre-Certification,Expedited Review - Social Equity Participant,Expedited,Social Equity Participant,PROVISIONAL LICENSE,,COMPLETE,PDO103080,Diligentia Express LLC,,,,,82 Wendell Ave,Suite 100,Pittsfield,MA,1201,,,23 Austin St,#290641,Boston,MA,2129,85-3895791,PDOA103080,11/17/2020 12:36:26 PM,11/20/2020 04:48:58 PM,,False,,SE303899,SE303899,,,,,,,Minority-Owned Business,,,,5/30/2020 03:31:30 PM,12/7/2020 02:29:14 PM,1/6/2021 09:58:48 AM,1/6/2021 03:00:00 AM,1/6/2023 03:00:00 AM,,0.0,,,,,,,,,MA,,,,,,,,,,,Diligentia Express LLC,MA,MACCC,Massachusetts Cannabis Control Commission,,,,,
07/01/2024,APPROVED,Marijuana Retailer,General Applicant,General Applicant,General Applicant,COMMENCE OPS,3/11/2022,COMPLETE,MR284013,Erba C3 Dorchester LLC,Boston,2122.0,,,43 Freeport Street,,Boston,MA,2122,POINT (-71.073493 42.334948),POINT (-71.057961 42.3065489),2082 S. State Street,,Ann Arbor,MI,48104,84-4723515,MRN284013,3/31/2021 01:26:01 PM,2/22/2021 09:16:17 AM,,False,no,,,,,,,,,Not a DBE,,,2/10/2022 03:00:00 AM,1/7/2021 11:47:48 AM,4/9/2021 11:44:37 AM,5/13/2021 12:27:46 PM,5/11/2023 04:00:00 AM,10/8/2024 04:00:00 AM,,10000.0,2122.0,Boston,Suffolk,42.334948,-71.073493,Metro Boston,43 Freeport Street,,MA,42.306549,-71.057961,43.0,Freeport St,,,Dorchester,MA,Suffolk County,2122.0,Erba C3 Dorchester LLC,MA,MACCC,Massachusetts Cannabis Control Commission,,,,,
07/01/2024,APPROVED,Marijuana Product Manufacturer,General Applicant,General Applicant,General Applicant,COMMENCE OPS,8/30/2022,COMPLETE,MP281622,NEO Manufacturing MA LLC,Medway,2053.0,,,365 Boston Post RD #184,,Sudbury,MA,1776,POINT (-71.15444 42.199156),POINT (-71.397058 42.1586890),365 Boston Post RD #184,,Sudbury,MA,1776,83-0605807,MPN281622,3/31/2020 12:14:52 PM,10/17/2019 12:00:00 AM,9/10/2020 01:22:02 PM,False,,,,,,,,,,Not a DBE,,,5/12/2022 04:00:00 AM,3/20/2019 06:48:44 AM,4/7/2020 12:00:00 AM,7/9/2020 03:13:37 PM,9/14/2023 04:00:00 AM,9/17/2024 04:00:00 AM,,10000.0,2053.0,Medway,Norfolk,42.199156,-71.15444,Central MA,4 Marc Rd,,MA,42.158689,-71.397059,4.0,Marc Rd,,,Medway,MA,Norfolk County,2053.0,NEO Manufacturing MA LLC,MA,MACCC,Massachusetts Cannabis Control Commission,,,,,
07/01/2024,APPROVED,Marijuana Retailer,General Applicant,General Applicant,General Applicant,COMMENCE OPS,2/4/2021,COMPLETE,MR282703,HOLYOKE 420 LLC,Holyoke,1040.0,,,100 STATE STREET,9TH FLOOR,BOSTON,MA,2109,POINT (-72.571312 42.12756),POINT (-72.604607 42.204729),380 Dwight Street,Suite 3,Holyoke,MA,1040,84-1956595,MRN282703,3/9/2020 09:47:23 PM,2/21/2020 12:00:00 AM,,False,,,,,,,,,,Not a DBE,,,1/14/2021 03:00:00 AM,5/9/2019 09:38:52 PM,3/27/2020 12:00:00 AM,7/9/2020 03:01:03 PM,9/14/2023 04:00:00 AM,9/16/2024 04:00:00 AM,,10000.0,1040.0,Holyoke,Hampden,42.12756,-72.571312,Western MA,380 Dwight Street,Suite 3,MA,42.204729,-72.604608,380.0,Dwight St,,,Holyoke,MA,Hampden County,1040.0,HOLYOKE 420 LLC,MA,MACCC,Massachusetts Cannabis Control Commission,,,,,
07/01/2024,APPROVED,Marijuana Delivery Operator Pre-Certification,Expedited Review - Social Equity Participant,Expedited,Social Equity Participant,PROVISIONAL LICENSE,,COMPLETE,PMD5813,"GreenGrab, Inc.",,,,,620 Beaulieu Street,,Holyoke,MA,1040,,,172 Birchland Ave,,Springfield,MA,1119,84-2641313,PMDA5813,6/17/2021 05:08:32 PM,6/16/2021 11:02:57 AM,,False,,SE304954,SE304954,,,,,,,Not a DBE,,,,5/28/2021 12:34:14 PM,7/12/2021 10:42:44 AM,7/12/2021 10:42:53 AM,7/12/2021 04:00:00 AM,7/12/2023 04:00:00 AM,,0.0,,,,,,,,,MA,,,,,,,,,,,"GreenGrab, Inc.",MA,MACCC,Massachusetts Cannabis Control Commission,,,,,
07/01/2024,APPROVED,Marijuana Retailer,Expedited Review - Social Equity Participant,Expedited,Social Equity Participant,PROVISIONAL LICENSE,,COMPLETE,MR282541,"Tempest, Inc",Templeton,1438.0,,,248 Gardner Road,,Templeton,MA,1438,POINT (-71.840209 42.329642),POINT (-72.019836 42.5734380),130 South Royalston Road,,Royalston,MA,1368,32-0602630,MRN282541,11/27/2019 11:29:23 AM,10/22/2019 12:00:00 AM,,False,,,SE303857,,,,,,,Not a DBE,,,,3/29/2019 06:48:32 PM,12/16/2019 12:00:00 AM,3/5/2020 12:24:45 PM,1/20/2022 03:00:00 AM,1/22/2023 03:00:00 AM,,5000.0,1438.0,East Templeton,Worcester,42.329642,-71.840209,,248 Gardner Road,,MA,42.573438,-72.019837,248.0,Gardner Rd,,,Templeton,MA,Worcester County,1468.0,"Tempest, Inc",MA,MACCC,Massachusetts Cannabis Control Commission,,,,,
07/01/2024,APPROVED,Marijuana Cultivator,General Applicant,General Applicant,General Applicant,COMMENCE OPS,1/23/2024,COMPLETE,MC283154,"Kapnos, Inc.",Sharon,2067.0,,,2 Merchant Street,Suite 3,Sharon,MA,2067,POINT (-71.15444 42.199156),POINT (-71.234615 42.1180680),480 Turnpike Street,,South Easton,MA,2375,85-2647917,MCN283154,3/21/2022 04:57:01 PM,4/2/2021 12:54:41 PM,,False,no,,,,,,,,,Not a DBE,Indoor,"Tier 02: 5,001 to 10,000 sq. ft.",10/12/2023 04:00:00 AM,11/3/2020 09:31:35 AM,1/14/2022 11:01:29 AM,4/7/2022 12:48:47 PM,4/14/2023 04:00:00 AM,9/23/2024 04:00:00 AM,,2500.0,2067.0,Sharon,Norfolk,42.199156,-71.15444,Southeast and Cape,2 - 4 Merchant Street,,MA,42.118068,-71.234615,4.0,Merchant St,,,Sharon,MA,Norfolk County,2067.0,"Kapnos, Inc.",MA,MACCC,Massachusetts Cannabis Control Commission,,,,,
07/01/2024,APPROVED,Marijuana Cultivator,General Applicant,General Applicant,General Applicant,COMMENCE OPS,4/17/2024,COMPLETE,MC282106,"United Cultivation, LLC",Ashby,1431.0,,,601-603 Fitchburg State Road,,Ashby,MA,1431,POINT (-71.275566 42.459085),POINT (-71.791634 42.6479840),PO Box 966,,Groton,MA,1450,83-2715774,MCN282106,12/29/2019 07:31:10 PM,11/6/2019 12:00:00 AM,,False,,,,,,,,,,Not a DBE,Indoor,"Tier 04: 20,001 to 30,000 sq. ft",1/11/2024 03:00:00 AM,4/23/2019 11:38:13 AM,1/6/2020 12:00:00 AM,3/5/2020 12:25:55 PM,6/8/2023 04:00:00 AM,10/24/2024 04:00:00 AM,,20000.0,1431.0,Ashby,Middlesex,42.459085,-71.275566,Central MA,601-603 Fitchburg State Road,,MA,42.647984,-71.791635,603.0,Fitchburg State Rd,,,Ashby,MA,Middlesex County,1431.0,"United Cultivation, LLC",MA,MACCC,Massachusetts Cannabis Control Commission,,,,,
07/01/2024,APPROVED,Marijuana Product Manufacturer,General Applicant,General Applicant,General Applicant,FINAL LICENSE,,COMPLETE,MP282030,Trifecta Farms Corp,Brimfield,1010.0,,,142 New Holland Road,,Brimfield,MA,1010,POINT (-72.571312 42.12756),POINT (-72.180937 42.0937959),58 Agard Road,,Brimfield,MA,1010,85-3990569,MPN282030,4/8/2021 06:45:59 AM,2/23/2021 04:24:32 PM,,False,no,,,,,,,,,Not a DBE,,,10/12/2023 04:00:00 AM,2/11/2021 01:44:23 PM,5/3/2021 09:52:25 AM,7/15/2021 04:46:09 PM,9/14/2023 04:00:00 AM,9/18/2024 04:00:00 AM,,10000.0,1010.0,Brimfield,Hampden,42.12756,-72.571312,Central MA,142 New Holland Road,,MA,42.093796,-72.180937,142.0,New Holland Rd,,,Brimfield,MA,Hampden County,1010.0,Trifecta Farms Corp,MA,MACCC,Massachusetts Cannabis Control Commission,,,,,
07/01/2024,APPROVED,Marijuana Retailer,General Applicant,General Applicant,General Applicant,COMMENCE OPS,2/13/2024,COMPLETE,MR284177,"Natural Agricultural Products, LLC",Abington,2351.0,,,4 Main Street,,Brockton,MA,2301,POINT (-70.818958 41.978877),POINT (-70.951723 42.1441700),4 Main Street,,Brockton,MA,2301,82-4298481,MRN284177,7/28/2022 08:54:56 AM,1/13/2022 09:51:23 AM,,False,no,,,,,,,,,Not a DBE,,,12/14/2023 03:00:00 AM,3/21/2021 01:37:50 PM,8/8/2022 10:18:30 AM,11/10/2022 12:42:53 PM,2/8/2024 03:00:00 AM,2/12/2025 03:00:00 AM,,10000.0,2351.0,Abington,Plymouth,41.978877,-70.818958,Southeast and Cape,1437 Bedford Street,,MA,42.14417,-70.951724,1437.0,Bedford St,,,Abington,MA,Plymouth County,2351.0,"Natural Agricultural Products, LLC",MA,MACCC,Massachusetts Cannabis Control Commission,,,,,
07/01/2024,APPROVED,Marijuana Retailer,General Applicant,General Applicant,General Applicant,COMMENCE OPS,6/1/2022,COMPLETE,MR281332,"Ashli's, Inc.",Attleboro,2703.0,,,70 Frank Mossberg Dr.,,Attleboro,MA,2703,POINT (-71.102131 41.778329),POINT (-71.324689 41.9196570),81 West St.,Suite 2112,Attleboro,MA,2703,82-5456028,MRN281332,9/14/2018 11:47:09 AM,8/14/2018 12:00:00 AM,11/2/2018 12:30:43 PM,False,,,,,,,,,,Veteran-Owned Business | Woman-Owned Business,,,5/12/2022 04:00:00 AM,4/26/2018 08:13:26 AM,9/24/2018 12:00:00 AM,11/1/2018 03:11:49 PM,11/9/2023 03:00:00 AM,11/18/2024 03:00:00 AM,,5000.0,2703.0,Attleboro,Bristol,41.778329,-71.102131,Southeast and Cape,70 Frank Mossberg Dr.,,MA,41.919657,-71.324689,70.0,Frank Mossberg Dr,,,Attleboro,MA,Bristol County,2703.0,"Ashli's, Inc.",MA,MACCC,Massachusetts Cannabis Control Commission,,,,,
07/01/2024,APPROVED,Marijuana Retailer,Expedited Review - DBE Status,Expedited,DBE Status,COMMENCE OPS,9/2/2021,COMPLETE,MR283213,Z&T Inc,Douglas,1516.0,,,93 Davis Street,,Douglas,MA,1516,POINT (-71.840209 42.329642),POINT (-71.694698 42.0646660),39 Hawthorne Ave,,Cranston,RI,2910,84-3442664,MRN283213,5/7/2020 01:36:04 PM,3/19/2020 12:00:00 AM,2/25/2021 09:26:10 AM,False,,,,,,,,,,Minority-Owned Business,,,7/15/2021 04:00:00 AM,1/1/2020 04:25:53 PM,5/21/2020 02:33:08 PM,8/6/2020 02:49:26 PM,3/7/2024 03:00:00 AM,3/11/2025 04:00:00 AM,,10000.0,1516.0,Douglas,Worcester,42.329642,-71.840209,Central MA,93 Davis Street,,MA,42.064666,-71.694698,93.0,Davis St,,,Douglas,MA,Worcester County,1516.0,Z&T Inc,MA,MACCC,Massachusetts Cannabis Control Commission,,,,,
07/01/2024,APPROVED,Marijuana Retailer,Expedited Review - DBE Status,Expedited,DBE Status,COMMENCE OPS,11/5/2021,COMPLETE,MR283416,"New England Craft Cultivators, LLC",Dracut,1826.0,,,12 Robeson Street,,Jamaica Plain,MA,2130,POINT (-71.275566 42.459085),POINT (-71.258454 42.6938189),12 Robeson Street,,Jamaica Plain,MA,2130,83-4497618,MRN283416,6/18/2020 06:30:38 PM,5/29/2020 02:10:51 PM,,False,,,,,,,,,,"Lesbian, Gay, Bisexual, and Transgender Owned Business",,,9/17/2021 04:00:00 AM,4/1/2020 11:50:59 AM,6/26/2020 12:10:31 PM,8/6/2020 02:16:52 PM,7/13/2023 04:00:00 AM,12/11/2024 03:00:00 AM,,10000.0,1826.0,Dracut,Middlesex,42.459085,-71.275566,Northeast,61 Silva Lane,2nd Floor,MA,42.693819,-71.258454,61.0,Silva Ln,,,Dracut,MA,Middlesex County,1826.0,"New England Craft Cultivators, LLC",MA,MACCC,Massachusetts Cannabis Control Commission,,,,,
07/01/2024,APPROVED,Marijuana Retailer,Expedited Review - DBE Status,Expedited,DBE Status,COMMENCE OPS,12/5/2023,COMPLETE,MR284518,Uma Flowers Lunenburg LLC,Lunenburg,1462.0,,,2 Tarbell St,,Pepperell,MA,1463,POINT (-71.840209 42.329642),POINT (-71.770356 42.5703549),2 Tarbell St,,Pepperell,MA,1463,87-4039480,MRN284518,5/23/2022 10:37:21 AM,2/11/2022 11:30:18 AM,,False,no,,,,,,,,,Minority-Owned Business | Woman-Owned Business,,,10/12/2023 04:00:00 AM,11/26/2021 01:04:38 PM,6/10/2022 11:07:58 AM,7/14/2022 11:57:17 AM,8/10/2023 04:00:00 AM,9/1/2024 04:00:00 AM,,10000.0,1462.0,Lunenburg,Worcester,42.329642,-71.840209,Central MA,43 Summer st,,MA,42.570355,-71.770356,43.0,Summer St,,,Lunenburg,MA,Worcester County,1462.0,Uma Flowers Lunenburg LLC,MA,MACCC,Massachusetts Cannabis Control Commission,,,,,
07/01/2024,APPROVED,Independent Testing Laboratory,Expedited Review - License Type,Expedited,License Type,COMMENCE OPS,12/18/2020,COMPLETE,IL281325,Aries Laboratories LLC,Marlborough,1752.0,,,257 Simarano Drive Suite 100,,Marlborough,MA,1752,POINT (-71.275566 42.459085),POINT (-71.579835 42.3241519),257 Simarano Drive Suite 100,,Marlborough,MA,1752,83-2414813,ILN281325,3/16/2020 12:08:32 PM,1/31/2020 12:00:00 AM,6/4/2020 02:31:57 PM,False,,,,,,,,,,Not a DBE,,,11/19/2020 03:00:00 AM,10/11/2019 11:34:11 AM,3/19/2020 12:00:00 AM,6/4/2020 02:02:57 PM,12/14/2023 03:00:00 AM,12/15/2024 03:00:00 AM,,10000.0,1752.0,Marlborough,Middlesex,42.459085,-71.275566,Central MA,257 Simarano Drive Suite 100,,MA,42.324152,-71.579835,257.0,Simarano Dr,Ste,100.0,Marlborough,MA,Middlesex County,1752.0,Aries Laboratories LLC,MA,MACCC,Massachusetts Cannabis Control Commission,,,,,
07/01/2024,APPROVED,Marijuana Retailer,General Applicant,General Applicant,General Applicant,COMMENCE OPS,4/10/2023,COMPLETE,MR281594,Krypies LLC,Pittsfield,1201.0,,,1450 East Street,Suite 2,Pittsfield,MA,1201,POINT (-73.209889 42.396128),POINT (-73.215485 42.4540560),1450 East Street,Suite 1,Pittsfield,MA,1201,82-5329617,MRN281594,6/12/2019 03:34:32 PM,10/2/2018 12:00:00 AM,7/18/2019 11:02:19 AM,False,,,,,,,,,,Not a DBE,,,2/10/2022 03:00:00 AM,6/13/2018 04:30:08 PM,4/10/2019 12:00:00 AM,7/18/2019 09:28:57 AM,11/9/2023 03:00:00 AM,11/13/2024 03:00:00 AM,,5000.0,1201.0,Pittsfield,Berkshire,42.396128,-73.209889,Western MA,1450 East Street - Suite 2,,MA,42.454056,-73.215485,1450.0,East St,Ste,2.0,Pittsfield,MA,Berkshire County,1201.0,Krypies LLC,MA,MACCC,Massachusetts Cannabis Control Commission,,,,,
07/01/2024,APPROVED,Marijuana Retailer,General Applicant,General Applicant,General Applicant,PROVISIONAL LICENSE,,COMPLETE,MR282565,East Coast Remedies Corp.,Somerville,2143.0,,,76-82 Central Street,,Somerville,MA,2143,POINT (-71.275566 42.459085),POINT (-71.103820 42.3882860),116 Clark Avenue,,Chelsea,MA,2150,83-3999538,MRN282565,2/23/2022 10:51:37 AM,10/20/2021 03:23:37 PM,,False,no,,,,,,,,,Not a DBE,,,,4/3/2019 11:37:30 AM,2/23/2022 10:55:37 AM,4/7/2022 12:47:12 PM,4/11/2024 04:00:00 AM,4/13/2025 04:00:00 AM,,10000.0,2143.0,Somerville,Middlesex,42.459085,-71.275566,Metro Boston,76-82 Central Street,,MA,42.388286,-71.103821,82.0,Central St,,,Somerville,MA,Middlesex County,2143.0,East Coast Remedies Corp.,MA,MACCC,Massachusetts Cannabis Control Commission,,,,,
07/01/2024,APPROVED,Marijuana Courier Pre-Certification,Expedited Review - Social Equity Participant,Expedited,Social Equity Participant,PROVISIONAL LICENSE,,COMPLETE,PDO103539,Green Rain LLC,,,,,44 11th Ave,,Haverhill,MA,1830,,,44 11th Ave,,Haverhill,MA,1830,87-4178833,PDOA103539,1/13/2022 02:28:46 PM,10/26/2021 10:43:14 AM,,False,,SE305154,SE305154,,,,,,,Not a DBE,,,,9/3/2021 10:59:24 PM,1/18/2022 03:25:27 PM,1/19/2022 07:25:46 AM,1/19/2022 03:00:00 AM,1/19/2024 03:00:00 AM,,0.0,,,,,,,,,MA,,,,,,,,,,,Green Rain LLC,MA,MACCC,Massachusetts Cannabis Control Commission,,,,,
07/01/2024,APPROVED,Marijuana Delivery Operator Pre-Certification,Expedited Review - Social Equity Participant,Expedited,Social Equity Participant,PROVISIONAL LICENSE,,COMPLETE,PMD5888,BOUFFÉE INC.,,,,,74 Madison Avenue,,Everett,MA,2149,,,74 Madison Avenue,,Everett,MA,2149,83-3220220,PMDA5888,7/29/2021 01:30:52 PM,7/29/2021 08:58:15 AM,,True,,SE303565,SE303565,APPROVED,EE202250,,,,,Woman-Owned Business,,,,7/6/2021 03:47:44 PM,8/30/2021 08:03:33 AM,8/30/2021 08:03:42 AM,8/30/2021 04:00:00 AM,8/30/2023 04:00:00 AM,,0.0,,,,,,,,,MA,,,,,,,,,,,BOUFFÉE INC.,MA,MACCC,Massachusetts Cannabis Control Commission,,,,,
07/01/2024,APPROVED,Marijuana Courier Pre-Certification,Expedited Review - Social Equity Participant,Expedited,Social Equity Participant,PROVISIONAL LICENSE,,COMPLETE,PDO103276,"BWell Delivery, LLC",,,,,214 Shawmut Ave,,Boston,MA,2118,,,220 Commercial St,,Provincetown,MA,2657,85-4088067,PDOA103276,1/29/2021 04:07:20 PM,1/29/2021 01:25:51 PM,,False,,SE304331,SE304331,,,,,,,Not a DBE,,,,10/22/2020 11:50:28 AM,2/12/2021 03:03:03 PM,2/12/2021 03:44:05 PM,2/12/2021 03:00:00 AM,2/12/2023 03:00:00 AM,,0.0,,,,,,,,,MA,,,,,,,,,,,"BWell Delivery, LLC",MA,MACCC,Massachusetts Cannabis Control Commission,,,,,
07/01/2024,APPROVED,Marijuana Courier Pre-Certification,Expedited Review - Social Equity Participant,Expedited,Social Equity Participant,PROVISIONAL LICENSE,,COMPLETE,PDO103124,Teddy's Veggie Farm,,,,,203 Greenville Street,,Spencer,MA,1562,,,210 Park Ave,Suite 225,WORCESTER,MA,1609,83-0794085,PDOA103124,8/16/2021 01:57:29 PM,11/24/2020 01:24:56 PM,,False,,SE304265,SE304749,,,,,,,Minority-Owned Business,,,,6/9/2020 02:43:36 PM,8/27/2021 11:42:57 AM,8/30/2021 11:43:12 AM,8/30/2021 04:00:00 AM,8/30/2023 04:00:00 AM,,0.0,,,,,,,,,MA,,,,,,,,,,,Teddy's Veggie Farm,MA,MACCC,Massachusetts Cannabis Control Commission,,,,,
07/01/2024,APPROVED,Marijuana Cultivator,General Applicant,General Applicant,General Applicant,PROVISIONAL LICENSE,,COMPLETE,MC282213,"Turning Leaf Centers Otis, LLC",Otis,1253.0,,,1570 North Main Road,,Otis,MA,1253,POINT (-73.209889 42.396128),POINT (-73.109745 42.2328260),PO Box 1328,,East Otis,MA,1029,83-4630336,MCN282213,5/31/2020 08:26:57 PM,2/18/2020 12:00:00 AM,,False,,,,,,,,,,Not a DBE,Indoor,"Tier 07: 50,001 to 60,000 sq. ft",,6/15/2019 10:22:44 AM,6/12/2020 07:45:52 AM,8/6/2020 02:26:58 PM,8/12/2021 04:00:00 AM,9/18/2022 04:00:00 AM,,30000.0,1253.0,Otis,Berkshire,42.396128,-73.209889,Western MA,1570 North Main Road,,MA,42.232826,-73.109745,1570.0,N Main Rd,,,Otis,MA,Berkshire County,1253.0,"Turning Leaf Centers Otis, LLC",MA,MACCC,Massachusetts Cannabis Control Commission,,,,,
07/01/2024,APPROVED,Marijuana Microbusiness,Expedited Review - License Type,Expedited,License Type,PROVISIONAL CONSIDERATION,,PAYMENT_PENDING,MB281450,"Keystone Bluff, LLC",Chester,1011.0,,,241 Highway 20,,Chester,MA,1011,POINT (-72.571312 42.12756),POINT (-72.980059 42.277493),PO Box 1,,Chester,MA,1011,82-5255061,MBN281450,12/26/2019 01:07:06 PM,3/28/2019 12:00:00 AM,,False,,,,,,,,,,"Lesbian, Gay, Bisexual, and Transgender Owned Business | Veteran-Owned Business",,,,7/20/2018 09:44:52 AM,1/3/2020 12:00:00 AM,3/5/2020 12:20:11 PM,,,,0.0,1011.0,Chester,Hampden,42.12756,-72.571312,Western MA,241 HWY 20,,MA,42.277493,-72.98006,241.0,State Rte 20,,,Chester,MA,Hampden County,1011.0,"Keystone Bluff, LLC",MA,MACCC,Massachusetts Cannabis Control Commission,,,,,
07/01/2024,APPROVED,Marijuana Retailer,General Applicant,General Applicant,General Applicant,COMMENCE OPS,3/4/2024,COMPLETE,MR284816,"Cannabis Connection II, Inc",West Springfield,1089.0,,,1102 Riverdale St,Unit 2,West Springfield,MA,1089,POINT (-72.571312 42.12756),POINT (-72.626562 42.1343099),40 Westfield Industrial Park,,Westfield,MA,1085,92-2646390,MRN284816,5/18/2023 12:14:24 PM,5/15/2023 10:26:45 AM,,False,no,,,,,,,,,Not a DBE,,,2/8/2024 03:00:00 AM,11/11/2022 11:23:24 AM,6/9/2023 01:11:43 PM,7/13/2023 01:54:04 PM,7/25/2023 04:00:00 AM,7/25/2024 04:00:00 AM,,10000.0,1089.0,West Springfield,Hampden,42.12756,-72.571312,Western MA,1102 Riverdale St,Unit 2,MA,42.13431,-72.626562,1102.0,Riverdale St,,,West Springfield,MA,Hampden County,1089.0,"Cannabis Connection II, Inc",MA,MACCC,Massachusetts Cannabis Control Commission,,,,,
07/01/2024,APPROVED,Marijuana Transporter with Other Existing ME License,General Applicant,General Applicant,General Applicant,PROVISIONAL CONSIDERATION,,PAYMENT_PENDING,MX281355,DM Distribution LLC,Orange,1634.0,,,75 North Main Street,#570,Randolph,MA,2368,,POINT (-72.289528 42.5543139),75 North Main Street,#570,Randolph,MA,2368,84-2935250,MXN281355,3/16/2020 11:49:41 AM,3/6/2020 12:00:00 AM,,True,,,,,,,,,RPA201948,Not a DBE,,,,7/9/2019 01:53:13 PM,4/7/2020 12:00:00 AM,6/4/2020 02:10:57 PM,,,,0.0,,,,,,,207 Daniel Shays Highway,,MA,42.554314,-72.289528,207.0,Daniel Shays Hwy,,,Orange,MA,Franklin County,1364.0,DM Distribution LLC,MA,MACCC,Massachusetts Cannabis Control Commission,,,,,
07/01/2024,APPROVED,Marijuana Delivery Operator,Expedited Review - Social Equity Participant,Expedited,Social Equity Participant,COMMENCE OPS,6/26/2023,COMPLETE,MD1303,Delivered Inc,Clinton,1510.0,,,"101 N Bridge St, Holyoke MA 01040",,Holyoke,MA,1040,POINT (-71.840209 42.329642),,230 Chapel St,,Lincoln,RI,2865,85-1220450,MDA1303,8/22/2022 12:01:01 PM,5/5/2022 05:01:43 PM,,False,,SE303970,SE303970,,,,,,,Not a DBE,,,5/11/2023 04:00:00 AM,3/18/2022 12:50:18 PM,9/27/2022 02:34:57 PM,11/10/2022 12:38:45 PM,11/9/2023 03:00:00 AM,11/10/2024 03:00:00 AM,,0.0,1510.0,Clinton,Worcester,42.329642,-71.840209,Central MA,,,MA,,,,,,,,,,,Delivered Inc,MA,MACCC,Massachusetts Cannabis Control Commission,,,,,
07/01/2024,APPROVED,Marijuana Retailer,Expedited Review - DBE Status,Expedited,DBE Status,PROVISIONAL LICENSE,,COMPLETE,MR284018,Sears Farm Wellness LLC,Swansea,2777.0,,,215 Sears Road,,Swansea,MA,2777,POINT (-71.102131 41.778329),POINT (-71.204795 41.7451969),37 Blackstone Blvd,,Providence,RI,2906,86-1364409,MRN284018,8/9/2022 11:11:38 PM,6/6/2022 09:08:49 AM,1/10/2023 11:47:31 AM,False,no,,,,,,,,,Woman-Owned Business,,,,1/8/2021 12:16:54 PM,8/12/2022 09:09:58 AM,10/13/2022 04:15:31 PM,1/10/2023 03:00:00 AM,1/10/2024 03:00:00 AM,,10000.0,2777.0,Swansea,Bristol,41.778329,-71.102131,Southeast and Cape,215 Sears Road,,MA,41.745197,-71.204795,215.0,Sears Rd,,,Swansea,MA,Bristol County,2777.0,Sears Farm Wellness LLC,MA,MACCC,Massachusetts Cannabis Control Commission,,,,,
07/01/2024,APPROVED,Marijuana Cultivator,Expedited Review - Social Equity Participant,Expedited,Social Equity Participant,PROVISIONAL LICENSE,,COMPLETE,MC281828,BVO LLC,Oxford,1537.0,,,4 Pioneer Drive,,Oxford,MA,1537,POINT (-71.840209 42.329642),POINT (-71.898043 42.1608900),782 Parker Street,,East Longmeadow,MA,1028,83-2996684,MCN281828,8/2/2021 05:25:17 PM,6/8/2021 12:39:43 PM,12/1/2021 12:03:51 PM,False,yes,SE303886,,,,,,,,Not a DBE,Indoor,"Tier 02: 5,001 to 10,000 sq. ft.",,12/2/2018 07:51:26 AM,8/13/2021 11:15:06 AM,11/18/2021 02:34:50 PM,3/9/2023 03:00:00 AM,3/9/2024 03:00:00 AM,,1250.0,1537.0,North Oxford,Worcester,42.329642,-71.840209,,4 Pioneer Drive,,MA,42.16089,-71.898044,4.0,Pioneer Dr,,,North Oxford,MA,Worcester County,1537.0,BVO LLC,MA,MACCC,Massachusetts Cannabis Control Commission,,,,,
07/01/2024,APPROVED,Marijuana Retailer,Expedited Review - DBE Status,Expedited,DBE Status,PROVISIONAL LICENSE,,COMPLETE,MR283257,Sparkboro Wellness Corp.,Williamstown,2167.0,,,1015-17 Simonds Road,,Williamstown,MA,1267,,POINT (-73.210217 42.738799),1015-17 Simonds Road,,Williamstown,MA,1267,84-2828113,MRN283257,6/25/2020 06:24:01 PM,5/26/2020 10:41:06 AM,10/13/2020 03:49:55 PM,False,,,,,,,,,,Minority-Owned Business,,,,1/30/2020 02:15:20 PM,9/21/2020 09:53:42 AM,10/8/2020 02:45:38 PM,12/8/2022 03:00:00 AM,12/9/2023 03:00:00 AM,,10000.0,,,,,,,1015-17 Simonds Road,,MA,42.738799,-73.210218,1015.0,Simonds Rd,,,Williamstown,MA,Berkshire County,1267.0,Sparkboro Wellness Corp.,MA,MACCC,Massachusetts Cannabis Control Commission,,,,,
07/01/2024,APPROVED,Marijuana Product Manufacturer,General Applicant,General Applicant,General Applicant,PROVISIONAL LICENSE,,COMPLETE,MP281446,"Cape Cod Grow Lab, LLC",Brewster,2631.0,,,1399 Freemans Way,,Brewster,MA,2631,POINT (-70.301811 41.698999),POINT (-70.006208 41.7364370),1399 Freemans Way,,Brewster,MA,2631,82-5232605,MPN281446,10/26/2018 11:49:06 AM,10/3/2018 12:00:00 AM,3/25/2019 12:39:49 PM,False,,,,,,,,,,Veteran-Owned Business,,,,7/25/2018 01:45:30 PM,11/27/2018 12:00:00 AM,3/7/2019 04:06:14 PM,4/14/2023 04:00:00 AM,8/17/2024 04:00:00 AM,,5000.0,2631.0,Brewster,Barnstable,41.698999,-70.301811,Southeast and Cape,1399 Freemans Way,,MA,41.736437,-70.006209,1399.0,Freemans Way,,,Brewster,MA,Barnstable County,2631.0,"Cape Cod Grow Lab, LLC",MA,MACCC,Massachusetts Cannabis Control Commission,,,,,
07/01/2024,APPROVED,Marijuana Delivery Operator,Expedited Review - Social Equity Participant,Expedited,Social Equity Participant,PROVISIONAL LICENSE,,COMPLETE,MD1266,Shine Delivery LLC,Plainville,2762.0,,,119 Washington Street,,Plainville,MA,2762,POINT (-71.15444 42.199156),,119 Washington Street,,Plainville,MA,2762,85-4275922,MDA1266,9/14/2021 08:21:00 PM,9/1/2021 02:02:47 PM,,False,,SE303513,SE303513,,,,,,,Not a DBE,,,,7/12/2021 05:16:39 PM,9/17/2021 09:30:51 AM,11/18/2021 02:38:12 PM,11/18/2021 03:00:00 AM,11/18/2022 03:00:00 AM,,0.0,2762.0,Plainville,Norfolk,42.199156,-71.15444,Central MA,,,MA,,,,,,,,,,,Shine Delivery LLC,MA,MACCC,Massachusetts Cannabis Control Commission,,,,,
07/01/2024,APPROVED,Marijuana Retailer,Priority Review - MTC Priority,Priority,MTC Priority,COMMENCE OPS,6/5/2020,COMPLETE,MR282376,TDMA LLC,Worcester,1604.0,,,74 Grafton St,,Worcester,MA,1604,POINT (-71.840209 42.329642),POINT (-71.794023 42.2592070),305 SE 3rd Ave,Ste 203,Portland,OR,97214,83-1658023,MRN282376,4/18/2019 12:38:14 PM,3/19/2019 12:00:00 AM,10/15/2019 04:40:36 PM,True,,,,,,,,,RPA201948,Not a DBE,,,4/9/2020 04:00:00 AM,2/7/2019 10:28:27 AM,9/19/2019 12:00:00 AM,10/10/2019 01:15:10 PM,12/14/2023 03:00:00 AM,12/18/2024 03:00:00 AM,,5000.0,1604.0,Worcester,Worcester,42.329642,-71.840209,Central MA,74 Grafton Street,,MA,42.259207,-71.794024,74.0,Grafton St,,,Worcester,MA,Worcester County,1604.0,TDMA LLC,MA,MACCC,Massachusetts Cannabis Control Commission,,,,,
07/01/2024,APPROVED,Marijuana Courier Pre-Certification,Expedited Review - Social Equity Participant,Expedited,Social Equity Participant,PROVISIONAL LICENSE,,COMPLETE,PDO103427,Sequoia Organics,,,,,TBA,,Attleboro,MA,2703,,,"775 Newport Ave, Suite #3071",,Attleboro,MA,2703,83-3180092,PDOA103427,4/28/2021 08:44:35 PM,4/27/2021 09:01:32 AM,,False,,SE304563,SE304563,,,,,,,Not a DBE,,,,1/23/2021 03:09:18 PM,,5/7/2021 03:30:01 PM,5/7/2021 04:00:00 AM,5/7/2023 04:00:00 AM,,0.0,,,,,,,,,MA,,,,,,,,,,,Sequoia Organics,MA,MACCC,Massachusetts Cannabis Control Commission,,,,,
07/01/2024,APPROVED,Marijuana Cultivator,Expedited Review - DBE Status,Expedited,DBE Status,COMMENCE OPS,12/23/2022,COMPLETE,MC281310,"Wellman Farm, Inc.",Lowell,2851.0,,,26 Wellman Street,,Lowell,MA,1851,,POINT (-71.322766 42.6200410),PO Box 180629,,Boston,MA,2118,83-0834923,MCN281310,12/5/2019 12:04:25 PM,5/9/2019 12:00:00 AM,1/17/2020 09:41:41 PM,False,,,SE304205,,,,,,,Woman-Owned Business | Minority-Owned Business,Indoor,"Tier 02: 5,001 to 10,000 sq. ft.",5/12/2022 04:00:00 AM,4/26/2018 07:55:04 PM,8/29/2019 12:00:00 AM,1/9/2020 11:30:55 AM,3/7/2024 03:00:00 AM,3/11/2025 04:00:00 AM,,2500.0,,,,,,,26 Wellman Street,,MA,42.620041,-71.322766,26.0,Wellman St,,,Lowell,MA,Middlesex County,1851.0,"Wellman Farm, Inc.",MA,MACCC,Massachusetts Cannabis Control Commission,,,,,
07/01/2024,APPROVED,Marijuana Retailer,General Applicant,General Applicant,General Applicant,COMMENCE OPS,2/10/2023,COMPLETE,MR283714,"Thrive Cultivation & Dispensary, LLC",Shirley,1464.0,,,53 Midland Drive,,Waltham,MA,2451,POINT (-71.275566 42.459085),POINT (-71.664574 42.530338),53 Midland Drive,,Waltham,MA,2451,84-3572060,MRN283714,12/11/2020 02:10:55 PM,12/8/2020 12:50:10 PM,6/10/2021 10:10:35 AM,False,no,,,,,,,,,Not a DBE,,,12/8/2022 03:00:00 AM,7/31/2020 05:37:33 PM,12/17/2020 12:10:38 PM,3/11/2021 02:09:09 PM,5/11/2023 04:00:00 AM,10/8/2024 04:00:00 AM,,10000.0,1464.0,Shirley,Middlesex,42.459085,-71.275566,Central MA,114 Lancaster Road,(FKA 130 Lancaster Road),MA,42.530338,-71.664574,114.0,Lancaster Rd,,,Shirley,MA,Middlesex County,1464.0,"Thrive Cultivation & Dispensary, LLC",MA,MACCC,Massachusetts Cannabis Control Commission,,,,,
07/01/2024,APPROVED,Marijuana Retailer,General Applicant,General Applicant,General Applicant,COMMENCE OPS,6/29/2021,COMPLETE,MR283369,"Diem Lynn, LLC",Lynn,1902.0,,,75 North Main Street,#570,Randolph,MA,2368,POINT (-70.970827 42.635475),POINT (-70.934126 42.4646759),75 North Main Street,#570,Randolph,MA,2368,84-2708625,MRN283369,7/31/2020 01:00:19 PM,5/26/2020 12:51:50 PM,,True,,,,,,,,,RPA201948,Not a DBE,,,6/17/2021 04:00:00 AM,3/18/2020 10:37:06 AM,8/14/2020 07:25:51 AM,1/14/2021 03:28:35 PM,5/11/2023 04:00:00 AM,9/10/2024 04:00:00 AM,,10000.0,1902.0,Lynn,Essex,42.635475,-70.970827,Northeast,211-217 Lewis Street,,MA,42.464676,-70.934126,217.0,Lewis St,,,Lynn,MA,Essex County,1902.0,"Diem Lynn, LLC",MA,MACCC,Massachusetts Cannabis Control Commission,,,,,
07/01/2024,APPROVED,Marijuana Cultivator,Expedited Review - License Type,Expedited,License Type,PROVISIONAL LICENSE,,COMPLETE,MC283505,"CanGrow, LLC",Orange,1364.0,,,150 John Vertente Blvd,,New Bedford,MA,2745,POINT (-72.573941 42.587072),POINT (-72.302276 42.5690370),150 John Vertente Blvd,,New Bedford,MA,2745,86-3815109,MCN283505,8/23/2021 02:55:24 PM,7/13/2021 03:05:09 PM,,False,no,,,,,,,,,Not a DBE,Outdoor,"Tier 07: 50,001 to 60,000 sq. ft",,5/3/2021 10:44:09 AM,9/3/2021 09:01:29 AM,11/18/2021 02:35:47 PM,3/7/2022 03:00:00 AM,7/5/2023 04:00:00 AM,,15000.0,1364.0,Orange,Franklin,42.587072,-72.573941,Western MA,"Lot 4, Quabbin Boulevard, Randall Pond Industrial Park",Parcel 129-6,MA,42.569037,-72.302276,,Quabbin Blvd,,,Orange,MA,Franklin County,1364.0,"CanGrow, LLC",MA,MACCC,Massachusetts Cannabis Control Commission,,,,,
07/01/2024,APPROVED,Marijuana Cultivator,Expedited Review - Social Equity Participant,Expedited,Social Equity Participant,PROVISIONAL LICENSE,,COMPLETE,MC283716,"Coastal Roots, LLC",Uxbridge,1569.0,,,112 Winter St.,,Hanson,MA,2341,POINT (-71.840209 42.329642),POINT (-71.666886 42.0589129),112 Winter St.,,Hanson,MA,2341,85-1767963,MCN283716,4/5/2022 05:07:56 PM,4/5/2022 02:48:01 PM,7/6/2022 01:38:29 PM,False,yes,SE305010,SE305010,,,,,,,Not a DBE,Indoor,"Tier 03: 10,001 to 20,000 sq. ft",,3/24/2022 04:36:53 PM,4/25/2022 05:31:06 AM,6/9/2022 12:48:02 PM,7/13/2023 04:00:00 AM,11/14/2024 03:00:00 AM,,2500.0,1569.0,Uxbridge,Worcester,42.329642,-71.840209,Central MA,374 West Street,Unit B,MA,42.058913,-71.666886,374.0,West St,,,Uxbridge,MA,Worcester County,1569.0,"Coastal Roots, LLC",MA,MACCC,Massachusetts Cannabis Control Commission,,,,,
07/01/2024,APPROVED,Marijuana Microbusiness,Expedited Review - License Type,Expedited,License Type,PROVISIONAL LICENSE,,COMPLETE,MB282344,"Greater Goods, LLC",Taunton,2780.0,,,445 Myles Standish Blvd.,,Taunton,MA,2780,POINT (-71.102131 41.778329),POINT (-71.134125 41.9556970),599 E Broadway,,Boston,MA,2127,86-2841346,MBN282344,10/12/2021 07:43:20 PM,9/22/2021 11:38:29 AM,10/17/2022 06:50:30 AM,False,no,,,,,,,,,Not a DBE,,,,9/14/2021 02:25:07 PM,10/22/2021 11:22:22 AM,1/20/2022 03:36:29 PM,10/12/2023 04:00:00 AM,10/17/2024 04:00:00 AM,,5625.0,2780.0,Taunton,Bristol,41.778329,-71.102131,Southeast and Cape,445 Myles Standish Blvd.,,MA,41.955697,-71.134126,445.0,Myles Standish Blvd,,,Taunton,MA,Bristol County,2780.0,"Greater Goods, LLC",MA,MACCC,Massachusetts Cannabis Control Commission,,,,,
07/01/2024,APPROVED,Marijuana Retailer,Priority Review - MTC Priority,Priority,MTC Priority,COMMENCE OPS,10/17/2019,COMPLETE,MR281263,"Curaleaf Massachusetts, Inc",Oxford,1540.0,,,425 Main Street,,Oxford,MA,1540,POINT (-71.840209 42.329642),POINT (-71.864615 42.128456),2001 Washington Street,Unit B,Hanover,MA,2339,46-3428628,MRN281263,10/11/2018 09:13:57 AM,5/10/2018 12:00:00 AM,10/22/2018 12:03:20 PM,True,,,,,,,APPROVED,RP201882,RP201882,Not a DBE,,,9/13/2019 04:00:00 AM,4/18/2018 01:37:59 AM,6/18/2018 12:00:00 AM,10/18/2018 02:39:54 PM,10/12/2023 04:00:00 AM,2/22/2025 03:00:00 AM,,5000.0,1540.0,Oxford,Worcester,42.329642,-71.840209,Central MA,425 Main Street,,MA,42.128456,-71.864615,425.0,Main St,,,Oxford,MA,Worcester County,1540.0,"Curaleaf Massachusetts, Inc",MA,MACCC,Massachusetts Cannabis Control Commission,,,,,
07/01/2024,APPROVED,Marijuana Retailer,General Applicant,General Applicant,General Applicant,COMMENCE OPS,2/1/2023,COMPLETE,MR283075,"Southcoast Apothecary, LLC",New Bedford,2746.0,,,115 Coggeshall Street,,New Bedford,MA,2746,POINT (-71.102131 41.778329),POINT (-70.921019 41.6562089),500 Totten Pond Road,,Waltham,MA,2451,83-3710769,MRN283075,6/9/2020 09:21:32 AM,2/24/2020 12:00:00 AM,,False,,,,,,,,,,Not a DBE,,,11/10/2022 03:00:00 AM,10/23/2019 02:32:21 PM,6/26/2020 01:43:24 PM,8/6/2020 02:22:39 PM,8/10/2023 04:00:00 AM,8/11/2024 04:00:00 AM,,10000.0,2746.0,New Bedford,Bristol,41.778329,-71.102131,Southeast and Cape,95 Coggeshall Street,,MA,41.656209,-70.921019,95.0,Coggeshall St,,,New Bedford,MA,Bristol County,2746.0,"Southcoast Apothecary, LLC",MA,MACCC,Massachusetts Cannabis Control Commission,,,,,
07/01/2024,APPROVED,Marijuana Product Manufacturer,General Applicant,General Applicant,General Applicant,PROVISIONAL CONSIDERATION,,PAYMENT_PENDING,MP281796,"Holistic Health Group, Inc.",Middleborough,2346.0,,,477 Wareham st,,Middleboro,MA,2346,POINT (-70.818958 41.978877),POINT (-70.839715 41.8410349),477 Wareham st,,Middleboro,MA,2346,81-2188298,MPN281796,1/12/2022 09:20:02 AM,9/16/2021 11:23:20 AM,,True,no,,SE305532,,,,APPROVED,RP201867,RP201867,Not a DBE,,,,11/18/2019 09:23:03 AM,1/14/2022 11:19:13 AM,3/10/2022 01:53:16 PM,,,,0.0,2346.0,Middleboro,Plymouth,41.978877,-70.818958,,477 Wareham Street,,MA,41.841035,-70.839716,477.0,Wareham St,,,Middleboro,MA,Plymouth County,2346.0,"Holistic Health Group, Inc.",MA,MACCC,Massachusetts Cannabis Control Commission,,,,,
07/01/2024,APPROVED,Marijuana Retailer,General Applicant,General Applicant,General Applicant,PROVISIONAL LICENSE,,COMPLETE,MR284774,"UC Retail, LLC",Bolton,1740.0,,,476 Main Street,,Bolton,MA,1740,POINT (-71.840209 42.329642),POINT (-71.589066 42.430045),601 Fitchburg State Road,,Ashby,MA,1431,87-2349254,MRN284774,8/31/2023 08:41:41 AM,11/29/2022 02:23:49 PM,,False,no,,,,,,,,,Not a DBE,,,,9/29/2022 09:15:04 AM,7/28/2023 09:50:27 AM,10/12/2023 12:53:03 PM,11/6/2023 03:00:00 AM,11/6/2024 03:00:00 AM,,10000.0,1740.0,Bolton,Worcester,42.329642,-71.840209,Central MA,476 Main Street,,MA,42.430045,-71.589066,476.0,Main St,,,Bolton,MA,Worcester County,1740.0,"UC Retail, LLC",MA,MACCC,Massachusetts Cannabis Control Commission,,,,,
07/01/2024,APPROVED,Marijuana Product Manufacturer,Priority Review - MTC Priority,Priority,MTC Priority,PROVISIONAL LICENSE,,COMPLETE,MP281628,"Alternative Compassion Services, Inc.",Bridgewater,2324.0,,,693 Elm Street,,Bridgewater,MA,2324,POINT (-70.818958 41.978877),POINT (-71.021432 41.9860630),693 Elm Street,,Bridgewater,MA,2324,46-2655758,MPN281628,7/18/2019 05:47:08 PM,4/16/2019 12:00:00 AM,1/6/2020 05:33:06 PM,True,,,,,,,APPROVED,RP201839,RP201839,Not a DBE,,,,3/25/2019 01:38:08 PM,7/30/2019 12:00:00 AM,10/10/2019 01:05:31 PM,1/8/2020 03:00:00 AM,1/16/2021 03:00:00 AM,,5000.0,2324.0,Bridgewater,Plymouth,41.978877,-70.818958,Southeast and Cape,693 Elm Street,,MA,41.986063,-71.021432,693.0,Elm St,,,Bridgewater,MA,Plymouth County,2324.0,"Alternative Compassion Services, Inc.",MA,MACCC,Massachusetts Cannabis Control Commission,,,,,
07/01/2024,APPROVED,Marijuana Product Manufacturer,Expedited Review - Two or More,Expedited,Two or More,PROVISIONAL LICENSE,,COMPLETE,MP282039,"LMCC, LLC",Taunton,2780.0,,,30 Sherwood Drive,,Taunton,MA,2780,POINT (-71.102131 41.778329),POINT (-71.085898 41.8963079),16 Holden Road,,Belmont,MA,2478,84-1976891,MPN282039,1/18/2022 01:27:08 PM,4/20/2021 02:14:10 PM,2/2/2023 11:52:52 AM,False,yes,SE304245,SE304245,,,,,,,Minority-Owned Business | Woman-Owned Business,,,,2/22/2021 11:56:32 AM,1/21/2022 07:34:41 AM,4/7/2022 12:49:25 PM,2/2/2023 03:00:00 AM,2/2/2024 03:00:00 AM,,5000.0,2780.0,Taunton,Bristol,41.778329,-71.102131,Southeast and Cape,30 Sherwood Drive,,MA,41.896308,-71.085898,30.0,Sherwood Dr,,,Taunton,MA,Bristol County,2780.0,"LMCC, LLC",MA,MACCC,Massachusetts Cannabis Control Commission,,,,,
07/01/2024,APPROVED,Marijuana Microbusiness,Expedited Review - Two or More,Expedited,Two or More,PROVISIONAL LICENSE,,COMPLETE,MB282399,"Simply Lifted, Inc.",Middleborough,2346.0,,,167 East Grove Street,,Middleboro,MA,2346,POINT (-70.818958 41.978877),POINT (-70.882512 41.8694470),167 East Grove Street,,Middleboro,MA,2346,86-1882671,MBN282399,6/22/2022 12:59:34 PM,5/16/2022 04:17:15 PM,10/21/2022 08:26:50 PM,False,yes,SE305819,SE305819,,,,,,,Not a DBE,,,,4/7/2022 11:06:19 AM,7/11/2022 10:38:01 AM,10/13/2022 04:17:09 PM,2/8/2024 03:00:00 AM,2/8/2025 03:00:00 AM,,2812.0,2346.0,Middleboro,Plymouth,41.978877,-70.818958,,167 Grove Street,,MA,41.869447,-70.882512,167.0,E Grove St,,,Middleboro,MA,Plymouth County,2346.0,"Simply Lifted, Inc.",MA,MACCC,Massachusetts Cannabis Control Commission,,,,,
07/01/2024,APPROVED,Marijuana Retailer,General Applicant,General Applicant,General Applicant,COMMENCE OPS,5/5/2021,COMPLETE,MR281939,Green World LLC,Brockton,2301.0,,,897 N Montello St,,Brockton,MA,2301,POINT (-70.818958 41.978877),POINT (-71.023510 42.1076449),897 N Montello St,,Brockton,MA,2301,83-1994986,MRN281939,2/28/2020 12:09:56 PM,11/15/2019 12:00:00 AM,5/11/2020 11:59:46 AM,False,,,,,,,,,,Not a DBE,,,4/16/2021 04:00:00 AM,9/30/2018 11:56:57 PM,3/5/2020 12:00:00 AM,5/8/2020 02:28:18 PM,4/14/2023 04:00:00 AM,9/19/2024 04:00:00 AM,,10000.0,2301.0,Brockton,Plymouth,41.978877,-70.818958,Southeast and Cape,897 North Montello Street,,MA,42.107645,-71.023511,897.0,N Montello St,,,Brockton,MA,Plymouth County,2301.0,Green World LLC,MA,MACCC,Massachusetts Cannabis Control Commission,,,,,
07/01/2024,APPROVED,Marijuana Retailer,General Applicant,General Applicant,General Applicant,COMMENCE OPS,7/2/2021,COMPLETE,MR282803,"Cypress Tree Management, Inc.",Newton,2461.0,,,419 Boylston Street,Suite 300,Boston,MA,2116,POINT (-71.275566 42.459085),POINT (-71.212681 42.3178970),419 Boylston Street,Suite 300,Boston,MA,2116,82-4767408,MRN282803,3/4/2020 12:32:51 PM,1/16/2020 12:00:00 AM,,False,,,,,,,,,,Not a DBE,,,6/17/2021 04:00:00 AM,6/21/2019 03:40:42 PM,3/5/2020 12:00:00 AM,5/8/2020 02:16:29 PM,4/14/2023 04:00:00 AM,10/7/2024 04:00:00 AM,,10000.0,2461.0,Newton Highlands,Middlesex,42.459085,-71.275566,,24-26 Elliot Street,,MA,42.317897,-71.212681,26.0,Elliot St,,,Newton Highlands,MA,Middlesex County,2461.0,"Cypress Tree Management, Inc.",MA,MACCC,Massachusetts Cannabis Control Commission,,,,,
07/01/2024,APPROVED,Marijuana Retailer,Priority Review - MTC Priority,Priority,MTC Priority,COMMENCE OPS,11/4/2020,COMPLETE,MR282186,"The Botanist, Inc.",Shrewsbury,1545.0,,,200 Portland Street,5th Floor,Boston,MA,2114,POINT (-71.840209 42.329642),POINT (-71.720735 42.2492319),200 Portland Street,5th Floor,Boston,MA,2114,47-3905518,MRN282186,2/25/2019 02:55:49 PM,1/23/2019 12:00:00 AM,,True,,,,,,,APPROVED,RP201860,RP201860,Not a DBE,,,10/8/2020 04:00:00 AM,12/14/2018 03:29:59 PM,5/15/2019 12:00:00 AM,7/9/2020 03:54:17 PM,7/13/2023 04:00:00 AM,7/22/2024 04:00:00 AM,,10000.0,1545.0,Shrewsbury,Worcester,42.329642,-71.840209,Central MA,235 Hartford Turnpike,,MA,42.249232,-71.720735,235.0,Hartford Turnpike,,,Shrewsbury,MA,Worcester County,1545.0,"The Botanist, Inc.",MA,MACCC,Massachusetts Cannabis Control Commission,,,,,
07/01/2024,APPROVED,Third Party Marijuana Transporter,General Applicant,General Applicant,General Applicant,COMMENCE OPS,7/24/2020,COMPLETE,MT281320,"Eagle Eyes Transport, Inc",Plymouth,2360.0,,,5 Robert J Way,,Plymouth,MA,2360,POINT (-70.818958 41.978877),POINT (-70.647114 41.9298349),PO Box 333,,Provincetown,MA,2657,83-1985465,MTN281320,2/13/2019 02:04:59 PM,12/20/2018 12:00:00 AM,5/18/2019 06:23:28 AM,False,,,,,,,,,,Not a DBE,,,4/9/2020 04:00:00 AM,4/20/2018 08:40:03 PM,2/21/2019 12:00:00 AM,5/16/2019 01:29:03 PM,4/14/2023 04:00:00 AM,7/13/2024 04:00:00 AM,,5000.0,2360.0,Plymouth,Plymouth,41.978877,-70.818958,Southeast and Cape,5 Robert J Way,,MA,41.929835,-70.647114,5.0,Robert J Way,,,Plymouth,MA,Plymouth County,2360.0,"Eagle Eyes Transport, Inc",MA,MACCC,Massachusetts Cannabis Control Commission,,,,,
07/01/2024,APPROVED,Marijuana Retailer,Expedited Review - Social Equity Participant,Expedited,Social Equity Participant,PROVISIONAL LICENSE,,COMPLETE,MR283203,"New Leaf Enterprises, Inc.",Fall River,2721.0,,,360 Second Street,,Fall River,MA,2721,POINT (-71.102131 41.778329),POINT (-71.157267 41.6973300),360 Second Street,,Fall River,MA,2721,84-3956316,MRN283203,2/3/2020 03:36:45 PM,1/14/2020 12:00:00 AM,,False,,,SE304200,,,,,,,Not a DBE,,,,12/26/2019 03:52:23 PM,5/26/2020 01:59:58 PM,7/9/2020 03:23:28 PM,12/14/2023 03:00:00 AM,12/14/2024 03:00:00 AM,,5000.0,2721.0,Fall River,Bristol,41.778329,-71.102131,Southeast and Cape,360 Second Street,,MA,41.69733,-71.157267,360.0,2nd St,,,Fall River,MA,Bristol County,2721.0,"New Leaf Enterprises, Inc.",MA,MACCC,Massachusetts Cannabis Control Commission,,,,,
07/01/2024,APPROVED,Marijuana Cultivator,Priority Review - MTC Priority,Priority,MTC Priority,COMMENCE OPS,1/20/2022,COMPLETE,MC281251,"New England Cannabis Corporation, Inc.",Holliston,1746.0,,,29 Everett Street,,Holliston,MA,1746,POINT (-71.275566 42.459085),POINT (-71.408602 42.2116070),29 Everett Street,,Holliston,MA,1746,81-4141619,MCN281251,4/14/2019 11:56:26 AM,2/25/2019 12:00:00 AM,8/23/2019 09:42:42 AM,True,,,,,,,APPROVED,RP201814,RP201814,Not a DBE,Indoor,"Tier 04: 20,001 to 30,000 sq. ft",1/14/2021 03:00:00 AM,4/17/2018 12:02:26 PM,6/7/2019 12:00:00 AM,8/9/2019 11:41:29 AM,4/11/2024 04:00:00 AM,4/11/2025 04:00:00 AM,,7500.0,1746.0,Holliston,Middlesex,42.459085,-71.275566,Central MA,29 Everett Street,,MA,42.211607,-71.408603,29.0,Everett St,,,Holliston,MA,Middlesex County,1746.0,"New England Cannabis Corporation, Inc.",MA,MACCC,Massachusetts Cannabis Control Commission,,,,,
07/01/2024,APPROVED,Marijuana Cultivator,General Applicant,General Applicant,General Applicant,FINAL LICENSE,,COMPLETE,MC282527,Grow One Inc.,Lowell,1852.0,,,60 Dix Street,,Lowell,MA,1852,POINT (-71.275566 42.459085),POINT (-71.309578 42.6299380),362 North End Boulevard,,Salisbury,MA,1952,81-3769278,MCN282527,7/22/2020 11:05:49 AM,3/13/2020 12:00:00 AM,,False,,,,,,,,,,Woman-Owned Business,Indoor,"Tier 03: 10,001 to 20,000 sq. ft",7/13/2023 04:00:00 AM,12/5/2019 02:17:46 PM,7/24/2020 09:25:51 AM,10/8/2020 02:12:06 PM,5/11/2023 04:00:00 AM,8/9/2024 04:00:00 AM,,5000.0,1852.0,Lowell,Middlesex,42.459085,-71.275566,Northeast,60 Dix Streeet,,MA,42.629938,-71.309578,60.0,Dix St,,,Lowell,MA,Middlesex County,1852.0,Grow One Inc.,MA,MACCC,Massachusetts Cannabis Control Commission,,,,,
07/01/2024,APPROVED,Marijuana Retailer,Priority Review - Economic Empowerment Priority,Priority,Economic Empowerment Priority,PROVISIONAL LICENSE,,COMPLETE,MR284535,EVG FARMS LLC,Boston,2136.0,,,883 HYDE PARK AVE,,HYDE PARK,MA,2136,POINT (-71.073493 42.334948),POINT (-71.121054 42.2696570),31 ALDRICH ST,,ROSLINDALE,MA,2131,84-1844471,MRN284535,4/28/2022 11:46:10 AM,3/15/2022 09:09:23 AM,6/16/2022 03:19:44 PM,True,yes,EE201867,SE303515,APPROVED,EE201867,EE201867,,,,Not a DBE,,,,12/6/2021 03:43:55 PM,5/6/2022 10:33:58 AM,6/9/2022 12:49:04 PM,5/11/2023 04:00:00 AM,10/14/2024 04:00:00 AM,,5000.0,2136.0,Hyde Park,Suffolk,42.334948,-71.073493,,883 Hyde Park Ave,,MA,42.269657,-71.121055,883.0,Hyde Park Ave,,,Hyde Park,MA,Suffolk County,2136.0,EVG FARMS LLC,MA,MACCC,Massachusetts Cannabis Control Commission,,,,,
07/01/2024,APPROVED,Marijuana Cultivator,Priority Review - MTC Priority,Priority,MTC Priority,PROVISIONAL LICENSE,,COMPLETE,MC282431,Holistic Health Group Inc,Middleborough,2344.0,,,202 Wood st,,Hopkinton,MA,1748,POINT (-70.818958 41.978877),POINT (-70.694661 41.760216),202 Wood st,,Hopkinton,MA,1748,81-2188298,MCN282431,3/16/2020 09:59:47 AM,12/3/2019 12:00:00 AM,,True,,,SE305532,,,,APPROVED,RP201867,RPA201867,Not a DBE,Indoor,"Tier 03: 10,001 to 20,000 sq. ft",,10/4/2019 02:19:00 PM,3/19/2020 12:00:00 AM,6/4/2020 02:24:49 PM,8/12/2021 04:00:00 AM,8/16/2022 04:00:00 AM,,5000.0,2344.0,Middleboro,Plymouth,41.978877,-70.818958,,477 Wareham st,,MA,41.760216,-70.694662,,,,,Wareham,MA,Plymouth County,2571.0,Holistic Health Group Inc,MA,MACCC,Massachusetts Cannabis Control Commission,,,,,
07/01/2024,APPROVED,Marijuana Product Manufacturer,General Applicant,General Applicant,General Applicant,PROVISIONAL LICENSE,,COMPLETE,MP282151,"Winchendon Grows, LLC",Winchendon,1475.0,,,12 Mount Vernon Street,#47,Melrose,MA,2176,POINT (-71.840209 42.329642),POINT (-72.047876 42.6616119),12 Mount Vernon Street,#47,Melrose,MA,2176,87-1275849,MPN282151,1/20/2022 01:01:36 PM,1/11/2022 01:24:41 PM,5/10/2023 04:09:00 PM,False,no,,,,,,,,,Not a DBE,,,,11/22/2021 03:45:12 PM,2/7/2022 02:28:30 PM,5/12/2022 02:13:04 PM,5/10/2023 04:00:00 AM,5/10/2024 04:00:00 AM,,10000.0,1475.0,Winchendon,Worcester,42.329642,-71.840209,Central MA,Commercial Drive,,MA,42.661612,-72.047876,,,,,Winchendon,MA,Worcester County,1475.0,"Winchendon Grows, LLC",MA,MACCC,Massachusetts Cannabis Control Commission,,,,,
07/01/2024,APPROVED,Marijuana Microbusiness,General Applicant,General Applicant,General Applicant,PROVISIONAL CONSIDERATION,,PAYMENT_PENDING,MB281359,"Hothouse Holyoke, Inc.",Holyoke,1040.0,,,90 Sargeant St.,,Holyoke,MA,1040,POINT (-72.571312 42.12756),POINT (-72.612803 42.1994260),15 Manor House Ct.,,Holyoke,MA,1040,83-1629279,MBN281359,11/8/2018 03:12:43 PM,8/6/2018 12:00:00 AM,,False,,,,,,,,,,Minority-Owned Business | Woman-Owned Business,,,,5/1/2018 01:41:26 PM,11/26/2018 12:00:00 AM,1/24/2019 03:57:31 PM,,,,0.0,1040.0,Holyoke,Hampden,42.12756,-72.571312,Western MA,90 Sargeant St.,,MA,42.199426,-72.612804,90.0,Sargeant St,,,Holyoke,MA,Hampden County,1040.0,"Hothouse Holyoke, Inc.",MA,MACCC,Massachusetts Cannabis Control Commission,,,,,
07/01/2024,APPROVED,Marijuana Retailer,General Applicant,General Applicant,General Applicant,PROVISIONAL LICENSE,,COMPLETE,MR281616,"Alfreds Finest, Inc.",Plymouth,2360.0,,,8 Scobee Circle,,Plymouth,MA,2360,POINT (-70.818958 41.978877),POINT (-70.707127 41.9495810),99 Main St.,,Plympton,MA,2367,83-0824729,MRN281616,4/15/2020 10:58:40 AM,3/6/2020 12:00:00 AM,,False,,,SE303609,,,,,,,Minority-Owned Business,,,,6/19/2018 11:15:13 AM,7/7/2020 12:14:11 PM,10/8/2020 12:26:48 PM,1/7/2022 03:00:00 AM,1/7/2023 03:00:00 AM,,10000.0,2360.0,Plymouth,Plymouth,41.978877,-70.818958,Southeast and Cape,8 Scobee Circle,,MA,41.949581,-70.707127,8.0,Scobee Cir,,,Plymouth,MA,Plymouth County,2360.0,"Alfreds Finest, Inc.",MA,MACCC,Massachusetts Cannabis Control Commission,,,,,
07/01/2024,APPROVED,Marijuana Cultivator,General Applicant,General Applicant,General Applicant,COMMENCE OPS,7/20/2021,COMPLETE,MC281850,"ACK Natural, LLC",Nantucket,2554.0,,,"50 Commonwealth Ave, Suite 1",,Boston,MA,2108,POINT (-70.09089 41.276758),POINT (-70.058216 41.2622890),"50 Commonwealth Ave, Suite 1",,Boston,MA,2108,82-4569245,MCN281850,3/24/2020 10:20:24 AM,2/12/2020 12:00:00 AM,2/9/2021 06:20:15 PM,False,,,,,,,,,,Not a DBE,Indoor,"Tier 01: up to 5,000 square feet",5/13/2021 04:00:00 AM,12/12/2018 03:24:22 PM,12/1/2020 12:11:18 PM,1/14/2021 03:12:22 PM,1/20/2022 03:00:00 AM,2/9/2023 03:00:00 AM,,1250.0,2554.0,Nantucket,Nantucket,41.276758,-70.09089,Southeast and Cape,17-19 Spearhead Drive,,MA,41.262289,-70.058216,12.0,Spearhead Rd,,,Nantucket,MA,Nantucket County,2554.0,"ACK Natural, LLC",MA,MACCC,Massachusetts Cannabis Control Commission,,,,,
07/01/2024,APPROVED,Marijuana Retailer,General Applicant,General Applicant,General Applicant,FINAL LICENSE,,COMPLETE,MR283237,Four Trees Holyoke LLC,Holyoke,1040.0,,,1 Cabot Street,,Holyoke,MA,1040,POINT (-72.571312 42.12756),POINT (-72.602168 42.1966370),1 Cabot Street,,Holyoke,MA,1040,84-2753391,MRN283237,7/20/2020 05:32:30 PM,4/10/2020 12:00:00 AM,12/7/2020 08:41:05 PM,False,no,,,,,,,,,Not a DBE,,,6/13/2024 04:00:00 AM,1/16/2020 07:23:18 PM,7/24/2020 11:50:12 AM,9/10/2020 01:07:13 PM,12/14/2023 03:00:00 AM,12/18/2024 03:00:00 AM,,10000.0,1040.0,Holyoke,Hampden,42.12756,-72.571312,Western MA,1 Cabot Street,,MA,42.196637,-72.602168,1.0,Cabot St,,,Holyoke,MA,Hampden County,1040.0,Four Trees Holyoke LLC,MA,MACCC,Massachusetts Cannabis Control Commission,,,,,
07/01/2024,APPROVED,Marijuana Delivery Operator Pre-Certification,Expedited Review - Social Equity Participant,Expedited,Social Equity Participant,PROVISIONAL LICENSE,,COMPLETE,PMD5932,"Ara Ventures, LLC",,,,,1029 North Road,suite 1003,Westfield,MA,1085,,,1029 North Road,Suite 1003,Westfield,MA,1085,87-2736260,PMDA5932,3/31/2022 12:37:35 AM,2/23/2022 11:22:18 AM,,False,,SE305617,SE305617,,,,,,,Not a DBE,,,,9/20/2021 09:27:44 PM,4/8/2022 11:34:53 AM,4/8/2022 11:35:02 AM,4/8/2022 04:00:00 AM,4/8/2024 04:00:00 AM,,0.0,,,,,,,,,MA,,,,,,,,,,,"Ara Ventures, LLC",MA,MACCC,Massachusetts Cannabis Control Commission,,,,,
07/01/2024,APPROVED,Marijuana Delivery Operator Pre-Certification,Expedited Review - Social Equity Participant,Expedited,Social Equity Participant,PROVISIONAL LICENSE,,COMPLETE,PMD5840,Lucky Green Ladies LLC,,,,,820 Pulaski Blvd,,Bellingham,MA,2019,,,820 Pulaski Blvd,,Bellingham,MA,2019,85-2986516,PMDA5840,8/17/2021 07:54:20 AM,8/5/2021 04:03:36 PM,,False,,SE303977,SE303977,,,,,,,Woman-Owned Business,,,,5/30/2021 03:22:23 PM,8/27/2021 11:01:15 AM,8/30/2021 11:01:27 AM,8/30/2021 04:00:00 AM,8/30/2023 04:00:00 AM,,0.0,,,,,,,,,MA,,,,,,,,,,,Lucky Green Ladies LLC,MA,MACCC,Massachusetts Cannabis Control Commission,,,,,
07/01/2024,APPROVED,Marijuana Retailer,General Applicant,General Applicant,General Applicant,COMMENCE OPS,9/30/2020,COMPLETE,MR282048,"GreenStar Herbals, Inc.",Dracut,1826.0,,,310 Flagg Hill Road,,Boxborough,MA,1719,POINT (-71.275566 42.459085),POINT (-71.324166 42.6646349),310 Flagg Hill Road,,Boxborough,MA,1719,83-0565099,MRN282048,8/26/2019 11:52:00 AM,5/9/2019 12:00:00 AM,12/5/2019 11:11:19 AM,False,,,,,,,,,,Not a DBE,,,9/10/2020 04:00:00 AM,11/14/2018 09:55:14 AM,9/18/2019 12:00:00 AM,11/7/2019 01:39:43 PM,1/11/2024 03:00:00 AM,3/4/2025 03:00:00 AM,,10000.0,1826.0,Dracut,Middlesex,42.459085,-71.275566,Northeast,76-100 Pleasant Street,,MA,42.664635,-71.324166,100.0,Pleasant St,,,Dracut,MA,Middlesex County,1826.0,"GreenStar Herbals, Inc.",MA,MACCC,Massachusetts Cannabis Control Commission,,,,,
07/01/2024,APPROVED,Marijuana Cultivator,General Applicant,General Applicant,General Applicant,PROVISIONAL LICENSE,,COMPLETE,MC283659,CLCASH LLC,Belchertown,1007.0,,,401 Mill Valley Rd,,Belchertown,MA,1007,POINT (-72.62073 42.322256),POINT (-72.371466 42.2594950),401 Mill Valley Rd,,Belchertown,MA,1007,87-4688143,MCN283659,12/9/2022 04:22:59 PM,3/31/2022 04:05:26 PM,,False,no,,,,,,,,,Minority-Owned Business,Indoor,"Tier 01: up to 5,000 square feet",,12/2/2021 01:18:13 PM,12/16/2022 09:45:05 AM,3/9/2023 12:36:40 PM,6/20/2023 04:00:00 AM,6/20/2024 04:00:00 AM,,1250.0,1007.0,Belchertown,Hampshire,42.322256,-72.62073,Western MA,401 Mill Valley Rd,,MA,42.259495,-72.371467,401.0,Mill Valley Rd,,,Belchertown,MA,Hampshire County,1007.0,CLCASH LLC,MA,MACCC,Massachusetts Cannabis Control Commission,,,,,
07/01/2024,APPROVED,Marijuana Retailer,Expedited Review - DBE Status,Expedited,DBE Status,PROVISIONAL LICENSE,,COMPLETE,MR284000,Rasta Rootz LLC,Boston,2109.0,,,21 Broad St,,Boston,MA,2109,POINT (-71.073493 42.334948),POINT (-71.054657 42.3584559),305 Fitzmaurice Circle,,Belmont,MA,2478,84-3357953,MRN284000,10/19/2021 06:00:37 AM,9/7/2021 09:13:22 AM,,False,no,,SE306827,,,,,,,Minority-Owned Business | Woman-Owned Business,,,,12/29/2020 04:27:34 PM,10/29/2021 12:55:07 PM,1/20/2022 03:45:29 PM,4/14/2023 04:00:00 AM,8/15/2024 04:00:00 AM,,5000.0,2109.0,Boston,Suffolk,42.334948,-71.073493,Metro Boston,21 Broad St,,MA,42.358456,-71.054657,21.0,Broad St,,,Boston,MA,Suffolk County,2109.0,Rasta Rootz LLC,MA,MACCC,Massachusetts Cannabis Control Commission,,,,,
07/01/2024,APPROVED,Marijuana Cultivator,General Applicant,General Applicant,General Applicant,PROVISIONAL LICENSE,,COMPLETE,MC283161,North Country Production LLC,Holyoke,1040.0,,,2410 Fair Oaks Blvd.,Suite 110,Sacramento,CA,95825,POINT (-72.571312 42.12756),POINT (-72.604284 42.2012009),2410 Fair Oaks Blvd.,Suite 110,Sacramento,CA,95825,85-4053730,MCN283161,5/20/2021 05:19:50 PM,3/18/2021 02:58:57 PM,,False,no,,,,,,,,,Not a DBE,Indoor,"Tier 06: 40,001 to 50,000 sq. ft",,11/5/2020 12:36:08 PM,7/26/2021 09:18:12 AM,9/17/2021 12:31:41 PM,9/30/2021 04:00:00 AM,9/30/2022 04:00:00 AM,,25000.0,1040.0,Holyoke,Hampden,42.12756,-72.571312,Western MA,12 Crescent Street,,MA,42.201201,-72.604284,12.0,Crescent St,,,Holyoke,MA,Hampden County,1040.0,North Country Production LLC,MA,MACCC,Massachusetts Cannabis Control Commission,,,,,
07/01/2024,APPROVED,Marijuana Retailer,General Applicant,General Applicant,General Applicant,COMMENCE OPS,11/12/2021,COMPLETE,MR282837,"Ascend Mass, LLC",Newton,2465.0,,,500 Totten Pond Road,,Waltham,MA,2451,POINT (-71.275566 42.459085),POINT (-71.217944 42.350037),500 Totten Pond Road,,Waltham,MA,2451,82-5384985,MRN282837,3/6/2020 10:09:58 AM,2/4/2020 12:00:00 AM,6/5/2020 09:50:24 AM,False,,,,,,,,,,Not a DBE,,,10/14/2021 04:00:00 AM,7/7/2019 02:50:28 PM,3/12/2020 12:00:00 AM,6/4/2020 02:03:25 PM,6/8/2023 04:00:00 AM,10/8/2024 04:00:00 AM,,10000.0,2465.0,West Newton,Middlesex,42.459085,-71.275566,,1089 Washington Street,,MA,42.350037,-71.217944,1089.0,Washington St,,,West Newton,MA,Middlesex County,2465.0,"Ascend Mass, LLC",MA,MACCC,Massachusetts Cannabis Control Commission,,,,,
07/01/2024,APPROVED,Marijuana Delivery Operator Pre-Certification,Expedited Review - Social Equity Participant,Expedited,Social Equity Participant,PROVISIONAL LICENSE,,COMPLETE,PMD5791,SEED5,,,,,1602 Blue Hill Ave.,#261034,BOSTON,MA,2126,,,4 FAWN CIR.,,RANDOLPH,MA,2368,85-2975793,PMDA5791,8/4/2021 05:44:14 PM,7/26/2021 12:14:06 PM,,False,,SE304989,SE304989,,,,,,,Disability-Owned Business | Minority-Owned Business,,,,5/27/2021 09:28:32 PM,8/27/2021 11:32:46 AM,8/30/2021 11:33:05 AM,8/30/2021 04:00:00 AM,8/30/2023 04:00:00 AM,,0.0,,,,,,,,,MA,,,,,,,,,,,SEED5,MA,MACCC,Massachusetts Cannabis Control Commission,,,,,
07/01/2024,APPROVED,Marijuana Retailer,Expedited Review - DBE Status,Expedited,DBE Status,COMMENCE OPS,10/5/2021,COMPLETE,MR282766,GTE Franklin LLC,Franklin,2038.0,,,120 Bergeron Way,,Stoughton,MA,2072,POINT (-71.15444 42.199156),POINT (-71.446612 42.0848390),120 Bergeron Way,,Stoughton,MA,2072,84-1898710,MRN282766,5/27/2020 12:57:30 PM,2/10/2020 12:00:00 AM,8/27/2020 12:18:47 PM,False,,,,,,,,,,Minority-Owned Business,,,8/12/2021 04:00:00 AM,6/8/2019 01:18:56 PM,5/28/2020 10:27:27 AM,7/9/2020 02:56:26 PM,9/14/2023 04:00:00 AM,9/16/2024 04:00:00 AM,,10000.0,2038.0,Franklin,Norfolk,42.199156,-71.15444,Central MA,1256 West Central St,,MA,42.084839,-71.446613,1256.0,W Central St,,,Franklin,MA,Norfolk County,2038.0,GTE Franklin LLC,MA,MACCC,Massachusetts Cannabis Control Commission,,,,,
07/01/2024,APPROVED,Marijuana Delivery Operator Pre-Certification,Expedited Review - Social Equity Participant,Expedited,Social Equity Participant,PROVISIONAL LICENSE,,COMPLETE,PMD5871,Rahman Realty,,,,,5 Garren Ter,,Randolph,MA,2368,,,5 Garren Terrace,,Randolph,MA,2368,86-1450507,PMDA5871,10/28/2022 11:17:35 AM,3/25/2022 08:53:53 AM,,False,,SE305157,SE305157,,,,,,,Minority-Owned Business,,,,6/14/2021 10:57:59 AM,11/18/2022 12:47:48 PM,11/22/2022 08:39:10 AM,11/22/2022 03:00:00 AM,11/22/2024 03:00:00 AM,,0.0,,,,,,,,,MA,,,,,,,,,,,Rahman Realty,MA,MACCC,Massachusetts Cannabis Control Commission,,,,,
07/01/2024,APPROVED,Marijuana Retailer,General Applicant,General Applicant,General Applicant,COMMENCE OPS,10/19/2021,COMPLETE,MR282037,Herbal Pathways,Pittsfield,1201.0,,,1315 East Street,,Pittsfield,MA,1201,POINT (-73.209889 42.396128),POINT (-73.221252 42.4539770),10 West Street,,Allenstown,NH,3275,82-4547914,MRN282037,12/10/2019 02:29:17 PM,5/3/2019 12:00:00 AM,1/14/2020 10:43:38 AM,False,,,,,,,,,,Not a DBE,,,9/17/2021 04:00:00 AM,11/9/2018 03:36:41 PM,9/18/2019 12:00:00 AM,1/9/2020 11:25:09 AM,3/7/2024 03:00:00 AM,3/11/2025 04:00:00 AM,,10000.0,1201.0,Pittsfield,Berkshire,42.396128,-73.209889,Western MA,1317 East Street,,MA,42.453977,-73.221252,1317.0,East St,,,Pittsfield,MA,Berkshire County,1201.0,Herbal Pathways,MA,MACCC,Massachusetts Cannabis Control Commission,,,,,
07/01/2024,APPROVED,Marijuana Cultivator,General Applicant,General Applicant,General Applicant,PROVISIONAL LICENSE,,COMPLETE,MC282173,"KRD Growers, LLC",Clinton,1510.0,,,155 State Street,Suite 3,Newburyport,MA,1950,POINT (-71.840209 42.329642),POINT (-71.689036 42.424464),155 State Street,Suite 3,Newburyport,MA,1950,83-2994003,MCN282173,5/20/2020 12:42:22 PM,11/15/2019 12:00:00 AM,,False,,,,,,,,,,Not a DBE,Indoor,"Tier 02: 5,001 to 10,000 sq. ft.",,5/29/2019 02:11:03 PM,5/21/2020 10:23:43 AM,8/6/2020 02:07:35 PM,12/14/2023 03:00:00 AM,12/18/2024 03:00:00 AM,,2500.0,1510.0,Clinton,Worcester,42.329642,-71.840209,Central MA,89 Parker Street,,MA,42.424464,-71.689036,89.0,Parker St,,,Clinton,MA,Worcester County,1510.0,"KRD Growers, LLC",MA,MACCC,Massachusetts Cannabis Control Commission,,,,,
07/01/2024,APPROVED,Marijuana Retailer,General Applicant,General Applicant,General Applicant,PROVISIONAL CONSIDERATION,,PAYMENT_PENDING,MR284995,Elevated Roots III LLC,Abington,2338.0,,,1423 Bedford Street,,Abington,MA,2351,POINT (-70.818958 41.978877),POINT (-70.951617 42.141441),44 William C. Gould Way,,Kingston,MA,2364,88-3735625,MRN284995,8/14/2023 06:26:53 PM,7/28/2023 02:05:07 PM,,False,no,,,,,,,,,Not a DBE,,,,7/21/2023 08:56:23 AM,8/25/2023 11:03:33 AM,10/12/2023 12:49:27 PM,,,,0.0,2338.0,Halifax,Plymouth,41.978877,-70.818958,Southeast and Cape,1423 Bedford Street,Units 4 and 5,MA,42.141441,-70.951618,1423.0,Bedford St,,,Abington,MA,Plymouth County,2351.0,Elevated Roots III LLC,MA,MACCC,Massachusetts Cannabis Control Commission,,,,,
07/01/2024,APPROVED,Marijuana Retailer,Expedited Review - DBE Status,Expedited,DBE Status,COMMENCE OPS,7/22/2021,COMPLETE,MR282267,Grass Appeal LLC,Uxbridge,1569.0,,,79 River Road,,Uxbridge,MA,1569,POINT (-71.840209 42.329642),POINT (-71.616467 42.0364530),79 River Road,,Uxbridge,MA,1569,83-1969051,MRN282267,12/17/2019 12:35:42 PM,12/9/2019 12:00:00 AM,,False,,,,,,,,,,Veteran-Owned Business,,,6/17/2021 04:00:00 AM,1/9/2019 09:10:56 AM,12/17/2019 12:00:00 AM,2/7/2020 09:11:48 AM,2/8/2024 03:00:00 AM,3/12/2025 04:00:00 AM,,10000.0,1569.0,Uxbridge,Worcester,42.329642,-71.840209,Central MA,79 River Road,,MA,42.036453,-71.616468,79.0,River Rd,,,Uxbridge,MA,Worcester County,1569.0,Grass Appeal LLC,MA,MACCC,Massachusetts Cannabis Control Commission,,,,,
07/01/2024,APPROVED,Marijuana Product Manufacturer,General Applicant,General Applicant,General Applicant,COMMENCE OPS,11/22/2023,COMPLETE,MP281823,Impressed LLC,Hanson,2341.0,,,15 Commercial Way,,Hanson,MA,2341,POINT (-70.818958 41.978877),POINT (-70.904548 42.0518429),10 Stonegate Lane,,Dover,MA,2030,83-4651822,MPN281823,9/9/2021 03:35:57 PM,5/24/2021 03:41:16 PM,,False,,,,,,,,,,Not a DBE,,,9/14/2023 04:00:00 AM,1/5/2020 04:36:00 PM,10/5/2021 03:17:22 PM,2/14/2022 04:20:21 PM,6/8/2023 04:00:00 AM,7/15/2024 04:00:00 AM,,10000.0,2341.0,Hanson,Plymouth,41.978877,-70.818958,Southeast and Cape,15 Commercial Way,,MA,42.051843,-70.904548,15.0,Commercial Way,,,Hanson,MA,Plymouth County,2341.0,Impressed LLC,MA,MACCC,Massachusetts Cannabis Control Commission,,,,,
07/01/2024,APPROVED,Marijuana Cultivator,General Applicant,General Applicant,General Applicant,COMMENCE OPS,8/10/2023,COMPLETE,MC281300,Solurge Inc.,Holyoke,1040.0,,,650 Beaulieu Street,,Holyoke,MA,1040,POINT (-72.571312 42.12756),POINT (-72.617645 42.1916999),650 Beaulieu Street,,Holyoke,MA,1040,82-3344036,MCN281300,3/17/2020 10:54:07 AM,10/1/2019 12:00:00 AM,,False,,,,,,,,,,Not a DBE,Indoor,"Tier 03: 10,001 to 20,000 sq. ft",11/10/2022 03:00:00 AM,4/25/2018 12:35:29 PM,3/19/2020 12:00:00 AM,7/9/2020 03:44:09 PM,6/8/2023 04:00:00 AM,8/11/2024 04:00:00 AM,,5000.0,1040.0,Holyoke,Hampden,42.12756,-72.571312,Western MA,650 Beaulieu Street,,MA,42.1917,-72.617646,650.0,Beaulieu St,,,Holyoke,MA,Hampden County,1040.0,Solurge Inc.,MA,MACCC,Massachusetts Cannabis Control Commission,,,,,
07/01/2024,APPROVED,Marijuana Microbusiness,Expedited Review - License Type,Expedited,License Type,COMMENCE OPS,5/25/2023,COMPLETE,MB281675,"Root 2 Naturals, LLC",Athol,1331.0,,,201 Daniel Shays Highway,,Athol,MA,1331,POINT (-71.840209 42.329642),POINT (-72.260420 42.5774899),PO Box 80420,,STONEHAM,MA,2180,84-3118609,MBN281675,6/11/2020 12:22:01 PM,3/31/2020 12:00:00 AM,,False,,,,,,,,,,Not a DBE,,,11/10/2022 03:00:00 AM,9/17/2019 06:08:23 PM,6/19/2020 02:31:40 PM,9/10/2020 01:33:47 PM,8/10/2023 04:00:00 AM,9/16/2024 04:00:00 AM,,5625.0,1331.0,Athol,Worcester,42.329642,-71.840209,Western MA,201 Daniel Shays Highway,,MA,42.57749,-72.260421,201.0,Daniel Shays Hwy,,,Athol,MA,Worcester County,1331.0,"Root 2 Naturals, LLC",MA,MACCC,Massachusetts Cannabis Control Commission,,,,,
07/01/2024,APPROVED,Marijuana Delivery Operator Pre-Certification,Expedited Review - Social Equity Participant,Expedited,Social Equity Participant,PROVISIONAL LICENSE,,COMPLETE,PMD6002,Sky & Earth LLC,,,,,7 Fiske St,,Worcester,MA,1602,,,1215 Main St,Suite 115-126,Tewksbury,MA,1876,87-4359956,PMDA6002,4/21/2022 04:05:41 PM,4/20/2022 11:28:12 AM,,False,,SE304506,,,,,,,,Not a DBE,,,,3/31/2022 09:32:01 AM,4/22/2022 10:39:11 AM,4/25/2022 10:42:20 AM,4/25/2022 04:00:00 AM,4/25/2024 04:00:00 AM,,0.0,,,,,,,,,MA,,,,,,,,,,,Sky & Earth LLC,MA,MACCC,Massachusetts Cannabis Control Commission,,,,,
07/01/2024,APPROVED,Marijuana Delivery Operator Pre-Certification,Expedited Review - Social Equity Participant,Expedited,Social Equity Participant,PROVISIONAL LICENSE,,COMPLETE,PMD5992,"NEEM Wellness, LLC",,,,,33 Sleeper St,608,Boston,MA,2210,,,33 Sleeper St,608,Boston,MA,2210,00-1548475,PMDA5992,2/15/2022 01:57:14 PM,2/11/2022 01:35:16 PM,,False,,SE305292,SE305292,,,,,,,Not a DBE,,,,2/7/2022 01:17:25 PM,2/25/2022 02:55:05 PM,2/25/2022 02:55:16 PM,2/25/2022 03:00:00 AM,2/25/2024 03:00:00 AM,,0.0,,,,,,,,,MA,,,,,,,,,,,"NEEM Wellness, LLC",MA,MACCC,Massachusetts Cannabis Control Commission,,,,,
07/01/2024,APPROVED,Marijuana Cultivator,Priority Review - Economic Empowerment Priority,Priority,Economic Empowerment Priority,PROVISIONAL LICENSE,,COMPLETE,MC282508,"Legal Greens, LLC",Brockton,2301.0,,,93 Pleasant St,,Brockton,MA,2301,POINT (-70.818958 41.978877),POINT (-71.022535 42.0858959),71 Legion Pkwy,suite 25,Brockton,MA,2301,83-0741086,MCN282508,10/14/2021 01:09:23 PM,2/5/2020 12:00:00 AM,4/12/2022 11:38:51 AM,True,no,,,,,EEA202396,,,,Woman-Owned Business | Minority-Owned Business,Indoor,"Tier 01: up to 5,000 square feet",,11/23/2019 02:43:15 PM,10/15/2021 02:45:50 PM,1/20/2022 03:41:07 PM,4/11/2024 04:00:00 AM,4/17/2025 04:00:00 AM,,1250.0,2301.0,Brockton,Plymouth,41.978877,-70.818958,Southeast and Cape,93 Pleasant st,,MA,42.085896,-71.022535,93.0,Pleasant St,,,Brockton,MA,Plymouth County,2301.0,"Legal Greens, LLC",MA,MACCC,Massachusetts Cannabis Control Commission,,,,,
07/01/2024,APPROVED,Marijuana Product Manufacturer,Expedited Review - DBE Status,Expedited,DBE Status,PROVISIONAL LICENSE,,COMPLETE,MP281960,MAIA ADVANCED ORGANICS INC,Clinton,1510.0,,,1R & 3R GREEN STREET,,CLINTON,MA,1510,POINT (-71.840209 42.329642),POINT (-71.681399 42.4107350),200 SPECTRUM CENTER DR SUITE 300,,IRVINE,CA,92618,85-2339501,MPN281960,6/2/2021 02:50:44 PM,4/14/2021 11:35:04 AM,,False,no,,,,,,,,,Minority-Owned Business,,,,9/30/2020 02:59:31 PM,7/2/2021 10:01:35 AM,9/17/2021 12:30:12 PM,12/27/2021 03:00:00 AM,12/27/2022 03:00:00 AM,,10000.0,1510.0,Clinton,Worcester,42.329642,-71.840209,Central MA,1R & 3R GREEN STREET,,MA,42.410735,-71.6814,1.0,Green St,,,Clinton,MA,Worcester County,1510.0,MAIA ADVANCED ORGANICS INC,MA,MACCC,Massachusetts Cannabis Control Commission,,,,,
07/01/2024,APPROVED,Marijuana Cultivator,Priority Review - Economic Empowerment Priority,Priority,Economic Empowerment Priority,PROVISIONAL CONSIDERATION,,PAYMENT_PENDING,MC281629,"HOLYOKE GREEN GROWERS, LLC.",Holyoke,1040.0,,,60 Jackson St.,,Holyoke,MA,1040,POINT (-72.571312 42.12756),POINT (-72.614537 42.1958600),275 sargent st.,,Holyoke,MA,1040,82-5257334,MCN281629,1/24/2022 12:39:16 PM,12/15/2020 10:45:45 AM,,True,yes,EE202034,,APPROVED,EE202034,EE202034,,,,Not a DBE,Indoor,"Tier 04: 20,001 to 30,000 sq. ft",,7/25/2018 04:50:29 PM,12/3/2021 11:40:30 AM,2/14/2022 04:16:55 PM,,,,0.0,1040.0,Holyoke,Hampden,42.12756,-72.571312,Western MA,60 Jackson St.,,MA,42.19586,-72.614538,60.0,Jackson St,,,Holyoke,MA,Hampden County,1040.0,"HOLYOKE GREEN GROWERS, LLC.",MA,MACCC,Massachusetts Cannabis Control Commission,,,,,
07/01/2024,APPROVED,Marijuana Courier Pre-Certification,Expedited Review - Social Equity Participant,Expedited,Social Equity Participant,PROVISIONAL LICENSE,,COMPLETE,PDO103055,"Delivered, Inc",,,,,27 Blue Hill Ave,,Milton,MA,2186,,,4833 Washington St,2R,West Roxbury,MA,2132,85-1220450,PDOA103055,6/10/2020 11:00:01 PM,6/10/2020 11:59:11 AM,,False,,SE303970,SE303970,,,,,,,Not a DBE,,,,5/29/2020 01:23:22 AM,6/19/2020 02:15:51 PM,6/30/2020 09:43:44 AM,6/30/2020 04:00:00 AM,6/30/2022 04:00:00 AM,,0.0,,,,,,,,,MA,,,,,,,,,,,"Delivered, Inc",MA,MACCC,Massachusetts Cannabis Control Commission,,,,,
07/01/2024,APPROVED,Marijuana Courier Pre-Certification,Priority Review - Economic Empowerment Priority,Priority,Economic Empowerment Priority,PROVISIONAL LICENSE,,COMPLETE,PDO103063,"Mint Delivery, Inc",,,,,5 Appleton Road,,Natick,MA,1760,,,5 Appleton Road,,Natick,MA,1760,85-1197718,PDOA103063,7/9/2020 06:27:35 PM,6/10/2020 12:22:41 PM,,False,,EE202088,,,,,,,,Minority-Owned Business | Woman-Owned Business,,,,5/29/2020 11:48:45 AM,7/10/2020 09:15:16 AM,7/13/2020 02:44:27 PM,7/13/2020 04:00:00 AM,7/13/2022 04:00:00 AM,,0.0,,,,,,,,,MA,,,,,,,,,,,"Mint Delivery, Inc",MA,MACCC,Massachusetts Cannabis Control Commission,,,,,
07/01/2024,APPROVED,Independent Testing Laboratory,Expedited Review - License Type,Expedited,License Type,COMMENCE OPS,10/30/2023,COMPLETE,IL281352,"Legacy Foundation Group, LLC",Worcester,1603.0,,,41 Fremont St,,Worcester,MA,1603,POINT (-71.840209 42.329642),POINT (-71.831031 42.2412399),41 Fremont St,,Worcester,MA,1603,85-1238989,ILN281352,12/4/2020 04:28:16 PM,11/13/2020 12:27:57 PM,,False,no,,,,,,,,,Not a DBE,,,9/14/2023 04:00:00 AM,9/10/2020 01:57:43 PM,12/10/2020 09:59:03 AM,2/11/2021 01:35:21 PM,3/7/2024 03:00:00 AM,4/8/2025 04:00:00 AM,,10000.0,1603.0,Worcester,Worcester,42.329642,-71.840209,Central MA,41 Fremont Street,,MA,42.24124,-71.831032,41.0,Fremont St,,,Worcester,MA,Worcester County,1603.0,"Legacy Foundation Group, LLC",MA,MACCC,Massachusetts Cannabis Control Commission,,,,,
07/01/2024,APPROVED,Marijuana Retailer,General Applicant,General Applicant,General Applicant,COMMENCE OPS,12/18/2020,COMPLETE,MR282618,Lynn Organics LLC,Lynn,1901.0,,,One International Place,Suite 3700,Boston,MA,2110,POINT (-70.970827 42.635475),POINT (-70.946742 42.4612460),One International Place,Suite 3700,Boston,MA,2110,83-2334674,MRN282618,2/24/2020 08:40:11 PM,7/24/2019 12:00:00 AM,5/25/2020 08:45:16 PM,True,,,,,,,APPROVED,RP201991,,Not a DBE,,,11/19/2020 03:00:00 AM,4/18/2019 06:50:12 PM,2/28/2020 12:00:00 AM,5/8/2020 02:49:00 PM,5/11/2023 04:00:00 AM,10/17/2024 04:00:00 AM,,10000.0,1901.0,Lynn,Essex,42.635475,-70.970827,Northeast,50 Clapp Street,,MA,42.461246,-70.946743,,,,,Lynn,MA,Essex County,1901.0,Lynn Organics LLC,MA,MACCC,Massachusetts Cannabis Control Commission,,,,,
07/01/2024,APPROVED,Marijuana Cultivator,General Applicant,General Applicant,General Applicant,PROVISIONAL LICENSE,,COMPLETE,MC281316,"RAIN CITY FARMING, L.L.C.",Lee,1238.0,,,35-45 LIMESTONE RD.,,LEE,MA,1238,POINT (-73.209889 42.396128),POINT (-73.253710 42.2838920),78-5 S. Quinsigamond Ave.,,Shrewsbury,MA,1545,00-1313546,MCN281316,11/17/2020 10:55:07 PM,2/7/2020 12:00:00 AM,,False,no,,,,,,,,,Not a DBE,Indoor,"Tier 01: up to 5,000 square feet",,4/29/2018 10:50:02 AM,11/20/2020 10:32:54 AM,2/11/2021 01:38:11 PM,7/14/2022 04:00:00 AM,7/27/2023 04:00:00 AM,,1250.0,1238.0,Lee,Berkshire,42.396128,-73.209889,Western MA,35-45 Limestone Road,,MA,42.283892,-73.253711,45.0,Limestone Rd,,,Lee,MA,Berkshire County,1238.0,"RAIN CITY FARMING, L.L.C.",MA,MACCC,Massachusetts Cannabis Control Commission,,,,,
07/01/2024,APPROVED,Marijuana Product Manufacturer,Expedited Review - Social Equity Participant,Expedited,Social Equity Participant,COMMENCE OPS,2/12/2021,COMPLETE,MP281871,"Cultivauna, LLC",Georgetown,1833.0,,,68 Tenney Street,,Georgetown,MA,1833,POINT (-70.970827 42.635475),POINT (-70.958101 42.718899),26 Donovans Way,,Middleton,MA,1949,81-5347801,MPN281871,7/24/2020 02:43:21 PM,6/30/2020 05:06:28 PM,9/11/2020 12:28:09 PM,False,yes,SE304974,,,,,,,,Not a DBE,,,1/14/2021 03:00:00 AM,4/13/2020 12:30:38 PM,7/29/2020 12:02:19 PM,9/10/2020 12:56:41 PM,1/11/2024 03:00:00 AM,1/16/2025 03:00:00 AM,,5000.0,1833.0,Georgetown,Essex,42.635475,-70.970827,Northeast,68 Tenney Street,,MA,42.718899,-70.958102,68.0,Tenney St,,,Georgetown,MA,Essex County,1833.0,"Cultivauna, LLC",MA,MACCC,Massachusetts Cannabis Control Commission,,,,,
07/01/2024,APPROVED,Marijuana Courier Pre-Certification,Expedited Review - Social Equity Participant,Expedited,Social Equity Participant,PROVISIONAL LICENSE,,COMPLETE,PDO103307,Mononc Labs LLC,,,,,567 Pleasant St STE 8,,Brockton,MA,2301,,,567 Pleasant St STE 8,,Brockton,MA,2301,85-0948271,PDOA103307,1/7/2021 03:51:16 PM,12/22/2020 04:52:15 PM,,False,,SE303897,SE303897,,,,,,,Not a DBE,,,,11/14/2020 10:48:13 AM,1/11/2021 03:25:06 PM,1/12/2021 11:27:34 AM,1/12/2021 03:00:00 AM,1/12/2023 03:00:00 AM,,0.0,,,,,,,,,MA,,,,,,,,,,,Mononc Labs LLC,MA,MACCC,Massachusetts Cannabis Control Commission,,,,,
07/01/2024,APPROVED,Marijuana Courier Pre-Certification,Expedited Review - Social Equity Participant,Expedited,Social Equity Participant,PROVISIONAL LICENSE,,COMPLETE,PDO103041,"Rolling Releaf, LLC",,,,,22 Rock Island Road,,Quincy,MA,2169,,,22 Rock Island Road,,Quincy,MA,2169,85-1220335,PDOA103041,6/11/2020 10:57:34 PM,6/11/2020 01:02:02 PM,,False,,SE303639,SE303639,,,,,,,Not a DBE,,,,5/28/2020 08:44:36 PM,6/26/2020 11:33:31 AM,6/30/2020 09:23:40 AM,6/30/2020 04:00:00 AM,6/30/2022 04:00:00 AM,,0.0,,,,,,,,,MA,,,,,,,,,,,"Rolling Releaf, LLC",MA,MACCC,Massachusetts Cannabis Control Commission,,,,,
07/01/2024,APPROVED,Marijuana Cultivator,General Applicant,General Applicant,General Applicant,COMMENCE OPS,2/22/2022,COMPLETE,MC282085,"Lazy River Products, LLC",Dracut,1826.0,,,145 Broadway Rd,,Dracut,MA,1826,POINT (-71.275566 42.459085),POINT (-71.293985 42.6753700),19 Cardiff Rd,,Windham,NH,3087,83-4312366,MCN282085,12/5/2019 01:23:37 PM,10/30/2019 12:00:00 AM,3/5/2020 02:23:38 PM,False,,,,,,,,,,Not a DBE,Indoor,"Tier 03: 10,001 to 20,000 sq. ft",8/12/2021 04:00:00 AM,4/9/2019 10:26:47 PM,12/31/2019 12:00:00 AM,3/5/2020 12:20:29 PM,3/7/2024 03:00:00 AM,4/8/2025 04:00:00 AM,,5000.0,1826.0,Dracut,Middlesex,42.459085,-71.275566,Northeast,"145 Broadway Rd Dracut, MA 01826",,MA,42.67537,-71.293985,145.0,Broadway Rd,,,Dracut,MA,Middlesex County,1826.0,"Lazy River Products, LLC",MA,MACCC,Massachusetts Cannabis Control Commission,,,,,
07/01/2024,APPROVED,Marijuana Cultivator,Expedited Review - Two or More,Expedited,Two or More,COMMENCE OPS,2/24/2022,COMPLETE,MC282693,"Neamat, LLC",Uxbridge,1569.0,,,290 Millville Rd,,Uxbridge,MA,1569,POINT (-71.840209 42.329642),POINT (-71.619939 42.0607150),248 South Pier Road,,Narragansett,RI,2882,84-5071173,MCN282693,4/3/2020 12:42:29 PM,3/25/2020 12:00:00 AM,8/27/2020 03:49:11 PM,False,,,,,,,,,,Woman-Owned Business,Outdoor,"Tier 09: 70,001 to 80,000 sq. ft",1/14/2021 03:00:00 AM,3/17/2020 10:48:08 AM,5/21/2020 01:10:50 PM,8/6/2020 02:14:30 PM,10/12/2023 04:00:00 AM,10/16/2024 04:00:00 AM,,2500.0,1569.0,Uxbridge,Worcester,42.329642,-71.840209,Central MA,290 Millville Road,,MA,42.060715,-71.619939,290.0,Millville Rd,,,Uxbridge,MA,Worcester County,1569.0,"Neamat, LLC",MA,MACCC,Massachusetts Cannabis Control Commission,,,,,
07/01/2024,APPROVED,Marijuana Product Manufacturer,Priority Review - MTC Priority,Priority,MTC Priority,PROVISIONAL LICENSE,,COMPLETE,MP281533,"Health Circle, Inc.",Rockland,2370.0,,,21 Commerce Road,,Rockland,MA,2370,POINT (-70.818958 41.978877),POINT (-70.902398 42.164783),44 Amys Way,,Scituate,MA,2066,47-4634005,MPN281533,12/12/2018 11:07:55 AM,12/5/2018 12:00:00 AM,7/19/2019 09:48:00 AM,True,,,,,,,APPROVED,RP201911,RP201911,Not a DBE,,,,11/8/2018 05:30:25 PM,12/21/2018 12:00:00 AM,4/29/2019 11:51:11 AM,7/13/2023 04:00:00 AM,7/17/2024 04:00:00 AM,,5000.0,2370.0,Rockland,Plymouth,41.978877,-70.818958,Southeast and Cape,21 Commerce Road,,MA,42.164783,-70.902398,21.0,Commerce Rd,,,Rockland,MA,Plymouth County,2370.0,"Health Circle, Inc.",MA,MACCC,Massachusetts Cannabis Control Commission,,,,,
07/01/2024,APPROVED,Marijuana Cultivator,Expedited Review - Two or More,Expedited,Two or More,PROVISIONAL LICENSE,,COMPLETE,MC283581,Bred Genetics Inc,Colrain,1340.0,,,63 Pond St,Unit 9,Sharon,MA,2067,POINT (-72.573941 42.587072),POINT (-72.674904 42.6494810),63 Pond St,Unit 9,Sharon,MA,2067,88-3735968,MCN283581,4/10/2023 11:11:38 AM,5/10/2022 10:39:06 AM,,False,yes,SE305504,SE305504,,,,,,,Not a DBE,Outdoor,"Tier 05: 30,001 to 40,000 sq. ft",,8/27/2021 02:29:55 PM,5/5/2023 09:34:18 AM,6/8/2023 11:05:51 AM,7/6/2023 04:00:00 AM,7/6/2024 04:00:00 AM,,5625.0,1340.0,Colrain,Franklin,42.587072,-72.573941,Western MA,270 Greenfield Rd,,MA,42.649481,-72.674905,270.0,Greenfield Rd,,,Colrain,MA,Franklin County,1340.0,Bred Genetics Inc,MA,MACCC,Massachusetts Cannabis Control Commission,,,,,
07/01/2024,APPROVED,Independent Testing Laboratory,Priority Review - MTC Priority,Priority,MTC Priority,COMMENCE OPS,11/7/2018,COMPLETE,IL281278,"MCR Labs, LLC",Framingham,1701.0,,,85 Speen St #100,,Framingham,MA,1701,POINT (-71.275566 42.459085),POINT (-71.386792 42.310927),85 Speen St #100,,Framingham,MA,1701,46-3124709,ILN281278,8/2/2018 02:57:16 PM,8/2/2018 12:00:00 AM,9/13/2018 06:42:18 PM,False,,,,,,,,,,Not a DBE,,,10/18/2018 04:00:00 AM,5/24/2018 02:26:37 PM,8/3/2018 12:00:00 AM,8/23/2018 03:47:44 PM,9/14/2023 04:00:00 AM,9/20/2024 04:00:00 AM,,5000.0,1701.0,Framingham,Middlesex,42.459085,-71.275566,Central MA,85 Speen St,,MA,42.310927,-71.386792,85.0,Speen St,,,Framingham,MA,Middlesex County,1701.0,"MCR Labs, LLC",MA,MACCC,Massachusetts Cannabis Control Commission,,,,,
07/01/2024,APPROVED,Microbusiness Delivery,Expedited Review - Social Equity Participant,Expedited,Social Equity Participant,PROVISIONAL CONSIDERATION,,PAYMENT_PENDING,DE201006,Grow Team Gardens LLC,,,,,705 Dutton St,,Lowell,MA,1854,,,50 sicard ave,,dracut,MA,1826,83-2959698,DEN201006,10/6/2020 02:08:22 PM,10/1/2020 12:33:46 PM,,False,,SE304494,SE304494,,,,,,,,,,,6/2/2020 04:31:29 PM,10/15/2020 10:05:00 AM,8/2/2021 02:21:57 PM,,,,0.0,,,,,,,,,MA,,,,,,,,,,,Grow Team Gardens LLC,MA,MACCC,Massachusetts Cannabis Control Commission,,,,,
07/01/2024,APPROVED,Marijuana Cultivator,General Applicant,General Applicant,General Applicant,COMMENCE OPS,7/23/2021,COMPLETE,MC282136,"JAMACO, LLC",Amesbury,1913.0,,,35 Buttonwood Road,,Amesbury,MA,1913,POINT (-70.970827 42.635475),POINT (-70.966986 42.8320539),3 Dewey St,,Amesbury,MA,1913,83-3862871,MCN282136,4/27/2020 11:46:55 AM,11/15/2019 12:00:00 AM,,False,,,,,,,,,,Not a DBE,Indoor,"Tier 02: 5,001 to 10,000 sq. ft.",1/14/2021 03:00:00 AM,5/8/2019 09:59:10 AM,3/12/2020 12:00:00 AM,5/8/2020 02:20:17 PM,8/10/2023 04:00:00 AM,8/14/2024 04:00:00 AM,,2500.0,1913.0,Amesbury,Essex,42.635475,-70.970827,Northeast,35 Buttonwood Road,,MA,42.832054,-70.966986,35.0,Buttonwood Rd,,,Amesbury,MA,Essex County,1913.0,"JAMACO, LLC",MA,MACCC,Massachusetts Cannabis Control Commission,,,,,
07/01/2024,APPROVED,Marijuana Product Manufacturer,General Applicant,General Applicant,General Applicant,PROVISIONAL CONSIDERATION,,PAYMENT_PENDING,MP282180,Bloominati Ag LLC,Northampton,1062.0,,,574 Haydenville Road,,Northampton,MA,1062,POINT (-72.62073 42.322256),POINT (-72.694258 42.3667670),"110 River Acres Lane,",,Fredericksburg,VA,22406,85-3867737,MPN282180,7/28/2022 07:45:02 AM,3/31/2022 10:05:41 AM,,False,no,,,,,,,,,Not a DBE,,,,2/25/2022 08:13:01 AM,6/17/2022 02:43:03 PM,9/15/2022 12:46:35 PM,,,,0.0,1062.0,Florence,Hampshire,42.322256,-72.62073,,574 Haydenville Road,,MA,42.366767,-72.694258,574.0,Haydenville Rd,,,Leeds,MA,Hampshire County,1053.0,Bloominati Ag LLC,MA,MACCC,Massachusetts Cannabis Control Commission,,,,,
07/01/2024,APPROVED,Marijuana Retailer,Expedited Review - Social Equity Participant,Expedited,Social Equity Participant,PROVISIONAL LICENSE,,COMPLETE,MR284213,"Sugarloaf Maynard, LLC",Maynard,1754.0,,,25 Nason Street,,Maynard,MA,1754,POINT (-71.275566 42.459085),POINT (-71.453181 42.4327469),16 Holden Road,,Belmont,MA,2478,86-2146564,MRN284213,1/15/2023 01:49:27 PM,3/30/2022 02:52:04 PM,5/6/2023 10:26:44 AM,False,no,,,,,,,,,Not a DBE,,,,4/12/2021 02:54:40 PM,1/27/2023 04:11:02 PM,4/14/2023 03:16:46 PM,5/6/2023 04:00:00 AM,9/3/2024 04:00:00 AM,,10000.0,1754.0,Maynard,Middlesex,42.459085,-71.275566,Central MA,25 Nason Street,,MA,42.432747,-71.453181,25.0,Nason St,,,Maynard,MA,Middlesex County,1754.0,"Sugarloaf Maynard, LLC",MA,MACCC,Massachusetts Cannabis Control Commission,,,,,
07/01/2024,APPROVED,Marijuana Research Facility,General Applicant,General Applicant,General Applicant,PROVISIONAL CONSIDERATION,,PAYMENT_PENDING,RE281346,National Cannabis Research Inc.,Holland,1521.0,,,174 Mashapaug Rd,,Holland,MA,1521,POINT (-72.571312 42.12756),POINT (-72.160511 42.0510269),174 Mashapuag Rd,,Holland,MA,1521,92-0510218,REN281346,12/30/2022 02:54:48 PM,11/29/2022 03:37:45 PM,,False,no,,,,,,,,,Not a DBE,,,,9/16/2022 06:19:40 PM,1/6/2023 10:34:37 AM,4/14/2023 02:43:12 PM,,,,0.0,1521.0,Holland,Hampden,42.12756,-72.571312,Central MA,174 Mashapuag Rd,,MA,42.051027,-72.160511,174.0,Mashapaug Rd,,,Holland,MA,Hampden County,1521.0,National Cannabis Research Inc.,MA,MACCC,Massachusetts Cannabis Control Commission,,,,,
07/01/2024,APPROVED,Marijuana Microbusiness,Expedited Review - Two or More,Expedited,Two or More,PROVISIONAL LICENSE,,COMPLETE,MB281535,FOURTWENTY INDUSTRIES CO.,Lowell,1852.0,,,3 Foundry Industrial Park,a/k/a 49.1 Marshall Road,Lowell,MA,1852,POINT (-71.275566 42.459085),POINT (-71.314622 42.6231330),25 Eastland Terrace,,Haverhill,MA,1830,81-4585124,MBN281535,2/13/2020 06:26:32 PM,9/11/2019 12:00:00 AM,,False,,,,,,,,,,Not a DBE,,,,1/8/2019 12:39:13 PM,2/21/2020 12:00:00 AM,4/9/2020 03:08:56 PM,10/13/2022 04:00:00 AM,10/13/2023 04:00:00 AM,,5625.0,1852.0,Lowell,Middlesex,42.459085,-71.275566,Northeast,3 Foundry Industrial Park,a/k/a 49.1 Marshall Road,MA,42.623133,-71.314622,3.0,Foundry Industrial Park,,,Lowell,MA,Middlesex County,1852.0,FOURTWENTY INDUSTRIES CO.,MA,MACCC,Massachusetts Cannabis Control Commission,,,,,
07/01/2024,APPROVED,Marijuana Retailer,General Applicant,General Applicant,General Applicant,PROVISIONAL LICENSE,,COMPLETE,MR284438,Northeastcann Inc.,Swansea,2777.0,,,610 GAR Highway,,Swansea,MA,2777,POINT (-71.102131 41.778329),POINT (-71.214562 41.7536109),15 Gould Road,,Bedford,MA,1730,87-1717283,MRN284438,8/2/2022 10:05:42 AM,12/6/2021 02:12:54 PM,,False,no,,,,,,,,,Not a DBE,,,,10/3/2021 08:05:54 AM,8/19/2022 09:27:13 AM,11/10/2022 12:43:18 PM,3/27/2023 04:00:00 AM,3/27/2024 04:00:00 AM,,10000.0,2777.0,Swansea,Bristol,41.778329,-71.102131,Southeast and Cape,610 GAR Highway,,MA,41.753611,-71.214562,,State Rte 118,,,Swansea,MA,Bristol County,2777.0,Northeastcann Inc.,MA,MACCC,Massachusetts Cannabis Control Commission,,,,,
07/01/2024,APPROVED,Marijuana Cultivator,General Applicant,General Applicant,General Applicant,COMMENCE OPS,10/13/2021,COMPLETE,MC282510,"J - B.A.M., INC.",Pittsfield,1201.0,,,72 DOWNING PKWY BLDG A,,Pittsfield,MA,1201,POINT (-73.209889 42.396128),POINT (-73.197941 42.4596870),P.O. Box 311,,East Otis,MA,1029,84-1776607,MCN282510,4/13/2020 12:00:06 PM,3/5/2020 12:00:00 AM,6/5/2020 09:30:57 AM,False,,,,,,,,,,Not a DBE,Indoor,"Tier 01: up to 5,000 square feet",5/13/2021 04:00:00 AM,11/24/2019 03:12:48 PM,4/15/2020 12:00:00 AM,6/4/2020 02:26:59 PM,6/8/2023 04:00:00 AM,10/10/2024 04:00:00 AM,,1250.0,1201.0,Pittsfield,Berkshire,42.396128,-73.209889,Western MA,71 DOWNING PKWY BLDG A,,MA,42.459687,-73.197942,71.0,Downing Pkwy,Bldg,,Pittsfield,MA,Berkshire County,1201.0,"J - B.A.M., INC.",MA,MACCC,Massachusetts Cannabis Control Commission,,,,,
07/01/2024,APPROVED,Marijuana Delivery Operator Pre-Certification,Priority Review - Economic Empowerment Priority,Priority,Economic Empowerment Priority,PROVISIONAL LICENSE,,COMPLETE,PMD5819,"The Hempest, LLC",,,,,"1953 Dorchester Ave.,",Apt. #3,Dorchester,MA,2124,,,"1953 Dorchester Ave,",Apt. #3,Dorchester,MA,2124,00-1392860,PMDA5819,6/24/2021 06:52:29 PM,6/23/2021 05:09:47 PM,,True,,EE201834,SE304740,APPROVED,EE201834,,,,,Not a DBE,,,,5/28/2021 01:34:51 PM,7/2/2021 03:13:26 PM,7/2/2021 03:13:35 PM,7/2/2021 04:00:00 AM,7/2/2023 04:00:00 AM,,0.0,,,,,,,,,MA,,,,,,,,,,,"The Hempest, LLC",MA,MACCC,Massachusetts Cannabis Control Commission,,,,,
07/01/2024,APPROVED,Marijuana Delivery Operator Pre-Certification,Expedited Review - Social Equity Participant,Expedited,Social Equity Participant,PROVISIONAL LICENSE,,COMPLETE,PMD5928,Two Brothers Delivery LLC,,,,,9 Bradford Road,,Natick,MA,1760,,,9 Bradford Road,,Natick,MA,1760,87-2623424,PMDA5928,7/20/2023 11:11:40 AM,6/28/2023 03:30:49 PM,,False,,SE305146,SE305146,,,,,,,Not a DBE,,,,9/17/2021 01:14:49 PM,7/28/2023 01:33:18 PM,7/28/2023 01:39:55 PM,7/28/2023 04:00:00 AM,7/28/2025 04:00:00 AM,,0.0,,,,,,,,,MA,,,,,,,,,,,Two Brothers Delivery LLC,MA,MACCC,Massachusetts Cannabis Control Commission,,,,,
07/01/2024,APPROVED,Marijuana Retailer,Priority Review - Economic Empowerment Priority,Priority,Economic Empowerment Priority,COMMENCE OPS,4/9/2024,COMPLETE,MR283511,Charles River Remedies LLC,Cambridge,2138.0,,,31 Church Street,,Cambridge,MA,2138,POINT (-71.275566 42.459085),POINT (-71.120215 42.374468),907 Massachusetts Avenue,,Cambridge,MA,2139,84-3317990,MRN283511,4/23/2021 12:47:58 PM,3/29/2021 01:08:20 PM,7/26/2021 02:02:39 PM,True,yes,EE202148,SE304354,APPROVED,EE202148,EE202148,,,,Not a DBE,,,12/14/2023 03:00:00 AM,5/7/2020 03:02:08 PM,5/3/2021 09:51:30 AM,6/22/2021 10:51:01 AM,6/8/2023 04:00:00 AM,8/7/2024 04:00:00 AM,,5000.0,2138.0,Cambridge,Middlesex,42.459085,-71.275566,Metro Boston,31 Church Street,,MA,42.374468,-71.120215,31.0,Church St,,,Cambridge,MA,Middlesex County,2138.0,Charles River Remedies LLC,MA,MACCC,Massachusetts Cannabis Control Commission,,,,,
07/01/2024,APPROVED,Independent Testing Laboratory,Expedited Review - License Type,Expedited,License Type,COMMENCE OPS,8/5/2021,COMPLETE,IL281279,"ProVerde Laboratories, Inc.",Milford,1757.0,,,420 Fortune Blvd.,,Milford,MA,1757,POINT (-71.840209 42.329642),POINT (-71.504390 42.161524),420 Fortune Blvd.,,Milford,MA,1757,46-1857722,ILN281279,7/6/2020 03:20:05 PM,9/10/2019 12:00:00 AM,,False,no,,,,,,,,,Not a DBE,,,7/15/2021 04:00:00 AM,5/25/2018 10:06:49 AM,7/10/2020 09:10:26 AM,10/8/2020 02:43:19 PM,11/9/2023 03:00:00 AM,11/20/2024 03:00:00 AM,,10000.0,1757.0,Milford,Worcester,42.329642,-71.840209,Central MA,420 Fortune Blvd.,,MA,42.161524,-71.504391,420.0,Fortune Blvd,,,Milford,MA,Worcester County,1757.0,"ProVerde Laboratories, Inc.",MA,MACCC,Massachusetts Cannabis Control Commission,,,,,
07/01/2024,APPROVED,Marijuana Retailer,General Applicant,General Applicant,General Applicant,COMMENCE OPS,6/7/2022,COMPLETE,MR284326,"Flower & Soul, Inc.",Halifax,2338.0,,,894 Plymouth Street,,Halifax,MA,2338,POINT (-70.818958 41.978877),POINT (-70.894012 41.995604),800 Hingham Street,,Rockland,MA,2370,87-1592643,MRN284326,8/12/2021 04:47:51 PM,8/6/2021 12:56:32 PM,11/19/2021 07:29:34 AM,False,no,,,,,,,,,Not a DBE,,,5/12/2022 04:00:00 AM,7/14/2021 10:46:25 AM,8/23/2021 02:33:22 PM,11/18/2021 02:43:57 PM,10/12/2023 04:00:00 AM,11/19/2024 03:00:00 AM,,10000.0,2338.0,Halifax,Plymouth,41.978877,-70.818958,Southeast and Cape,894 Plymouth Street,,MA,41.995604,-70.894012,894.0,Plymouth St,,,Halifax,MA,Plymouth County,2338.0,"Flower & Soul, Inc.",MA,MACCC,Massachusetts Cannabis Control Commission,,,,,
07/01/2024,APPROVED,Marijuana Retailer,General Applicant,General Applicant,General Applicant,COMMENCE OPS,10/13/2021,COMPLETE,MR281457,MJ's Market,Grafton,1536.0,,,119 Drum Hill Road,STE 225,Chelmsford,MA,1824,POINT (-71.840209 42.329642),POINT (-71.689358 42.2493729),119 Drum Hill Road,STE 225,Chelmsford,MA,1824,82-5246841,MRN281457,3/12/2020 03:47:18 PM,2/12/2020 12:00:00 AM,1/5/2021 11:08:59 AM,False,,,,,,,,,,Not a DBE,,,9/17/2021 04:00:00 AM,5/19/2018 08:15:28 PM,3/27/2020 12:00:00 AM,7/9/2020 03:11:33 PM,1/12/2023 03:00:00 AM,1/22/2024 03:00:00 AM,,10000.0,1536.0,North Grafton,Worcester,42.329642,-71.840209,,13 Centennial Drive,,MA,42.249373,-71.689359,13.0,Centennial Dr,,,North Grafton,MA,Worcester County,1536.0,MJ's Market,MA,MACCC,Massachusetts Cannabis Control Commission,,,,,
07/01/2024,APPROVED,Marijuana Retailer,General Applicant,General Applicant,General Applicant,PROVISIONAL CONSIDERATION,,PAYMENT_PENDING,MR284701,"The Green Resource, Inc.",Kingston,2364.0,,,28 Cortland Drive,,Hudson,MA,1749,POINT (-70.818958 41.978877),POINT (-70.734437 42.0158640),28 Cortland Drive,,Hudson,MA,1749,86-3149369,MRN284701,9/1/2022 01:59:52 PM,7/11/2022 12:15:43 PM,,False,no,,,,,,,,,Not a DBE,,,,6/17/2022 04:59:03 PM,11/18/2022 12:08:46 PM,1/12/2023 01:42:04 PM,,,,0.0,2364.0,Kingston,Plymouth,41.978877,-70.818958,Southeast and Cape,20 Independence Road,,MA,42.015864,-70.734438,20.0,Independence Rd,,,Kingston,MA,Plymouth County,2364.0,"The Green Resource, Inc.",MA,MACCC,Massachusetts Cannabis Control Commission,,,,,
07/01/2024,APPROVED,Marijuana Cultivator,Expedited Review - License Type,Expedited,License Type,COMMENCE OPS,12/22/2021,COMPLETE,MC281964,"Stafford Green, Inc.",Cheshire,1225.0,,,80 Stafford Hill Rd,,Cheshire,MA,1225,POINT (-73.209889 42.396128),POINT (-73.104249 42.5670080),80 Stafford Hill Rd,,Cheshire,MA,1225,83-3308010,MCN281964,3/4/2020 04:31:51 PM,10/7/2019 12:00:00 AM,,False,,,,,,,,,,Minority-Owned Business,Outdoor,"Tier 05: 30,001 to 40,000 sq. ft",6/17/2021 04:00:00 AM,1/31/2019 04:14:02 PM,3/12/2020 12:00:00 AM,6/4/2020 02:39:13 PM,9/14/2023 04:00:00 AM,9/16/2024 04:00:00 AM,,11250.0,1225.0,Cheshire,Berkshire,42.396128,-73.209889,Western MA,80 Stafford Hill Rd,,MA,42.567008,-73.10425,80.0,Stafford Hill Rd,,,Cheshire,MA,Berkshire County,1225.0,"Stafford Green, Inc.",MA,MACCC,Massachusetts Cannabis Control Commission,,,,,
07/01/2024,APPROVED,Marijuana Product Manufacturer,General Applicant,General Applicant,General Applicant,PROVISIONAL LICENSE,,COMPLETE,MP281972,"Massbiology Technology, LLC",Holyoke,1040.0,,,6 Appleton St.,,Holyoke,MA,1040,POINT (-72.571312 42.12756),POINT (-72.599609 42.1983140),1701 Hagar Drive,,Marshfield,MA,2050,85-3519356,MPN281972,4/29/2021 03:48:53 PM,4/9/2021 04:00:00 AM,,False,no,,,,,,,,,Not a DBE,,,,10/30/2020 01:05:46 PM,5/7/2021 11:46:19 AM,8/12/2021 01:59:37 PM,9/14/2023 04:00:00 AM,11/15/2024 03:00:00 AM,,10000.0,1040.0,Holyoke,Hampden,42.12756,-72.571312,Western MA,6 Appleton St.,,MA,42.198314,-72.59961,6.0,Appleton St,,,Holyoke,MA,Hampden County,1040.0,"Massbiology Technology, LLC",MA,MACCC,Massachusetts Cannabis Control Commission,,,,,
07/01/2024,APPROVED,Marijuana Cultivator,General Applicant,General Applicant,General Applicant,PROVISIONAL LICENSE,,COMPLETE,MC281457,Commonwealth Cultivation Inc,Pittsfield,1201.0,,,74 Downing Parkway,,Pittsfield,MA,1201,POINT (-73.209889 42.396128),POINT (-73.197676 42.460898),36 Centerhill Rd,,Barkhamsted,CT,6063,82-3972070,MCN281457,9/13/2018 02:45:40 AM,8/20/2018 12:00:00 AM,10/22/2018 09:29:43 AM,False,,,,,,,,,,Not a DBE,Indoor,"Tier 02: 5,001 to 10,000 sq. ft.",,5/18/2018 02:43:34 PM,9/24/2018 12:00:00 AM,10/18/2018 02:36:58 PM,10/13/2022 04:00:00 AM,11/19/2023 03:00:00 AM,,2500.0,1201.0,Pittsfield,Berkshire,42.396128,-73.209889,Western MA,74 Downing Parkway,,MA,42.460898,-73.197677,74.0,Downing Pkwy,,,Pittsfield,MA,Berkshire County,1201.0,Commonwealth Cultivation Inc,MA,MACCC,Massachusetts Cannabis Control Commission,,,,,
07/01/2024,APPROVED,Marijuana Retailer,General Applicant,General Applicant,General Applicant,PROVISIONAL CONSIDERATION,,PAYMENT_PENDING,MR285057,Surf's Up Cannabis Ventures LLC,Boston,2122.0,,,770 Gallivan Boulevard,,Dorchester,MA,2122,POINT (-71.073493 42.334948),POINT (-71.044580 42.2851390),47 Ralph Talbot St,,South Weymouth,MA,2190,93-4038961,MRN285057,1/11/2024 12:33:04 PM,12/7/2023 09:04:25 AM,,False,no,,,,,,,,,Not a DBE,,,,10/13/2023 11:13:44 AM,3/29/2024 04:29:56 PM,6/13/2024 03:34:14 PM,,,,0.0,2122.0,Boston,Suffolk,42.334948,-71.073493,Metro Boston,770 Gallivan Boulevard,,MA,42.285139,-71.044581,770.0,Gallivan Blvd,,,Dorchester,MA,Suffolk County,2122.0,Surf's Up Cannabis Ventures LLC,MA,MACCC,Massachusetts Cannabis Control Commission,,,,,
07/01/2024,APPROVED,Marijuana Retailer,General Applicant,General Applicant,General Applicant,FINAL LICENSE,,COMPLETE,MR283295,Mint Retail Facilities LLC,Belmont,2478.0,,,768 Pleasant Street,,Belmont,MA,2478,POINT (-71.275566 42.459085),POINT (-71.182265 42.3926080),21001 N. Tatum Blvd.,#1630-486,Phoenix,AZ,85050,84-4813265,MRN283295,3/8/2021 07:55:38 PM,1/22/2021 03:26:06 PM,7/23/2021 03:38:09 PM,False,no,,,,,,,,,Not a DBE,,,6/13/2024 04:00:00 AM,2/20/2020 01:50:38 PM,4/9/2021 11:08:47 AM,7/15/2021 04:38:14 PM,12/14/2023 03:00:00 AM,12/14/2024 03:00:00 AM,,10000.0,2478.0,Belmont,Middlesex,42.459085,-71.275566,Northeast,768 Pleasant Street,,MA,42.392608,-71.182266,768.0,Pleasant St,,,Belmont,MA,Middlesex County,2478.0,Mint Retail Facilities LLC,MA,MACCC,Massachusetts Cannabis Control Commission,,,,,
07/01/2024,APPROVED,Marijuana Courier Pre-Certification,Expedited Review - Social Equity Participant,Expedited,Social Equity Participant,PROVISIONAL LICENSE,,COMPLETE,PDO103554,"The Heritage Club, LLC",,,,,116 Cambridge Street,,Boston,MA,2129,,,116 Cambridge Street,,Boston,MA,2129,84-3206079,PDOA103554,11/18/2021 03:48:32 PM,11/1/2021 11:43:18 AM,,False,,SE304160,SE304160,,,,,,,Not a DBE,,,,9/24/2021 06:10:15 PM,12/3/2021 03:46:53 PM,12/6/2021 12:49:14 PM,12/6/2021 03:00:00 AM,12/6/2023 03:00:00 AM,,0.0,,,,,,,,,MA,,,,,,,,,,,"The Heritage Club, LLC",MA,MACCC,Massachusetts Cannabis Control Commission,,,,,
07/01/2024,APPROVED,Marijuana Retailer,General Applicant,General Applicant,General Applicant,PROVISIONAL LICENSE,,COMPLETE,MR283168,"Union Twist, Inc.",Newton,2461.0,,,630 Worcester Road,,Framingham,MA,1702,POINT (-71.275566 42.459085),POINT (-71.210211 42.3308230),"One International Place, Suite 3700",C/O Prince Lobel Tye LLP,Boston,MA,2110,83-3883936,MRN283168,5/27/2020 03:46:02 PM,6/4/2020 02:19:50 PM,,False,,,,,,,,,,Not a DBE,,,,12/5/2019 01:43:20 PM,8/6/2020 07:37:18 AM,9/10/2020 02:00:11 PM,8/10/2023 04:00:00 AM,9/18/2024 04:00:00 AM,,10000.0,2461.0,Newton Highlands,Middlesex,42.459085,-71.275566,,1158 Beacon Street,,MA,42.330823,-71.210212,1158.0,Beacon St,,,Newton Highlands,MA,Middlesex County,2461.0,"Union Twist, Inc.",MA,MACCC,Massachusetts Cannabis Control Commission,,,,,
07/01/2024,APPROVED,Marijuana Retailer,Expedited Review - Social Equity Participant,Expedited,Social Equity Participant,PROVISIONAL CONSIDERATION,,PAYMENT_PENDING,MR283413,"Lovewell Provisions, LLC",Hubbardston,1452.0,,,56 Gardner rd.,Suite A,Hubbardston,MA,1452,POINT (-71.840209 42.329642),POINT (-72.011972 42.4901899),2 Pine St,,Bedford,MA,1730,85-0630551,MRN283413,12/14/2020 11:29:48 PM,7/13/2020 04:31:15 PM,,False,yes,SE303555,SE303555,,,,,,,Not a DBE,,,,4/1/2020 01:56:16 AM,12/17/2020 12:11:28 PM,3/11/2021 01:58:47 PM,,,,0.0,1452.0,Hubbardston,Worcester,42.329642,-71.840209,Central MA,56 Gardner Rd.,Suite A,MA,42.49019,-72.011972,56.0,Gardner Rd,,,Hubbardston,MA,Worcester County,1452.0,"Lovewell Provisions, LLC",MA,MACCC,Massachusetts Cannabis Control Commission,,,,,
07/01/2024,APPROVED,Marijuana Courier Pre-Certification,Priority Review - Economic Empowerment Priority,Priority,Economic Empowerment Priority,PROVISIONAL LICENSE,,COMPLETE,PDO103073,"Afrikai, LLC",,,,,241 Southbridge Street,,Worcester,MA,1608,,,13 Dudley Street,,Roxbury,MA,2119,82-0885179,PDOA103073,6/30/2020 07:04:12 PM,6/30/2020 08:49:40 AM,,False,,EE202350,,,,,,,,Not a DBE,,,,5/29/2020 09:08:23 PM,7/7/2020 09:11:30 AM,7/7/2020 02:42:02 PM,7/7/2020 04:00:00 AM,7/7/2022 04:00:00 AM,,0.0,,,,,,,,,MA,,,,,,,,,,,"Afrikai, LLC",MA,MACCC,Massachusetts Cannabis Control Commission,,,,,
07/01/2024,APPROVED,Marijuana Cultivator,Expedited Review - DBE Status,Expedited,DBE Status,PROVISIONAL LICENSE,,COMPLETE,MC283095,Belle Fleur Holdings LLC,Blandford,1008.0,,,138 Otis Stage Road,,Blandford,MA,1008,POINT (-72.571312 42.12756),POINT (-72.944738 42.178331),"51 Lincoln Street, Apt. 2",,Hyde Park,MA,2136,84-2084638,MCN283095,10/9/2020 01:58:26 PM,10/6/2020 09:12:37 AM,,False,no,,,,,,,,,Minority-Owned Business,Indoor,"Tier 11: 90,001 to 100,000 sq. ft",,9/30/2020 12:35:07 PM,10/22/2020 10:14:56 AM,1/14/2021 03:22:56 PM,3/7/2024 03:00:00 AM,3/7/2025 03:00:00 AM,,50000.0,1008.0,Blandford,Hampden,42.12756,-72.571312,Western MA,138 Otis Stage Road,,MA,42.178331,-72.944739,138.0,Otis Stage Rd,,,Blandford,MA,Hampden County,1008.0,Belle Fleur Holdings LLC,MA,MACCC,Massachusetts Cannabis Control Commission,,,,,
07/01/2024,APPROVED,Marijuana Cultivator,Expedited Review - DBE Status,Expedited,DBE Status,PROVISIONAL LICENSE,,COMPLETE,MC283688,Wicked Cultivation LLC,Middleborough,2346.0,,,15 Charlotte Court,Units A-L,Middleborough,MA,2346,POINT (-70.818958 41.978877),POINT (-70.865048 41.8557130),622 Andover Street,,Lawrence,MA,1843,85-3733931,MCN283688,11/14/2022 10:57:09 AM,2/10/2022 10:34:57 AM,,False,no,,,,,,,,,Minority-Owned Business | Woman-Owned Business,Indoor,"Tier 03: 10,001 to 20,000 sq. ft",,1/26/2022 03:35:42 PM,11/15/2022 11:48:59 AM,2/9/2023 01:30:38 PM,5/17/2023 04:00:00 AM,5/17/2024 04:00:00 AM,,5000.0,2346.0,Middleboro,Plymouth,41.978877,-70.818958,,15 Charlotte Court,,MA,41.855713,-70.865049,15.0,Charlotte Ct,,,Middleboro,MA,Plymouth County,2346.0,Wicked Cultivation LLC,MA,MACCC,Massachusetts Cannabis Control Commission,,,,,
07/01/2024,APPROVED,Marijuana Courier Pre-Certification,Expedited Review - Social Equity Participant,Expedited,Social Equity Participant,PROVISIONAL LICENSE,,COMPLETE,PDO103095,"WDV, LLC.",,,,,"6 Sussex st. Boston, MA, USA",,Roxbury,MA,2120,,,"6 Sussex st. Boston MA, 02120",,Roxbury,MA,2120,85-1269259,PDOA103095,10/20/2020 11:21:10 AM,7/23/2020 11:36:42 AM,,True,,EE202219,SE303643,APPROVED,EE202219,,,,,Not a DBE,,,,6/1/2020 05:24:12 PM,10/22/2020 04:01:58 PM,10/26/2020 10:15:51 AM,10/26/2020 04:00:00 AM,10/26/2022 04:00:00 AM,,0.0,,,,,,,,,MA,,,,,,,,,,,"WDV, LLC.",MA,MACCC,Massachusetts Cannabis Control Commission,,,,,
07/01/2024,APPROVED,Marijuana Retailer,Priority Review - Economic Empowerment Priority,Priority,Economic Empowerment Priority,COMMENCE OPS,2/17/2021,COMPLETE,MR281269,"New Dia, LLC",Worcester,1603.0,,,118 Cambridge St,,Worcester,MA,1603,POINT (-71.840209 42.329642),POINT (-71.826369 42.2432269),8 Zoar St,,Worcester,MA,1604,83-0674928,MRN281269,1/3/2020 10:41:48 AM,9/6/2019 12:00:00 AM,2/4/2020 07:58:17 PM,True,,,,APPROVED,EE201826,EEA201826,,,,Not a DBE,,,1/14/2021 03:00:00 AM,4/18/2018 02:14:17 PM,11/1/2019 12:00:00 AM,1/16/2020 03:38:23 PM,2/8/2024 03:00:00 AM,2/12/2025 03:00:00 AM,,5000.0,1603.0,Worcester,Worcester,42.329642,-71.840209,Central MA,118 Cambridge Street,,MA,42.243227,-71.82637,118.0,Cambridge St,,,Worcester,MA,Worcester County,1603.0,"New Dia, LLC",MA,MACCC,Massachusetts Cannabis Control Commission,,,,,
07/01/2024,APPROVED,Independent Testing Laboratory,Expedited Review - License Type,Expedited,License Type,COMMENCE OPS,3/21/2022,COMPLETE,IL281290,Massbiolytics Corp,Dracut,1826.0,,,"20 Commercial Drive, Ste  2001",,Dracut,MA,1826,POINT (-71.275566 42.459085),POINT (-71.250033 42.7033119),"20 Commercial Drive, Ste  2001",,Dracut,MA,1826,83-2161995,ILN281290,3/27/2020 11:27:45 AM,1/6/2020 12:00:00 AM,,False,,,,,,,,,,Not a DBE,,,11/18/2021 03:00:00 AM,7/3/2018 02:52:10 PM,4/7/2020 12:00:00 AM,6/4/2020 02:31:52 PM,3/7/2024 03:00:00 AM,3/10/2025 04:00:00 AM,,10000.0,1826.0,Dracut,Middlesex,42.459085,-71.275566,Northeast,"20 Commercial Dr, Ste 2001",,MA,42.703312,-71.250033,20.0,Commercial Dr,Ste,2001.0,Dracut,MA,Middlesex County,1826.0,Massbiolytics Corp,MA,MACCC,Massachusetts Cannabis Control Commission,,,,,
07/01/2024,APPROVED,Marijuana Retailer,Expedited Review - DBE Status,Expedited,DBE Status,PROVISIONAL LICENSE,,COMPLETE,MR283121,"HTC Trinity, LLC",Taunton,2780.0,,,354 Winthrop Street,,Taunton,MA,2780,POINT (-71.102131 41.778329),POINT (-71.129975 41.8866149),38 Evergreen Drive,,Taunton,MA,2780,84-3322458,MRN283121,5/15/2020 02:32:46 PM,3/24/2020 12:00:00 AM,,False,,,SE304620,,,,,,,Woman-Owned Business | Minority-Owned Business,,,,11/12/2019 06:54:45 PM,5/21/2020 11:48:21 AM,7/9/2020 03:02:34 PM,6/8/2023 04:00:00 AM,10/8/2024 04:00:00 AM,,5000.0,2780.0,Taunton,Bristol,41.778329,-71.102131,Southeast and Cape,354 Winthrop Street,,MA,41.886615,-71.129975,354.0,Winthrop St,,,Taunton,MA,Bristol County,2780.0,"HTC Trinity, LLC",MA,MACCC,Massachusetts Cannabis Control Commission,,,,,
07/01/2024,APPROVED,Marijuana Courier Pre-Certification,Expedited Review - Social Equity Participant,Expedited,Social Equity Participant,PROVISIONAL LICENSE,,COMPLETE,PDO103558,Social-J LLC,,,,,1280 Belmont St.,,Brockton,MA,2031,,,1 Porrazzo Rd.,,Hull,MA,2045,87-1071822,PDOA103558,10/27/2021 05:08:27 PM,10/26/2021 11:16:43 AM,,False,,SE305049,SE305049,,,,,,,Not a DBE,,,,10/16/2021 03:46:56 PM,11/5/2021 07:31:37 AM,11/8/2021 07:31:48 AM,11/8/2021 03:00:00 AM,11/8/2023 03:00:00 AM,,0.0,,,,,,,,,MA,,,,,,,,,,,Social-J LLC,MA,MACCC,Massachusetts Cannabis Control Commission,,,,,
07/01/2024,APPROVED,Marijuana Cultivator,General Applicant,General Applicant,General Applicant,PROVISIONAL LICENSE,,COMPLETE,MC283352,Main Street Medicinals LLC,Tisbury,2568.0,,,82 Wendell Avenue,,Pittsfield,MA,1201,POINT (-70.612681 41.414842),POINT (-70.612977 41.4466979),82 Wendell Avenue,,Pittsfield,MA,1201,84-3743268,MCN283352,3/25/2021 03:20:05 PM,2/24/2021 09:28:25 AM,5/13/2021 12:42:46 PM,False,no,,,,,,,,,Not a DBE,Indoor,"Tier 01: up to 5,000 square feet",,2/9/2021 03:01:27 PM,4/9/2021 10:08:31 AM,5/13/2021 12:28:52 PM,5/13/2021 04:00:00 AM,5/13/2022 04:00:00 AM,,1250.0,2568.0,Vineyard Haven,Dukes,41.414842,-70.612681,,65 Mechanic Street,,MA,41.446698,-70.612978,65.0,Mechanics St,,,Vineyard Haven,MA,Dukes County,2568.0,Main Street Medicinals LLC,MA,MACCC,Massachusetts Cannabis Control Commission,,,,,
07/01/2024,APPROVED,Marijuana Cultivator,Expedited Review - Two or More,Expedited,Two or More,COMMENCE OPS,12/23/2022,COMPLETE,MC283549,MA Craft Cultivation LLC,Colrain,1340.0,,,108 West Leyden Road,,Colrain,MA,1340,POINT (-72.573941 42.587072),POINT (-72.670151 42.6779069),12 Robeson Street,,Jamaica Plain,MA,2130,86-1344254,MCN283549,12/22/2021 01:45:00 PM,9/21/2021 03:42:21 PM,3/18/2022 02:04:19 PM,False,no,,,,,,,,,"Lesbian, Gay, Bisexual, and Transgender Owned Business",Outdoor,"Tier 06: 40,001 to 50,000 sq. ft",8/11/2022 04:00:00 AM,7/9/2021 06:06:01 PM,12/23/2021 02:31:52 PM,3/10/2022 01:52:27 PM,2/8/2024 03:00:00 AM,3/18/2025 04:00:00 AM,,12500.0,1340.0,Colrain,Franklin,42.587072,-72.573941,Western MA,108 West Leyden Road,,MA,42.677907,-72.670151,108.0,W Leyden Rd,,,Colrain,MA,Franklin County,1340.0,MA Craft Cultivation LLC,MA,MACCC,Massachusetts Cannabis Control Commission,,,,,
07/01/2024,APPROVED,Marijuana Retailer,Expedited Review - DBE Status,Expedited,DBE Status,COMMENCE OPS,11/22/2023,COMPLETE,MR283519,"JDM Sales, Inc.",Mendon,1756.0,,,220 Pulaski Boulevard,,Bellingham,MA,2019,POINT (-71.840209 42.329642),POINT (-71.579494 42.0964919),220 Pulaski Boulevard,,Bellingham,MA,2019,84-4333971,MRN283519,10/30/2020 03:10:56 PM,7/8/2020 08:58:30 AM,,False,no,,,,,,,,,Minority-Owned Business,,,10/12/2023 04:00:00 AM,5/11/2020 01:02:35 PM,11/5/2020 11:21:52 AM,1/14/2021 03:31:17 PM,7/13/2023 04:00:00 AM,7/27/2024 04:00:00 AM,,10000.0,1756.0,Mendon,Worcester,42.329642,-71.840209,Central MA,103 Uxbridge Road,,MA,42.096492,-71.579495,103.0,Uxbridge Rd,,,Mendon,MA,Worcester County,1756.0,"JDM Sales, Inc.",MA,MACCC,Massachusetts Cannabis Control Commission,,,,,
07/01/2024,APPROVED,Marijuana Product Manufacturer,General Applicant,General Applicant,General Applicant,COMMENCE OPS,1/4/2024,COMPLETE,MP281983,Flower Power Growers Inc.,Montague,1376.0,,,180 Industrial Blvd.,,Turner Falls,MA,1376,POINT (-72.573941 42.587072),POINT (-72.519165 42.6017859),180 Industrial Blvd.,,Turner Falls,MA,1376,85-3419223,MPN281983,2/1/2021 11:19:25 AM,1/21/2021 09:16:12 AM,,False,no,,,,,,,,,Not a DBE,,,5/11/2023 04:00:00 AM,12/2/2020 02:44:45 PM,2/19/2021 12:37:25 PM,4/16/2021 01:53:27 PM,6/8/2023 04:00:00 AM,11/3/2024 03:00:00 AM,,10000.0,1376.0,Turners Falls,Franklin,42.587072,-72.573941,,180 Industrial Blvd.,Town of Turner's Falls (not listed in City drop down menu),MA,42.601786,-72.519166,180.0,Industrial Blvd,,,Turners Falls,MA,Franklin County,1376.0,Flower Power Growers Inc.,MA,MACCC,Massachusetts Cannabis Control Commission,,,,,
07/01/2024,APPROVED,Marijuana Retailer,Expedited Review - DBE Status,Expedited,DBE Status,COMMENCE OPS,3/1/2021,COMPLETE,MR281865,Core Empowerment LLC,Boston,2130.0,,,401A Centre Street,,Jamaica Plain,MA,2130,POINT (-71.073493 42.334948),POINT (-71.110388 42.3216759),401A Centre Street,,Jamaica Plain,MA,2130,83-1709012,MRN281865,1/27/2020 12:39:02 PM,10/17/2019 12:00:00 AM,3/16/2020 11:08:31 AM,False,,,,,,,,,,Woman-Owned Business,,,2/11/2021 03:00:00 AM,9/5/2018 03:28:04 PM,1/3/2020 12:00:00 AM,3/5/2020 12:16:35 PM,4/14/2023 04:00:00 AM,10/11/2024 04:00:00 AM,,10000.0,2130.0,Jamaica Plain,Suffolk,42.334948,-71.073493,,401A Centre Street,,MA,42.321676,-71.110389,,Centre St,,,Jamaica Plain,MA,Suffolk County,2130.0,Core Empowerment LLC,MA,MACCC,Massachusetts Cannabis Control Commission,,,,,
07/01/2024,APPROVED,Marijuana Cultivator,Expedited Review - DBE Status,Expedited,DBE Status,PROVISIONAL LICENSE,,COMPLETE,MC283839,"Witch City Gardens, LLC",Salem,1970.0,,,2 Bridge Street,,Salem,MA,1970,POINT (-70.970827 42.635475),POINT (-70.887165 42.5365490),2 Bridge Street,,Salem,MA,1970,83-1048561,MCN283839,10/19/2023 07:40:03 PM,4/26/2023 12:36:52 PM,1/30/2024 09:52:06 AM,False,no,,,,,,,,,Woman-Owned Business | Minority-Owned Business,Indoor,"Tier 01: up to 5,000 square feet",,1/31/2023 10:38:33 AM,10/20/2023 10:44:28 AM,1/11/2024 12:42:47 PM,1/30/2024 03:00:00 AM,1/30/2025 03:00:00 AM,,625.0,1970.0,Salem,Essex,42.635475,-70.970827,Northeast,2 Bridge Street,,MA,42.536549,-70.887166,2.0,Bridge St,,,Salem,MA,Essex County,1970.0,"Witch City Gardens, LLC",MA,MACCC,Massachusetts Cannabis Control Commission,,,,,
07/01/2024,APPROVED,Marijuana Cultivator,General Applicant,General Applicant,General Applicant,PROVISIONAL CONSIDERATION,,PAYMENT_PENDING,MC283235,"Cannabonics, LLC",Templeton,1468.0,,,14 West Fountain St.,,Milford,MA,1757,POINT (-71.840209 42.329642),POINT (-72.079505 42.557896),14 West Fountain St.,,Milford,MA,1757,85-1364490,MCN283235,9/25/2021 08:13:29 PM,6/7/2021 02:33:05 PM,,False,no,,,,,,,,,Not a DBE,Indoor,"Tier 03: 10,001 to 20,000 sq. ft",,12/13/2020 09:24:54 AM,10/5/2021 03:53:06 PM,11/18/2021 02:36:25 PM,,,,0.0,1468.0,Templeton,Worcester,42.329642,-71.840209,Central MA,642 Patriot Road,,MA,42.557896,-72.079506,642.0,Patriots Rd,,,Templeton,MA,Worcester County,1468.0,"Cannabonics, LLC",MA,MACCC,Massachusetts Cannabis Control Commission,,,,,
07/01/2024,APPROVED,Marijuana Retailer,General Applicant,General Applicant,General Applicant,PROVISIONAL LICENSE,,COMPLETE,MR284123,"Flying Goose, LLC",Douglas,1516.0,,,286 Webster Street,,Douglas,MA,1516,POINT (-71.840209 42.329642),POINT (-71.815540 42.0546750),286 Webster Street,,Douglas,MA,1516,84-4550231,MRN284123,9/13/2021 03:51:28 PM,7/30/2021 09:46:05 AM,6/6/2022 09:15:31 AM,False,no,,,,,,,,,Not a DBE,,,,2/24/2021 10:00:10 AM,10/5/2021 03:28:57 PM,1/20/2022 03:33:11 PM,6/6/2022 04:00:00 AM,6/6/2023 04:00:00 AM,,10000.0,1516.0,Douglas,Worcester,42.329642,-71.840209,Central MA,286 Webster Street,,MA,42.054675,-71.815541,286.0,Webster St,,,Douglas,MA,Worcester County,1516.0,"Flying Goose, LLC",MA,MACCC,Massachusetts Cannabis Control Commission,,,,,
07/01/2024,APPROVED,Marijuana Retailer,General Applicant,General Applicant,General Applicant,PROVISIONAL LICENSE,,COMPLETE,MR283815,RC Retail Princeton LLC,Princeton,1541.0,,,104 Main Street,,Princeton,MA,1541,POINT (-71.840209 42.329642),POINT (-71.842665 42.4757710),200 Pratt Street,,Meriden,CT,6450,85-1144559,MRN283815,1/21/2021 05:08:12 PM,2/5/2021 10:11:38 AM,,False,no,,,,,,,,,Not a DBE,,,,10/7/2020 02:12:57 PM,2/5/2021 10:11:38 AM,4/16/2021 01:56:59 PM,3/10/2022 03:00:00 AM,4/26/2023 04:00:00 AM,,10000.0,1541.0,Princeton,Worcester,42.329642,-71.840209,Central MA,104 Main Street,,MA,42.475771,-71.842666,104.0,Main St,,,Princeton,MA,Worcester County,1541.0,RC Retail Princeton LLC,MA,MACCC,Massachusetts Cannabis Control Commission,,,,,
07/01/2024,APPROVED,Marijuana Courier Pre-Certification,Expedited Review - Social Equity Participant,Expedited,Social Equity Participant,PROVISIONAL LICENSE,,COMPLETE,PDO103040,Treevit LLC,,,,,129 Moxon St,,Springfield,MA,1151,,,129 Moxon St,,Springfield,MA,1151,84-2597298,PDOA103040,6/11/2020 04:26:28 PM,6/10/2020 11:42:30 AM,,False,,SE303820,SE303820,,,,,,,Not a DBE,,,,5/28/2020 08:01:03 PM,6/19/2020 02:18:18 PM,6/30/2020 09:41:15 AM,6/30/2020 04:00:00 AM,6/30/2022 04:00:00 AM,,0.0,,,,,,,,,MA,,,,,,,,,,,Treevit LLC,MA,MACCC,Massachusetts Cannabis Control Commission,,,,,
07/01/2024,APPROVED,Marijuana Product Manufacturer,Expedited Review - DBE Status,Expedited,DBE Status,PROVISIONAL LICENSE,,COMPLETE,MP282166,"Seven Leaf Sisters, Inc.",Marblehead,1945.0,,,37 Gregory Street,,Marblehead,MA,1945,POINT (-70.970827 42.635475),POINT (-70.875876 42.4829579),385 Atlantic Avenue,,Marblehead,MA,1945,85-2459041,MPN282166,2/15/2022 01:28:25 PM,1/13/2022 11:38:27 AM,,False,no,,,,,,,,,Woman-Owned Business,,,,1/4/2022 04:21:03 PM,2/18/2022 11:50:21 AM,5/12/2022 02:08:58 PM,4/13/2023 04:00:00 AM,4/13/2024 04:00:00 AM,,10000.0,1945.0,Marblehead,Essex,42.635475,-70.970827,Northeast,385 Atlantic Avenue,,MA,42.482958,-70.875876,385.0,Atlantic Ave,,,Marblehead,MA,Essex County,1945.0,"Seven Leaf Sisters, Inc.",MA,MACCC,Massachusetts Cannabis Control Commission,,,,,
07/01/2024,APPROVED,Marijuana Product Manufacturer,Priority Review - MTC Priority,Priority,MTC Priority,PROVISIONAL LICENSE,,COMPLETE,MP281517,"Beacon Compassion, Inc",Attleboro,2703.0,,,900 Washington Street,Ste A,Norwood,MA,2062,POINT (-71.102131 41.778329),POINT (-71.319581 41.9199569),900 Washington Street,Ste A,Norwood,MA,2062,83-2057586,MPN281517,11/28/2018 01:48:41 PM,11/6/2018 12:00:00 AM,4/25/2019 10:18:20 AM,True,,,,,,,APPROVED,RP201902,RPA201902,Not a DBE,,,,10/18/2018 03:32:59 PM,12/10/2018 12:00:00 AM,2/21/2019 04:07:37 PM,3/7/2024 03:00:00 AM,4/26/2025 04:00:00 AM,,5000.0,2703.0,Attleboro,Bristol,41.778329,-71.102131,Southeast and Cape,30 Franklin R McKay Road,,MA,41.919957,-71.319582,30.0,Franklin R Mckay Rd,,,Attleboro,MA,Bristol County,2703.0,"Beacon Compassion, Inc",MA,MACCC,Massachusetts Cannabis Control Commission,,,,,
07/01/2024,APPROVED,Marijuana Retailer,General Applicant,General Applicant,General Applicant,COMMENCE OPS,7/13/2022,COMPLETE,MR283100,"Evergreen Strategies, LLC.",Belchertown,1007.0,,,52 Whispering Way,,Stow,MA,1775,POINT (-72.62073 42.322256),POINT (-72.409919 42.2910460),52 Whispering Way,,Stow,MA,1775,82-5252215,MRN283100,5/4/2020 09:11:09 PM,6/4/2020 02:20:17 PM,,False,,,,,,,,,,Not a DBE,,,6/9/2022 04:00:00 AM,11/4/2019 08:14:34 PM,8/6/2020 08:44:51 AM,9/10/2020 01:06:10 PM,11/9/2023 03:00:00 AM,11/18/2024 03:00:00 AM,,10000.0,1007.0,Belchertown,Hampshire,42.322256,-72.62073,Western MA,20 George Hannum Street,Suite B,MA,42.291046,-72.409919,20.0,George Hannum St,,,Belchertown,MA,Hampshire County,1007.0,"Evergreen Strategies, LLC.",MA,MACCC,Massachusetts Cannabis Control Commission,,,,,
07/01/2024,APPROVED,Marijuana Cultivator,General Applicant,General Applicant,General Applicant,PROVISIONAL LICENSE,,COMPLETE,MC281658,"Frozen 4, LLC",Berkley,2779.0,,,618 Columbia Road,,Dorchester,MA,2125,POINT (-71.102131 41.778329),POINT (-71.013684 41.8390089),8 Bayridge Lane,,Duxbury,MA,2332,81-1355272,MCN281658,12/9/2019 12:35:59 PM,3/22/2019 12:00:00 AM,1/17/2020 04:57:08 PM,False,,,,,,,,,,Not a DBE,Indoor,"Tier 04: 20,001 to 30,000 sq. ft",,8/6/2018 01:01:57 PM,10/10/2019 12:00:00 AM,1/9/2020 11:23:43 AM,1/12/2023 03:00:00 AM,1/21/2024 03:00:00 AM,,20000.0,2779.0,Berkley,Bristol,41.778329,-71.102131,Southeast and Cape,130 Myricks Street,,MA,41.839009,-71.013685,130.0,Myricks St,,,Berkley,MA,Bristol County,2779.0,"Frozen 4, LLC",MA,MACCC,Massachusetts Cannabis Control Commission,,,,,
07/01/2024,APPROVED,Marijuana Microbusiness,Expedited Review - Two or More,Expedited,Two or More,COMMENCE OPS,11/10/2022,COMPLETE,MB282152,"Morning Dew, LLC",Orange,1364.0,,,375 PINEDALE ROAD,,ATHOL,MA,1331,POINT (-72.573941 42.587072),POINT (-72.280219 42.5628829),375 PINEDALE ROAD,,ATHOL,MA,1331,85-3883618,MBN282152,2/19/2021 01:35:58 PM,1/15/2021 04:46:48 PM,5/4/2021 03:55:42 PM,False,no,,,,,,,,,Woman-Owned Business,,,6/9/2022 04:00:00 AM,11/20/2020 06:20:04 PM,2/19/2021 03:51:10 PM,4/16/2021 01:55:54 PM,4/14/2023 04:00:00 AM,9/1/2024 04:00:00 AM,,625.0,1364.0,Orange,Franklin,42.587072,-72.573941,Western MA,47 Daniel Shays Highway,,MA,42.562883,-72.280219,47.0,Daniel Shays Hwy,,,Orange,MA,Franklin County,1364.0,"Morning Dew, LLC",MA,MACCC,Massachusetts Cannabis Control Commission,,,,,
07/01/2024,APPROVED,Marijuana Cultivator,General Applicant,General Applicant,General Applicant,PROVISIONAL LICENSE,,COMPLETE,MC281814,4Bros Inc,Holyoke,1040.0,,,630 Beaulieu Street,,Holyoke,MA,1040,POINT (-72.571312 42.12756),POINT (-72.617036 42.1921979),630 Beaulieu St,,Holyoke,MA,1040,82-2287373,MCN281814,9/15/2020 12:13:27 PM,10/11/2019 12:00:00 AM,,False,no,,,,,,,,,Not a DBE,Indoor,"Tier 03: 10,001 to 20,000 sq. ft",,11/26/2018 09:57:17 AM,9/17/2020 10:53:05 AM,11/19/2020 04:09:51 PM,7/16/2021 04:00:00 AM,11/14/2022 03:00:00 AM,,5000.0,1040.0,Holyoke,Hampden,42.12756,-72.571312,Western MA,630 Beaulieu Street,,MA,42.192198,-72.617037,630.0,Beaulieu St,,,Holyoke,MA,Hampden County,1040.0,4Bros Inc,MA,MACCC,Massachusetts Cannabis Control Commission,,,,,
07/01/2024,APPROVED,Marijuana Delivery Operator Pre-Certification,Expedited Review - Social Equity Participant,Expedited,Social Equity Participant,PROVISIONAL LICENSE,,COMPLETE,PMD6022,"Izapa Stella 5, LLC.",,,,,703 School St,,Winchendon,MA,1475,,,703 School St,,Winchendon,MA,1475,84-2784794,PMDA6022,11/19/2022 11:30:08 PM,9/19/2022 02:35:23 PM,,False,,SE304359,SE304282,,,,,,,Minority-Owned Business,,,,6/22/2022 12:12:17 PM,12/2/2022 03:39:41 PM,12/2/2022 03:39:50 PM,12/2/2022 03:00:00 AM,12/2/2024 03:00:00 AM,,0.0,,,,,,,,,MA,,,,,,,,,,,"Izapa Stella 5, LLC.",MA,MACCC,Massachusetts Cannabis Control Commission,,,,,
07/01/2024,APPROVED,Marijuana Cultivator,Priority Review - MTC Priority,Priority,MTC Priority,PROVISIONAL LICENSE,,COMPLETE,MC281263,BCWC LLC,Attleboro,2703.0,,,34 Extension Street,,Attleboro,MA,2703,POINT (-71.102131 41.778329),POINT (-71.302296 41.9389759),"679 Washington Street, Suite 8, Box 117",,Attleboro,MA,2703,82-4930709,MCN281263,6/25/2018 05:13:07 PM,5/17/2018 12:00:00 AM,9/24/2018 09:33:37 AM,True,,,,,,,APPROVED,RP201852,RPA201852,Not a DBE,Indoor,"Tier 02: 5,001 to 10,000 sq. ft.",,4/18/2018 02:26:15 PM,7/5/2018 12:00:00 AM,9/20/2018 03:48:34 PM,11/10/2022 03:00:00 AM,11/20/2023 03:00:00 AM,,2500.0,2703.0,Attleboro,Bristol,41.778329,-71.102131,Southeast and Cape,130 Kellogg Road,,MA,41.938976,-71.302297,,,,,Attleboro,MA,Bristol County,2703.0,BCWC LLC,MA,MACCC,Massachusetts Cannabis Control Commission,,,,,
07/01/2024,APPROVED,Marijuana Product Manufacturer,General Applicant,General Applicant,General Applicant,PROVISIONAL LICENSE,,COMPLETE,MP281758,"MJ's Market, Inc.",Grafton,1536.0,,,119 Drum Hill Road,STE 225,Chelmsford,MA,1824,POINT (-71.840209 42.329642),POINT (-71.689358 42.2493729),119 Drum Hill Road,STE 225,Chelmsford,MA,1824,82-5246841,MPN281758,3/12/2020 03:44:21 PM,2/18/2020 12:00:00 AM,9/14/2021 01:13:06 PM,False,,,,,,,,,,Not a DBE,,,,9/17/2019 02:34:24 PM,3/27/2020 12:00:00 AM,7/9/2020 03:10:33 PM,9/14/2021 04:00:00 AM,9/14/2022 04:00:00 AM,,10000.0,1536.0,North Grafton,Worcester,42.329642,-71.840209,,13 Centennial Drive,,MA,42.249373,-71.689359,13.0,Centennial Dr,,,North Grafton,MA,Worcester County,1536.0,"MJ's Market, Inc.",MA,MACCC,Massachusetts Cannabis Control Commission,,,,,
07/01/2024,APPROVED,Marijuana Courier Pre-Certification,Expedited Review - Social Equity Participant,Expedited,Social Equity Participant,PROVISIONAL LICENSE,,COMPLETE,PDO103027,"We Can Deliver Boston, LLC",,,,,44 Stellman Rd,,Roslindale,MA,2131,,,30 Ridgecrest Dr,E,West Roxbury,MA,2132,85-1142638,PDOA103027,6/11/2020 04:27:59 PM,6/10/2020 12:56:53 PM,,False,,SE303651,SE303651,,,,,,,Not a DBE,,,,5/28/2020 06:29:26 PM,6/19/2020 02:13:30 PM,6/30/2020 10:06:58 AM,6/30/2020 04:00:00 AM,6/30/2022 04:00:00 AM,,0.0,,,,,,,,,MA,,,,,,,,,,,"We Can Deliver Boston, LLC",MA,MACCC,Massachusetts Cannabis Control Commission,,,,,
07/01/2024,APPROVED,Marijuana Courier,Expedited Review - Social Equity Participant,Expedited,Social Equity Participant,COMMENCE OPS,11/2/2021,COMPLETE,DO100113,"Artis, LLC.",Middleborough,2346.0,,,619 front st,,MARION,MA,2738,POINT (-70.818958 41.978877),,619 Front Street,,MARION,MA,2738,83-1940396,DOA100113,11/19/2020 01:51:02 PM,10/26/2020 12:32:49 PM,,True,,,SE303548,,,,APPROVED,RP201908,,Minority-Owned Business | Veteran-Owned Business,,,9/17/2021 04:00:00 AM,7/28/2020 04:47:48 PM,12/3/2020 12:08:03 PM,1/14/2021 03:20:56 PM,2/9/2023 03:00:00 AM,7/10/2024 04:00:00 AM,,0.0,2346.0,Middleboro,Plymouth,41.978877,-70.818958,,,,MA,,,,,,,,,,,"Artis, LLC.",MA,MACCC,Massachusetts Cannabis Control Commission,,,,,
07/01/2024,APPROVED,Marijuana Courier Pre-Certification,Priority Review - Economic Empowerment Priority,Priority,Economic Empowerment Priority,PROVISIONAL LICENSE,,COMPLETE,PDO103641,Smoking Grooves LLC,,,,,612 Hyde Park Ave,,Boston,MA,2131,,,111 WELLINGTON HILL STREET,,BOSTON,MA,2126,92-1562158,PDOA103641,8/14/2023 06:49:53 PM,8/10/2023 09:21:57 AM,,False,,EE201972,,,,,,,,Not a DBE,,,,8/8/2023 10:59:19 AM,8/25/2023 04:17:27 PM,8/29/2023 04:18:15 PM,8/29/2023 04:00:00 AM,8/29/2025 04:00:00 AM,,0.0,,,,,,,,,MA,,,,,,,,,,,Smoking Grooves LLC,MA,MACCC,Massachusetts Cannabis Control Commission,,,,,
07/01/2024,APPROVED,Marijuana Product Manufacturer,Expedited Review - Social Equity Participant,Expedited,Social Equity Participant,COMMENCE OPS,2/14/2023,COMPLETE,MP282173,"TSC Operations, LLC",Uxbridge,1569.0,,,56 Industrial Dr.,Units A and B,Uxbridge,MA,1569,POINT (-71.840209 42.329642),POINT (-71.616043 42.0390530),25 Harriman Rd.,,Hudson,MA,1749,87-3918700,MPN282173,4/8/2022 10:59:36 AM,2/25/2022 11:06:40 AM,,False,yes,SE303732,,,,,,,,Not a DBE,,,12/8/2022 03:00:00 AM,2/10/2022 03:48:26 PM,4/8/2022 12:08:54 PM,7/14/2022 11:57:57 AM,7/13/2023 04:00:00 AM,8/1/2024 04:00:00 AM,,5000.0,1569.0,Uxbridge,Worcester,42.329642,-71.840209,Central MA,44 Industrial Drive,,MA,42.039053,-71.616043,44.0,Industrial Dr,,,Uxbridge,MA,Worcester County,1569.0,"TSC Operations, LLC",MA,MACCC,Massachusetts Cannabis Control Commission,,,,,
07/01/2024,APPROVED,Marijuana Cultivator,General Applicant,General Applicant,General Applicant,PROVISIONAL CONSIDERATION,,PAYMENT_PENDING,MC283815,Southwick Greenhouses Inc.,Southwick,1077.0,,,27 Hudson Drive,,Southwick,MA,1077,POINT (-72.571312 42.12756),POINT (-72.746377 42.0686019),27 Hudson Drive,,Southwick,MA,1077,88-3412682,MCN283815,4/20/2023 03:08:46 PM,1/30/2023 09:01:45 AM,,False,no,,,,,,,,,Not a DBE,Indoor,"Tier 03: 10,001 to 20,000 sq. ft",,11/21/2022 11:49:17 AM,4/28/2023 12:47:35 PM,7/13/2023 01:56:56 PM,,,,0.0,1077.0,Southwick,Hampden,42.12756,-72.571312,Western MA,27 Hudson Drive,,MA,42.068602,-72.746378,27.0,Hudson Dr,,,Southwick,MA,Hampden County,1077.0,Southwick Greenhouses Inc.,MA,MACCC,Massachusetts Cannabis Control Commission,,,,,
07/01/2024,APPROVED,Marijuana Delivery Operator Pre-Certification,Expedited Review - Two or More,Expedited,Two or More,PROVISIONAL LICENSE,,COMPLETE,PMD5914,Flower Xpress,,,,,63 Pond Street,Apt 9,Sharon,MA,2067,,,63 Pond Street,Apt 9,Sharon,MA,2067,87-3602533,PMDA5914,1/12/2023 09:54:34 AM,5/11/2022 10:10:29 AM,,False,,SE305504,SE305504,,,,,,,Not a DBE,,,,8/27/2021 02:27:29 PM,1/27/2023 10:04:57 AM,10/4/2023 10:06:29 AM,10/4/2023 04:00:00 AM,10/4/2025 04:00:00 AM,,0.0,,,,,,,,,MA,,,,,,,,,,,Flower Xpress,MA,MACCC,Massachusetts Cannabis Control Commission,,,,,
07/01/2024,APPROVED,Marijuana Retailer,General Applicant,General Applicant,General Applicant,COMMENCE OPS,6/28/2024,COMPLETE,MR284345,220 ONEIL LLC,Attleboro,2703.0,,,220 O'Neil Boulevard,,Attleboro,MA,2703,POINT (-71.102131 41.778329),POINT (-71.302296 41.9389759),89 South Main Street,,Centerville,MA,2632,87-2075638,MRN284345,8/10/2022 10:48:47 AM,4/15/2022 03:47:48 PM,,False,no,,,,,,,,,Not a DBE,,,5/9/2024 04:00:00 AM,7/27/2021 02:12:36 PM,8/19/2022 09:35:50 AM,10/13/2022 03:53:13 PM,2/8/2024 03:00:00 AM,3/27/2025 04:00:00 AM,,10000.0,2703.0,Attleboro,Bristol,41.778329,-71.102131,Southeast and Cape,220 O'NEIL BOULEVARD,,MA,41.938976,-71.302297,,,,,Attleboro,MA,Bristol County,2703.0,220 ONEIL LLC,MA,MACCC,Massachusetts Cannabis Control Commission,,,,,
07/01/2024,APPROVED,Marijuana Cultivator,General Applicant,General Applicant,General Applicant,PROVISIONAL LICENSE,,COMPLETE,MC282951,Mint Cultivation Facilities LLC,Palmer,1609.0,,,25 Ware Street,,Palmer,MA,1609,POINT (-71.840209 42.329642),POINT (-72.252683 42.2210490),21001 N. Tatum Blvd. #1630-486,,Phoenix,AZ,85050,85-1773313,MCN282951,9/30/2020 01:18:37 PM,8/18/2020 03:58:37 PM,1/19/2021 04:45:33 PM,False,no,,,,,,,,,Not a DBE,Indoor,"Tier 03: 10,001 to 20,000 sq. ft",,7/24/2020 02:13:15 PM,10/1/2020 11:47:16 AM,1/14/2021 03:38:16 PM,1/20/2022 03:00:00 AM,1/21/2023 03:00:00 AM,,5000.0,1609.0,Worcester,Worcester,42.329642,-71.840209,Central MA,25 Ware Street,,MA,42.221049,-72.252683,25.0,W Ware St,,,Palmer,MA,Hampden County,1069.0,Mint Cultivation Facilities LLC,MA,MACCC,Massachusetts Cannabis Control Commission,,,,,
07/01/2024,APPROVED,Marijuana Retailer,Priority Review - MTC Priority,Priority,MTC Priority,COMMENCE OPS,7/23/2021,COMPLETE,MR281679,"Herbology Group, Inc.",Easthampton,1027.0,,,82 Wendell Ave,Suite 100,Pittsfield,MA,1201,POINT (-72.62073 42.322256),POINT (-72.663178 42.2846669),9 Nutmeg Lane,,Sandy Hook,CT,6482,81-4397799,MRN281679,9/7/2018 03:04:03 PM,8/27/2018 12:00:00 AM,12/19/2018 09:23:00 AM,True,,,,,,,APPROVED,RP201924,RP201924,Not a DBE,,,6/17/2021 04:00:00 AM,7/2/2018 10:31:58 AM,9/12/2018 12:00:00 AM,12/14/2018 11:56:35 AM,1/12/2023 03:00:00 AM,1/21/2024 03:00:00 AM,,5000.0,1027.0,Easthampton,Hampshire,42.322256,-72.62073,Western MA,195 Northampton Street,,MA,42.284667,-72.663178,195.0,Northampton St,,,Easthampton,MA,Hampshire County,1027.0,"Herbology Group, Inc.",MA,MACCC,Massachusetts Cannabis Control Commission,,,,,
07/01/2024,APPROVED,Marijuana Retailer,General Applicant,General Applicant,General Applicant,COMMENCE OPS,5/1/2023,COMPLETE,MR282084,BB Botanics LLC,Essex,1929.0,,,242 John Wise Avenue,,Essex,MA,1929,POINT (-70.970827 42.635475),POINT (-70.807472 42.653931),PO BOX 372,,Burlington,MA,1803,83-2541838,MRN282084,9/16/2020 06:39:32 PM,9/3/2020 02:38:48 PM,,False,no,,,,,,,,,Not a DBE,,,3/9/2023 03:00:00 AM,11/25/2018 09:00:55 PM,9/17/2020 11:29:34 AM,11/19/2020 04:14:36 PM,12/14/2023 03:00:00 AM,12/18/2024 03:00:00 AM,,10000.0,1929.0,Essex,Essex,42.635475,-70.970827,Northeast,242 John Wise Avenue,,MA,42.653931,-70.807472,242.0,John Wise Ave,,,Essex,MA,Essex County,1929.0,BB Botanics LLC,MA,MACCC,Massachusetts Cannabis Control Commission,,,,,
07/01/2024,APPROVED,Marijuana Cultivator,Expedited Review - DBE Status,Expedited,DBE Status,COMMENCE OPS,8/26/2021,COMPLETE,MC282581,"Hudson Growers Alliance, LLC",Hudson,1749.0,,,9 KANE INDUSTRIAL DR.,Unit 2,HUDSON,MA,1749,POINT (-71.275566 42.459085),POINT (-71.506310 42.3939689),5 Kane Industrial Dr,,Hudson,MA,1749,84-4107488,MCN282581,3/9/2020 10:14:30 AM,1/30/2020 12:00:00 AM,7/22/2020 01:31:47 PM,False,,,,,,,,,,Woman-Owned Business,Indoor,"Tier 01: up to 5,000 square feet",5/13/2021 04:00:00 AM,1/8/2020 10:07:35 AM,3/12/2020 12:00:00 AM,7/9/2020 01:32:56 PM,7/13/2023 04:00:00 AM,7/22/2024 04:00:00 AM,,1250.0,1749.0,Hudson,Middlesex,42.459085,-71.275566,Central MA,"9 Kane Industrial Dr., Unit 2",,MA,42.393969,-71.506311,9.0,Kane Industrial Dr,Unit,2.0,Hudson,MA,Middlesex County,1749.0,"Hudson Growers Alliance, LLC",MA,MACCC,Massachusetts Cannabis Control Commission,,,,,
07/01/2024,APPROVED,Marijuana Product Manufacturer,General Applicant,General Applicant,General Applicant,COMMENCE OPS,6/16/2021,COMPLETE,MP281627,"HÅVN Extracts, LLC.",Oxford,1537.0,,,125 Southbridge Rd,,Oxford,MA,1537,POINT (-71.840209 42.329642),POINT (-71.897006 42.1665909),210 Park Ave #370,,Worcester,MA,1609,61-1919959,MPN281627,12/23/2019 12:08:51 PM,11/4/2019 12:00:00 AM,3/5/2020 03:14:45 PM,False,,,,,,,,,,Not a DBE,,,1/14/2021 03:00:00 AM,3/22/2019 12:28:42 PM,1/6/2020 12:00:00 AM,3/5/2020 12:19:57 PM,2/9/2023 03:00:00 AM,7/10/2024 04:00:00 AM,,10000.0,1537.0,North Oxford,Worcester,42.329642,-71.840209,,125 Southbridge Rd,,MA,42.166591,-71.897006,125.0,Southbridge Rd,,,North Oxford,MA,Worcester County,1537.0,"HÅVN Extracts, LLC.",MA,MACCC,Massachusetts Cannabis Control Commission,,,,,
07/01/2024,APPROVED,Marijuana Retailer,General Applicant,General Applicant,General Applicant,COMMENCE OPS,5/13/2024,COMPLETE,MR282570,Union Leaf Inc.,Somerville,2143.0,,,71-72 Union Square,,Somerville,MA,2143,POINT (-71.275566 42.459085),POINT (-71.094933 42.3798460),71-72 Union Square,,Somerville,MA,2143,83-3980978,MRN282570,3/30/2020 11:44:07 AM,3/17/2020 12:00:00 AM,7/10/2020 11:59:03 AM,False,,,,,,,,,,Not a DBE,,,4/11/2024 04:00:00 AM,4/3/2019 04:58:03 PM,4/15/2020 12:00:00 AM,7/9/2020 04:03:28 PM,4/14/2023 04:00:00 AM,7/10/2024 04:00:00 AM,,10000.0,2143.0,Somerville,Middlesex,42.459085,-71.275566,Metro Boston,71-72 Union Square,,MA,42.379846,-71.094934,71.0,Union Sq,,,Somerville,MA,Middlesex County,2143.0,Union Leaf Inc.,MA,MACCC,Massachusetts Cannabis Control Commission,,,,,
07/01/2024,APPROVED,Marijuana Retailer,Expedited Review - DBE Status,Expedited,DBE Status,COMMENCE OPS,8/16/2021,COMPLETE,MR282818,Tigertown LLC,Holyoke,1040.0,,,56 Jackson Street,,Holyoke,MA,1040,POINT (-72.571312 42.12756),POINT (-72.612165 42.1958169),56 Jackson Street,,Holyoke,MA,1040,83-3148066,MRN282818,12/24/2019 10:00:03 AM,12/9/2019 12:00:00 AM,,False,,,,,,,,,,Veteran-Owned Business,,,7/15/2021 04:00:00 AM,6/28/2019 02:35:07 PM,2/12/2020 12:00:00 AM,4/9/2020 03:34:55 PM,7/13/2023 04:00:00 AM,7/17/2024 04:00:00 AM,,10000.0,1040.0,Holyoke,Hampden,42.12756,-72.571312,Western MA,56 Jackson Street,,MA,42.195817,-72.612165,56.0,Jackson St,,,Holyoke,MA,Hampden County,1040.0,Tigertown LLC,MA,MACCC,Massachusetts Cannabis Control Commission,,,,,
07/01/2024,APPROVED,Marijuana Cultivator,General Applicant,General Applicant,General Applicant,PROVISIONAL LICENSE,,COMPLETE,MC283421,"Bloominati Ag, LLC",Northampton,1053.0,,,574 Haydenville Road,,Leeds,MA,1053,POINT (-72.62073 42.322256),POINT (-72.694258 42.3667670),574 Haydenville Road,,Leeds,MA,1053,85-3867737,MCN283421,4/24/2021 12:57:16 PM,4/1/2021 09:30:36 AM,10/12/2021 02:04:48 PM,False,no,,,,,,,,,Not a DBE,Indoor,"Tier 01: up to 5,000 square feet",,3/11/2021 07:00:27 AM,4/30/2021 08:27:46 AM,6/22/2021 10:50:34 AM,10/13/2022 04:00:00 AM,10/14/2023 04:00:00 AM,,1250.0,1053.0,Leeds,Hampshire,42.322256,-72.62073,,574 Haydenville Road,,MA,42.366767,-72.694258,574.0,Haydenville Rd,,,Leeds,MA,Hampshire County,1053.0,"Bloominati Ag, LLC",MA,MACCC,Massachusetts Cannabis Control Commission,,,,,
07/01/2024,APPROVED,Marijuana Retailer,Expedited Review - DBE Status,Expedited,DBE Status,COMMENCE OPS,6/30/2022,COMPLETE,MR283970,"KCCS, LLC",Northampton,1060.0,,,26 Strong Ave,,Northampton,MA,1060,POINT (-72.62073 42.322256),POINT (-72.62791 42.3197690),PO BOX 1630,,Northampton,MA,1061,86-1233971,MRN283970,4/21/2021 02:21:14 PM,3/10/2021 03:47:54 PM,,False,no,,,,,,,,,Minority-Owned Business,,,4/7/2022 04:00:00 AM,12/14/2020 04:20:22 PM,5/3/2021 09:53:36 AM,6/22/2021 11:04:59 AM,6/8/2023 04:00:00 AM,10/26/2024 04:00:00 AM,,10000.0,1060.0,Northampton,Hampshire,42.322256,-72.62073,Western MA,26 Strong Ave,,MA,42.319769,-72.62791,26.0,Strong Ave,,,Northampton,MA,Hampshire County,1060.0,"KCCS, LLC",MA,MACCC,Massachusetts Cannabis Control Commission,,,,,
07/01/2024,APPROVED,Marijuana Cultivator,Expedited Review - Two or More,Expedited,Two or More,PROVISIONAL LICENSE,,COMPLETE,MC283790,"Apple Guy Flowers, LLC",Uxbridge,1569.0,,,400R West Street,,Uxbridge,MA,1569,POINT (-71.840209 42.329642),POINT (-71.666336 42.0580029),400R West Street,,Uxbridge,MA,1569,83-0797170,MCN283790,2/9/2023 04:33:41 PM,12/8/2022 03:49:26 PM,,False,yes,SE304982,,,,,,,,Not a DBE,Outdoor,"Tier 02: 5,001 to 10,000 sq. ft.",,9/23/2022 10:05:38 AM,2/10/2023 09:34:29 AM,4/14/2023 02:28:18 PM,2/12/2024 03:00:00 AM,2/12/2025 03:00:00 AM,,625.0,1569.0,Uxbridge,Worcester,42.329642,-71.840209,Central MA,400R West Street,,MA,42.058003,-71.666336,400.0,West St,,,Uxbridge,MA,Worcester County,1569.0,"Apple Guy Flowers, LLC",MA,MACCC,Massachusetts Cannabis Control Commission,,,,,
07/01/2024,APPROVED,Marijuana Retailer,General Applicant,General Applicant,General Applicant,COMMENCE OPS,12/14/2021,COMPLETE,MR282091,"MedMen Boston, LLC",Boston,2215.0,,,"50 Congress Street, Suite 420",,Boston,MA,2109,POINT (-71.073493 42.334948),POINT (-71.099851 42.345599),"50 Congress Street, Suite 420",,Boston,MA,2109,82-5524340,MRN282091,7/22/2020 04:21:09 PM,10/25/2019 12:00:00 AM,,False,,,,,,,,,,Not a DBE,,,11/18/2021 03:00:00 AM,11/27/2018 03:43:10 PM,4/7/2020 12:00:00 AM,8/6/2020 02:13:04 PM,10/12/2023 04:00:00 AM,10/16/2024 04:00:00 AM,,10000.0,2215.0,Boston,Suffolk,42.334948,-71.073493,Metro Boston,120 Brookline Avenue,,MA,42.345599,-71.099851,120.0,Brookline Ave,,,Boston,MA,Suffolk County,2215.0,"MedMen Boston, LLC",MA,MACCC,Massachusetts Cannabis Control Commission,,,,,
07/01/2024,APPROVED,Marijuana Retailer,Priority Review - Economic Empowerment Priority,Priority,Economic Empowerment Priority,PROVISIONAL LICENSE,,COMPLETE,MR284224,KG Collective LLC,Boston,2119.0,,,1536 Tremont Street,,Boston,MA,2120,POINT (-71.073493 42.334948),POINT (-71.098716 42.3215939),1536 Tremont St,,Boston,MA,2120,82-5066736,MRN284224,5/21/2021 10:18:19 AM,5/10/2021 03:59:45 PM,,True,yes,EE201965,,APPROVED,EE201965,EEA201959,,,,Not a DBE,,,,4/28/2021 04:18:21 PM,5/28/2021 11:24:40 AM,8/12/2021 01:58:42 PM,9/14/2023 04:00:00 AM,10/6/2024 04:00:00 AM,,5000.0,2119.0,Boston,Suffolk,42.334948,-71.073493,Metro Boston,1589 Columbus Ave,,MA,42.321594,-71.098717,1589.0,Columbus Ave,,,Roxbury,MA,Suffolk County,2119.0,KG Collective LLC,MA,MACCC,Massachusetts Cannabis Control Commission,,,,,
07/01/2024,APPROVED,Marijuana Product Manufacturer,General Applicant,General Applicant,General Applicant,COMMENCE OPS,3/17/2023,COMPLETE,MP281406,Baked Bean LLC,Uxbridge,1569.0,,,504 Quaker Hwy,,Uxbridge,MA,1569,POINT (-71.840209 42.329642),POINT (-71.616467 42.0364530),504 Quaker Hwy,,Uxbridge,MA,1569,82-5282212,MPN281406,10/2/2018 10:23:40 PM,9/11/2018 12:00:00 AM,2/28/2019 02:10:25 PM,False,,,,,,,,,,Veteran-Owned Business,,,1/12/2023 03:00:00 AM,6/18/2018 02:19:06 PM,10/23/2018 12:00:00 AM,12/13/2018 04:48:40 PM,2/8/2024 03:00:00 AM,4/17/2025 04:00:00 AM,,5000.0,1569.0,Uxbridge,Worcester,42.329642,-71.840209,Central MA,79 River Road,,MA,42.036453,-71.616468,79.0,River Rd,,,Uxbridge,MA,Worcester County,1569.0,Baked Bean LLC,MA,MACCC,Massachusetts Cannabis Control Commission,,,,,
07/01/2024,APPROVED,Marijuana Courier Pre-Certification,Expedited Review - Social Equity Participant,Expedited,Social Equity Participant,PROVISIONAL LICENSE,,COMPLETE,PDO103031,"Artis, LLC",,,,,29 Harding ST,,Middleboro,MA,2346,,,29 Harding ST,,Middleboro,MA,2346,00-0985345,PDOA103031,7/16/2020 01:11:50 PM,6/12/2020 01:19:16 PM,,True,,SE303548,SE303548,,,,APPROVED,RP201908,,Minority-Owned Business | Veteran-Owned Business,,,,5/28/2020 06:54:39 PM,7/23/2020 03:24:54 PM,7/23/2020 03:34:10 PM,7/23/2020 04:00:00 AM,7/23/2022 04:00:00 AM,,0.0,,,,,,,,,MA,,,,,,,,,,,"Artis, LLC",MA,MACCC,Massachusetts Cannabis Control Commission,,,,,
07/01/2024,APPROVED,Marijuana Product Manufacturer,Expedited Review - DBE Status,Expedited,DBE Status,COMMENCE OPS,7/13/2022,COMPLETE,MP281317,"Wellman Farm, Inc",Lowell,2851.0,,,26 Wellman Ave,,Lowell,MA,1851,,POINT (-71.322766 42.6200410),P.O. Box 180629,,Boston,MA,2118,83-0834923,MPN281317,12/17/2019 03:25:42 PM,9/9/2019 12:00:00 AM,,False,,,SE304205,,,,,,,Minority-Owned Business | Woman-Owned Business,,,5/12/2022 04:00:00 AM,4/26/2018 07:57:16 PM,2/4/2020 12:00:00 AM,4/9/2020 03:41:06 PM,11/9/2023 03:00:00 AM,11/13/2024 03:00:00 AM,,10000.0,,,,,,,26 Wellman Street,,MA,42.620041,-71.322766,26.0,Wellman St,,,Lowell,MA,Middlesex County,1851.0,"Wellman Farm, Inc",MA,MACCC,Massachusetts Cannabis Control Commission,,,,,
07/01/2024,APPROVED,Marijuana Product Manufacturer,General Applicant,General Applicant,General Applicant,COMMENCE OPS,1/29/2024,COMPLETE,MP281832,"Mill Town Agriculture, LLC",Holyoke,1040.0,,,1 Cabot Street,,Holyoke,MA,1040,POINT (-72.571312 42.12756),POINT (-72.602168 42.1966370),1029 North Road,PMB 131,Westfield,MA,1085,84-3572639,MPN281832,7/16/2020 09:53:28 AM,6/29/2020 09:23:10 AM,,False,,,,,,,,,,Not a DBE,,,12/8/2022 03:00:00 AM,1/28/2020 01:10:49 PM,7/23/2020 01:38:38 PM,10/8/2020 02:35:09 PM,1/11/2024 03:00:00 AM,1/27/2025 03:00:00 AM,,10000.0,1040.0,Holyoke,Hampden,42.12756,-72.571312,Western MA,1 Cabot Street,,MA,42.196637,-72.602168,1.0,Cabot St,,,Holyoke,MA,Hampden County,1040.0,"Mill Town Agriculture, LLC",MA,MACCC,Massachusetts Cannabis Control Commission,,,,,
07/01/2024,APPROVED,Marijuana Delivery Operator Pre-Certification,Expedited Review - Social Equity Participant,Expedited,Social Equity Participant,PROVISIONAL LICENSE,,COMPLETE,PMD6095,Wonderland Dispensary & Delivery Inc.,,,,,86 Kirkland St #1,,Cambridge,MA,2138,,,291 broadway,,Cambridge,MA,2139,99-1086196,PMDA6095,5/9/2024 12:50:07 PM,5/1/2024 01:01:14 PM,,False,,SE305198,SE305198,,,,,,,Not a DBE,,,,2/9/2024 12:31:48 AM,6/4/2024 02:57:50 PM,6/4/2024 02:58:01 PM,6/4/2024 04:00:00 AM,6/4/2026 04:00:00 AM,,0.0,,,,,,,,,MA,,,,,,,,,,,Wonderland Dispensary & Delivery Inc.,MA,MACCC,Massachusetts Cannabis Control Commission,,,,,
07/01/2024,APPROVED,Marijuana Microbusiness,Expedited Review - DBE Status,Expedited,DBE Status,FINAL LICENSE,,COMPLETE,MB281425,"Hemp Holistics, LLC",Ashby,1431.0,,,351 Bennett Rd,,Ashby,MA,1431,POINT (-71.275566 42.459085),POINT (-71.881079 42.7074929),351 Bennett Rd,,Ashby,MA,1431,83-1315905,MBN281425,1/29/2020 08:24:13 PM,10/4/2019 12:00:00 AM,4/9/2020 03:21:21 PM,False,,,,,,,,,,Not a DBE,,,7/13/2023 04:00:00 AM,6/21/2018 12:21:28 AM,2/12/2020 12:00:00 AM,4/9/2020 03:14:16 PM,7/13/2023 04:00:00 AM,11/12/2024 03:00:00 AM,,625.0,1431.0,Ashby,Middlesex,42.459085,-71.275566,Central MA,351 Bennett Rd,,MA,42.707493,-71.88108,351.0,Bennett Rd,,,Ashby,MA,Middlesex County,1431.0,"Hemp Holistics, LLC",MA,MACCC,Massachusetts Cannabis Control Commission,,,,,
07/01/2024,APPROVED,Marijuana Product Manufacturer,General Applicant,General Applicant,General Applicant,COMMENCE OPS,6/13/2022,COMPLETE,MP282043,"Berkshire Welco Lab & Manufacturing, LLC",Sheffield,1257.0,,,34 Home Road,,Sheffield,MA,1257,POINT (-73.209889 42.396128),POINT (-73.319765 42.1100410),490 Main Street Suite 2,,Great Barrington,MA,1230,85-1112757,MPN282043,5/7/2021 09:00:32 AM,3/22/2021 04:30:16 PM,7/22/2021 11:29:12 AM,False,no,,,,,,,,,Not a DBE,,,3/10/2022 03:00:00 AM,2/27/2021 02:04:20 PM,5/28/2021 10:13:14 AM,7/15/2021 04:31:41 PM,7/13/2023 04:00:00 AM,11/19/2024 03:00:00 AM,,10000.0,1257.0,Sheffield,Berkshire,42.396128,-73.209889,Western MA,34 Home Road,,MA,42.110041,-73.319765,34.0,Home Rd,,,Sheffield,MA,Berkshire County,1257.0,"Berkshire Welco Lab & Manufacturing, LLC",MA,MACCC,Massachusetts Cannabis Control Commission,,,,,
07/01/2024,APPROVED,Marijuana Retailer,Expedited Review - DBE Status,Expedited,DBE Status,COMMENCE OPS,1/16/2024,COMPLETE,MR284185,Forest Wilde LLC,Lee,1238.0,,,75 Chestnut Street,,Lee,MA,1238,POINT (-73.209889 42.396128),POINT (-73.262462 42.3265150),75 Chestnut Street,,Lee,MA,1238,84-3709838,MRN284185,7/10/2021 03:51:07 PM,5/10/2021 01:09:15 PM,7/25/2022 09:32:27 PM,False,no,,,,,,,,,Woman-Owned Business,,,12/14/2023 03:00:00 AM,3/23/2021 12:43:00 PM,7/16/2021 09:04:49 AM,10/14/2021 01:09:20 PM,7/13/2023 04:00:00 AM,8/24/2024 04:00:00 AM,,10000.0,1238.0,Lee,Berkshire,42.396128,-73.209889,Western MA,635 Laurel Street,,MA,42.326515,-73.262463,635.0,Laurel St,,,Lee,MA,Berkshire County,1238.0,Forest Wilde LLC,MA,MACCC,Massachusetts Cannabis Control Commission,,,,,
07/01/2024,APPROVED,Marijuana Courier Pre-Certification,Priority Review - Economic Empowerment Priority,Priority,Economic Empowerment Priority,PROVISIONAL LICENSE,,COMPLETE,PDO103149,612 Studios LLC,,,,,111 Wellington Hill ST,,Boston,MA,2126,,,111 Wellington Hill ST,,Boston,MA,2126,82-5408343,PDOA103149,8/12/2020 09:45:15 PM,7/28/2020 01:29:46 PM,,True,,EE201972,SE303793,APPROVED,EE201972,,,,,Veteran-Owned Business | Minority-Owned Business | Woman-Owned Business,,,,6/29/2020 11:05:25 AM,8/13/2020 03:19:09 PM,8/17/2020 12:36:20 PM,8/17/2020 04:00:00 AM,8/17/2022 04:00:00 AM,,0.0,,,,,,,,,MA,,,,,,,,,,,612 Studios LLC,MA,MACCC,Massachusetts Cannabis Control Commission,,,,,
07/01/2024,APPROVED,Marijuana Product Manufacturer,General Applicant,General Applicant,General Applicant,COMMENCE OPS,11/21/2022,COMPLETE,MP281460,"MassGrow, LLC",Athol,1331.0,,,125 Cambridgepark Drive,#301,Cambridge,MA,2140,POINT (-71.840209 42.329642),POINT (-72.222183 42.5963920),125 Cambridgepark Drive,#301,Cambridge,MA,2140,82-5308871,MPN281460,5/17/2019 04:38:06 PM,3/20/2019 12:00:00 AM,6/11/2019 11:36:17 AM,False,,,,,,,,,,Not a DBE,,,10/13/2022 04:00:00 AM,8/10/2018 03:20:42 PM,4/18/2019 12:00:00 AM,5/30/2019 01:56:22 PM,9/14/2023 04:00:00 AM,9/18/2024 04:00:00 AM,,5000.0,1331.0,Athol,Worcester,42.329642,-71.840209,Western MA,134 Chestnut Hill Avenue,,MA,42.596392,-72.222183,134.0,Chestnut Hill Ave,,,Athol,MA,Worcester County,1331.0,"MassGrow, LLC",MA,MACCC,Massachusetts Cannabis Control Commission,,,,,
07/01/2024,APPROVED,Marijuana Cultivator,Priority Review - MTC Priority,Priority,MTC Priority,COMMENCE OPS,9/30/2020,COMPLETE,MC282121,"HVV Masschusetts, Inc",Gloucester,1930.0,,,38 Great Republic Drive,,Gloucester,MA,1930,POINT (-70.970827 42.635475),POINT (-70.652445 42.62594),39 Country Club Way,,Ipswich,MA,1938,82-4495668,MCN282121,5/24/2019 04:57:13 PM,5/6/2019 12:00:00 AM,9/24/2019 10:49:09 AM,True,,,,,,,,,RP201813,Not a DBE,Indoor,"Tier 03: 10,001 to 20,000 sq. ft",4/9/2020 04:00:00 AM,4/30/2019 03:31:27 PM,6/7/2019 12:00:00 AM,9/13/2019 11:35:04 AM,9/14/2023 04:00:00 AM,9/25/2024 04:00:00 AM,,5000.0,1930.0,Gloucester,Essex,42.635475,-70.970827,Northeast,39 Great Republic Drive,,MA,42.62594,-70.652445,39.0,Great Republic Dr,,,Gloucester,MA,Essex County,1930.0,"HVV Masschusetts, Inc",MA,MACCC,Massachusetts Cannabis Control Commission,,,,,
07/01/2024,APPROVED,Marijuana Retailer,General Applicant,General Applicant,General Applicant,COMMENCE OPS,5/30/2024,COMPLETE,MR282315,Fresh Fields Gloucester LLC,Gloucester,1930.0,,,"1700 Shawsheen St, 2nd Floor",,Tewksbury,MA,1876,POINT (-70.970827 42.635475),POINT (-70.681095 42.6120629),"1700 Shawsheen St, 2nd Floor",,Tewksbury,MA,1876,83-4382416,MRN282315,6/18/2020 02:32:22 PM,2/10/2020 12:00:00 AM,12/29/2020 05:06:45 PM,False,no,,,,,,,,,Not a DBE,,,4/11/2024 04:00:00 AM,1/21/2019 12:55:15 PM,6/26/2020 12:31:04 PM,9/10/2020 01:07:33 PM,12/14/2023 03:00:00 AM,12/29/2024 03:00:00 AM,,10000.0,1930.0,Gloucester,Essex,42.635475,-70.970827,Northeast,73 Essex Ave,,MA,42.612063,-70.681096,73.0,Essex Ave,,,Gloucester,MA,Essex County,1930.0,Fresh Fields Gloucester LLC,MA,MACCC,Massachusetts Cannabis Control Commission,,,,,
07/01/2024,APPROVED,Marijuana Retailer,Expedited Review - DBE Status,Expedited,DBE Status,COMMENCE OPS,3/13/2023,COMPLETE,MR283997,"Discern'd Cannabis Purveyors, Inc.",Grafton,1519.0,,,130 Worcester Street,,North Grafton,MA,1536,POINT (-71.840209 42.329642),POINT (-71.704790 42.2242719),4 Elizabeth Street,,North Grafton,MA,1536,85-4085177,MRN283997,1/13/2021 02:05:07 PM,1/5/2021 09:46:54 AM,4/16/2021 04:31:56 PM,False,no,,,,,,,,,Minority-Owned Business,,,1/12/2023 03:00:00 AM,12/28/2020 01:16:08 PM,1/14/2021 11:57:14 AM,4/16/2021 01:52:08 PM,7/13/2023 04:00:00 AM,7/17/2024 04:00:00 AM,,10000.0,1519.0,Grafton,Worcester,42.329642,-71.840209,Central MA,130 Worcester Street,,MA,42.224272,-71.70479,130.0,Worcester St,,,North Grafton,MA,Worcester County,1536.0,"Discern'd Cannabis Purveyors, Inc.",MA,MACCC,Massachusetts Cannabis Control Commission,,,,,
07/01/2024,APPROVED,Marijuana Cultivator,General Applicant,General Applicant,General Applicant,COMMENCE OPS,6/16/2021,COMPLETE,MC281411,"Pure Industries, Inc.",Lowell,1851.0,,,181 Stedman Street,Unit 14,Lowell,MA,1851,POINT (-71.275566 42.459085),POINT (-71.352614 42.6248549),181 Stedman Street,Unit 14,Lowell,MA,1851,32-0583822,MCN281411,12/18/2019 03:42:34 PM,8/8/2019 12:00:00 AM,3/5/2020 03:05:56 PM,False,,,,,,,,,,Not a DBE,Indoor,"Tier 02: 5,001 to 10,000 sq. ft.",1/14/2021 03:00:00 AM,5/8/2018 04:03:13 PM,12/30/2019 12:00:00 AM,3/5/2020 12:23:08 PM,2/8/2024 03:00:00 AM,3/5/2025 03:00:00 AM,,2500.0,1851.0,Lowell,Middlesex,42.459085,-71.275566,Northeast,181 Stedman Street,Unit 14,MA,42.624855,-71.352614,181.0,Stedman St,,,Lowell,MA,Middlesex County,1851.0,"Pure Industries, Inc.",MA,MACCC,Massachusetts Cannabis Control Commission,,,,,
07/01/2024,APPROVED,Marijuana Retailer,General Applicant,General Applicant,General Applicant,COMMENCE OPS,9/17/2021,COMPLETE,MR281978,Galil Greenery LLC,Northampton,1060.0,,,235 Main St.,,Northampton,MA,1060,POINT (-72.62073 42.322256),POINT (-72.632715 42.3180240),69B Day Ave,,Northampton,MA,1060,83-2070659,MRN281978,1/23/2020 03:21:13 PM,10/25/2019 12:00:00 AM,5/8/2020 05:35:40 PM,False,,,,,,,,,,Not a DBE,,,8/12/2021 04:00:00 AM,10/18/2018 08:51:21 PM,2/28/2020 12:00:00 AM,5/8/2020 02:27:43 PM,4/14/2023 04:00:00 AM,9/11/2024 04:00:00 AM,,10000.0,1060.0,Northampton,Hampshire,42.322256,-72.62073,Western MA,235 Main St.,,MA,42.318024,-72.632715,235.0,Main St,,,Northampton,MA,Hampshire County,1060.0,Galil Greenery LLC,MA,MACCC,Massachusetts Cannabis Control Commission,,,,,
07/01/2024,APPROVED,Marijuana Retailer,General Applicant,General Applicant,General Applicant,COMMENCE OPS,5/15/2023,COMPLETE,MR284729,"BeWell Organic Medicine, Inc.",Merrimac,1860.0,,,92 Bolt Street,,Lowell,MA,1852,POINT (-70.970827 42.635475),POINT (-70.996685 42.8312099),92 Bolt Street,,Lowell,MA,1852,46-3466824,MRN284729,11/30/2022 03:27:14 PM,11/16/2022 01:15:15 PM,1/26/2023 12:32:08 PM,False,no,,,,,,,,,Not a DBE,,,4/14/2023 04:00:00 AM,7/26/2022 03:37:58 PM,12/16/2022 09:55:46 AM,1/12/2023 01:04:01 PM,1/11/2024 03:00:00 AM,1/26/2025 03:00:00 AM,,10000.0,1860.0,Merrimac,Essex,42.635475,-70.970827,Northeast,17 Broad Street,,MA,42.83121,-70.996686,17.0,Broad St,,,Merrimac,MA,Essex County,1860.0,"BeWell Organic Medicine, Inc.",MA,MACCC,Massachusetts Cannabis Control Commission,,,,,
07/01/2024,APPROVED,Marijuana Retailer,General Applicant,General Applicant,General Applicant,COMMENCE OPS,8/5/2021,COMPLETE,MR283325,"Nature's Alternative, Inc.",Wellfleet,2667.0,,,2393 Route 6,,Wellfleet,MA,2667,POINT (-70.301811 41.698999),POINT (-70.014685 41.9279039),72 Pine Street,Suite 1,Providence,RI,2903,82-3406582,MRN283325,6/12/2020 04:36:35 PM,6/29/2020 09:24:48 AM,,False,,,,,,,,,,Not a DBE,,,7/15/2021 04:00:00 AM,3/4/2020 10:49:10 AM,8/13/2020 11:40:01 AM,11/19/2020 04:22:01 PM,12/14/2023 03:00:00 AM,12/18/2024 03:00:00 AM,,10000.0,2667.0,Wellfleet,Barnstable,41.698999,-70.301811,Southeast and Cape,2393 Route 6,,MA,41.927904,-70.014686,2393.0,US-6,,,Wellfleet,MA,Barnstable County,2667.0,"Nature's Alternative, Inc.",MA,MACCC,Massachusetts Cannabis Control Commission,,,,,
07/01/2024,APPROVED,Marijuana Product Manufacturer,General Applicant,General Applicant,General Applicant,PROVISIONAL LICENSE,,COMPLETE,MP282222,Berkshire Kind Inc.,Pittsfield,1201.0,,,343 Pecks Road,,Pittsfield,MA,1201,POINT (-73.209889 42.396128),POINT (-73.265213 42.4739909),212 Fenn St #4021,,Pittsfield,MA,1201,84-2557812,MPN282222,1/2/2023 02:55:46 PM,11/23/2022 10:52:27 AM,,False,no,,,,,,,,,Not a DBE,,,,8/1/2022 11:24:40 AM,1/6/2023 09:36:56 AM,3/9/2023 12:35:09 PM,5/30/2023 04:00:00 AM,9/27/2024 04:00:00 AM,,10000.0,1201.0,Pittsfield,Berkshire,42.396128,-73.209889,Western MA,343 Pecks Road,,MA,42.473991,-73.265213,343.0,Pecks Rd,,,Pittsfield,MA,Berkshire County,1201.0,Berkshire Kind Inc.,MA,MACCC,Massachusetts Cannabis Control Commission,,,,,
07/01/2024,APPROVED,Marijuana Cultivator,Expedited Review - DBE Status,Expedited,DBE Status,PROVISIONAL LICENSE,,COMPLETE,MC281390,"Mantis Management Group, LLC",Winchendon,1475.0,,,2 Juniper St,,Winchendon,MA,1475,POINT (-71.840209 42.329642),POINT (-72.045765 42.6866320),3 Vermont Ave,,Saugus,MA,1906,83-2443791,MCN281390,2/26/2020 02:18:19 PM,11/14/2019 12:00:00 AM,,False,,,,,,,,,,Minority-Owned Business,Indoor,"Tier 01: up to 5,000 square feet",,5/3/2018 11:25:37 PM,3/19/2020 12:00:00 AM,5/8/2020 02:49:56 PM,4/14/2023 04:00:00 AM,6/9/2024 04:00:00 AM,,1250.0,1475.0,Winchendon,Worcester,42.329642,-71.840209,Central MA,250 Central St,,MA,42.686632,-72.045765,250.0,Central St,,,Winchendon,MA,Worcester County,1475.0,"Mantis Management Group, LLC",MA,MACCC,Massachusetts Cannabis Control Commission,,,,,
07/01/2024,APPROVED,Marijuana Cultivator,Priority Review - Economic Empowerment Priority,Priority,Economic Empowerment Priority,PROVISIONAL LICENSE,,COMPLETE,MC283233,Prime Tree LLC,Salem,1970.0,,,4 Technology Way,,Salem,MA,1970,POINT (-70.970827 42.635475),POINT (-70.925458 42.4950290),226 South Main Street,,Fall River,MA,2721,86-1560845,MCN283233,11/29/2021 02:53:24 PM,8/23/2021 07:45:08 PM,,True,yes,EE202151,,,,EE202151,,,,Not a DBE,Indoor,"Tier 03: 10,001 to 20,000 sq. ft",,12/10/2020 01:12:37 PM,12/3/2021 11:15:39 AM,1/20/2022 03:44:19 PM,12/14/2023 03:00:00 AM,12/14/2024 03:00:00 AM,,2500.0,1970.0,Salem,Essex,42.635475,-70.970827,Northeast,4 Technology Way,,MA,42.495029,-70.925458,4.0,Technology Way,,,Salem,MA,Essex County,1970.0,Prime Tree LLC,MA,MACCC,Massachusetts Cannabis Control Commission,,,,,
07/01/2024,APPROVED,Marijuana Retailer,General Applicant,General Applicant,General Applicant,COMMENCE OPS,8/23/2021,COMPLETE,MR283153,ReLeaf Alternative Inc.,Mansfield,2048.0,,,34 Brentwood Drive,,North Easton,MA,2356,POINT (-71.102131 41.778329),POINT (-71.232304 42.014699),34 Brentwood Drive,,North Easton,MA,2356,83-4134887,MRN283153,4/23/2020 05:11:12 PM,4/13/2020 12:00:00 AM,9/25/2020 07:23:11 PM,False,,,,,,,,,,Not a DBE,,,7/15/2021 04:00:00 AM,11/27/2019 01:06:37 PM,7/17/2020 08:13:59 AM,9/10/2020 01:31:59 PM,10/12/2023 04:00:00 AM,10/25/2024 04:00:00 AM,,10000.0,2048.0,Mansfield,Bristol,41.778329,-71.102131,Southeast and Cape,321 School Street,,MA,42.014699,-71.232305,321.0,School St,,,Mansfield,MA,Bristol County,2048.0,ReLeaf Alternative Inc.,MA,MACCC,Massachusetts Cannabis Control Commission,,,,,
07/01/2024,APPROVED,Marijuana Product Manufacturer,Expedited Review - Two or More,Expedited,Two or More,PROVISIONAL LICENSE,,COMPLETE,MP281435,Top Shelf Cannaseurs LLC,Hudson,1749.0,,,11 Brent Drive,,Hudson,MA,1749,POINT (-71.275566 42.459085),POINT (-71.614092 42.0392310),25 Harriman Road,,Hudson,MA,1749,84-2290468,MPN281435,3/9/2020 10:50:39 AM,11/12/2019 12:00:00 AM,,False,,,SE303732,,,,,,,Veteran-Owned Business,,,,7/13/2018 09:35:31 AM,3/12/2020 12:00:00 AM,5/8/2020 03:04:20 PM,8/11/2022 04:00:00 AM,8/13/2023 04:00:00 AM,,5000.0,1749.0,Hudson,Middlesex,42.459085,-71.275566,Central MA,56 Industrial Drive Unit A,,MA,42.039231,-71.614093,56.0,Industrial Dr,Unit,,Uxbridge,MA,Worcester County,1569.0,Top Shelf Cannaseurs LLC,MA,MACCC,Massachusetts Cannabis Control Commission,,,,,
07/01/2024,APPROVED,Independent Testing Laboratory,Expedited Review - Two or More,Expedited,Two or More,COMMENCE OPS,8/10/2023,COMPLETE,IL281334,G7 Lab LLC,Littleton,1460.0,,,"160 Ayer Road, Unit 3",,Littleton,MA,1460,POINT (-71.275566 42.459085),POINT (-71.521762 42.5483789),"160 Ayer Road, Unit 3",,Littleton,MA,1460,83-3610074,ILN281334,6/10/2020 01:06:21 PM,6/4/2020 11:38:13 AM,8/25/2020 10:31:57 AM,False,,,,,,,,,,Minority-Owned Business,,,7/13/2023 04:00:00 AM,3/12/2020 07:43:10 PM,6/19/2020 02:59:19 PM,8/6/2020 01:53:54 PM,8/10/2023 04:00:00 AM,8/25/2024 04:00:00 AM,,10000.0,1460.0,Littleton,Middlesex,42.459085,-71.275566,Central MA,"160 Ayer Road, Unit 3",,MA,42.548379,-71.521763,160.0,Ayer Rd,Ste,3.0,Littleton,MA,Middlesex County,1460.0,G7 Lab LLC,MA,MACCC,Massachusetts Cannabis Control Commission,,,,,
07/01/2024,APPROVED,Marijuana Courier Pre-Certification,Expedited Review - Social Equity Participant,Expedited,Social Equity Participant,PROVISIONAL LICENSE,,COMPLETE,PDO103058,"Tastebudz Delivery, LLC",,,,,22 Wyman Street,Apartment 1,Lynn,MA,1905,,,22 Wyman Street,Apartment 1,Lynn,MA,1905,85-1419229,PDOA103058,7/1/2020 02:06:03 PM,7/1/2020 01:50:12 PM,,False,,SE304535,SE304535,,,,,,,Not a DBE,,,,5/29/2020 07:48:42 AM,7/7/2020 09:12:10 AM,7/7/2020 02:59:20 PM,7/7/2020 04:00:00 AM,7/7/2022 04:00:00 AM,,0.0,,,,,,,,,MA,,,,,,,,,,,"Tastebudz Delivery, LLC",MA,MACCC,Massachusetts Cannabis Control Commission,,,,,
07/01/2024,APPROVED,Marijuana Retailer,General Applicant,General Applicant,General Applicant,COMMENCE OPS,8/16/2021,COMPLETE,MR282975,RC Retail Amherst LLC,Amherst,1002.0,,,328 College Street,,Amherst,MA,1002,POINT (-72.62073 42.322256),POINT (-72.503100 42.3733080),200 Pratt Street,,Meriden,CT,6450,84-2935348,MRN282975,7/29/2020 04:05:30 PM,2/28/2020 12:00:00 AM,,False,,,,,,,,,,Not a DBE,,,7/15/2021 04:00:00 AM,9/4/2019 04:04:19 PM,8/6/2020 08:13:35 AM,11/19/2020 04:22:34 PM,11/9/2023 03:00:00 AM,12/3/2024 03:00:00 AM,,10000.0,1002.0,Amherst,Hampshire,42.322256,-72.62073,Western MA,328 College Street,,MA,42.373308,-72.5031,328.0,College St,,,Amherst,MA,Hampshire County,1002.0,RC Retail Amherst LLC,MA,MACCC,Massachusetts Cannabis Control Commission,,,,,
07/01/2024,APPROVED,Marijuana Product Manufacturer,Priority Review - Economic Empowerment Priority,Priority,Economic Empowerment Priority,PROVISIONAL CONSIDERATION,,PAYMENT_PENDING,MP281590,Tree Beard Inc.,New Bedford,2746.0,,,319A Union St,,New Bedford,MA,2740,POINT (-71.102131 41.778329),POINT (-70.937067 41.6620789),319A Union St,,New Bedford,MA,2740,82-1492577,MPN281590,1/15/2020 06:50:04 PM,10/22/2019 12:00:00 AM,,True,,,SE303508,APPROVED,EE202151,EE202151,,,,Not a DBE,,,,1/30/2019 03:52:17 PM,12/18/2019 12:00:00 AM,3/5/2020 12:25:11 PM,,,,0.0,2746.0,New Bedford,Bristol,41.778329,-71.102131,Southeast and Cape,1 Nauset Street,,MA,41.662079,-70.937068,1.0,Nauset St,,,New Bedford,MA,Bristol County,2746.0,Tree Beard Inc.,MA,MACCC,Massachusetts Cannabis Control Commission,,,,,
07/01/2024,APPROVED,Marijuana Microbusiness,Expedited Review - DBE Status,Expedited,DBE Status,COMMENCE OPS,4/21/2021,COMPLETE,MB281332,"RiverRun Gardens, LLC",Newburyport,1950.0,,,50 Main St,Suite 200,North Reading,MA,1864,POINT (-70.970827 42.635475),POINT (-70.883844 42.7961719),50 Main St,Suite 200,North Reading,MA,1864,82-4311011,MBN281332,12/23/2019 03:07:07 PM,10/7/2019 12:00:00 AM,2/7/2020 09:38:01 AM,False,,,,,,,,,,Not a DBE,,,9/10/2020 04:00:00 AM,4/18/2018 11:47:57 AM,12/31/2019 12:00:00 AM,2/7/2020 09:28:21 AM,1/11/2024 03:00:00 AM,2/11/2025 03:00:00 AM,,625.0,1950.0,Newburyport,Essex,42.635475,-70.970827,Northeast,5 Perkins Way,Unit 8,MA,42.796172,-70.883845,5.0,Perkins Way,,,Newburyport,MA,Essex County,1950.0,"RiverRun Gardens, LLC",MA,MACCC,Massachusetts Cannabis Control Commission,,,,,
07/01/2024,APPROVED,Marijuana Product Manufacturer,Expedited Review - Social Equity Participant,Expedited,Social Equity Participant,PROVISIONAL LICENSE,,COMPLETE,MP282085,"Verdant Reparative, Inc.",Boston,2109.0,,,37 Schuyler Street,,Dorchester,MA,2121,POINT (-71.073493 42.334948),POINT (-71.054072 42.359423),37 Schuyler Street,,Dorchester,MA,2121,84-1991433,MPN282085,7/23/2021 08:37:42 AM,7/13/2021 12:21:58 PM,,True,yes,SE304957,,,,,APPROVED,RP201927,,Not a DBE,,,,6/3/2021 01:14:38 PM,7/30/2021 10:57:37 AM,9/17/2021 12:34:53 PM,2/8/2024 03:00:00 AM,2/8/2025 03:00:00 AM,,5000.0,2109.0,Boston,Suffolk,42.334948,-71.073493,Metro Boston,150 State Street,,MA,42.359423,-71.054072,150.0,State St,,,Boston,MA,Suffolk County,2109.0,"Verdant Reparative, Inc.",MA,MACCC,Massachusetts Cannabis Control Commission,,,,,
07/01/2024,APPROVED,Marijuana Delivery Operator Pre-Certification,Expedited Review - Social Equity Participant,Expedited,Social Equity Participant,PROVISIONAL LICENSE,,COMPLETE,PMD5962,C Samuel LLC,,,,,63 Downey Road,,Brockton,MA,2302,,,63 Downey Road,,Brockton,MA,2302,87-2898119,PMDA5962,2/28/2022 06:46:50 PM,2/22/2022 01:47:19 PM,,False,,SE305687,,,,,,,,Not a DBE,,,,11/18/2021 10:25:43 AM,3/4/2022 02:34:12 PM,3/4/2022 02:34:21 PM,3/4/2022 03:00:00 AM,3/4/2024 03:00:00 AM,,0.0,,,,,,,,,MA,,,,,,,,,,,C Samuel LLC,MA,MACCC,Massachusetts Cannabis Control Commission,,,,,
07/01/2024,APPROVED,Marijuana Cultivator,Expedited Review - Two or More,Expedited,Two or More,PROVISIONAL CONSIDERATION,,PAYMENT_PENDING,MC283232,"Sun Flower Meadows, LLC",Orange,1364.0,,,64 Elm Circle,,West Springfield,MA,1089,POINT (-72.573941 42.587072),POINT (-72.303200 42.5972099),PO Box 895,,West Springfield,MA,1090,86-2475853,MCN283232,9/4/2021 09:44:57 AM,7/14/2021 12:27:34 PM,,False,no,,,,,,,,,Woman-Owned Business,Outdoor,"Tier 07: 50,001 to 60,000 sq. ft",,12/10/2020 11:18:06 AM,9/10/2021 10:09:55 AM,1/20/2022 03:47:02 PM,,,,0.0,1364.0,Orange,Franklin,42.587072,-72.573941,Western MA,"Lot 4, Randall Pond Industrial Park",Parcel 129-6,MA,42.59721,-72.3032,,,,,Orange,MA,Franklin County,1364.0,"Sun Flower Meadows, LLC",MA,MACCC,Massachusetts Cannabis Control Commission,,,,,
07/01/2024,APPROVED,Marijuana Retailer,General Applicant,General Applicant,General Applicant,PROVISIONAL LICENSE,,COMPLETE,MR284636,SunnyDayz Inc.,Deerfield,1342.0,,,0 Greenfield Road,Lot 105-7 and Lot 159-14,Deerfield,MA,1342,POINT (-72.573941 42.587072),POINT (-72.600917 42.5490569),55 Locust Street,,Lynn,MA,1904,87-2590830,MRN284636,7/28/2022 11:47:49 AM,4/21/2022 01:58:45 PM,11/13/2022 07:11:11 PM,False,no,,,,,,,,,Not a DBE,,,,4/11/2022 08:02:36 PM,8/12/2022 08:53:10 AM,10/13/2022 04:19:48 PM,11/9/2023 03:00:00 AM,11/13/2024 03:00:00 AM,,10000.0,1342.0,Deerfield,Franklin,42.587072,-72.573941,Western MA,Greenfield Road,Lot 150-7 and Lot 159-14,MA,42.549057,-72.600918,,Greenfield Rd,,,Deerfield,MA,Franklin County,1342.0,SunnyDayz Inc.,MA,MACCC,Massachusetts Cannabis Control Commission,,,,,
07/01/2024,APPROVED,Marijuana Cultivator,Priority Review - MTC Priority,Priority,MTC Priority,COMMENCE OPS,6/7/2019,COMPLETE,MC281674,"RISE Holdings, Inc.",Holyoke,1040.0,,,"c/o Vicente Sederberg, LLC",2 Seaport Lane,Boston,MA,2110,POINT (-72.571312 42.12756),POINT (-72.601152 42.198957),325 W. Huron Street,Suite 412,Chicago,IL,60654,81-3787505,MCN281674,9/24/2018 02:43:57 PM,9/11/2018 12:00:00 AM,1/10/2019 05:23:15 PM,True,,,,,,,APPROVED,RP201870,RP201870,Not a DBE,Indoor,"Tier 11: 90,001 to 100,000 sq. ft",4/4/2019 04:00:00 AM,8/14/2018 10:57:07 AM,10/18/2018 12:00:00 AM,1/10/2019 01:53:55 PM,1/11/2024 03:00:00 AM,1/21/2025 03:00:00 AM,,25000.0,1040.0,Holyoke,Hampden,42.12756,-72.571312,Western MA,28 Appleton Street,,MA,42.198957,-72.601153,28.0,Appleton St,,,Holyoke,MA,Hampden County,1040.0,"RISE Holdings, Inc.",MA,MACCC,Massachusetts Cannabis Control Commission,,,,,
07/01/2024,APPROVED,Marijuana Product Manufacturer,General Applicant,General Applicant,General Applicant,PROVISIONAL LICENSE,,COMPLETE,MP282259,Eagles Landed LLC,Greenfield,1301.0,,,121 1/2 Wells St,,Greenfield,MA,1301,POINT (-72.573941 42.587072),POINT (-72.604839 42.5903940),37 Dillingham Ave,,Berkley,MA,2779,00-1499943,MPN282259,5/10/2023 08:50:47 PM,4/14/2023 09:17:42 AM,,False,no,,,,,,,,,Not a DBE,,,,2/5/2023 08:54:28 PM,5/19/2023 10:24:50 AM,7/13/2023 01:55:50 PM,1/24/2024 03:00:00 AM,1/24/2025 03:00:00 AM,,10000.0,1301.0,Greenfield,Franklin,42.587072,-72.573941,Western MA,121 1/2 Wells St,,MA,42.590394,-72.60484,,Wells St,,,Greenfield,MA,Franklin County,1301.0,Eagles Landed LLC,MA,MACCC,Massachusetts Cannabis Control Commission,,,,,
07/01/2024,APPROVED,Marijuana Cultivator,Expedited Review - Social Equity Participant,Expedited,Social Equity Participant,PROVISIONAL CONSIDERATION,,PAYMENT_PENDING,MC283618,"River Grove, LLC",Holyoke,1040.0,,,475 Canal Street,,Holyoke,MA,1040,POINT (-72.571312 42.12756),POINT (-72.602157 42.1985389),226 South Main Street,,Fall River,MA,2721,87-3943758,MCN283618,2/7/2022 01:13:13 PM,12/15/2021 01:38:43 PM,,False,yes,SE305147,,,,,,,,Not a DBE,Indoor,"Tier 08: 60,001 to 70,000 sq. ft",,10/3/2021 07:38:07 AM,7/18/2022 03:50:59 PM,8/11/2022 11:50:18 AM,,,,0.0,1040.0,Holyoke,Hampden,42.12756,-72.571312,Western MA,475 Canal Street,,MA,42.198539,-72.602157,475.0,Canal St,,,Holyoke,MA,Hampden County,1040.0,"River Grove, LLC",MA,MACCC,Massachusetts Cannabis Control Commission,,,,,
07/01/2024,APPROVED,Marijuana Cultivator,General Applicant,General Applicant,General Applicant,COMMENCE OPS,10/17/2022,COMPLETE,MC282530,"Salisbury Cultivation and Production Manufacturing, LLC",Salisbury,1952.0,,,187 Lafayette Road,,Salisbury,MA,1952,POINT (-70.970827 42.635475),POINT (-70.873644 42.8627729),PO Box 1479,,Newburyport,MA,1950,84-2801501,MCN282530,3/31/2020 05:15:56 PM,3/24/2020 12:00:00 AM,7/14/2020 09:21:21 AM,False,,,,,,,,,,Not a DBE,Indoor,"Tier 03: 10,001 to 20,000 sq. ft",4/7/2022 04:00:00 AM,12/5/2019 09:35:38 PM,4/15/2020 12:00:00 AM,7/9/2020 03:39:42 PM,8/10/2023 04:00:00 AM,8/12/2024 04:00:00 AM,,5000.0,1952.0,Salisbury,Essex,42.635475,-70.970827,Northeast,187 Lafayette Road,,MA,42.862773,-70.873645,187.0,Lafayette Rd,,,Salisbury,MA,Essex County,1952.0,"Salisbury Cultivation and Production Manufacturing, LLC",MA,MACCC,Massachusetts Cannabis Control Commission,,,,,
07/01/2024,APPROVED,Marijuana Retailer,Expedited Review - DBE Status,Expedited,DBE Status,PROVISIONAL LICENSE,,COMPLETE,MR284983,Uma Flowers Waltham LLC,Waltham,2451.0,,,109 Raffaele Dr,,Waltham,MA,2452,POINT (-71.275566 42.459085),POINT (-71.266037 42.3828570),2 Tarbell St,,Pepperell,MA,1463,84-4791192,MRN284983,9/18/2023 12:30:29 PM,8/31/2023 03:10:44 PM,,False,no,,,,,,,,,Minority-Owned Business | Woman-Owned Business,,,,7/1/2023 09:11:21 PM,9/22/2023 02:54:11 PM,1/11/2024 12:41:51 PM,5/15/2024 04:00:00 AM,5/15/2025 04:00:00 AM,,10000.0,2451.0,Waltham,Middlesex,42.459085,-71.275566,Northeast,196 Bear Hill Road,,MA,42.382857,-71.266038,196.0,Bear Hill Rd,,,Waltham,MA,Middlesex County,2451.0,Uma Flowers Waltham LLC,MA,MACCC,Massachusetts Cannabis Control Commission,,,,,
07/01/2024,APPROVED,Marijuana Retailer,General Applicant,General Applicant,General Applicant,COMMENCE OPS,4/9/2021,COMPLETE,MR282669,"Nature's Embrace, Inc.",Brockton,2302.0,,,221 Oak Street,Box 148,Brockton,MA,2301,POINT (-70.818958 41.978877),POINT (-70.987992 42.0862059),221 Oak Street,Box 148,Brockton,MA,2301,83-1955652,MRN282669,1/6/2020 02:54:40 PM,11/12/2019 12:00:00 AM,5/17/2020 08:56:37 AM,False,,,,,,,,,,Not a DBE,,,3/11/2021 03:00:00 AM,5/1/2019 01:14:20 PM,2/27/2020 12:00:00 AM,5/8/2020 02:21:33 PM,7/13/2023 04:00:00 AM,7/17/2024 04:00:00 AM,,10000.0,2302.0,Brockton,Plymouth,41.978877,-70.818958,Southeast and Cape,747 Centre Street,,MA,42.086206,-70.987992,747.0,Centre St,,,Brockton,MA,Plymouth County,2302.0,"Nature's Embrace, Inc.",MA,MACCC,Massachusetts Cannabis Control Commission,,,,,
07/01/2024,APPROVED,Marijuana Retailer,Expedited Review - DBE Status,Expedited,DBE Status,PROVISIONAL CONSIDERATION,,PAYMENT_PENDING,MR284916,"Chill & Bliss, LLC",Whitman,2382.0,,,800 Hingham St.,,Rockland,MA,2370,POINT (-70.818958 41.978877),POINT (-70.925572 42.0832759),800 Hingham St.,,Rockland,MA,2370,92-3353187,MRN284916,11/15/2023 11:33:57 AM,10/18/2023 12:03:43 PM,,False,no,,,,,,,,,Woman-Owned Business,,,,4/7/2023 10:53:08 AM,11/27/2023 10:12:16 AM,2/8/2024 02:55:32 PM,,,,0.0,2382.0,Whitman,Plymouth,41.978877,-70.818958,Southeast and Cape,356 South Avenue,Units 5A and 5B,MA,42.083276,-70.925572,356.0,South Ave,,,Whitman,MA,Plymouth County,2382.0,"Chill & Bliss, LLC",MA,MACCC,Massachusetts Cannabis Control Commission,,,,,
07/01/2024,APPROVED,Marijuana Courier Pre-Certification,Priority Review - Economic Empowerment Priority,Priority,Economic Empowerment Priority,PROVISIONAL LICENSE,,COMPLETE,PDO103161,"Justness, Inc.",,,,,190 Bridge St.,Apt 2314,Salem,MA,1970,,,190 Bridge St,Apt 2314,Salem,MA,1970,83-3670672,PDOA103161,7/21/2020 11:44:55 PM,7/21/2020 03:16:33 PM,,True,,EE202380,,APPROVED,EE202380,,,,,Not a DBE,,,,7/14/2020 12:31:20 AM,7/23/2020 03:36:08 PM,7/23/2020 03:40:07 PM,7/23/2020 04:00:00 AM,7/23/2022 04:00:00 AM,,0.0,,,,,,,,,MA,,,,,,,,,,,"Justness, Inc.",MA,MACCC,Massachusetts Cannabis Control Commission,,,,,
07/01/2024,APPROVED,Marijuana Courier,Expedited Review - Social Equity Participant,Expedited,Social Equity Participant,PROVISIONAL LICENSE,,COMPLETE,DO100157,Ezdelivery LLC,Northampton,1060.0,,,90 Conz St. #219,,Northampton,MA,1062,POINT (-72.62073 42.322256),,30 Norwood Ave.,,Florence,MA,1062,87-3799239,DOA100157,4/5/2022 06:28:57 PM,2/17/2022 02:06:27 PM,,False,,SE304457,SE304457,,,,,,,Not a DBE,,,,12/2/2021 11:21:50 AM,4/8/2022 08:40:34 AM,5/12/2022 02:11:48 PM,5/12/2022 04:00:00 AM,5/12/2023 04:00:00 AM,,0.0,1060.0,Northampton,Hampshire,42.322256,-72.62073,Western MA,,,MA,,,,,,,,,,,Ezdelivery LLC,MA,MACCC,Massachusetts Cannabis Control Commission,,,,,
07/01/2024,APPROVED,Marijuana Cultivator,General Applicant,General Applicant,General Applicant,FINAL LICENSE,,COMPLETE,MC282414,"617 Therapeutic Health Center, Inc.",Millis,2054.0,,,1073 Main St,,Millis,MA,2054,POINT (-71.15444 42.199156),POINT (-71.369060 42.1647000),168 Beacham St,,Everett,MA,2149,82-1559130,MCN282414,7/29/2020 06:15:16 PM,3/13/2020 12:00:00 AM,,False,no,,,,,,,,,Not a DBE,Indoor,"Tier 06: 40,001 to 50,000 sq. ft",12/14/2023 03:00:00 AM,9/25/2019 10:39:16 AM,8/6/2020 08:24:42 AM,9/10/2020 12:34:39 PM,11/9/2023 03:00:00 AM,12/8/2024 03:00:00 AM,,25000.0,2054.0,Millis,Norfolk,42.199156,-71.15444,Central MA,1073 Main St,,MA,42.1647,-71.36906,1073.0,Main St,,,Millis,MA,Norfolk County,2054.0,"617 Therapeutic Health Center, Inc.",MA,MACCC,Massachusetts Cannabis Control Commission,,,,,
07/01/2024,APPROVED,Independent Testing Laboratory,Expedited Review - License Type,Expedited,License Type,COMMENCE OPS,10/28/2022,COMPLETE,IL281354,SafeTiva Labs LLC,Westfield,1085.0,,,109 Apremont Way,,Westfield,MA,1085,POINT (-72.571312 42.12756),POINT (-72.722381 42.1559689),172 Long Plain Rd,,Leverett,MA,1054,89-1234567,ILN281354,8/23/2021 11:29:54 AM,7/20/2021 09:12:12 AM,,False,no,,,,,,,,,Not a DBE,,,9/15/2022 04:00:00 AM,9/30/2020 10:30:07 AM,8/23/2021 02:16:23 PM,11/18/2021 02:38:44 PM,12/14/2023 03:00:00 AM,12/27/2024 03:00:00 AM,,10000.0,1085.0,Westfield,Hampden,42.12756,-72.571312,Western MA,109 Apremont Way,,MA,42.155969,-72.722382,109.0,Apremont Way,,,Westfield,MA,Hampden County,1085.0,SafeTiva Labs LLC,MA,MACCC,Massachusetts Cannabis Control Commission,,,,,
07/01/2024,APPROVED,Marijuana Product Manufacturer,General Applicant,General Applicant,General Applicant,PROVISIONAL CONSIDERATION,,PAYMENT_PENDING,MP281803,Bold Coast Solutions LLC,Holyoke,1040.0,,,2 BURGESS POINT ROAD,,WAREHAM,MA,2571,POINT (-72.571312 42.12756),POINT (-72.601152 42.198957),2 BURGESS POINT ROAD,,WAREHAM,MA,2571,84-3797655,MPN281803,8/19/2020 12:01:48 AM,7/9/2020 10:16:11 AM,,False,no,,,,,,,,,Not a DBE,,,,11/26/2019 12:41:00 PM,8/20/2020 01:39:51 PM,10/8/2020 12:32:09 PM,,,,0.0,1040.0,Holyoke,Hampden,42.12756,-72.571312,Western MA,28D Appleton Street,Suite #4,MA,42.198957,-72.601153,28.0,Appleton St,,,Holyoke,MA,Hampden County,1040.0,Bold Coast Solutions LLC,MA,MACCC,Massachusetts Cannabis Control Commission,,,,,
07/01/2024,APPROVED,Marijuana Courier Pre-Certification,Expedited Review - Social Equity Participant,Expedited,Social Equity Participant,PROVISIONAL LICENSE,,COMPLETE,PDO103156,The Kif Room,,,,,56 POMONA DR,,BROCKTON,MA,2302,,,56 POMONA DR,,BROCKTON,MA,2302,85-2345758,PDOA103156,3/9/2021 04:32:42 PM,3/2/2021 03:17:32 PM,,False,,SE303933,SE303933,,,,,,,Minority-Owned Business | Woman-Owned Business,,,,7/9/2020 09:54:01 AM,,4/5/2021 01:19:35 PM,4/5/2021 04:00:00 AM,4/5/2023 04:00:00 AM,,0.0,,,,,,,,,MA,,,,,,,,,,,The Kif Room,MA,MACCC,Massachusetts Cannabis Control Commission,,,,,
07/01/2024,APPROVED,Marijuana Retailer,Expedited Review - Social Equity Participant,Expedited,Social Equity Participant,COMMENCE OPS,4/1/2024,COMPLETE,MR284914,"Underground Legacy Social Club, LLC",Boston,2126.0,,,1379-1385 Blue Hill Avenue,,Boston,MA,2126,POINT (-71.073493 42.334948),POINT (-71.093890 42.2770810),26 JEFFERS STREET,,Boston,MA,2131,88-1390028,MRN284914,7/26/2023 01:33:51 PM,6/2/2023 09:12:12 AM,10/18/2023 09:53:14 PM,False,yes,SE305137,SE305137,,,,,,,Not a DBE,,,2/8/2024 03:00:00 AM,4/6/2023 12:28:52 PM,7/28/2023 10:09:08 AM,10/12/2023 12:53:37 PM,10/18/2023 04:00:00 AM,10/18/2024 04:00:00 AM,,5000.0,2126.0,Mattapan,Suffolk,42.334948,-71.073493,,1379-1385 Blue Hill Ave,,MA,42.277081,-71.093891,,Blue Hill Ave,,,Mattapan,MA,Suffolk County,2126.0,"Underground Legacy Social Club, LLC",MA,MACCC,Massachusetts Cannabis Control Commission,,,,,
07/01/2024,APPROVED,Marijuana Cultivator,Expedited Review - DBE Status,Expedited,DBE Status,PROVISIONAL LICENSE,,COMPLETE,MC283840,Faded Flowers LLC,Chester,1011.0,,,18 Baystate Drive/ 1 Baystate Drive,,Chester,MA,1085,POINT (-72.571312 42.12756),POINT (-72.971883 42.2766179),98 E Main St,Fl 1Frnt,Milford,MA,1757,88-2748642,MCN283840,12/8/2023 11:36:56 AM,3/13/2023 03:16:24 PM,2/8/2024 09:45:45 PM,False,no,,,,,,,,,Veteran-Owned Business | Disability-Owned Business,Indoor,"Tier 01: up to 5,000 square feet",,2/1/2023 03:52:33 AM,12/8/2023 01:38:45 PM,2/8/2024 02:56:27 PM,2/8/2024 03:00:00 AM,2/8/2025 03:00:00 AM,,1250.0,1011.0,Chester,Hampden,42.12756,-72.571312,Western MA,18 Baystate Drive,,MA,42.276618,-72.971883,18.0,Bay State Dr,,,Chester,MA,Hampden County,1011.0,Faded Flowers LLC,MA,MACCC,Massachusetts Cannabis Control Commission,,,,,
07/01/2024,APPROVED,Marijuana Product Manufacturer,General Applicant,General Applicant,General Applicant,PROVISIONAL CONSIDERATION,,PAYMENT_PENDING,MP282156,"Coastal Healing, inc",Westport,2790.0,,,248 State Road,,Westport,MA,2790,POINT (-71.102131 41.778329),POINT (-71.103795 41.6731279),1942 Crandall road,,tiverton,RI,2878,84-2687547,MPN282156,1/22/2022 10:35:33 AM,12/20/2021 01:51:24 PM,,False,no,,,,,,,,,Not a DBE,,,,12/3/2021 12:05:11 PM,2/7/2022 02:28:13 PM,3/10/2022 01:55:30 PM,,,,0.0,2790.0,Westport,Bristol,41.778329,-71.102131,Southeast and Cape,248 State Road,,MA,41.673128,-71.103795,248.0,State Rd,,,Westport,MA,Bristol County,2790.0,"Coastal Healing, inc",MA,MACCC,Massachusetts Cannabis Control Commission,,,,,
07/01/2024,APPROVED,Marijuana Cultivator,General Applicant,General Applicant,General Applicant,FINAL LICENSE,,COMPLETE,MC281649,Green Gold Group Inc,North Brookfield,1535.0,,,60 Prospect Street,,North Brookfield,MA,1535,POINT (-71.840209 42.329642),POINT (-72.090727 42.2647389),46 Appleton Street,,Boston,MA,2116,47-4984402,MCN281649,3/30/2020 05:09:10 PM,9/18/2018 12:00:00 AM,,False,,,,,,,,,,Not a DBE,Indoor,"Tier 07: 50,001 to 60,000 sq. ft",6/17/2021 04:00:00 AM,8/2/2018 07:44:39 AM,4/15/2020 12:00:00 AM,6/4/2020 02:14:44 PM,6/13/2024 04:00:00 AM,8/14/2025 04:00:00 AM,,30000.0,1535.0,North Brookfield,Worcester,42.329642,-71.840209,Central MA,60 Prospect Street,,MA,42.264739,-72.090728,60.0,Prospect St,,,North Brookfield,MA,Worcester County,1535.0,Green Gold Group Inc,MA,MACCC,Massachusetts Cannabis Control Commission,,,,,
07/01/2024,APPROVED,Marijuana Delivery Operator Pre-Certification,Expedited Review - Social Equity Participant,Expedited,Social Equity Participant,PROVISIONAL LICENSE,,COMPLETE,PMD5967,"Reup, INC",,,,,22 Barry St,,Brockton,MA,2302,,,22 Barry St,,Brockton,MA,2302,87-3923711,PMDA5967,12/27/2021 02:51:07 AM,12/16/2021 09:17:07 AM,,False,,SE306218,SE306218,,,,,,,Not a DBE,,,,11/24/2021 01:53:18 PM,1/7/2022 01:55:26 PM,1/7/2022 02:01:10 PM,1/7/2022 03:00:00 AM,1/7/2024 03:00:00 AM,,0.0,,,,,,,,,MA,,,,,,,,,,,"Reup, INC",MA,MACCC,Massachusetts Cannabis Control Commission,,,,,
07/01/2024,APPROVED,Marijuana Retailer,General Applicant,General Applicant,General Applicant,COMMENCE OPS,12/14/2022,COMPLETE,MR281356,B Leaf Wellness Centre LLC,Ware,1082.0,,,60 Main Street,,Ware,MA,1082,POINT (-72.62073 42.322256),POINT (-72.243831 42.2604699),60 Main St.,,Ware,MA,1082,83-1422489,MRN281356,2/14/2020 11:25:21 AM,9/25/2019 12:00:00 AM,,False,,,,,,,,,,Woman-Owned Business,,,11/10/2022 03:00:00 AM,4/30/2018 08:40:29 PM,2/20/2020 12:00:00 AM,5/8/2020 02:15:33 PM,9/14/2023 04:00:00 AM,10/13/2024 04:00:00 AM,,10000.0,1082.0,Ware,Hampshire,42.322256,-72.62073,Western MA,24 W. Main Street,,MA,42.26047,-72.243832,24.0,W Main St,,,Ware,MA,Hampshire County,1082.0,B Leaf Wellness Centre LLC,MA,MACCC,Massachusetts Cannabis Control Commission,,,,,
07/01/2024,APPROVED,Marijuana Courier Pre-Certification,Expedited Review - Two or More,Expedited,Two or More,PROVISIONAL LICENSE,,COMPLETE,PDO103493,"Sugarloaf Cambridge Cannabis, LLC",,,,,19 Belmont Street,,Cambridge,MA,2318,,,16 Holden Road,,Belmont,MA,2478,88-3081116,PDOA103493,11/23/2022 10:51:16 AM,11/17/2022 03:44:47 PM,,False,,SE304245,SE304245,,,,,,,Woman-Owned Business | Minority-Owned Business,,,,4/13/2021 04:18:24 AM,11/28/2022 03:47:01 PM,12/2/2022 03:47:35 PM,12/2/2022 03:00:00 AM,12/2/2024 03:00:00 AM,,0.0,,,,,,,,,MA,,,,,,,,,,,"Sugarloaf Cambridge Cannabis, LLC",MA,MACCC,Massachusetts Cannabis Control Commission,,,,,
07/01/2024,APPROVED,Marijuana Courier Pre-Certification,Expedited Review - Social Equity Participant,Expedited,Social Equity Participant,PROVISIONAL LICENSE,,COMPLETE,PDO103090,Ideal C2 Inc.,,,,,616 Douglas Street,,Uxbridge,MA,1569,,,616 Douglas Street,,Uxbridge,MA,1569,86-1750302,PDOA103090,2/19/2021 04:43:21 PM,1/20/2021 03:00:00 AM,,False,,SE303568,SE303568,,,,,,,Not a DBE,,,,6/1/2020 12:01:19 AM,3/2/2021 09:53:38 AM,3/2/2021 09:53:49 AM,3/2/2021 03:00:00 AM,3/2/2023 03:00:00 AM,,0.0,,,,,,,,,MA,,,,,,,,,,,Ideal C2 Inc.,MA,MACCC,Massachusetts Cannabis Control Commission,,,,,
07/01/2024,APPROVED,Marijuana Retailer,Priority Review - MTC Priority,Priority,MTC Priority,COMMENCE OPS,6/29/2020,COMPLETE,MR281845,BERKSHIRE ROOTS INC.,Boston,2128.0,,,501 DALTON AVE,,PITTSFIELD,MA,1201,POINT (-71.073493 42.334948),POINT (-71.038891 42.3760970),501 DALTON AVE,,PITTSFIELD,MA,1201,81-5430971,MRN281845,5/10/2019 03:37:17 PM,4/23/2019 12:00:00 AM,8/27/2019 04:12:33 PM,True,,,,,,,APPROVED,RP201903,RP201903,Not a DBE,,,6/4/2020 04:00:00 AM,8/29/2018 03:21:10 PM,6/7/2019 12:00:00 AM,8/9/2019 11:39:36 AM,10/12/2023 04:00:00 AM,10/14/2024 04:00:00 AM,,5000.0,2128.0,Boston,Suffolk,42.334948,-71.073493,Metro Boston,253 Meridian Street,,MA,42.376097,-71.038891,253.0,Meridian St,,,East Boston,MA,Suffolk County,2128.0,BERKSHIRE ROOTS INC.,MA,MACCC,Massachusetts Cannabis Control Commission,,,,,
07/01/2024,APPROVED,Marijuana Courier Pre-Certification,Priority Review - Economic Empowerment Priority,Priority,Economic Empowerment Priority,PROVISIONAL LICENSE,,COMPLETE,PDO103553,"The Blue Jay Botanicals, Inc.",,,,,946 Main Street,,Athol,MA,1331,,,"600 Worcester Road, Suite 401",,Framingham,MA,1702,83-2811584,PDOA103553,12/4/2021 06:00:29 PM,12/7/2021 11:04:06 AM,,False,,EE202121,,,,,,,,Not a DBE,,,,9/24/2021 03:55:49 PM,12/14/2021 10:52:50 AM,12/14/2021 10:53:02 AM,12/14/2021 03:00:00 AM,12/14/2023 03:00:00 AM,,0.0,,,,,,,,,MA,,,,,,,,,,,"The Blue Jay Botanicals, Inc.",MA,MACCC,Massachusetts Cannabis Control Commission,,,,,
07/01/2024,APPROVED,Marijuana Courier Pre-Certification,Expedited Review - Social Equity Participant,Expedited,Social Equity Participant,PROVISIONAL LICENSE,,COMPLETE,PDO103085,Rise Above Deliveries LLC,,,,,47 Vose Street,,Framingham,MA,1701,,,47 Vose Street,,Framingham,MA,1702,85-2176955,PDOA103085,8/11/2020 01:29:38 PM,8/6/2020 12:08:02 PM,,False,,SE304624,SE304624,,,,,,,Not a DBE,,,,5/31/2020 12:32:10 PM,8/13/2020 03:19:46 PM,8/17/2020 12:37:26 PM,8/17/2020 04:00:00 AM,8/17/2022 04:00:00 AM,,0.0,,,,,,,,,MA,,,,,,,,,,,Rise Above Deliveries LLC,MA,MACCC,Massachusetts Cannabis Control Commission,,,,,
07/01/2024,APPROVED,Marijuana Product Manufacturer,Expedited Review - Social Equity Participant,Expedited,Social Equity Participant,PROVISIONAL LICENSE,,COMPLETE,MP282201,"Infused Element, LLC",Holyoke,1040.0,,,405 Bay Street,,Springfield,MA,1109,POINT (-72.571312 42.12756),POINT (-72.602168 42.1966370),405 Bay Street,,Springfield,MA,1109,88-2417752,MPN282201,8/17/2022 01:19:54 PM,8/11/2022 09:38:50 AM,11/3/2022 08:25:58 PM,False,yes,SE305158,,,,,,,,Not a DBE,,,,5/9/2022 02:43:26 PM,8/19/2022 09:37:35 AM,10/13/2022 04:13:27 PM,12/14/2023 03:00:00 AM,12/14/2024 03:00:00 AM,,5000.0,1040.0,Holyoke,Hampden,42.12756,-72.571312,Western MA,1 Cabot Street,Unit #2,MA,42.196637,-72.602168,1.0,Cabot St,,,Holyoke,MA,Hampden County,1040.0,"Infused Element, LLC",MA,MACCC,Massachusetts Cannabis Control Commission,,,,,
07/01/2024,APPROVED,Marijuana Retailer,Expedited Review - DBE Status,Expedited,DBE Status,FINAL LICENSE,,COMPLETE,MR283689,JWTC Wick LLC,Rowley,1969.0,,,264 Newburyport Turnpike,,Rowley,MA,1969,POINT (-70.970827 42.635475),POINT (-70.908229 42.711033),11 Upper Beacon Street,,Maynard,MA,1754,85-1201109,MRN283689,2/15/2021 09:33:57 AM,12/10/2020 02:39:01 PM,,False,no,,,,,,,,,Veteran-Owned Business,,,6/9/2022 04:00:00 AM,7/22/2020 05:18:19 PM,1/28/2021 01:40:59 PM,5/13/2021 12:28:18 PM,10/12/2023 04:00:00 AM,10/16/2024 04:00:00 AM,,10000.0,1969.0,Rowley,Essex,42.635475,-70.970827,Northeast,264 Newburyport Turnpike,,MA,42.711033,-70.908229,264.0,Newburyport Turnpike,,,Rowley,MA,Essex County,1969.0,JWTC Wick LLC,MA,MACCC,Massachusetts Cannabis Control Commission,,,,,
07/01/2024,APPROVED,Marijuana Retailer,Expedited Review - DBE Status,Expedited,DBE Status,PROVISIONAL LICENSE,,COMPLETE,MR284981,Flora Holdings LLC,Waltham,2451.0,,,221 Bear Hill Road,,Waltham,MA,2451,POINT (-71.275566 42.459085),POINT (-71.264663 42.3836480),27 Franklin Street,,Wakefiled,MA,1880,85-2685950,MRN284981,9/11/2023 03:44:43 PM,8/16/2023 11:44:49 AM,,False,no,,,,,,,,,Woman-Owned Business,,,,6/29/2023 04:31:04 PM,9/15/2023 01:07:55 PM,12/14/2023 02:28:52 PM,2/21/2024 03:00:00 AM,2/21/2025 03:00:00 AM,,10000.0,2451.0,Waltham,Middlesex,42.459085,-71.275566,Northeast,221 Bear Hill Road,,MA,42.383648,-71.264664,221.0,Bear Hill Rd,,,Waltham,MA,Middlesex County,2451.0,Flora Holdings LLC,MA,MACCC,Massachusetts Cannabis Control Commission,,,,,
07/01/2024,APPROVED,Marijuana Cultivator,General Applicant,General Applicant,General Applicant,PROVISIONAL LICENSE,,COMPLETE,MC282622,"Columbia Growth, Inc.",Lee,1238.0,,,157 Columbia Street,,Lee,MA,1238,POINT (-73.209889 42.396128),POINT (-73.247100 42.3162790),157 Columbia Street,,Lee,MA,1238,84-3035367,MCN282622,8/4/2020 02:02:39 PM,4/21/2020 12:00:00 AM,,False,,,,,,,,,,Not a DBE,Indoor,"Tier 11: 90,001 to 100,000 sq. ft",,1/31/2020 12:44:19 PM,8/14/2020 07:26:45 AM,10/8/2020 12:45:04 PM,6/28/2021 04:00:00 AM,6/28/2022 04:00:00 AM,,50000.0,1238.0,Lee,Berkshire,42.396128,-73.209889,Western MA,157 Columbia Street,,MA,42.316279,-73.2471,157.0,Columbia St,,,Lee,MA,Berkshire County,1238.0,"Columbia Growth, Inc.",MA,MACCC,Massachusetts Cannabis Control Commission,,,,,
07/01/2024,APPROVED,Marijuana Retailer,Expedited Review - DBE Status,Expedited,DBE Status,COMMENCE OPS,10/28/2022,COMPLETE,MR283351,"Full Harvest Moonz, Inc.",Lowell,1851.0,,,95-101 Plaistow Road,,Haverhill,MA,1830,POINT (-71.275566 42.459085),POINT (-71.357423 42.6279770),22 Veronica Lane,,Weymouth,MA,2189,83-2454860,MRN283351,6/30/2020 04:10:56 PM,7/13/2020 12:01:29 PM,,False,,,,,,,,,,Woman-Owned Business,,,9/15/2022 04:00:00 AM,3/11/2020 11:09:19 AM,7/17/2020 07:57:59 AM,9/10/2020 01:08:32 PM,10/12/2023 04:00:00 AM,11/18/2024 03:00:00 AM,,10000.0,1851.0,Lowell,Middlesex,42.459085,-71.275566,Northeast,1201 Westford Street,,MA,42.627977,-71.357424,1201.0,Westford St,,,Lowell,MA,Middlesex County,1851.0,"Full Harvest Moonz, Inc.",MA,MACCC,Massachusetts Cannabis Control Commission,,,,,
07/01/2024,APPROVED,Marijuana Cultivator,Expedited Review - Social Equity Participant,Expedited,Social Equity Participant,COMMENCE OPS,11/10/2022,COMPLETE,MC282001,Royal Sun Farm LLC,Hubbardston,1452.0,,,69 Gardner Rd,,Hubbardston,MA,1452,POINT (-71.840209 42.329642),POINT (-72.012119 42.4953390),PO Box 353,,Belmont,MA,2478,85-1017818,MCN282001,2/1/2021 04:27:22 PM,7/8/2020 01:04:22 PM,6/17/2021 06:41:42 PM,False,yes,SE303857,SE303857,,,,,,,Not a DBE,Outdoor,"Tier 06: 40,001 to 50,000 sq. ft",9/17/2021 04:00:00 AM,2/21/2019 10:37:43 AM,2/5/2021 01:05:28 PM,3/11/2021 02:05:08 PM,6/8/2023 04:00:00 AM,10/15/2024 04:00:00 AM,,6250.0,1452.0,Hubbardston,Worcester,42.329642,-71.840209,Central MA,69 Gardner Rd,,MA,42.495339,-72.01212,69.0,Gardner Rd,,,Hubbardston,MA,Worcester County,1452.0,Royal Sun Farm LLC,MA,MACCC,Massachusetts Cannabis Control Commission,,,,,
07/01/2024,APPROVED,Marijuana Cultivator,General Applicant,General Applicant,General Applicant,COMMENCE OPS,4/14/2022,COMPLETE,MC281770,PURE BOTANICALS LLC,Pittsfield,1201.0,,,46 LUCILLE ST,,PITTSFIELD,MA,80206,POINT (-73.209889 42.396128),POINT (-73.262027 42.4478039),46 LUCILLE ST,,PITTSFIELD,MA,1201,85-5220358,MCN281770,3/17/2020 04:17:46 PM,10/11/2019 12:00:00 AM,6/4/2020 03:12:08 PM,False,,,,,,,,,,Not a DBE,Indoor,"Tier 01: up to 5,000 square feet",9/17/2021 04:00:00 AM,10/24/2018 05:19:21 PM,3/19/2020 12:00:00 AM,6/4/2020 02:36:16 PM,7/13/2023 04:00:00 AM,7/17/2024 04:00:00 AM,,1250.0,1201.0,Pittsfield,Berkshire,42.396128,-73.209889,Western MA,239 West St,,MA,42.447804,-73.262027,239.0,West St,,,Pittsfield,MA,Berkshire County,1201.0,PURE BOTANICALS LLC,MA,MACCC,Massachusetts Cannabis Control Commission,,,,,
07/01/2024,APPROVED,Independent Testing Laboratory,General Applicant,General Applicant,General Applicant,COMMENCE OPS,3/1/2021,COMPLETE,IL281277,EVIO Labs MA,Framingham,1701.0,,,40 Speen St,Suite 301,Framingham,MA,1701,POINT (-71.275566 42.459085),POINT (-71.389405 42.3121829),40 Speen St,Suite 301,Framingham,MA,1701,12-1234567,ILN281277,10/30/2018 03:29:37 PM,9/14/2018 12:00:00 AM,6/6/2019 03:24:48 PM,False,,,,,,,,,,Not a DBE,,,1/14/2021 03:00:00 AM,5/24/2018 12:03:38 PM,10/31/2018 12:00:00 AM,12/14/2018 12:03:32 PM,3/7/2024 03:00:00 AM,3/11/2025 04:00:00 AM,,5000.0,1701.0,Framingham,Middlesex,42.459085,-71.275566,Central MA,40 Speen St,Suite 301,MA,42.312183,-71.389406,40.0,Speen St,,,Framingham,MA,Middlesex County,1701.0,EVIO Labs MA,MA,MACCC,Massachusetts Cannabis Control Commission,,,,,
07/01/2024,APPROVED,Marijuana Product Manufacturer,General Applicant,General Applicant,General Applicant,COMMENCE OPS,9/20/2022,COMPLETE,MP281966,Regenerative LLC,Uxbridge,1569.0,,,30 Noonan Way (formerly known as 1035 Quaker Hwy),,Uxbridge,MA,1569,POINT (-71.840209 42.329642),POINT (-71.624076 42.0630060),679 Washington St.,Ste8#177,Attleboro,MA,2703,85-2143420,MPN281966,11/5/2020 08:10:32 PM,11/2/2020 10:03:42 AM,3/17/2021 12:55:38 PM,False,no,,SE305152,,,,,,,Not a DBE,,,7/14/2022 04:00:00 AM,10/15/2020 09:19:30 PM,11/6/2020 12:59:43 PM,1/14/2021 03:43:01 PM,3/7/2024 03:00:00 AM,3/17/2025 04:00:00 AM,,10000.0,1569.0,Uxbridge,Worcester,42.329642,-71.840209,Central MA,30 Noonan Way (formerly known as 1035 Quaker Hwy),,MA,42.063006,-71.624076,30.0,Quaker Hwy,,1035.0,Uxbridge,MA,Worcester County,1569.0,Regenerative LLC,MA,MACCC,Massachusetts Cannabis Control Commission,,,,,
07/01/2024,APPROVED,Marijuana Cultivator,General Applicant,General Applicant,General Applicant,PROVISIONAL CONSIDERATION,,PAYMENT_PENDING,MC283722,Ember Gardens Production LLC,Deerfield,1342.0,,,254 Newhill Avenue,,Somerset,MA,2726,POINT (-72.573941 42.587072),POINT (-72.613625 42.5210950),254 Newhill Avenue,,Somerset,MA,2726,88-0724035,MCN283722,5/27/2022 03:08:53 PM,5/24/2022 05:43:18 PM,,False,no,,SE304230,,,,,,,Not a DBE,Indoor,"Tier 03: 10,001 to 20,000 sq. ft",,4/6/2022 04:30:45 PM,8/8/2022 10:19:34 AM,11/10/2022 12:40:15 PM,,,,0.0,1342.0,Deerfield,Franklin,42.587072,-72.573941,Western MA,198 Mill Village Road,,MA,42.521095,-72.613626,198.0,Mill Village Rd,,,Deerfield,MA,Franklin County,1342.0,Ember Gardens Production LLC,MA,MACCC,Massachusetts Cannabis Control Commission,,,,,
07/01/2024,APPROVED,Marijuana Retailer,Priority Review - MTC Priority,Priority,MTC Priority,COMMENCE OPS,5/6/2024,COMPLETE,MR284920,"FFD Enterprises MA, Inc.",West Springfield,1089.0,,,175 Memorial Avenue,,West Springfield,MA,1089,POINT (-72.571312 42.12756),POINT (-72.599672 42.0964889),40 Woodland Street,,Hartford,CT,6105,90-1007354,MRN284920,6/8/2023 03:31:51 PM,5/22/2023 01:01:21 PM,,True,no,,,,,,APPROVED,RP201928,RP201928,Not a DBE,,,4/11/2024 04:00:00 AM,4/13/2023 03:45:47 PM,6/16/2023 02:01:28 PM,8/10/2023 11:41:59 AM,9/21/2023 04:00:00 AM,9/21/2024 04:00:00 AM,,10000.0,1089.0,West Springfield,Hampden,42.12756,-72.571312,Western MA,175 Memorial Avenue,,MA,42.096489,-72.599673,175.0,Memorial Ave,,,West Springfield,MA,Hampden County,1089.0,"FFD Enterprises MA, Inc.",MA,MACCC,Massachusetts Cannabis Control Commission,,,,,
07/01/2024,APPROVED,Marijuana Retailer,General Applicant,General Applicant,General Applicant,COMMENCE OPS,11/21/2022,COMPLETE,MR284097,Massachusetts Citizens for Social Equity LLC,Boston,2131.0,,,1508 Dorchester Avenue,,Dorchester,MA,2122,POINT (-71.073493 42.334948),POINT (-71.121491 42.2929090),1508 Dorchester Avenue,,Dorchester,MA,2122,83-3011333,MRN284097,4/1/2021 05:07:56 PM,3/24/2021 09:34:42 AM,,False,no,,,,,,,,,Not a DBE,,,10/13/2022 04:00:00 AM,2/15/2021 09:19:03 PM,4/9/2021 10:25:28 AM,5/13/2021 12:30:58 PM,9/14/2023 04:00:00 AM,10/15/2024 04:00:00 AM,,10000.0,2131.0,Roslindale,Suffolk,42.334948,-71.073493,,3995-3997 Washington Street,,MA,42.292909,-71.121491,,Washington St,,,Roslindale,MA,Suffolk County,2131.0,Massachusetts Citizens for Social Equity LLC,MA,MACCC,Massachusetts Cannabis Control Commission,,,,,
07/01/2024,APPROVED,Marijuana Microbusiness,Expedited Review - DBE Status,Expedited,DBE Status,PROVISIONAL LICENSE,,COMPLETE,MB281496,Deep Roots Inc.,Uxbridge,1569.0,,,420 West St,,Uxbridge,MA,1569,POINT (-71.840209 42.329642),POINT (-71.666623 42.0570999),557 Morton St,,Stoughton,MA,2072,83-0932970,MBN281496,6/10/2020 08:29:36 PM,12/4/2019 12:00:00 AM,,False,,,,,,,,,,Not a DBE,,,,10/22/2018 11:39:31 AM,3/12/2020 12:00:00 AM,7/9/2020 02:43:42 PM,1/20/2022 03:00:00 AM,2/3/2023 03:00:00 AM,,5625.0,1569.0,Uxbridge,Worcester,42.329642,-71.840209,Central MA,420 West St.,,MA,42.0571,-71.666623,420.0,West St,,,Uxbridge,MA,Worcester County,1569.0,Deep Roots Inc.,MA,MACCC,Massachusetts Cannabis Control Commission,,,,,
07/01/2024,APPROVED,Marijuana Product Manufacturer,General Applicant,General Applicant,General Applicant,COMMENCE OPS,11/29/2022,COMPLETE,MP281388,Coil Brothers LLC,Harvard,1451.0,,,"325 Ayer Road, Unit #116",,Harvard,MA,1451,POINT (-71.840209 42.329642),POINT (-71.575509 42.5428349),"325 Ayer Road, Unit #116",,Harvard,MA,1451,82-5338334,MPN281388,3/5/2020 04:24:45 PM,10/28/2019 12:00:00 AM,,False,,,,,,,,,,Not a DBE,,,5/12/2022 04:00:00 AM,6/7/2018 12:38:04 PM,3/12/2020 12:00:00 AM,9/10/2020 12:54:56 PM,2/8/2024 03:00:00 AM,2/12/2025 03:00:00 AM,,10000.0,1451.0,Harvard,Worcester,42.329642,-71.840209,Central MA,"325 Ayer Road, Unit #116",,MA,42.542835,-71.57551,325.0,Ayer Rd,Ste,,Harvard,MA,Worcester County,1451.0,Coil Brothers LLC,MA,MACCC,Massachusetts Cannabis Control Commission,,,,,
07/01/2024,APPROVED,Marijuana Product Manufacturer,Priority Review - MTC Priority,Priority,MTC Priority,COMMENCE OPS,11/1/2019,COMPLETE,MP281307,"In Good Health, Inc.",Brockton,2301.0,,,1200 West Chestnut Street,,Brockton,MA,2301,POINT (-70.818958 41.978877),POINT (-71.065163 42.0527289),1200 West Chestnut Street,,Brockton,MA,2301,46-2680110,MPN281307,12/13/2018 01:34:31 PM,7/26/2018 12:00:00 AM,2/22/2019 02:35:24 PM,True,,,,,,,APPROVED,RP201826,RPA201826,Not a DBE,,,9/13/2019 04:00:00 AM,4/19/2018 02:28:00 PM,12/21/2018 12:00:00 AM,2/21/2019 04:12:32 PM,2/8/2024 03:00:00 AM,2/22/2025 03:00:00 AM,,5000.0,2301.0,Brockton,Plymouth,41.978877,-70.818958,Southeast and Cape,1200 West Chestnut Street,,MA,42.052729,-71.065164,1200.0,W Chestnut St,,,Brockton,MA,Plymouth County,2301.0,"In Good Health, Inc.",MA,MACCC,Massachusetts Cannabis Control Commission,,,,,
07/01/2024,APPROVED,Marijuana Courier Pre-Certification,Expedited Review - Social Equity Participant,Expedited,Social Equity Participant,PROVISIONAL LICENSE,,COMPLETE,PDO103189,The Magi Tree,,,,,24 Irwin St,,Stoughton,MA,2072,,,24 Irwin St,,Stoughton,MA,2072,85-2583615,PDOA103189,10/19/2020 02:15:04 PM,9/24/2020 09:25:27 AM,,False,,SE303730,SE303730,,,,,,,Minority-Owned Business,,,,8/17/2020 10:25:38 PM,10/22/2020 04:01:42 PM,10/26/2020 10:10:15 AM,10/26/2020 04:00:00 AM,10/26/2022 04:00:00 AM,,0.0,,,,,,,,,MA,,,,,,,,,,,The Magi Tree,MA,MACCC,Massachusetts Cannabis Control Commission,,,,,
07/01/2024,APPROVED,Marijuana Retailer,Priority Review - MTC Priority,Priority,MTC Priority,COMMENCE OPS,5/25/2023,COMPLETE,MR284476,GreenCare Collective LLC,Millbury,1527.0,,,12 Latti Farm Road,,Millbury,MA,1527,POINT (-71.840209 42.329642),POINT (-71.772120 42.2159520),12 Latti Farm Road,,Millbury,MA,1527,82-1264062,MRN284476,8/8/2022 10:21:26 AM,5/16/2022 12:04:54 PM,12/8/2022 03:04:05 PM,True,no,,,,,,,,RP201818,Not a DBE,,,4/14/2023 04:00:00 AM,11/2/2021 02:09:42 PM,8/12/2022 08:53:41 AM,12/8/2022 02:41:43 PM,12/14/2023 03:00:00 AM,12/18/2024 03:00:00 AM,,10000.0,1527.0,Millbury,Worcester,42.329642,-71.840209,Central MA,12 Latti Farm Road,,MA,42.215952,-71.772121,12.0,Latti Farm Rd,,,Millbury,MA,Worcester County,1527.0,GreenCare Collective LLC,MA,MACCC,Massachusetts Cannabis Control Commission,,,,,
07/01/2024,APPROVED,Marijuana Cultivator,General Applicant,General Applicant,General Applicant,PROVISIONAL LICENSE,,COMPLETE,MC281683,RC Cultivation LLC,Worcester,1606.0,,,30 Pullman Street,,Worcester,MA,1606,POINT (-71.840209 42.329642),POINT (-71.796901 42.3217939),200 Pratt Street,,Meriden,CT,6450,83-1656175,MCN281683,11/26/2019 02:14:42 PM,11/5/2019 12:00:00 AM,3/12/2020 03:36:04 PM,False,,,,,,,,,,Not a DBE,Indoor,"Tier 11: 90,001 to 100,000 sq. ft",,8/21/2018 10:29:27 AM,12/31/2019 12:00:00 AM,3/5/2020 12:23:22 PM,4/11/2024 04:00:00 AM,5/11/2025 04:00:00 AM,,50000.0,1606.0,Worcester,Worcester,42.329642,-71.840209,Central MA,30 Pullman Street,,MA,42.321794,-71.796901,30.0,Pullman St,,,Worcester,MA,Worcester County,1606.0,RC Cultivation LLC,MA,MACCC,Massachusetts Cannabis Control Commission,,,,,
07/01/2024,APPROVED,Marijuana Retailer,Expedited Review - DBE Status,Expedited,DBE Status,COMMENCE OPS,6/8/2023,COMPLETE,MR284431,INDICA LLC,Adams,1220.0,,,11 Apex Drive Suite 300A #240,,Marlborough,MA,1752,POINT (-73.209889 42.396128),POINT (-73.113759 42.6335010),11 Apex Drive Suite 300A #240,,Marlborough,MA,1752,87-3386887,MRN284431,4/28/2022 04:04:53 PM,4/7/2022 01:54:56 PM,7/14/2022 12:37:53 PM,False,no,,,,,,,,,Minority-Owned Business,,,5/22/2023 04:00:00 AM,9/28/2021 04:08:18 AM,5/6/2022 10:48:06 AM,7/14/2022 12:01:49 PM,8/10/2023 04:00:00 AM,8/14/2024 04:00:00 AM,,10000.0,1220.0,Adams,Berkshire,42.396128,-73.209889,Western MA,127 Columbia St,,MA,42.633501,-73.11376,127.0,Columbia St,,,Adams,MA,Berkshire County,1220.0,INDICA LLC,MA,MACCC,Massachusetts Cannabis Control Commission,,,,,
07/01/2024,APPROVED,Marijuana Product Manufacturer,Expedited Review - DBE Status,Expedited,DBE Status,PROVISIONAL CONSIDERATION,,PAYMENT_PENDING,MP281656,"THE HIGH END CHOCOLATE COMPANY, LLC",Holyoke,1040.0,,,110 WINTER ST,,HOLYOKE,MA,1040,POINT (-72.571312 42.12756),POINT (-72.602519 42.1989990),PO BOX 151,,HOLYOKE,MA,1041,84-3471384,MPN281656,3/25/2020 12:49:26 PM,3/19/2020 12:00:00 AM,,False,,,SE306939,,,,,,,Minority-Owned Business | Woman-Owned Business,,,,4/30/2019 05:51:12 PM,5/21/2020 12:22:18 PM,7/9/2020 03:55:58 PM,,,,0.0,1040.0,Holyoke,Hampden,42.12756,-72.571312,Western MA,110 WINTER STREET,,MA,42.198999,-72.60252,110.0,Winter St,,,Holyoke,MA,Hampden County,1040.0,"THE HIGH END CHOCOLATE COMPANY, LLC",MA,MACCC,Massachusetts Cannabis Control Commission,,,,,
07/01/2024,APPROVED,Marijuana Microbusiness,Expedited Review - License Type,Expedited,License Type,FINAL LICENSE,,COMPLETE,MB281504,R and R Ventures LLC,Sheffield,1257.0,,,700 S. Main Street,PO Box 698,Sheffield,MA,1257,POINT (-73.209889 42.396128),POINT (-73.345651 42.0893900),700 South Main Street,PO Box 698,Sheffield,MA,1257,83-2481417,MBN281504,3/16/2021 02:27:47 PM,12/1/2020 02:16:37 PM,4/27/2021 04:21:23 PM,False,no,,,,,,,,,Not a DBE,,,2/8/2024 03:00:00 AM,11/9/2018 05:52:41 PM,3/12/2021 09:06:40 AM,4/16/2021 01:56:37 PM,6/8/2023 04:00:00 AM,8/11/2024 04:00:00 AM,,5625.0,1257.0,Sheffield,Berkshire,42.396128,-73.209889,Western MA,700 South Main Street,PO Box 698,MA,42.08939,-73.345651,700.0,S Main St,,,Sheffield,MA,Berkshire County,1257.0,R and R Ventures LLC,MA,MACCC,Massachusetts Cannabis Control Commission,,,,,
07/01/2024,APPROVED,Marijuana Cultivator,General Applicant,General Applicant,General Applicant,COMMENCE OPS,10/13/2023,COMPLETE,MC283122,"Flower Power Growers, Inc.",Montague,1376.0,,,180 Industrial Blvd.,,Turners Falls,MA,1376,POINT (-72.573941 42.587072),POINT (-72.519165 42.6017859),180 Industrial Blvd.,,Turners Falls,MA,1376,85-3419223,MCN283122,2/1/2021 11:16:36 AM,1/21/2021 09:16:48 AM,,False,no,,,,,,,,,Not a DBE,Indoor,"Tier 03: 10,001 to 20,000 sq. ft",5/11/2023 04:00:00 AM,10/16/2020 02:29:43 PM,2/19/2021 12:37:08 PM,4/16/2021 01:53:08 PM,6/8/2023 04:00:00 AM,11/3/2024 03:00:00 AM,,5000.0,1376.0,Turners Falls,Franklin,42.587072,-72.573941,,180 Industrial Blvd.,Town of Turner's Falls (not listed in City drop down menu),MA,42.601786,-72.519166,180.0,Industrial Blvd,,,Turners Falls,MA,Franklin County,1376.0,"Flower Power Growers, Inc.",MA,MACCC,Massachusetts Cannabis Control Commission,,,,,
07/01/2024,APPROVED,Marijuana Cultivator,General Applicant,General Applicant,General Applicant,COMMENCE OPS,8/5/2022,COMPLETE,MC281442,The Fresh Connection Boston LLC,Fitchburg,1420.0,,,175-195 Kimball street,,Fitchburg,MA,1420,POINT (-71.840209 42.329642),POINT (-71.806021 42.5827839),175-195 Kimball street,,Fitchburg,MA,1420,82-5439112,MCN281442,3/4/2020 11:00:39 AM,11/13/2019 12:00:00 AM,,False,,,,,,,,,,Not a DBE,Indoor,"Tier 02: 5,001 to 10,000 sq. ft.",3/10/2022 03:00:00 AM,5/15/2018 03:52:00 PM,3/5/2020 12:00:00 AM,7/9/2020 03:55:02 PM,2/8/2024 03:00:00 AM,3/15/2025 04:00:00 AM,,2500.0,1420.0,Fitchburg,Worcester,42.329642,-71.840209,Central MA,175-195 Kimball street,,MA,42.582784,-71.806022,195.0,Kimball St,,,Fitchburg,MA,Worcester County,1420.0,The Fresh Connection Boston LLC,MA,MACCC,Massachusetts Cannabis Control Commission,,,,,
07/01/2024,APPROVED,Marijuana Retailer,General Applicant,General Applicant,General Applicant,COMMENCE OPS,4/14/2023,COMPLETE,MR281597,Tree Market Taunton LLC,Taunton,2780.0,,,7613 Overlake Drive W,,Medina,WA,98039,POINT (-71.102131 41.778329),POINT (-71.067136 41.905459),7613 Overlake Drive W,,Medina,WA,98039,84-2123286,MRN281597,3/6/2020 02:38:01 PM,1/22/2020 12:00:00 AM,10/2/2020 10:27:22 AM,False,,,,,,,,,,Not a DBE,,,3/9/2023 03:00:00 AM,6/14/2018 04:38:16 PM,3/12/2020 12:00:00 AM,7/9/2020 04:41:29 PM,11/9/2023 03:00:00 AM,11/18/2024 03:00:00 AM,,10000.0,2780.0,Taunton,Bristol,41.778329,-71.102131,Southeast and Cape,9 Cape Road,,MA,41.905459,-71.067136,9.0,Cape Rd,,,Taunton,MA,Bristol County,2780.0,Tree Market Taunton LLC,MA,MACCC,Massachusetts Cannabis Control Commission,,,,,
07/01/2024,APPROVED,Marijuana Retailer,General Applicant,General Applicant,General Applicant,COMMENCE OPS,11/21/2022,COMPLETE,MR281782,"Toy Town Project, LLC",Winchendon,1475.0,,,463 Maple St.,,Winchendon,MA,1475,POINT (-71.840209 42.329642),POINT (-72.016108 42.6935080),PO Box 349,,Rindge,NH,3461,83-1165991,MRN281782,4/26/2021 03:49:12 PM,3/5/2019 12:00:00 AM,7/16/2021 11:27:11 AM,False,no,,,,,,,,,Woman-Owned Business | Not a DBE,,,9/15/2022 04:00:00 AM,8/5/2018 05:42:26 PM,4/30/2021 09:12:23 AM,7/15/2021 04:45:18 PM,7/13/2023 04:00:00 AM,7/16/2024 04:00:00 AM,,10000.0,1475.0,Winchendon,Worcester,42.329642,-71.840209,Central MA,463 Maple St,,MA,42.693508,-72.016108,463.0,Maple St,,,Winchendon,MA,Worcester County,1475.0,"Toy Town Project, LLC",MA,MACCC,Massachusetts Cannabis Control Commission,,,,,
07/01/2024,APPROVED,Marijuana Retailer,Expedited Review - DBE Status,Expedited,DBE Status,COMMENCE OPS,8/23/2022,COMPLETE,MR283098,"6 Bricks, LLC.",Springfield,1105.0,,,250 Albany Street,,Springfield,MA,1105,POINT (-72.571312 42.12756),POINT (-72.597964 42.1054120),250 Albany Street,,Springfield,MA,1105,83-2005719,MRN283098,6/24/2020 10:20:52 AM,1/30/2020 12:00:00 AM,7/13/2020 09:17:37 PM,False,no,,,,,,,,,Minority-Owned Business | Woman-Owned Business,,,7/14/2022 04:00:00 AM,11/2/2019 02:11:09 PM,3/12/2020 12:00:00 AM,7/9/2020 02:29:57 PM,2/8/2024 03:00:00 AM,2/16/2025 03:00:00 AM,,10000.0,1105.0,Springfield,Hampden,42.12756,-72.571312,Western MA,1860 Main Street,,MA,42.105412,-72.597964,1860.0,Main St,,,Springfield,MA,Hampden County,1103.0,"6 Bricks, LLC.",MA,MACCC,Massachusetts Cannabis Control Commission,,,,,
07/01/2024,APPROVED,Marijuana Cultivator,General Applicant,General Applicant,General Applicant,COMMENCE OPS,6/29/2020,COMPLETE,MC281592,Solar Therapeutics Inc,Somerset,2725.0,,,1400 Brayton Point Road,,Somerset,MA,2725,POINT (-71.102131 41.778329),POINT (-71.172910 41.7290490),1400 Brayton Point Road,,Somerset,MA,2725,82-3644660,MCN281592,11/1/2018 06:41:01 PM,9/19/2018 12:00:00 AM,2/28/2019 10:49:21 AM,False,,,,,,,,,,Not a DBE,Indoor,"Tier 05: 30,001 to 40,000 sq. ft",11/7/2019 03:00:00 AM,7/6/2018 08:47:58 AM,11/26/2018 12:00:00 AM,1/24/2019 03:59:04 PM,3/7/2024 03:00:00 AM,3/11/2025 04:00:00 AM,,10000.0,2725.0,Somerset,Bristol,41.778329,-71.102131,Southeast and Cape,1400 Brayton Point Road,,MA,41.729049,-71.17291,1400.0,Brayton Point Rd,,,Somerset,MA,Bristol County,2725.0,Solar Therapeutics Inc,MA,MACCC,Massachusetts Cannabis Control Commission,,,,,
07/01/2024,APPROVED,Independent Testing Laboratory,Expedited Review - License Type,Expedited,License Type,PROVISIONAL LICENSE,,COMPLETE,IL281311,"Green Armory Laboratories, Inc",Worcester,1606.0,,,124 West Boylston Street,,Worcester,MA,1606,POINT (-71.840209 42.329642),POINT (-71.749187 42.2746190),124 West Boyston Street,,Worcester,MA,1606,84-2001435,ILN281311,11/1/2021 12:42:23 PM,12/21/2020 04:35:00 PM,,False,no,,,,,,,,,Not a DBE,,,,3/27/2019 02:07:18 PM,11/5/2021 10:19:55 AM,1/26/2022 02:07:36 PM,6/28/2022 04:00:00 AM,6/28/2023 04:00:00 AM,,10000.0,1606.0,Worcester,Worcester,42.329642,-71.840209,Central MA,124 West Boyston Street,,MA,42.274619,-71.749187,124.0,Boston Turnpike,,,Shrewsbury,MA,Worcester County,1545.0,"Green Armory Laboratories, Inc",MA,MACCC,Massachusetts Cannabis Control Commission,,,,,
07/01/2024,APPROVED,Marijuana Cultivator,General Applicant,General Applicant,General Applicant,PROVISIONAL LICENSE,,COMPLETE,MC281512,West County Collective,Pittsfield,1201.0,,,149 L St #1,,Boston,MA,2127,POINT (-73.209889 42.396128),POINT (-73.319738 42.4296859),149 L St #1,,Boston,MA,2127,83-0931176,MCN281512,1/3/2020 11:16:50 AM,3/25/2019 12:00:00 AM,1/17/2020 08:55:47 AM,False,,,,,,,,,,Not a DBE,Indoor,"Tier 02: 5,001 to 10,000 sq. ft.",,6/2/2018 11:14:09 AM,11/1/2019 12:00:00 AM,1/16/2020 03:46:31 PM,2/8/2024 03:00:00 AM,2/12/2025 03:00:00 AM,,2500.0,1201.0,Pittsfield,Berkshire,42.396128,-73.209889,Western MA,370 Cloverdale St,,MA,42.429686,-73.319739,370.0,Cloverdale St,,,Pittsfield,MA,Berkshire County,1201.0,West County Collective,MA,MACCC,Massachusetts Cannabis Control Commission,,,,,
07/01/2024,APPROVED,Marijuana Retailer,General Applicant,General Applicant,General Applicant,PROVISIONAL LICENSE,,COMPLETE,MR284801,"CTDW Beverly, LLC",Beverly,1915.0,,,3 Dodge Street,,Salem,MA,1970,POINT (-70.970827 42.635475),POINT (-70.881432 42.543872),3 Dodge Street,,Salem,MA,1970,88-4233104,MRN284801,6/5/2023 06:36:44 PM,1/31/2023 04:30:17 PM,,False,no,,,,,,,,,Not a DBE,,,,11/2/2022 10:56:52 AM,6/15/2023 01:28:56 PM,7/13/2023 01:55:25 PM,7/19/2023 04:00:00 AM,7/19/2024 04:00:00 AM,,10000.0,1915.0,Beverly,Essex,42.635475,-70.970827,Northeast,73 Cabot Street,,MA,42.543872,-70.881432,73.0,Cabot St,,,Beverly,MA,Essex County,1915.0,"CTDW Beverly, LLC",MA,MACCC,Massachusetts Cannabis Control Commission,,,,,
07/01/2024,APPROVED,Marijuana Retailer,General Applicant,General Applicant,General Applicant,COMMENCE OPS,4/10/2023,COMPLETE,MR282696,"Standard Naturals, LLC",Malden,2148.0,,,7 Linehurst Rd,,Malden,MA,2148,POINT (-71.275566 42.459085),POINT (-71.025721 42.4435580),296 Main Street,,Everett,MA,2149,83-3136384,MRN282696,4/8/2021 07:06:22 PM,4/2/2021 09:34:26 AM,,False,no,,,,,,,,,Not a DBE,,,3/9/2023 03:00:00 AM,5/9/2019 09:58:51 AM,4/30/2021 09:04:38 AM,6/22/2021 11:13:48 AM,7/13/2023 04:00:00 AM,7/27/2024 04:00:00 AM,,10000.0,2148.0,Malden,Middlesex,42.459085,-71.275566,Northeast,7 Linehurst Road,,MA,42.443558,-71.025721,7.0,Linehurst Rd,,,Malden,MA,Middlesex County,2148.0,"Standard Naturals, LLC",MA,MACCC,Massachusetts Cannabis Control Commission,,,,,
07/01/2024,APPROVED,Marijuana Delivery Operator Pre-Certification,Expedited Review - Social Equity Participant,Expedited,Social Equity Participant,PROVISIONAL LICENSE,,COMPLETE,PMD6004,BEWDO LLC,,,,,7 River Rd South,,Whately,MA,1093,,,PO Box 210,,N Hatfield,MA,1066,88-1951997,PMDA6004,5/4/2022 02:36:09 PM,5/20/2022 09:47:39 AM,,False,,SE305382,SE305382,,,,,,,Woman-Owned Business,,,,4/4/2022 09:51:16 AM,5/20/2022 10:49:49 AM,5/23/2022 08:55:08 AM,5/23/2022 04:00:00 AM,5/23/2024 04:00:00 AM,,0.0,,,,,,,,,MA,,,,,,,,,,,BEWDO LLC,MA,MACCC,Massachusetts Cannabis Control Commission,,,,,
07/01/2024,APPROVED,Marijuana Cultivator,General Applicant,General Applicant,General Applicant,PROVISIONAL LICENSE,,COMPLETE,MC283322,"ACMJ, Inc.",Holyoke,1040.0,,,532 Main St.,,Holyoke,MA,1040,POINT (-72.571312 42.12756),POINT (-72.610652 42.1960309),532 Main St.,,Holyoke,MA,1040,85-4061764,MCN283322,3/17/2021 11:17:51 AM,2/24/2021 09:34:38 AM,7/2/2022 09:50:36 AM,False,no,,,,,,,,,Not a DBE,Indoor,"Tier 01: up to 5,000 square feet",,1/23/2021 01:02:02 PM,4/9/2021 11:30:12 AM,6/22/2021 10:48:30 AM,11/9/2023 03:00:00 AM,11/9/2024 03:00:00 AM,,1250.0,1040.0,Holyoke,Hampden,42.12756,-72.571312,Western MA,532 Main Street,,MA,42.196031,-72.610652,532.0,Main St,,,Holyoke,MA,Hampden County,1040.0,"ACMJ, Inc.",MA,MACCC,Massachusetts Cannabis Control Commission,,,,,
07/01/2024,APPROVED,Marijuana Cultivator,General Applicant,General Applicant,General Applicant,PROVISIONAL LICENSE,,COMPLETE,MC281336,"Green Line Boston, Inc.",Boston,2119.0,,,351 Langley Road,,Newton,MA,2459,POINT (-71.073493 42.334948),POINT (-71.074803 42.3293899),351 Langley Road,,Newton,MA,2459,82-5389011,MCN281336,11/29/2019 01:07:08 AM,9/11/2019 12:00:00 AM,3/6/2020 04:52:15 PM,False,,,,,,,,,,Not a DBE,Indoor,"Tier 04: 20,001 to 30,000 sq. ft",,5/1/2018 11:07:06 AM,12/19/2019 12:00:00 AM,3/5/2020 12:19:12 PM,3/9/2023 03:00:00 AM,4/12/2024 04:00:00 AM,,20000.0,2119.0,Boston,Suffolk,42.334948,-71.073493,Metro Boston,100 Hampden Street,,MA,42.32939,-71.074803,100.0,Hampden St,,,Roxbury,MA,Suffolk County,2119.0,"Green Line Boston, Inc.",MA,MACCC,Massachusetts Cannabis Control Commission,,,,,
07/01/2024,APPROVED,Marijuana Delivery Operator Pre-Certification,Expedited Review - Social Equity Participant,Expedited,Social Equity Participant,PROVISIONAL LICENSE,,COMPLETE,PMD5881,Diligentia Express,,,,,"3 Austin Street, Unit #290641",,Boston,MA,2129,,,"3 Austin Street, Unit #290641",,Boston,MA,2129,85-3895791,PMDA5881,7/22/2021 05:35:00 PM,7/22/2021 09:54:49 AM,,False,,SE303899,SE303899,,,,,,,Not a DBE,,,,6/22/2021 10:39:52 AM,8/27/2021 10:23:33 AM,8/30/2021 10:24:06 AM,8/30/2021 04:00:00 AM,8/30/2023 04:00:00 AM,,0.0,,,,,,,,,MA,,,,,,,,,,,Diligentia Express,MA,MACCC,Massachusetts Cannabis Control Commission,,,,,
07/01/2024,APPROVED,Marijuana Retailer,General Applicant,General Applicant,General Applicant,PROVISIONAL LICENSE,,COMPLETE,MR283784,"Leaf Relief, Inc.",Brockton,2301.0,,,165 Westgate Drive,,Brockton,MA,2301,POINT (-70.818958 41.978877),POINT (-71.050234 42.0938019),1280 Belmont Street,,Brockton,MA,2301,83-3845034,MRN283784,1/1/2021 10:21:25 AM,12/11/2020 04:13:54 PM,,False,no,,,,,,,,,Not a DBE,,,,9/18/2020 01:05:34 PM,1/8/2021 02:36:13 PM,4/16/2021 01:55:36 PM,9/14/2023 04:00:00 AM,9/14/2024 04:00:00 AM,,10000.0,2301.0,Brockton,Plymouth,41.978877,-70.818958,Southeast and Cape,165 Westgate Drive,,MA,42.093802,-71.050234,165.0,Westgate Dr,,,Brockton,MA,Plymouth County,2301.0,"Leaf Relief, Inc.",MA,MACCC,Massachusetts Cannabis Control Commission,,,,,
07/01/2024,APPROVED,Marijuana Courier Pre-Certification,Priority Review - Economic Empowerment Priority,Priority,Economic Empowerment Priority,PROVISIONAL LICENSE,,COMPLETE,PDO103371,"North East Gro, LLC.",,,,,34 Larchmont Street,,Boston,MA,2124,,,34 Larchmont Street,,Boston,MA,2124,00-1392220,PDOA103371,2/2/2021 08:14:19 AM,1/26/2021 08:46:00 AM,,True,,SE303585,SE303585,APPROVED,EE202222,,,,,Minority-Owned Business,,,,12/11/2020 03:39:57 PM,2/9/2021 07:34:10 AM,2/9/2021 07:34:22 AM,2/9/2021 03:00:00 AM,2/9/2023 03:00:00 AM,,0.0,,,,,,,,,MA,,,,,,,,,,,"North East Gro, LLC.",MA,MACCC,Massachusetts Cannabis Control Commission,,,,,
07/01/2024,APPROVED,Marijuana Product Manufacturer,General Applicant,General Applicant,General Applicant,PROVISIONAL LICENSE,,COMPLETE,MP281571,"Commonwealth Farm 1761, Inc.",Framingham,1701.0,,,"600 Worcester Road, Suite 401",,Framingham,MA,1702,POINT (-71.275566 42.459085),POINT (-71.481297 42.3291520),"600 Worcester Road, Suite 401",,Framingham,MA,1702,83-2414189,MPN281571,3/25/2020 03:04:44 PM,2/25/2020 12:00:00 AM,,False,,,,,,,,,,Not a DBE,,,,1/12/2019 08:50:35 PM,4/7/2020 12:00:00 AM,6/4/2020 02:10:04 PM,7/15/2021 04:00:00 AM,8/28/2022 04:00:00 AM,,10000.0,1701.0,Framingham,Middlesex,42.459085,-71.275566,Central MA,1062 Edmands Road,,MA,42.329152,-71.481298,1062.0,Edmands Rd,,,Framingham,MA,Middlesex County,1701.0,"Commonwealth Farm 1761, Inc.",MA,MACCC,Massachusetts Cannabis Control Commission,,,,,
07/01/2024,APPROVED,Independent Testing Laboratory,Expedited Review - License Type,Expedited,License Type,PROVISIONAL CONSIDERATION,,PAYMENT_PENDING,IL281345,Canna Testing LLC,Chester,1011.0,,,241 Rt. 20,,Chester,MA,1011,POINT (-72.571312 42.12756),POINT (-72.980059 42.277493),785 Main Street,,Great Barrington,MA,1230,86-3082747,ILN281345,9/15/2021 01:01:58 PM,5/17/2021 01:03:28 PM,,False,no,,,,,,,,,Not a DBE,,,,6/25/2020 08:26:41 PM,10/5/2021 02:46:31 PM,11/18/2021 02:36:07 PM,,,,0.0,1011.0,Chester,Hampden,42.12756,-72.571312,Western MA,241 Route 20,,MA,42.277493,-72.98006,241.0,State Rte 20,,,Chester,MA,Hampden County,1011.0,Canna Testing LLC,MA,MACCC,Massachusetts Cannabis Control Commission,,,,,
07/01/2024,APPROVED,Marijuana Product Manufacturer,Expedited Review - Social Equity Participant,Expedited,Social Equity Participant,PROVISIONAL LICENSE,,COMPLETE,MP281839,Medicine Man Solutions,Taunton,2780.0,,,144 W Brittania St,,Taunton,MA,2780,POINT (-71.102131 41.778329),POINT (-71.101212 41.91778),PO Box 6045,,New Bedford,MA,2742,84-4482004,MPN281839,12/2/2022 02:59:29 PM,8/16/2022 10:35:44 AM,1/17/2023 02:44:56 PM,False,yes,SE304323,SE304323,,,,,,,Not a DBE,,,,2/1/2020 07:00:32 PM,12/2/2022 08:18:11 AM,1/12/2023 01:17:19 PM,1/17/2023 03:00:00 AM,1/17/2024 03:00:00 AM,,5000.0,2780.0,Taunton,Bristol,41.778329,-71.102131,Southeast and Cape,144 W Britannia St,,MA,41.91778,-71.101212,144.0,W Britannia St,,,Taunton,MA,Bristol County,2780.0,Medicine Man Solutions,MA,MACCC,Massachusetts Cannabis Control Commission,,,,,
07/01/2024,APPROVED,Marijuana Retailer,Expedited Review - Social Equity Participant,Expedited,Social Equity Participant,PROVISIONAL LICENSE,,COMPLETE,MR284441,Primus LLC,Springfield,1109.0,,,666 State St.,,Springfield,MA,1109,POINT (-72.571312 42.12756),POINT (-72.570273 42.1106570),666 State St.,,Springfield,MA,1109,83-4302773,MRN284441,8/23/2022 08:31:57 AM,2/8/2022 01:20:39 PM,1/25/2023 03:18:43 PM,False,yes,SE303656,SE303656,,,,,,,Minority-Owned Business,,,,10/7/2021 11:12:30 AM,8/10/2022 04:55:57 PM,9/16/2022 02:03:17 PM,1/25/2023 03:00:00 AM,5/24/2024 04:00:00 AM,,5000.0,1109.0,Springfield,Hampden,42.12756,-72.571312,Western MA,666 State St.,,MA,42.110657,-72.570273,666.0,State St,,,Springfield,MA,Hampden County,1109.0,Primus LLC,MA,MACCC,Massachusetts Cannabis Control Commission,,,,,
07/01/2024,APPROVED,Marijuana Cultivator,General Applicant,General Applicant,General Applicant,PROVISIONAL LICENSE,,COMPLETE,MC283622,"The Dutchmen, LLC",Southbridge,1550.0,,,155 Fairlane Drive,,Weathersfield,CT,6109,POINT (-71.840209 42.329642),POINT (-72.046272 42.0809330),155 Fairlane Drive,,Weathersfield,CT,6109,86-3626179,MCN283622,12/12/2021 10:09:03 AM,12/3/2021 12:19:52 PM,,False,no,,,,,,,,,Not a DBE,Indoor,"Tier 03: 10,001 to 20,000 sq. ft",,10/6/2021 01:54:17 PM,12/17/2021 10:16:11 AM,2/14/2022 04:26:12 PM,9/15/2022 04:00:00 AM,9/15/2023 04:00:00 AM,,5000.0,1550.0,Southbridge,Worcester,42.329642,-71.840209,Central MA,833 Main Street,,MA,42.080933,-72.046272,833.0,Main St,,,Southbridge,MA,Worcester County,1550.0,"The Dutchmen, LLC",MA,MACCC,Massachusetts Cannabis Control Commission,,,,,
07/01/2024,APPROVED,Marijuana Courier Pre-Certification,Expedited Review - Social Equity Participant,Expedited,Social Equity Participant,PROVISIONAL LICENSE,,COMPLETE,PDO103048,Bean Collective LLC,,,,,63 Coburn st,,Lowell,MA,1852,,,63 Coburn st,,Lowell,MA,1852,84-2083386,PDOA103048,6/17/2020 07:48:05 PM,6/10/2020 12:57:47 PM,,False,,SE303968,,INCOMPLETE,EE201943,,,,,Veteran-Owned Business | Minority-Owned Business,,,,5/28/2020 10:46:18 PM,6/19/2020 02:17:26 PM,7/1/2020 09:32:08 AM,7/1/2020 04:00:00 AM,7/1/2022 04:00:00 AM,,0.0,,,,,,,,,MA,,,,,,,,,,,Bean Collective LLC,MA,MACCC,Massachusetts Cannabis Control Commission,,,,,
07/01/2024,APPROVED,Marijuana Retailer,General Applicant,General Applicant,General Applicant,COMMENCE OPS,4/22/2022,COMPLETE,MR283559,"Webber Road Ops, LLC",Brimfield,1010.0,,,275 Sturbridge Road,,Brimfield,MA,1010,POINT (-72.571312 42.12756),POINT (-72.158585 42.1142060),199 Anna Farm Road East,,North Stonington,CT,6359,84-5078515,MRN283559,8/14/2020 12:15:22 PM,7/20/2020 02:06:00 PM,,False,no,,,,,,,,,Not a DBE,,,4/7/2022 04:00:00 AM,5/26/2020 04:18:37 PM,8/20/2020 02:17:43 PM,10/8/2020 02:50:48 PM,10/12/2023 04:00:00 AM,11/20/2024 03:00:00 AM,,10000.0,1010.0,Brimfield,Hampden,42.12756,-72.571312,Central MA,275 Sturbridge Road,,MA,42.114206,-72.158585,275.0,Sturbridge Rd,,,Brimfield,MA,Hampden County,1010.0,"Webber Road Ops, LLC",MA,MACCC,Massachusetts Cannabis Control Commission,,,,,
07/01/2024,APPROVED,Marijuana Retailer,General Applicant,General Applicant,General Applicant,COMMENCE OPS,11/4/2020,COMPLETE,MR281791,"Green Gold Group, INC",Charlton,1507.0,,,60 Prospect Street,,North Brookfield,MA,1535,POINT (-71.840209 42.329642),POINT (-71.985539 42.1458269),46 Appleton St,,Boston,MA,2116,47-4984402,MRN281791,3/29/2020 10:34:40 AM,9/18/2018 12:00:00 AM,6/9/2020 01:19:04 PM,False,,,,,,,,,,Not a DBE,,,10/8/2020 04:00:00 AM,8/10/2018 08:02:41 AM,4/15/2020 12:00:00 AM,6/4/2020 02:15:35 PM,6/13/2024 04:00:00 AM,6/21/2025 04:00:00 AM,,10000.0,1507.0,Charlton,Worcester,42.329642,-71.840209,Central MA,46 Worcester Road,,MA,42.145827,-71.985539,46.0,Worcester Rd,,,Charlton,MA,Worcester County,1507.0,"Green Gold Group, INC",MA,MACCC,Massachusetts Cannabis Control Commission,,,,,
07/01/2024,APPROVED,Marijuana Cultivator,General Applicant,General Applicant,General Applicant,PROVISIONAL LICENSE,,COMPLETE,MC282504,"MINUTEMAN FARM, LLC",Ashby,1431.0,,,238 PIPER ROAD,,ASHBY,MA,1431,POINT (-71.275566 42.459085),POINT (-71.799240 42.6633780),P O BOX 583,,TOWNSEND,MA,1469,84-1868708,MCN282504,7/24/2020 06:39:45 PM,6/11/2020 10:13:40 AM,10/13/2020 05:59:48 PM,False,,,,,,,,,,Not a DBE,Indoor,"Tier 01: up to 5,000 square feet",,11/21/2019 02:07:44 PM,7/29/2020 12:12:17 PM,10/8/2020 02:36:21 PM,11/9/2023 03:00:00 AM,11/9/2024 03:00:00 AM,,1250.0,1431.0,Ashby,Middlesex,42.459085,-71.275566,Central MA,24 East Main Street,Parcel G 1,MA,42.663378,-71.799241,24.0,Main St,,,Ashby,MA,Middlesex County,1431.0,"MINUTEMAN FARM, LLC",MA,MACCC,Massachusetts Cannabis Control Commission,,,,,
07/01/2024,APPROVED,Marijuana Courier Pre-Certification,Expedited Review - Social Equity Participant,Expedited,Social Equity Participant,PROVISIONAL LICENSE,,COMPLETE,PDO103060,SQ Causeway,,,,,166 Trefton Dr.,,Braintree,MA,2184,,,166 Trefton Dr.,,Braintree,MA,2184,85-1223443,PDOA103060,11/6/2020 01:59:13 PM,11/5/2020 10:01:53 AM,,False,,SE303905,SE303905,INCOMPLETE,EE201872,,,,,Not a DBE,,,,5/29/2020 09:31:14 AM,11/20/2020 08:47:43 AM,11/20/2020 08:47:53 AM,11/20/2020 03:00:00 AM,11/20/2022 03:00:00 AM,,0.0,,,,,,,,,MA,,,,,,,,,,,SQ Causeway,MA,MACCC,Massachusetts Cannabis Control Commission,,,,,
07/01/2024,APPROVED,Marijuana Courier,Expedited Review - Social Equity Participant,Expedited,Social Equity Participant,COMMENCE OPS,6/29/2021,COMPLETE,DO100109,We Can Deliver Boston LLC,Athol,1331.0,,,44 Stellman Rd,,Roslindale,MA,2131,POINT (-71.840209 42.329642),,30 Ridgecrest Dr,E,West Roxbury,MA,2132,85-1142638,DOA100109,10/30/2020 04:21:59 PM,8/28/2020 12:24:17 PM,1/21/2021 11:01:41 AM,False,,,SE303651,,,,,,,Minority-Owned Business,,,5/13/2021 04:00:00 AM,7/11/2020 10:47:48 AM,9/2/2020 08:53:10 AM,11/19/2020 04:28:30 PM,2/10/2022 03:00:00 AM,3/11/2023 03:00:00 AM,,5000.0,1331.0,Athol,Worcester,42.329642,-71.840209,Western MA,,,MA,,,,,,,,,,,We Can Deliver Boston LLC,MA,MACCC,Massachusetts Cannabis Control Commission,,,,,
07/01/2024,APPROVED,Marijuana Retailer,General Applicant,General Applicant,General Applicant,COMMENCE OPS,3/11/2021,COMPLETE,MR283040,"Turning Leaf Centers Northampton, LLC",Northampton,1060.0,,,261 King Street,,Northampton,MA,1060,POINT (-72.62073 42.322256),POINT (-72.633972 42.3313800),PO Box 1328,,East Otis,MA,1029,00-1403270,MRN283040,6/30/2020 01:02:34 PM,3/4/2020 12:00:00 AM,,False,,,,,,,,,,Not a DBE,,,2/11/2021 03:00:00 AM,10/9/2019 02:56:14 PM,7/7/2020 11:24:20 AM,9/10/2020 01:56:33 PM,1/11/2024 03:00:00 AM,1/15/2025 03:00:00 AM,,10000.0,1060.0,Northampton,Hampshire,42.322256,-72.62073,Western MA,261 King Street,,MA,42.33138,-72.633972,261.0,King St,,,Northampton,MA,Hampshire County,1060.0,"Turning Leaf Centers Northampton, LLC",MA,MACCC,Massachusetts Cannabis Control Commission,,,,,
07/01/2024,APPROVED,Marijuana Retailer,Expedited Review - Social Equity Participant,Expedited,Social Equity Participant,PROVISIONAL LICENSE,,COMPLETE,MR283261,Medicine Man Solutions LLC,Taunton,2780.0,,,144 W Brittania St,,Taunton,MA,2780,POINT (-71.102131 41.778329),POINT (-71.143816 41.884062),PO Box 6045,,Taunton,MA,2780,84-4482004,MRN283261,12/1/2023 10:43:01 AM,10/27/2023 04:08:57 PM,2/8/2024 04:52:03 PM,False,yes,SE304323,SE304323,,,,,,,Not a DBE,,,,1/31/2020 11:00:40 AM,12/22/2023 03:10:53 PM,2/8/2024 02:57:24 PM,2/8/2024 03:00:00 AM,2/8/2025 03:00:00 AM,,5000.0,2780.0,Taunton,Bristol,41.778329,-71.102131,Southeast and Cape,446 Winthrop Street,,MA,41.884062,-71.143816,446.0,Winthrop St,,,Taunton,MA,Bristol County,2780.0,Medicine Man Solutions LLC,MA,MACCC,Massachusetts Cannabis Control Commission,,,,,
07/01/2024,APPROVED,Marijuana Retailer,Expedited Review - DBE Status,Expedited,DBE Status,PROVISIONAL CONSIDERATION,,PAYMENT_PENDING,MR282666,"THE HIGH END WELLNESS COMPANY, LLC",Holyoke,1040.0,,,384 DWIGHT STREET,,HOLYOKE,MA,1040,POINT (-72.571312 42.12756),POINT (-72.604607 42.204729),PO BOX 151,,HOLYOKE,MA,1041,84-5038160,MRN282666,5/5/2020 12:19:59 PM,3/31/2020 12:00:00 AM,,False,,,SE306939,,,,,,,Minority-Owned Business | Woman-Owned Business,,,,4/30/2019 05:52:25 PM,5/21/2020 01:22:30 PM,7/9/2020 03:56:49 PM,,,,0.0,1040.0,Holyoke,Hampden,42.12756,-72.571312,Western MA,384 DWIGHT STREET,,MA,42.204729,-72.604608,384.0,Dwight St,,,Holyoke,MA,Hampden County,1040.0,"THE HIGH END WELLNESS COMPANY, LLC",MA,MACCC,Massachusetts Cannabis Control Commission,,,,,
07/01/2024,APPROVED,Marijuana Retailer,General Applicant,General Applicant,General Applicant,PROVISIONAL LICENSE,,COMPLETE,MR283816,RC Retail Westfield LLC,Westfield,1085.0,,,265 Union Street,,Westfield,MA,1085,POINT (-72.571312 42.12756),POINT (-72.718452 42.1222619),200 Pratt Street,,Meriden,CT,6450,85-1112313,MRN283816,12/17/2020 10:29:52 AM,12/23/2020 01:46:52 PM,,False,no,,,,,,,,,Not a DBE,,,,10/7/2020 03:19:17 PM,12/24/2020 11:10:18 AM,3/11/2021 02:03:19 PM,2/9/2023 03:00:00 AM,3/17/2024 04:00:00 AM,,10000.0,1085.0,Westfield,Hampden,42.12756,-72.571312,Western MA,265 Union Street,,MA,42.122262,-72.718453,265.0,Union St,,,Westfield,MA,Hampden County,1085.0,RC Retail Westfield LLC,MA,MACCC,Massachusetts Cannabis Control Commission,,,,,
07/01/2024,APPROVED,Independent Testing Laboratory,Expedited Review - License Type,Expedited,License Type,COMMENCE OPS,9/3/2021,COMPLETE,IL281335,"ATOZ Laboratories, Inc.",Hopkinton,1748.0,,,400 Donald Lynch Boulevard,Suite 102,Marlborough,MA,1752,POINT (-71.275566 42.459085),POINT (-71.543042 42.1995879),400 Donald Lynch Boulevard,Suite 102,Marlborough,MA,1752,84-3150853,ILN281335,8/21/2020 04:27:07 PM,8/21/2020 11:27:38 AM,,False,no,,,,,,,,,Not a DBE,,,7/15/2021 04:00:00 AM,3/13/2020 02:44:46 PM,8/27/2020 10:30:39 AM,11/19/2020 04:13:33 PM,12/14/2023 03:00:00 AM,12/18/2024 03:00:00 AM,,10000.0,1748.0,Hopkinton,Middlesex,42.459085,-71.275566,Central MA,100 South Street,,MA,42.199588,-71.543042,100.0,South St,,,Hopkinton,MA,Middlesex County,1748.0,"ATOZ Laboratories, Inc.",MA,MACCC,Massachusetts Cannabis Control Commission,,,,,
07/01/2024,APPROVED,Marijuana Retailer,General Applicant,General Applicant,General Applicant,COMMENCE OPS,3/29/2023,COMPLETE,MR284603,Cannabis of Worcester LLC,Worcester,1606.0,,,56 Millbrook Street,,Worcester,MA,1606,POINT (-71.840209 42.329642),POINT (-71.800731 42.2869469),201 Park Avenue,,Worcester,MA,1609,88-1003415,MRN284603,7/26/2022 03:26:37 PM,5/27/2022 11:37:35 AM,,False,no,,,,,,,,,Not a DBE,,,3/9/2023 03:00:00 AM,3/3/2022 10:20:00 AM,8/12/2022 08:55:20 AM,10/13/2022 04:00:50 PM,11/9/2023 03:00:00 AM,11/13/2024 03:00:00 AM,,10000.0,1606.0,Worcester,Worcester,42.329642,-71.840209,Central MA,56 Millbrook Street,,MA,42.286947,-71.800732,56.0,Millbrook St,,,Worcester,MA,Worcester County,1606.0,Cannabis of Worcester LLC,MA,MACCC,Massachusetts Cannabis Control Commission,,,,,
07/01/2024,APPROVED,Marijuana Retailer,General Applicant,General Applicant,General Applicant,PROVISIONAL LICENSE,,COMPLETE,MR284994,"Pure Tewksbury, Inc.",Tewksbury,1876.0,,,1695 Shawsheen St,,Tewksbury,MA,1876,POINT (-71.275566 42.459085),POINT (-71.18289 42.6208000),1695 Shawsheen St,,Tewksbury,MA,1876,92-0769290,MRN284994,11/20/2023 04:36:36 PM,11/15/2023 10:44:09 AM,2/21/2024 10:01:01 AM,False,no,,,,,,,,,Not a DBE,,,,7/19/2023 09:42:30 AM,12/1/2023 04:07:14 PM,2/8/2024 03:01:40 PM,2/21/2024 03:00:00 AM,2/21/2025 03:00:00 AM,,10000.0,1876.0,Tewksbury,Middlesex,42.459085,-71.275566,Northeast,1695 Shawsheen St,,MA,42.6208,-71.18289,1695.0,Shawsheen St,,,Tewksbury,MA,Middlesex County,1876.0,"Pure Tewksbury, Inc.",MA,MACCC,Massachusetts Cannabis Control Commission,,,,,
07/01/2024,APPROVED,Marijuana Retailer,General Applicant,General Applicant,General Applicant,PROVISIONAL LICENSE,,COMPLETE,MR284796,Porter Square Remedies LLC,Cambridge,2140.0,,,1908 Massachusetts Avenue,,Cambridge,MA,2140,POINT (-71.275566 42.459085),POINT (-71.119872 42.388897),2408 Princeton Way,,Westford,MA,1886,87-2075276,MRN284796,7/21/2023 03:57:57 PM,12/7/2022 08:36:17 AM,,False,no,,,,,,,,,Not a DBE,,,,10/25/2022 01:37:14 PM,7/28/2023 09:27:47 AM,11/9/2023 01:08:20 PM,4/11/2024 04:00:00 AM,4/11/2025 04:00:00 AM,,10000.0,2140.0,Cambridge,Middlesex,42.459085,-71.275566,Metro Boston,1908 Massachusetts Avenue,,MA,42.388897,-71.119873,1908.0,Massachusetts Ave,,,Cambridge,MA,Middlesex County,2140.0,Porter Square Remedies LLC,MA,MACCC,Massachusetts Cannabis Control Commission,,,,,
07/01/2024,APPROVED,Marijuana Retailer,General Applicant,General Applicant,General Applicant,COMMENCE OPS,8/29/2023,COMPLETE,MR284144,"Massachusetts Green Retail, Inc.",Lynn,1905.0,,,829 Boston Street,,Lynn,MA,1905,POINT (-70.970827 42.635475),POINT (-70.989087 42.4599540),1 Curtis Street,,Boston,MA,2128,84-4141180,MRN284144,7/21/2021 04:17:57 PM,3/25/2021 10:41:41 AM,11/18/2021 02:13:20 PM,False,no,,,,,,,,,Not a DBE,,,7/13/2023 04:00:00 AM,3/9/2021 10:42:00 AM,8/23/2021 01:07:23 PM,10/14/2021 01:11:01 PM,11/9/2023 03:00:00 AM,11/18/2024 03:00:00 AM,,10000.0,1905.0,Lynn,Essex,42.635475,-70.970827,Northeast,"829 Boston Street, Lynn, MA 01905",,MA,42.459954,-70.989088,829.0,Boston St,,,Lynn,MA,Essex County,1905.0,"Massachusetts Green Retail, Inc.",MA,MACCC,Massachusetts Cannabis Control Commission,,,,,
07/01/2024,APPROVED,Independent Testing Laboratory,Expedited Review - License Type,Expedited,License Type,PROVISIONAL LICENSE,,COMPLETE,IL281379,LabX Group LLC,Southbridge,1550.0,,,393 E Main Street,,Southbridge,MA,1550,POINT (-71.840209 42.329642),POINT (-72.013852 42.071303),25 Foxborough St,,New Bedford,MA,2746,86-2168205,ILN281379,12/21/2021 04:00:05 PM,12/14/2021 01:25:23 PM,,False,no,,,,,,,,,Not a DBE,,,,10/13/2021 03:27:46 PM,12/23/2021 02:01:57 PM,3/10/2022 01:52:58 PM,8/1/2022 04:00:00 AM,8/1/2023 04:00:00 AM,,10000.0,1550.0,Southbridge,Worcester,42.329642,-71.840209,Central MA,393 East Main Street,,MA,42.071303,-72.013852,393.0,E Main St,,,Southbridge,MA,Worcester County,1550.0,LabX Group LLC,MA,MACCC,Massachusetts Cannabis Control Commission,,,,,
07/01/2024,APPROVED,Marijuana Retailer,General Applicant,General Applicant,General Applicant,COMMENCE OPS,7/17/2023,COMPLETE,MR284606,"Leaf Joy, LLC",Gill,1354.0,,,1 Main Road,,Gill,MA,1354,POINT (-72.573941 42.587072),POINT (-72.548405 42.6139030),1 Main Road,,Gill,MA,1354,88-1028227,MRN284606,4/4/2022 10:14:24 AM,4/1/2022 12:42:07 PM,,False,no,,,,,,,,,Not a DBE,,,6/8/2023 04:00:00 AM,3/7/2022 11:58:18 AM,5/6/2022 09:54:46 AM,7/14/2022 12:01:24 PM,2/8/2024 03:00:00 AM,3/1/2025 03:00:00 AM,,10000.0,1354.0,Gill,Franklin,42.587072,-72.573941,Western MA,1 Main Road,,MA,42.613903,-72.548405,1.0,Main Rd,,,Gill,MA,Franklin County,1354.0,"Leaf Joy, LLC",MA,MACCC,Massachusetts Cannabis Control Commission,,,,,
07/01/2024,APPROVED,Marijuana Retailer,General Applicant,General Applicant,General Applicant,COMMENCE OPS,7/5/2022,COMPLETE,MR282853,BKPN LLC,Dracut,1826.0,,,1274 Merrimack Street,,DRACUT,MA,1826,POINT (-71.275566 42.459085),POINT (-71.241795 42.6677079),1274 Merrimack Street,,DRACUT,MA,1826,84-2328124,MRN282853,4/1/2020 02:16:28 PM,2/5/2020 12:00:00 AM,10/26/2020 02:41:26 PM,False,,,,,,,,,,Not a DBE,,,5/12/2022 04:00:00 AM,7/10/2019 03:46:50 PM,4/7/2020 12:00:00 AM,7/9/2020 02:32:22 PM,9/14/2023 04:00:00 AM,10/26/2024 04:00:00 AM,,10000.0,1826.0,Dracut,Middlesex,42.459085,-71.275566,Northeast,1274 Merrimack Street,,MA,42.667708,-71.241796,1274.0,Merrimack Ave,,,Dracut,MA,Middlesex County,1826.0,BKPN LLC,MA,MACCC,Massachusetts Cannabis Control Commission,,,,,
07/01/2024,APPROVED,Marijuana Product Manufacturer,Expedited Review - DBE Status,Expedited,DBE Status,COMMENCE OPS,8/29/2023,COMPLETE,MP281479,Clean Technique LLC,Westfield,1085.0,,,32 Char Drive,,Westfield,MA,1085,POINT (-72.571312 42.12756),POINT (-72.707296 42.1712640),810 Fordham St,,Rockville,MD,20850,00-1292518,MPN281479,3/26/2020 03:50:27 PM,3/6/2020 12:00:00 AM,,False,,,,,,,,,,Minority-Owned Business,,,7/13/2023 04:00:00 AM,9/6/2018 01:23:14 PM,3/27/2020 12:00:00 AM,6/4/2020 02:08:57 PM,6/8/2023 04:00:00 AM,10/17/2024 04:00:00 AM,,10000.0,1085.0,Westfield,Hampden,42.12756,-72.571312,Western MA,32 Char Drive,,MA,42.171264,-72.707297,32.0,Char Dr,,,Westfield,MA,Hampden County,1085.0,Clean Technique LLC,MA,MACCC,Massachusetts Cannabis Control Commission,,,,,
07/01/2024,APPROVED,Marijuana Microbusiness,Expedited Review - Two or More,Expedited,Two or More,PROVISIONAL LICENSE,,COMPLETE,MB282221,"NAKED NATURE, LLC",Clinton,1510.0,,,75 GREEN STREET,SUITE 2,CLINTON,MA,1510,POINT (-71.840209 42.329642),POINT (-71.679017 42.4129539),237 BRIGHAM STREET,,MARLBOROUGH,MA,1752,86-1861128,MBN282221,4/4/2022 04:33:44 PM,2/23/2022 11:09:03 AM,,False,no,,,,,,,,,Minority-Owned Business,,,,1/29/2021 02:14:34 PM,4/8/2022 10:34:34 AM,6/9/2022 12:59:53 PM,11/9/2023 03:00:00 AM,11/9/2024 03:00:00 AM,,2812.0,1510.0,Clinton,Worcester,42.329642,-71.840209,Central MA,75 GREEN STREET,SUITE 2,MA,42.412954,-71.679018,75.0,Green St,,,Clinton,MA,Worcester County,1510.0,"NAKED NATURE, LLC",MA,MACCC,Massachusetts Cannabis Control Commission,,,,,
07/01/2024,APPROVED,Marijuana Retailer,General Applicant,General Applicant,General Applicant,COMMENCE OPS,6/1/2023,COMPLETE,MR284328,"Silver Therapeutics of Palmer, Inc.",Palmer,1069.0,,,1235 Thorndike Street,,Palmer,MA,1069,POINT (-72.571312 42.12756),POINT (-72.318765 42.1774429),89 Court Street,,Saratoga,NY,12866,87-1010671,MRN284328,5/12/2022 11:43:19 AM,4/28/2022 01:38:04 PM,,False,no,,,,,,,,,Not a DBE,,,4/14/2023 04:00:00 AM,7/15/2021 03:40:10 PM,5/27/2022 06:59:15 AM,7/14/2022 11:58:34 AM,8/10/2023 04:00:00 AM,8/12/2024 04:00:00 AM,,10000.0,1069.0,Palmer,Hampden,42.12756,-72.571312,Western MA,1235 Thorndike Street,,MA,42.177443,-72.318766,1235.0,Thorndike St,,,Palmer,MA,Hampden County,1069.0,"Silver Therapeutics of Palmer, Inc.",MA,MACCC,Massachusetts Cannabis Control Commission,,,,,
07/01/2024,APPROVED,Marijuana Retailer,Expedited Review - DBE Status,Expedited,DBE Status,COMMENCE OPS,1/7/2022,COMPLETE,MR282884,"Coastal Cultivars, LLC",Great Barrington,1230.0,,,399 Boylston Street,Sixth Floor,Boston,MA,2116,POINT (-73.209889 42.396128),POINT (-73.365125 42.1896780),399 Boylston Street,Sixth Floor,Boston,MA,2116,83-2354890,MRN282884,1/8/2021 03:46:01 PM,12/29/2020 04:46:29 PM,,False,no,,,,,,,,,Minority-Owned Business,,,11/18/2021 03:00:00 AM,7/24/2019 11:42:36 AM,1/14/2021 11:17:45 AM,4/16/2021 01:50:54 PM,6/8/2023 04:00:00 AM,10/8/2024 04:00:00 AM,,10000.0,1230.0,Great Barrington,Berkshire,42.396128,-73.209889,Western MA,454 Main Street,,MA,42.189678,-73.365125,454.0,Main St,,,Great Barrington,MA,Berkshire County,1230.0,"Coastal Cultivars, LLC",MA,MACCC,Massachusetts Cannabis Control Commission,,,,,
07/01/2024,APPROVED,Marijuana Delivery Operator Pre-Certification,Priority Review - Economic Empowerment Priority,Priority,Economic Empowerment Priority,PROVISIONAL LICENSE,,COMPLETE,PMD5838,"Alchemy League, Inc",,,,,12 Marcella St,,Boston,MA,2119,,,12 Marcella St,,Boston,MA,2119,82-4415549,PMDA5838,7/1/2021 10:22:33 AM,6/11/2021 04:00:00 AM,,True,,EE201940,,APPROVED,EE201940,,,,,Minority-Owned Business,,,,5/30/2021 11:25:56 AM,7/12/2021 11:50:36 AM,7/12/2021 11:51:54 AM,7/12/2021 04:00:00 AM,7/12/2023 04:00:00 AM,,0.0,,,,,,,,,MA,,,,,,,,,,,"Alchemy League, Inc",MA,MACCC,Massachusetts Cannabis Control Commission,,,,,
07/01/2024,APPROVED,Marijuana Cultivator,General Applicant,General Applicant,General Applicant,COMMENCE OPS,7/17/2023,COMPLETE,MC281599,Native Sun Wellness,Fitchburg,1420.0,,,67 Kemble Street,,Boston,MA,2144,POINT (-71.840209 42.329642),POINT (-71.857412 42.5623829),55 Henshaw,,Brighton,MA,2135,82-2598834,MCN281599,5/29/2019 12:09:41 PM,11/20/2018 12:00:00 AM,12/17/2019 11:58:33 AM,False,,,,,,,,,,Not a DBE,Indoor,"Tier 05: 30,001 to 40,000 sq. ft",3/9/2023 03:00:00 AM,7/11/2018 02:12:14 PM,8/29/2019 12:00:00 AM,10/10/2019 01:09:10 PM,1/11/2024 03:00:00 AM,1/22/2025 03:00:00 AM,,10000.0,1420.0,Fitchburg,Worcester,42.329642,-71.840209,Central MA,140 Industrial Road,,MA,42.562383,-71.857413,140.0,Industrial Rd,,,Fitchburg,MA,Worcester County,1420.0,Native Sun Wellness,MA,MACCC,Massachusetts Cannabis Control Commission,,,,,
07/01/2024,APPROVED,Marijuana Retailer,General Applicant,General Applicant,General Applicant,COMMENCE OPS,5/9/2023,COMPLETE,MR284607,New England Regional Dispensary,Clarksburg,1247.0,,,34 Cross Road,,Clarksburg,MA,1247,POINT (-73.209889 42.396128),POINT (-73.079824 42.7158220),65 Furnace St,,North Adams,MA,1247,84-4449751,MRN284607,9/16/2022 02:25:19 PM,5/2/2022 10:57:05 AM,,False,no,,,,,,,,,Not a DBE,,,4/14/2023 04:00:00 AM,3/7/2022 12:05:55 PM,8/5/2022 09:18:07 AM,9/19/2022 08:43:17 AM,10/12/2023 04:00:00 AM,10/16/2024 04:00:00 AM,,10000.0,1247.0,North Adams,Berkshire,42.396128,-73.209889,Western MA,34 Cross Road,,MA,42.715822,-73.079824,34.0,Cross Rd,,,Clarksburg,MA,Berkshire County,1247.0,New England Regional Dispensary,MA,MACCC,Massachusetts Cannabis Control Commission,,,,,
07/01/2024,APPROVED,Marijuana Cultivator,General Applicant,General Applicant,General Applicant,PROVISIONAL LICENSE,,COMPLETE,MC281448,Elevated Gardens LLC,Pittsfield,1201.0,,,17 taconic Park Dr,,Pittsfield,MA,1201,POINT (-73.209889 42.396128),POINT (-73.246639 42.4756410),33 Crossin Ter,,Pittsfield,MA,1201,83-0821971,MCN281448,1/2/2020 01:54:50 PM,2/27/2019 12:00:00 AM,1/24/2020 01:26:32 PM,False,,,,,,,,,,Not a DBE,Indoor,"Tier 01: up to 5,000 square feet",,5/16/2018 01:31:42 PM,11/1/2019 12:00:00 AM,1/16/2020 03:33:55 PM,1/12/2023 03:00:00 AM,1/27/2024 03:00:00 AM,,1250.0,1201.0,Pittsfield,Berkshire,42.396128,-73.209889,Western MA,17 Taconic Park Dr,,MA,42.475641,-73.246639,17.0,Taconic Park Dr,,,Pittsfield,MA,Berkshire County,1201.0,Elevated Gardens LLC,MA,MACCC,Massachusetts Cannabis Control Commission,,,,,
07/01/2024,APPROVED,Marijuana Cultivator,General Applicant,General Applicant,General Applicant,FINAL LICENSE,,COMPLETE,MC283501,Pudding Hill Farm LLC,Blandford,1008.0,,,1 Julius Hall Road,,Blandford,MA,1008,POINT (-72.571312 42.12756),POINT (-72.947947 42.1564079),1 Julius Hall Road,,Blandford,MA,1008,85-3165422,MCN283501,10/30/2021 01:25:29 PM,8/5/2021 02:01:07 PM,1/20/2022 05:27:14 PM,False,no,,,,,,,,,Not a DBE,Indoor,"Tier 01: up to 5,000 square feet",7/13/2023 04:00:00 AM,4/29/2021 04:27:34 PM,11/5/2021 10:35:27 AM,1/20/2022 03:44:57 PM,1/11/2024 03:00:00 AM,1/20/2025 03:00:00 AM,,1250.0,1008.0,Blandford,Hampden,42.12756,-72.571312,Western MA,1 Julius Hall Road,Parcel A,MA,42.156408,-72.947948,1.0,Julius Hall Rd,,,Blandford,MA,Hampden County,1008.0,Pudding Hill Farm LLC,MA,MACCC,Massachusetts Cannabis Control Commission,,,,,
07/01/2024,APPROVED,Marijuana Retailer,Expedited Review - DBE Status,Expedited,DBE Status,PROVISIONAL CONSIDERATION,,PAYMENT_PENDING,MR281472,Elevation Inc.,Brockton,2301.0,,,68 Hovendon Ave.,,Brockton,MA,2302,POINT (-70.818958 41.978877),POINT (-71.019721 42.0823940),68 Hovendon Ave.,,Brockton,MA,2302,30-1173504,MRN281472,2/24/2021 09:44:30 AM,5/28/2020 08:32:06 AM,,False,,,SE303907,,,,,,,Minority-Owned Business,,,,5/23/2018 07:16:06 PM,6/12/2020 08:19:45 AM,3/11/2021 01:46:43 PM,,,,0.0,2301.0,Brockton,Plymouth,41.978877,-70.818958,Southeast and Cape,156-162 Main Street,,MA,42.082394,-71.019721,162.0,Main St,,,Brockton,MA,Plymouth County,2301.0,Elevation Inc.,MA,MACCC,Massachusetts Cannabis Control Commission,,,,,
07/01/2024,APPROVED,Marijuana Retailer,General Applicant,General Applicant,General Applicant,COMMENCE OPS,1/18/2023,COMPLETE,MR282175,Green River Cannabis Company Inc,Greenfield,1301.0,,,398 Deerfield Street,,Greenfield,MA,1301,POINT (-72.573941 42.587072),POINT (-72.594617 42.5719080),30 Washington Street,,Attleboro,MA,2703,83-3185115,MRN282175,3/2/2020 08:01:26 PM,1/9/2020 12:00:00 AM,,False,,,,,,,,,,Not a DBE,,,11/10/2022 03:00:00 AM,12/13/2018 10:31:12 AM,3/5/2020 12:00:00 AM,6/4/2020 02:16:07 PM,10/12/2023 04:00:00 AM,10/14/2024 04:00:00 AM,,10000.0,1301.0,Greenfield,Franklin,42.587072,-72.573941,Western MA,398 Deerfield Street,,MA,42.571908,-72.594618,398.0,Deerfield St,,,Greenfield,MA,Franklin County,1301.0,Green River Cannabis Company Inc,MA,MACCC,Massachusetts Cannabis Control Commission,,,,,
07/01/2024,APPROVED,Marijuana Retailer,Expedited Review - DBE Status,Expedited,DBE Status,COMMENCE OPS,6/4/2024,COMPLETE,MR284276,Smokey Leaf,Greenfield,1301.0,,,45-49 Bank Row,,Greenfield,MA,1301,POINT (-72.573941 42.587072),POINT (-72.600399 42.5864839),49 Bank Row,,Greenfield,MA,1301,86-2382648,MRN284276,8/23/2021 01:36:24 PM,7/20/2021 01:12:14 PM,,False,no,,,,,,,,,Minority-Owned Business | Woman-Owned Business,,,5/9/2024 04:00:00 AM,6/9/2021 09:03:24 AM,9/3/2021 07:44:59 AM,11/18/2021 02:37:36 PM,11/9/2023 03:00:00 AM,11/29/2024 03:00:00 AM,,10000.0,1301.0,Greenfield,Franklin,42.587072,-72.573941,Western MA,45-49 Bank Row,,MA,42.586484,-72.6004,49.0,Bank Row St,,,Greenfield,MA,Franklin County,1301.0,Smokey Leaf,MA,MACCC,Massachusetts Cannabis Control Commission,,,,,
07/01/2024,APPROVED,Marijuana Courier Pre-Certification,Expedited Review - Social Equity Participant,Expedited,Social Equity Participant,PROVISIONAL LICENSE,,COMPLETE,PDO103067,"Alfred's Finest, Inc",,,,,8 Scobee Circle,,Plymouth,MA,2360,,,99 Main Street,,Plympton,MA,2367,83-0824729,PDOA103067,7/3/2020 09:05:59 AM,6/26/2020 01:33:22 PM,,False,,SE303609,SE303609,,,,,,,Minority-Owned Business,,,,5/29/2020 04:04:36 PM,7/23/2020 03:22:02 PM,7/23/2020 03:22:17 PM,7/23/2020 04:00:00 AM,7/23/2022 04:00:00 AM,,0.0,,,,,,,,,MA,,,,,,,,,,,"Alfred's Finest, Inc",MA,MACCC,Massachusetts Cannabis Control Commission,,,,,
07/01/2024,APPROVED,Marijuana Cultivator,Expedited Review - License Type,Expedited,License Type,PROVISIONAL LICENSE,,COMPLETE,MC283773,"Arrow Cultivate, LLC",Sheffield,1257.0,,,237 Bow Wow Road,,Sheffield,MA,1257,POINT (-73.209889 42.396128),POINT (-73.371457 42.119653),163 Main Street,,Sheffield,MA,1257,88-3251268,MCN283773,11/16/2022 01:37:46 PM,8/17/2022 08:39:36 AM,,False,no,,,,,,,,,Not a DBE,Outdoor,"Tier 11: 90,001 to 100,000 sq. ft",,8/5/2022 10:59:24 AM,12/1/2022 09:13:32 AM,2/9/2023 01:05:03 PM,4/20/2023 04:00:00 AM,4/20/2024 04:00:00 AM,,25000.0,1257.0,Sheffield,Berkshire,42.396128,-73.209889,Western MA,237 Bow Wow Road,,MA,42.119653,-73.371457,237.0,Bow Wow Rd,,,Sheffield,MA,Berkshire County,1257.0,"Arrow Cultivate, LLC",MA,MACCC,Massachusetts Cannabis Control Commission,,,,,
07/01/2024,APPROVED,Marijuana Retailer,General Applicant,General Applicant,General Applicant,PROVISIONAL LICENSE,,COMPLETE,MR284765,ELEVATION RETAIL LLC,New Bedford,2740.0,,,0 PHILLIPS RD.,,NEW BEDFORD,MA,2740,POINT (-71.102131 41.778329),POINT (-70.949884 41.7252730),385 GREAT RD.,,BEDFORD,MA,1730,85-3896315,MRN284765,2/9/2023 01:00:10 PM,11/28/2022 11:55:28 AM,8/3/2023 06:07:38 PM,False,no,,,,,,,,,Not a DBE,,,,9/20/2022 01:37:25 PM,2/10/2023 09:35:07 AM,5/11/2023 02:11:57 PM,8/3/2023 04:00:00 AM,8/3/2024 04:00:00 AM,,10000.0,2740.0,New Bedford,Bristol,41.778329,-71.102131,Southeast and Cape,2121 Phillips Road,,MA,41.725273,-70.949885,2121.0,Phillips Rd,,,New Bedford,MA,Bristol County,2745.0,ELEVATION RETAIL LLC,MA,MACCC,Massachusetts Cannabis Control Commission,,,,,
07/01/2024,APPROVED,Marijuana Microbusiness,Expedited Review - License Type,Expedited,License Type,COMMENCE OPS,3/22/2024,COMPLETE,MB282302,Cannalive Genetics LLC,Holyoke,1040.0,,,532 Main Street,Suite 301,Holyoke,MA,1040,POINT (-72.571312 42.12756),POINT (-72.610652 42.1960309),51 Victoria Street,,Somerville,MA,2144,86-3109739,MBN282302,10/24/2021 10:12:07 PM,8/24/2021 01:56:15 PM,1/21/2022 10:01:47 AM,False,no,,,,,,,,,"Not a DBE | Lesbian, Gay, Bisexual, and Transgender Owned Business",,,9/14/2023 04:00:00 AM,4/23/2021 11:15:09 AM,10/29/2021 11:59:35 AM,1/20/2022 03:25:53 PM,1/11/2024 03:00:00 AM,1/21/2025 03:00:00 AM,,625.0,1040.0,Holyoke,Hampden,42.12756,-72.571312,Western MA,532 Main St,Suite 301,MA,42.196031,-72.610652,532.0,Main St,,,Holyoke,MA,Hampden County,1040.0,Cannalive Genetics LLC,MA,MACCC,Massachusetts Cannabis Control Commission,,,,,
07/01/2024,APPROVED,Marijuana Retailer,General Applicant,General Applicant,General Applicant,COMMENCE OPS,12/2/2022,COMPLETE,MR282206,"Coastal Healing, Inc.",Westport,2790.0,,,248 State Road,,Westport,MA,2790,POINT (-71.102131 41.778329),POINT (-71.103795 41.6731279),1942 Crandall Road,,Tiverton,RI,2878,84-2687547,MRN282206,11/6/2021 09:30:29 AM,9/24/2021 11:07:18 AM,,False,no,,,,,,,,,Not a DBE,,,10/13/2022 04:00:00 AM,12/19/2018 10:10:13 AM,11/15/2021 03:49:21 PM,2/14/2022 04:15:01 PM,2/8/2024 03:00:00 AM,2/23/2025 03:00:00 AM,,10000.0,2790.0,Westport,Bristol,41.778329,-71.102131,Southeast and Cape,248 State Road,,MA,41.673128,-71.103795,248.0,State Rd,,,Westport,MA,Bristol County,2790.0,"Coastal Healing, Inc.",MA,MACCC,Massachusetts Cannabis Control Commission,,,,,
07/01/2024,APPROVED,Marijuana Retailer,General Applicant,General Applicant,General Applicant,COMMENCE OPS,12/9/2020,COMPLETE,MR281844,CTDW LLC,Salem,1970.0,,,11 Larchmont Street,,Salem,MA,1970,POINT (-70.970827 42.635475),POINT (-70.893878 42.5187469),11 Larchmont Street,,Salem,MA,1970,83-1824620,MRN281844,10/7/2019 11:02:02 AM,8/26/2019 12:00:00 AM,,False,,,,,,,,,,Not a DBE,,,11/19/2020 03:00:00 AM,8/29/2018 01:53:08 PM,11/1/2019 12:00:00 AM,1/16/2020 03:31:08 PM,3/7/2024 03:00:00 AM,4/17/2025 04:00:00 AM,,10000.0,1970.0,Salem,Essex,42.635475,-70.970827,Northeast,3 Dodge Street,,MA,42.518747,-70.893879,3.0,Dodge St,,,Salem,MA,Essex County,1970.0,CTDW LLC,MA,MACCC,Massachusetts Cannabis Control Commission,,,,,
07/01/2024,APPROVED,Marijuana Retailer,General Applicant,General Applicant,General Applicant,COMMENCE OPS,4/16/2024,COMPLETE,MR284026,"JO Gardner, Inc.",Gardner,1440.0,,,110 Turnpike Road,Suite 114,Westborough,MA,1581,POINT (-71.840209 42.329642),POINT (-71.992067 42.5617840),110 Turnpike Road,Suite 114,Westborough,MA,1581,92-2665351,MRN284026,6/22/2023 12:32:00 PM,3/1/2021 01:52:45 PM,9/18/2023 02:32:04 PM,False,no,,,,,,,,,Not a DBE,,,3/7/2024 03:00:00 AM,1/13/2021 08:09:29 AM,6/30/2023 01:24:55 PM,9/14/2023 03:37:09 PM,9/18/2023 04:00:00 AM,9/18/2024 04:00:00 AM,,10000.0,1440.0,Gardner,Worcester,42.329642,-71.840209,Central MA,320 West Broadway,Unit 1,MA,42.561784,-71.992067,320.0,W Broadway,,,Gardner,MA,Worcester County,1440.0,"JO Gardner, Inc.",MA,MACCC,Massachusetts Cannabis Control Commission,,,,,
07/01/2024,APPROVED,Marijuana Delivery Operator Pre-Certification,Expedited Review - Social Equity Participant,Expedited,Social Equity Participant,PROVISIONAL LICENSE,,COMPLETE,PMD5822,Bean Collective,,,,,63 Coburn st,,Lowell,MA,1850,,,94 Dalby st,,Newton,MA,2458,84-2083386,PMDA5822,7/10/2021 03:44:27 PM,7/9/2021 11:36:39 AM,,False,,SE303968,,INCOMPLETE,EE201943,,,,,Not a DBE,,,,5/28/2021 02:14:36 PM,,7/26/2021 11:04:26 AM,7/26/2021 04:00:00 AM,7/26/2023 04:00:00 AM,,0.0,,,,,,,,,MA,,,,,,,,,,,Bean Collective,MA,MACCC,Massachusetts Cannabis Control Commission,,,,,
07/01/2024,APPROVED,Marijuana Retailer,General Applicant,General Applicant,General Applicant,COMMENCE OPS,6/3/2024,COMPLETE,MR281790,"Greener Leaf, Inc.",Fall River,2724.0,,,95 Rhode Island Avenue,,Fall River,MA,2724,POINT (-71.102131 41.778329),POINT (-71.164101 41.6825699),105 Rhode Island Avenue,,Fall River,MA,2724,83-1134909,MRN281790,1/11/2019 03:39:54 PM,12/20/2018 12:00:00 AM,4/8/2019 07:40:33 PM,False,,,SE306112,,,,,,,Not a DBE,,,2/8/2024 03:00:00 AM,8/9/2018 01:55:23 PM,2/1/2019 12:00:00 AM,4/4/2019 04:32:47 PM,3/7/2024 03:00:00 AM,4/11/2025 04:00:00 AM,,5000.0,2724.0,Fall River,Bristol,41.778329,-71.102131,Southeast and Cape,95 Rhode Island Avenue,,MA,41.68257,-71.164101,95.0,Rhode Island Ave,,,Fall River,MA,Bristol County,2724.0,"Greener Leaf, Inc.",MA,MACCC,Massachusetts Cannabis Control Commission,,,,,
07/01/2024,APPROVED,Marijuana Retailer,General Applicant,General Applicant,General Applicant,PROVISIONAL LICENSE,,COMPLETE,MR282631,PR MA LLC,North Attleborough,2760.0,,,80 E. Washington St,,North Attleborough,MA,2760,POINT (-71.102131 41.778329),POINT (-71.336074 41.9687550),1 Lowe Meadow Lane,,North Attleborough,MA,2760,83-3914861,MRN282631,4/21/2021 05:57:32 PM,4/14/2020 12:00:00 AM,,False,,,,,,,,,,Woman-Owned Business,,,,4/23/2019 11:27:35 AM,5/3/2021 09:54:06 AM,7/15/2021 04:40:18 PM,11/9/2023 03:00:00 AM,11/9/2024 03:00:00 AM,,10000.0,2760.0,North Attleboro,Bristol,41.778329,-71.102131,,80 East Washington Street,,MA,41.968755,-71.336075,80.0,E Washington St,,,North Attleboro,MA,Bristol County,2760.0,PR MA LLC,MA,MACCC,Massachusetts Cannabis Control Commission,,,,,
07/01/2024,APPROVED,Marijuana Delivery Operator Pre-Certification,Expedited Review - Social Equity Participant,Expedited,Social Equity Participant,PROVISIONAL LICENSE,,COMPLETE,PMD5852,Fuego Delivery LLC,,,,,254 Newhill Avenue,,Somerset,MA,2726,,,254 Newhill Avenue,,Somerset,MA,2726,85-1253926,PMDA5852,7/6/2021 06:53:17 PM,7/6/2021 03:01:24 PM,,False,,SE304230,SE304230,,,,,,,Not a DBE,,,,6/2/2021 04:24:29 PM,,7/26/2021 10:37:23 AM,7/26/2021 04:00:00 AM,7/26/2023 04:00:00 AM,,0.0,,,,,,,,,MA,,,,,,,,,,,Fuego Delivery LLC,MA,MACCC,Massachusetts Cannabis Control Commission,,,,,
07/01/2024,APPROVED,Marijuana Retailer,Expedited Review - DBE Status,Expedited,DBE Status,COMMENCE OPS,3/24/2021,COMPLETE,MR283092,"Elevated Roots, LLC",Kingston,2364.0,,,44 William C. Gould Jr. Way,,Kingston,MA,2364,POINT (-70.818958 41.978877),POINT (-70.707825 41.9734819),44 William C. Gould Jr. Way,,Kingston,MA,2364,84-2950736,MRN283092,4/14/2020 01:22:43 PM,2/28/2020 12:00:00 AM,6/23/2020 02:07:56 PM,False,,,,,,,,,,Minority-Owned Business,,,3/11/2021 03:00:00 AM,10/30/2019 10:23:56 AM,4/15/2020 12:00:00 AM,6/4/2020 02:11:30 PM,6/8/2023 04:00:00 AM,10/21/2024 04:00:00 AM,,10000.0,2364.0,Kingston,Plymouth,41.978877,-70.818958,Southeast and Cape,44 William C. Gould Jr. Way,,MA,41.973482,-70.707825,44.0,William C Gould Jr Way,,,Kingston,MA,Plymouth County,2364.0,"Elevated Roots, LLC",MA,MACCC,Massachusetts Cannabis Control Commission,,,,,
07/01/2024,APPROVED,Marijuana Product Manufacturer,Expedited Review - DBE Status,Expedited,DBE Status,PROVISIONAL CONSIDERATION,,PAYMENT_PENDING,MP282269,"Fusion Drop, LLC",Whitman,2382.0,,,800 Hingham St.,,Rockland,MA,2370,POINT (-70.818958 41.978877),POINT (-70.925572 42.0832759),800 Hingham St.,,Rockland,MA,2370,92-3353187,MPN282269,11/15/2023 11:30:43 AM,10/18/2023 12:05:42 PM,,False,no,,,,,,,,,Woman-Owned Business,,,,4/7/2023 10:54:51 AM,11/27/2023 10:04:42 AM,1/11/2024 12:40:46 PM,,,,0.0,2382.0,Whitman,Plymouth,41.978877,-70.818958,Southeast and Cape,356 South Avenue,Units 4B and 6,MA,42.083276,-70.925572,356.0,South Ave,,,Whitman,MA,Plymouth County,2382.0,"Fusion Drop, LLC",MA,MACCC,Massachusetts Cannabis Control Commission,,,,,
07/01/2024,APPROVED,Marijuana Retailer,General Applicant,General Applicant,General Applicant,COMMENCE OPS,8/2/2021,COMPLETE,MR282161,High Hopes LLC,Hopedale,1747.0,,,"1 Menfi Way, Unit 9",,Hopedale,MA,1747,POINT (-71.840209 42.329642),POINT (-71.510435 42.1043090),8 Hope St,,Hopedale,MA,1747,83-2788648,MRN282161,8/12/2020 04:33:32 PM,6/10/2020 01:37:00 PM,,False,,,,,,,,,,Not a DBE,,,6/17/2021 04:00:00 AM,12/10/2018 11:35:10 AM,8/14/2020 12:24:52 PM,10/8/2020 02:17:11 PM,10/12/2023 04:00:00 AM,10/16/2024 04:00:00 AM,,10000.0,1747.0,Hopedale,Worcester,42.329642,-71.840209,Central MA,"1 Menfi Way, Unit 9",,MA,42.104309,-71.510436,1.0,Menfi Way,Unit,9.0,Hopedale,MA,Worcester County,1747.0,High Hopes LLC,MA,MACCC,Massachusetts Cannabis Control Commission,,,,,
07/01/2024,APPROVED,Marijuana Cultivator,Priority Review - Economic Empowerment Priority,Priority,Economic Empowerment Priority,PROVISIONAL LICENSE,,COMPLETE,MC281610,"Greenerside Holdings, LLC",Greenfield,1301.0,,,62 Harold Street,,Boston,MA,2119,POINT (-72.573941 42.587072),POINT (-72.617992 42.5768830),62 Harold Street,,Boston,MA,2119,84-2362662,MCN281610,11/16/2020 03:13:18 PM,8/20/2019 12:00:00 AM,,True,yes,EE202424,SE305852,,,EE202424,,,,Minority-Owned Business,Indoor,"Tier 06: 40,001 to 50,000 sq. ft",,7/17/2018 04:40:51 PM,11/20/2020 09:55:13 AM,2/11/2021 01:23:23 PM,4/11/2024 04:00:00 AM,4/15/2025 04:00:00 AM,,12500.0,1301.0,Greenfield,Franklin,42.587072,-72.573941,Western MA,180 Laurel Street,,MA,42.576883,-72.617993,180.0,Laurel St,,,Greenfield,MA,Franklin County,1301.0,"Greenerside Holdings, LLC",MA,MACCC,Massachusetts Cannabis Control Commission,,,,,
07/01/2024,APPROVED,Marijuana Retailer,General Applicant,General Applicant,General Applicant,COMMENCE OPS,10/12/2023,COMPLETE,MR282314,"Comm Ave Canna, Inc.",Brookline,2215.0,,,1030 Commonwealth Ave,2nd Floor,Brookline,MA,2215,POINT (-71.073493 42.334948),POINT (-71.122123 42.3515239),1030 Commonwealth Ave,2nd Floor,Brookline,MA,2215,83-1825636,MRN282314,4/10/2020 04:16:59 PM,9/11/2019 12:00:00 AM,,False,,,SE306591,,,,,,,Not a DBE,,,8/10/2023 04:00:00 AM,1/21/2019 09:41:24 AM,4/15/2020 12:00:00 AM,7/9/2020 02:39:15 PM,7/13/2023 04:00:00 AM,7/27/2024 04:00:00 AM,,10000.0,2215.0,Boston,Suffolk,42.334948,-71.073493,Metro Boston,1030 Commonwealth Ave,Second Floor,MA,42.351524,-71.122124,1030.0,Commonwealth Ave,,,Boston,MA,Norfolk County,2215.0,"Comm Ave Canna, Inc.",MA,MACCC,Massachusetts Cannabis Control Commission,,,,,
07/01/2024,APPROVED,Marijuana Retailer,General Applicant,General Applicant,General Applicant,COMMENCE OPS,3/8/2023,COMPLETE,MR284117,East Boston Local Roots LLC,Boston,2128.0,,,1006 Bennington Street,,East Boston,MA,2128,POINT (-71.073493 42.334948),POINT (-71.006660 42.3869570),1006 Bennington Street,,East Boston,MA,2128,83-3438581,MRN284117,6/4/2021 10:23:27 AM,6/3/2021 03:29:21 PM,1/10/2022 10:14:47 PM,False,no,,,,,,,,,Not a DBE,,,1/12/2023 03:00:00 AM,2/22/2021 12:39:26 PM,8/20/2021 10:01:18 AM,10/14/2021 01:07:32 PM,1/11/2024 03:00:00 AM,1/12/2025 03:00:00 AM,,10000.0,2128.0,Boston,Suffolk,42.334948,-71.073493,Metro Boston,1006 Bennington Street,,MA,42.386957,-71.006661,1006.0,Bennington St,,,East Boston,MA,Suffolk County,2128.0,East Boston Local Roots LLC,MA,MACCC,Massachusetts Cannabis Control Commission,,,,,
07/01/2024,APPROVED,Marijuana Retailer,Priority Review - Economic Empowerment Priority,Priority,Economic Empowerment Priority,PROVISIONAL LICENSE,,COMPLETE,MR284479,Xhale New England Dispensary LLC,Boston,2124.0,,,888 Morton St,,Mattapan,MA,2126,POINT (-71.073493 42.334948),POINT (-71.084070 42.2810070),888 Morton St,,Mattapan,MA,2126,87-1865619,MRN284479,4/29/2022 10:24:11 AM,12/1/2021 01:09:46 PM,,True,yes,EE202222,SE303585,APPROVED,EE202222,EE202222,,,,Not a DBE,,,,11/5/2021 10:49:46 PM,5/20/2022 09:18:48 AM,7/14/2022 11:55:52 AM,9/14/2023 04:00:00 AM,9/18/2024 04:00:00 AM,,5000.0,2124.0,Boston,Suffolk,42.334948,-71.073493,Metro Boston,888 Morton St,,MA,42.281007,-71.084071,888.0,Morton St,,,Mattapan,MA,Suffolk County,2126.0,Xhale New England Dispensary LLC,MA,MACCC,Massachusetts Cannabis Control Commission,,,,,
07/01/2024,APPROVED,Marijuana Retailer,Expedited Review - Social Equity Participant,Expedited,Social Equity Participant,COMMENCE OPS,6/28/2023,COMPLETE,MR284602,High Street Cannabis Group LLC,Boston,2110.0,,,200 High Street,,Boston,MA,2109,POINT (-71.073493 42.334948),POINT (-71.051990 42.3567749),323 Maple Street,,Lynn,MA,1904,87-1030882,MRN284602,5/5/2022 06:34:16 PM,3/29/2022 08:57:30 AM,,False,no,,SE305529,,,,,,,Not a DBE,,,5/11/2023 04:00:00 AM,3/2/2022 01:21:04 PM,5/27/2022 06:55:21 AM,8/11/2022 11:49:32 AM,10/12/2023 04:00:00 AM,10/18/2024 04:00:00 AM,,10000.0,2110.0,Boston,Suffolk,42.334948,-71.073493,Metro Boston,200 High Street,,MA,42.356775,-71.05199,200.0,High St,,,Boston,MA,Suffolk County,2110.0,High Street Cannabis Group LLC,MA,MACCC,Massachusetts Cannabis Control Commission,,,,,
07/01/2024,APPROVED,Marijuana Product Manufacturer,Expedited Review - DBE Status,Expedited,DBE Status,FINAL LICENSE,,COMPLETE,MP282066,Rhythm of Life Cannabis LLC,Uxbridge,1569.0,,,217 River Road,,Uxbridge,MA,1569,POINT (-71.840209 42.329642),POINT (-71.608356 42.0314830),11 Fox Run,Apt. 10,Marshfield,MA,2050,85-4003722,MPN282066,6/3/2021 09:28:29 AM,4/27/2021 01:08:16 PM,,False,no,,,,,,,,,Minority-Owned Business,,,11/9/2023 03:00:00 AM,4/15/2021 11:17:38 AM,6/4/2021 02:21:09 PM,7/15/2021 04:41:21 PM,8/10/2023 04:00:00 AM,8/23/2024 04:00:00 AM,,10000.0,1569.0,Uxbridge,Worcester,42.329642,-71.840209,Central MA,217 River Road,,MA,42.031483,-71.608356,217.0,River Rd,,,Uxbridge,MA,Worcester County,1569.0,Rhythm of Life Cannabis LLC,MA,MACCC,Massachusetts Cannabis Control Commission,,,,,
07/01/2024,APPROVED,Marijuana Retailer,Priority Review - Economic Empowerment Priority,Priority,Economic Empowerment Priority,COMMENCE OPS,12/4/2023,COMPLETE,MR281454,"Advesa MA, Inc.",Somerville,2144.0,,,690 Broadway,,Somerville,MA,2144,POINT (-71.275566 42.459085),POINT (-71.111852 42.399594),690 Broadway,,Somerville,MA,2144,84-3412899,MRN281454,3/23/2021 08:43:49 PM,2/16/2021 04:55:54 PM,,True,yes,EE202234,,APPROVED,EE202234,EE202234,,,,Not a DBE,,,9/14/2023 04:00:00 AM,5/19/2018 04:49:32 PM,3/26/2021 10:31:49 AM,5/13/2021 12:24:13 PM,7/13/2023 04:00:00 AM,11/12/2024 03:00:00 AM,,5000.0,2144.0,Somerville,Middlesex,42.459085,-71.275566,Metro Boston,690 Broadway,,MA,42.399594,-71.111853,690.0,Broadway,,,Somerville,MA,Middlesex County,2144.0,"Advesa MA, Inc.",MA,MACCC,Massachusetts Cannabis Control Commission,,,,,
07/01/2024,APPROVED,Marijuana Product Manufacturer,Expedited Review - DBE Status,Expedited,DBE Status,PROVISIONAL CONSIDERATION,,PAYMENT_PENDING,MP282092,Pioneer Valley Trading Company LLC,Westfield,1085.0,,,99 Medeiros Way,,Westfield,MA,1085,POINT (-72.571312 42.12756),POINT (-72.732805 42.1754930),104 Feeding Hills Road,,Southwick,MA,1077,84-5131336,MPN282092,2/8/2022 05:26:58 PM,12/28/2021 02:31:41 PM,,False,no,,,,,,,,,Veteran-Owned Business,,,,6/24/2021 01:28:18 PM,2/9/2022 10:59:08 AM,5/12/2022 02:08:14 PM,,,,0.0,1085.0,Westfield,Hampden,42.12756,-72.571312,Western MA,99 Medeiros Way,,MA,42.175493,-72.732806,99.0,Medeiros Way,,,Westfield,MA,Hampden County,1085.0,Pioneer Valley Trading Company LLC,MA,MACCC,Massachusetts Cannabis Control Commission,,,,,
07/01/2024,APPROVED,Third Party Marijuana Transporter,General Applicant,General Applicant,General Applicant,COMMENCE OPS,9/6/2023,COMPLETE,MT281667,Atlas Marketplace & Delivery LLC dba Plymouth Armor Group,Belchertown,1007.0,,,44 Depot Street,Unit C,Belchertown,MA,1007,POINT (-72.62073 42.322256),POINT (-72.347308 42.2127940),14 Apollo 11 Road,Unit 2,Plymouth,MA,2360,82-4630434,MTN281667,11/17/2022 05:03:24 PM,5/16/2022 12:28:07 PM,3/10/2023 01:46:11 PM,False,no,,,,,,,,,Not a DBE,,,7/13/2023 04:00:00 AM,6/17/2021 01:43:30 PM,1/13/2023 11:10:41 AM,3/9/2023 12:31:48 PM,3/7/2024 03:00:00 AM,3/10/2025 04:00:00 AM,,5000.0,1007.0,Belchertown,Hampshire,42.322256,-72.62073,Western MA,44 Depot Street,Unit C,MA,42.212794,-72.347309,44.0,Depot St,,,Belchertown,MA,Hampshire County,1007.0,Atlas Marketplace & Delivery LLC dba Plymouth Armor Group,MA,MACCC,Massachusetts Cannabis Control Commission,,,,,
07/01/2024,APPROVED,Marijuana Cultivator,General Applicant,General Applicant,General Applicant,PROVISIONAL LICENSE,,COMPLETE,MC282119,"Heal Cultivation, LLC",Warren,1083.0,,,70 Pulaski Street,,Warren,MA,1083,POINT (-71.840209 42.329642),POINT (-72.231876 42.2093470),4 Irving Road,,Weston,MA,2493,83-3280768,MCN282119,4/28/2020 10:07:34 AM,11/7/2019 12:00:00 AM,,False,,,,,,,,,,Not a DBE,Indoor,"Tier 02: 5,001 to 10,000 sq. ft.",,4/29/2019 05:30:47 PM,5/26/2020 02:05:55 PM,7/9/2020 02:57:37 PM,8/11/2022 04:00:00 AM,8/12/2023 04:00:00 AM,,2500.0,1083.0,Warren,Worcester,42.329642,-71.840209,Central MA,70 Pulaski Street,,MA,42.209347,-72.231877,70.0,Pulaski St,,,West Warren,MA,Worcester County,1092.0,"Heal Cultivation, LLC",MA,MACCC,Massachusetts Cannabis Control Commission,,,,,
07/01/2024,APPROVED,Marijuana Cultivator,Expedited Review - Social Equity Participant,Expedited,Social Equity Participant,PROVISIONAL LICENSE,,COMPLETE,MC283511,620 Industries Inc.,Holyoke,1040.0,,,620 Beaulieau St,,Holyoke,MA,1040,POINT (-72.571312 42.12756),POINT (-72.616309 42.1928010),620 Beaulieau St,,Holyoke,MA,1040,86-2537294,MCN283511,8/8/2021 09:26:22 PM,6/9/2021 10:56:26 AM,,False,yes,SE304954,SE304954,,,,,,,Not a DBE,Indoor,"Tier 01: up to 5,000 square feet",,5/11/2021 01:13:09 PM,8/13/2021 11:34:58 AM,10/14/2021 01:07:18 PM,10/13/2022 04:00:00 AM,11/12/2023 03:00:00 AM,,625.0,1040.0,Holyoke,Hampden,42.12756,-72.571312,Western MA,620 Beaulieau Street,,MA,42.192801,-72.61631,620.0,Beaulieu St,,,Holyoke,MA,Hampden County,1040.0,620 Industries Inc.,MA,MACCC,Massachusetts Cannabis Control Commission,,,,,
07/01/2024,APPROVED,Marijuana Retailer,General Applicant,General Applicant,General Applicant,COMMENCE OPS,11/21/2022,COMPLETE,MR282634,"Misty Mountain Shop, LLC",Malden,2148.0,,,161 Boston Road,,Chelmsford,MA,1824,POINT (-71.275566 42.459085),POINT (-71.076266 42.416204),161 Boston Rd,,Chelmsford,MA,1824,83-4544652,MRN282634,5/12/2021 07:03:59 PM,4/22/2021 11:03:11 AM,9/26/2021 04:30:11 PM,False,no,,,,,,,,,Not a DBE,,,10/13/2022 04:00:00 AM,4/23/2019 09:51:38 PM,7/26/2021 09:25:48 AM,9/17/2021 12:31:08 PM,9/14/2023 04:00:00 AM,9/26/2024 04:00:00 AM,,10000.0,2148.0,Malden,Middlesex,42.459085,-71.275566,Northeast,323 Commercial Street,,MA,42.416204,-71.076266,323.0,Commercial St,,,Malden,MA,Middlesex County,2148.0,"Misty Mountain Shop, LLC",MA,MACCC,Massachusetts Cannabis Control Commission,,,,,
07/01/2024,APPROVED,Marijuana Product Manufacturer,General Applicant,General Applicant,General Applicant,PROVISIONAL LICENSE,,COMPLETE,MP282229,Ember Gardens NBP LLC,New Bedford,2746.0,,,1 Nauset Street,,New Bedford,MA,2746,POINT (-71.102131 41.778329),POINT (-70.937067 41.6620789),254 Newhill Avenue,,Somerset,MA,2726,85-2581567,MPN282229,11/18/2022 10:44:36 AM,9/2/2022 12:04:44 PM,3/6/2024 11:29:14 AM,False,no,,,,,,,,,Not a DBE,,,,9/1/2022 09:37:27 AM,12/2/2022 02:58:30 PM,3/9/2023 12:38:13 PM,3/6/2024 03:00:00 AM,3/6/2025 03:00:00 AM,,10000.0,2746.0,New Bedford,Bristol,41.778329,-71.102131,Southeast and Cape,1 Nauset Street,,MA,41.662079,-70.937068,1.0,Nauset St,,,New Bedford,MA,Bristol County,2746.0,Ember Gardens NBP LLC,MA,MACCC,Massachusetts Cannabis Control Commission,,,,,
07/01/2024,APPROVED,Marijuana Retailer,General Applicant,General Applicant,General Applicant,COMMENCE OPS,4/26/2021,COMPLETE,MR282410,Bud's Goods & Provisions Corp. (FKA Trichome Health Corp.),Abington,2351.0,,,54 West Boylston St,Apt 1,Worcester,MA,1606,POINT (-70.818958 41.978877),POINT (-70.954938 42.1453729),54 West Boylston St,Apt 1,Worcester,MA,1606,81-3554788,MRN282410,4/2/2020 03:45:33 PM,2/28/2020 12:00:00 AM,9/22/2020 12:02:24 PM,True,,,,,,,APPROVED,RP201939,RP201939,Not a DBE,,,4/16/2021 04:00:00 AM,2/15/2019 01:36:29 PM,4/8/2020 12:00:00 AM,6/4/2020 02:06:49 PM,9/14/2023 04:00:00 AM,9/22/2024 04:00:00 AM,,10000.0,2351.0,Abington,Plymouth,41.978877,-70.818958,Southeast and Cape,1540 Bedford Street,,MA,42.145373,-70.954939,1540.0,Bedford St,,,Abington,MA,Plymouth County,2351.0,Bud's Goods & Provisions Corp. (FKA Trichome Health Corp.),MA,MACCC,Massachusetts Cannabis Control Commission,,,,,
07/01/2024,APPROVED,Independent Testing Laboratory,Priority Review - MTC Priority,Priority,MTC Priority,COMMENCE OPS,11/7/2018,COMPLETE,IL281275,"CDX Analyticc, LLC",Salem,1970.0,,,39 Norman Street,,Salem,MA,1970,POINT (-70.970827 42.635475),POINT (-70.898126 42.519762),39 Norman Street,,Salem,MA,1970,47-5562943,ILN281275,8/9/2018 12:32:54 PM,7/3/2018 12:00:00 AM,9/13/2018 10:23:51 AM,False,,,,,,,,,,Not a DBE,,,10/18/2018 04:00:00 AM,5/22/2018 02:02:40 PM,8/6/2018 12:00:00 AM,8/23/2018 03:46:38 PM,6/8/2023 04:00:00 AM,6/13/2024 04:00:00 AM,,5000.0,1970.0,Salem,Essex,42.635475,-70.970827,Northeast,39 Norman Street,,MA,42.519762,-70.898126,39.0,Norman St,,,Salem,MA,Essex County,1970.0,"CDX Analyticc, LLC",MA,MACCC,Massachusetts Cannabis Control Commission,,,,,
07/01/2024,APPROVED,Marijuana Courier Pre-Certification,Expedited Review - Social Equity Participant,Expedited,Social Equity Participant,PROVISIONAL LICENSE,,COMPLETE,PDO103028,Emerald River LLC,,,,,127 Saint Kolbe Dr,,Holyoke,MA,1040,,,127 Saint Kolbe Dr,,Holyoke,MA,1040,84-2206309,PDOA103028,6/12/2020 12:41:30 PM,6/10/2020 11:44:44 AM,,False,,SE304495,SE304495,,,,,,,Not a DBE,,,,5/28/2020 06:43:08 PM,6/19/2020 02:11:14 PM,6/30/2020 10:01:10 AM,6/30/2020 04:00:00 AM,6/30/2022 04:00:00 AM,,0.0,,,,,,,,,MA,,,,,,,,,,,Emerald River LLC,MA,MACCC,Massachusetts Cannabis Control Commission,,,,,
07/01/2024,APPROVED,Marijuana Product Manufacturer,General Applicant,General Applicant,General Applicant,PROVISIONAL CONSIDERATION,,PAYMENT_PENDING,MP282215,"Haze of Grafton, LLC",Grafton,1536.0,,,"135 Westboro rd, UNITS 2,3,4","UNITS 2,3,4",North Grafton,MA,1536,POINT (-71.840209 42.329642),POINT (-71.691231 42.2438969),135 Westboro rd,,North Grafton,MA,1536,87-2635711,MPN282215,2/27/2024 05:27:58 PM,12/4/2023 11:05:59 AM,,False,no,,,,,,,,,Not a DBE,,,,7/1/2022 08:18:39 AM,2/28/2024 09:10:29 AM,5/9/2024 12:31:32 PM,,,,0.0,1536.0,North Grafton,Worcester,42.329642,-71.840209,,135 Westboro rd,,MA,42.243897,-71.691232,135.0,Westboro Rd,,,North Grafton,MA,Worcester County,1536.0,"Haze of Grafton, LLC",MA,MACCC,Massachusetts Cannabis Control Commission,,,,,
07/01/2024,APPROVED,Microbusiness Delivery,Expedited Review - Social Equity Participant,Expedited,Social Equity Participant,PROVISIONAL LICENSE,,COMPLETE,DE201005,UPROOT LLC,,,,,61 Fremont St,,Worcester,MA,1603,,,5 Fan Pier Blvd,Unit 1001,Boston,MA,2210,83-4248176,DEN201005,3/3/2021 02:22:21 PM,10/19/2020 10:19:04 AM,3/3/2022 12:15:36 PM,False,,SE304812,,,,,,,,,,,,6/2/2020 03:48:37 AM,3/3/2021 03:08:23 PM,7/8/2021 10:46:21 AM,10/20/2023 04:00:00 AM,10/20/2024 04:00:00 AM,,2369.0,,,,,,,,,MA,,,,,,,,,,,UPROOT LLC,MA,MACCC,Massachusetts Cannabis Control Commission,,,,,
07/01/2024,APPROVED,Marijuana Cultivator,General Applicant,General Applicant,General Applicant,PROVISIONAL LICENSE,,COMPLETE,MC282004,HumboldtEast LLC,Georgetown,1833.0,,,2 Norino Way,,Georgetown,MA,1833,POINT (-70.970827 42.635475),POINT (-70.955948 42.7181470),395B Ipswich Rd,,Boxford,MA,1921,83-2992256,MCN282004,3/9/2020 04:43:58 PM,11/14/2019 12:00:00 AM,5/8/2020 03:04:56 PM,False,,,,,,,,,,Not a DBE,Indoor,"Tier 03: 10,001 to 20,000 sq. ft",,2/23/2019 12:08:31 PM,3/19/2020 12:00:00 AM,5/8/2020 02:44:07 PM,4/14/2023 04:00:00 AM,5/8/2024 04:00:00 AM,,5000.0,1833.0,Georgetown,Essex,42.635475,-70.970827,Northeast,2 Norino Way,,MA,42.718147,-70.955948,2.0,Norino Way,,,Georgetown,MA,Essex County,1833.0,HumboldtEast LLC,MA,MACCC,Massachusetts Cannabis Control Commission,,,,,
07/01/2024,APPROVED,Marijuana Cultivator,General Applicant,General Applicant,General Applicant,PROVISIONAL LICENSE,,COMPLETE,MC283386,Dark Stream LLC,Douglas,1516.0,,,116 Davis Street,,Douglas,MA,1516,POINT (-71.840209 42.329642),POINT (-71.690961 42.062483),116 Davis Street,,Douglas,MA,1516,85-3794051,MCN283386,10/5/2021 12:42:47 PM,7/30/2021 12:17:29 PM,12/20/2021 09:54:57 PM,False,no,,,,,,,,,Not a DBE,Indoor,"Tier 02: 5,001 to 10,000 sq. ft.",,2/25/2021 09:08:44 AM,10/8/2021 12:06:57 PM,11/18/2021 02:42:55 PM,12/20/2021 03:00:00 AM,12/20/2022 03:00:00 AM,,2500.0,1516.0,Douglas,Worcester,42.329642,-71.840209,Central MA,116 Davis Street,,MA,42.062483,-71.690962,116.0,Davis St,,,Douglas,MA,Worcester County,1516.0,Dark Stream LLC,MA,MACCC,Massachusetts Cannabis Control Commission,,,,,
07/01/2024,APPROVED,Marijuana Retailer,General Applicant,General Applicant,General Applicant,COMMENCE OPS,1/23/2024,COMPLETE,MR284693,CATAHOULA CANNABIS LLC,Fall River,2721.0,,,160 HARTWELL STREET,,FALL RIVER,MA,2720,POINT (-71.102131 41.778329),POINT (-71.151736 41.6972329),PO BOX 1989,,FALL RIVER,MA,2722,92-0314453,MRN284693,12/23/2022 11:29:37 AM,12/13/2022 08:33:06 AM,,False,no,,,,,,,,,Not a DBE,,,7/13/2023 04:00:00 AM,6/13/2022 08:58:37 AM,1/6/2023 09:35:48 AM,2/9/2023 01:13:23 PM,4/11/2024 04:00:00 AM,4/15/2025 04:00:00 AM,,10000.0,2721.0,Fall River,Bristol,41.778329,-71.102131,Southeast and Cape,160 Hartwell St.,,MA,41.697233,-71.151736,160.0,Hartwell St,,,Fall River,MA,Bristol County,2721.0,CATAHOULA CANNABIS LLC,MA,MACCC,Massachusetts Cannabis Control Commission,,,,,
07/01/2024,APPROVED,Marijuana Courier Pre-Certification,Expedited Review - Social Equity Participant,Expedited,Social Equity Participant,PROVISIONAL LICENSE,,COMPLETE,PDO103029,"Caroline's Bud Delivery, LLC",,,,,217 River Road,,Uxbridge,MA,1569,,,PO Box 175,,Douglas,MA,1516,85-0855188,PDOA103029,7/9/2020 04:30:24 PM,7/2/2020 12:19:30 PM,,False,,SE303599,SE303599,,,,,,,Not a DBE,,,,5/28/2020 06:50:36 PM,7/10/2020 09:15:49 AM,7/13/2020 03:03:45 PM,7/13/2020 04:00:00 AM,7/13/2022 04:00:00 AM,,0.0,,,,,,,,,MA,,,,,,,,,,,"Caroline's Bud Delivery, LLC",MA,MACCC,Massachusetts Cannabis Control Commission,,,,,
07/01/2024,APPROVED,Marijuana Courier Pre-Certification,Expedited Review - Social Equity Participant,Expedited,Social Equity Participant,PROVISIONAL LICENSE,,COMPLETE,PDO103046,Hizzy Inc.,,,,,5 Robert J Way,,Plymouth,MA,2360,,,298 NICHOLS DR,,TAUNTON,MA,2780,85-1118691,PDOA103046,6/11/2020 09:17:16 AM,6/10/2020 05:11:53 PM,,False,,SE303859,,,,,,,,Not a DBE,,,,5/28/2020 09:42:18 PM,6/19/2020 02:19:16 PM,6/30/2020 09:38:36 AM,6/30/2020 04:00:00 AM,6/30/2022 04:00:00 AM,,0.0,,,,,,,,,MA,,,,,,,,,,,Hizzy Inc.,MA,MACCC,Massachusetts Cannabis Control Commission,,,,,
07/01/2024,APPROVED,Marijuana Cultivator,Expedited Review - DBE Status,Expedited,DBE Status,PROVISIONAL LICENSE,,COMPLETE,MC282674,Releaf Cultivation L.L.C,Gardner,1440.0,,,232 Old Colony Unit 203,Unit 203,Boston,MA,2127,POINT (-71.840209 42.329642),POINT (-71.951241 42.597206),232 Old Colony Unit 203,Unit 203,Boston,MA,2127,00-1433646,MCN282674,4/25/2021 01:55:54 PM,12/17/2020 02:11:05 PM,,False,no,,,,,,,,,Minority-Owned Business | Woman-Owned Business,Indoor,"Tier 02: 5,001 to 10,000 sq. ft.",,3/1/2020 06:56:29 PM,4/30/2021 10:01:55 AM,8/12/2021 02:28:11 PM,8/10/2023 04:00:00 AM,8/18/2024 04:00:00 AM,,2500.0,1440.0,Gardner,Worcester,42.329642,-71.840209,Central MA,120 Suffolk Lane,,MA,42.597206,-71.951242,120.0,Suffolk Ln,,,Gardner,MA,Worcester County,1440.0,Releaf Cultivation L.L.C,MA,MACCC,Massachusetts Cannabis Control Commission,,,,,
07/01/2024,APPROVED,Marijuana Product Manufacturer,General Applicant,General Applicant,General Applicant,COMMENCE OPS,12/27/2023,COMPLETE,MP282172,"J-B.A.M., Inc",Pittsfield,2101.0,,,: 71 DOWNING PKWY BLDG A,,Pittsfield,MA,1021,,POINT (-73.197941 42.4596870),PO Box 311,,East Otis,MA,1029,84-1776607,MPN282172,3/10/2022 01:24:28 PM,2/17/2022 11:01:09 AM,,False,no,,,,,,,,,Not a DBE,,,8/10/2023 04:00:00 AM,2/3/2022 09:30:40 AM,3/18/2022 03:30:37 PM,5/12/2022 02:12:17 PM,4/26/2023 04:00:00 AM,10/10/2024 04:00:00 AM,,10000.0,,,,,,,71 Downing Parkway Building A,,MA,42.459687,-73.197942,71.0,Downing Pkwy,Bldg,,Pittsfield,MA,Berkshire County,1201.0,"J-B.A.M., Inc",MA,MACCC,Massachusetts Cannabis Control Commission,,,,,
07/01/2024,APPROVED,Marijuana Retailer,General Applicant,General Applicant,General Applicant,COMMENCE OPS,9/20/2019,COMPLETE,MR281248,"Late Spring, Inc. D/B/A Gage Cannabis Company",Ayer,1432.0,,,38 Littleton Rd,,Ayer,MA,1432,POINT (-71.275566 42.459085),POINT (-71.565910 42.5518530),38 Littleton Rd,,Ayer,MA,1432,82-5274353,MRN281248,8/7/2018 10:31:32 AM,7/10/2018 12:00:00 AM,10/10/2018 01:21:00 PM,True,,,,,,,APPROVED,RP201835,RP201835,Not a DBE,,,6/13/2019 04:00:00 AM,4/17/2018 12:37:57 PM,8/10/2018 12:00:00 AM,9/20/2018 03:50:19 PM,10/12/2023 04:00:00 AM,10/16/2024 04:00:00 AM,,5000.0,1432.0,Ayer,Middlesex,42.459085,-71.275566,Central MA,38 Littleton Rd,,MA,42.551853,-71.56591,38.0,Littleton Rd,,,Ayer,MA,Middlesex County,1432.0,"Late Spring, Inc. D/B/A Gage Cannabis Company",MA,MACCC,Massachusetts Cannabis Control Commission,,,,,
07/01/2024,APPROVED,Marijuana Product Manufacturer,Expedited Review - DBE Status,Expedited,DBE Status,PROVISIONAL LICENSE,,COMPLETE,MP281872,Cedar Roots LLC,Ware,1082.0,,,50 East Main Street,,Ware,MA,1082,POINT (-72.62073 42.322256),POINT (-72.239175 42.2589919),12 Elm Street,,Ware,MA,1082,85-1700172,MPN281872,8/28/2020 06:18:42 PM,8/25/2020 02:19:57 PM,10/12/2020 07:06:21 PM,False,no,,,,,,,,,Woman-Owned Business,,,,4/14/2020 10:27:04 PM,9/2/2020 08:11:38 AM,10/8/2020 12:41:35 PM,9/14/2023 04:00:00 AM,10/12/2024 04:00:00 AM,,10000.0,1082.0,Ware,Hampshire,42.322256,-72.62073,Western MA,50 East Main Street,,MA,42.258992,-72.239175,50.0,E Main St,,,Ware,MA,Hampshire County,1082.0,Cedar Roots LLC,MA,MACCC,Massachusetts Cannabis Control Commission,,,,,
07/01/2024,APPROVED,Marijuana Microbusiness,Expedited Review - Social Equity Participant,Expedited,Social Equity Participant,PROVISIONAL LICENSE,,COMPLETE,MB282225,Richards Flowers LLC,Framingham,1702.0,,,296 Irving Street,,Framingham,MA,1702,POINT (-71.275566 42.459085),POINT (-71.408326 42.2715910),5 Nadine Road,,Framingham,MA,1701,83-4513975,MBN282225,3/2/2021 12:25:04 PM,2/22/2021 11:06:08 AM,,False,no,,,,,,,,,Not a DBE,,,,2/4/2021 02:28:36 PM,3/12/2021 11:03:45 AM,6/22/2021 11:10:06 AM,2/8/2024 03:00:00 AM,2/8/2025 03:00:00 AM,,5625.0,1702.0,Framingham,Middlesex,42.459085,-71.275566,Central MA,296 Irving Street,,MA,42.271591,-71.408326,296.0,Irving St,,,Framingham,MA,Middlesex County,1702.0,Richards Flowers LLC,MA,MACCC,Massachusetts Cannabis Control Commission,,,,,
07/01/2024,APPROVED,Marijuana Cultivator,Expedited Review - License Type,Expedited,License Type,PROVISIONAL LICENSE,,COMPLETE,MC283662,"True Cannabis, Inc.",Heath,1346.0,,,2 Bellor Road,,Heath,MA,1346,POINT (-72.573941 42.587072),POINT (-72.827235 42.7253400),45 School Street,Suite 202,Boston,MA,2108,87-3649278,MCN283662,5/4/2022 10:36:56 AM,1/18/2022 09:57:53 AM,,False,no,,,,,,,,,Not a DBE,Outdoor,"Tier 11: 90,001 to 100,000 sq. ft",,12/7/2021 09:17:27 PM,5/6/2022 06:49:24 AM,6/9/2022 01:01:27 PM,6/14/2022 04:00:00 AM,6/14/2023 04:00:00 AM,,25000.0,1346.0,Heath,Franklin,42.587072,-72.573941,Western MA,92 Sadoga Road,,MA,42.72534,-72.827236,92.0,Sadoga Rd,,,Colrain,MA,Franklin County,1340.0,"True Cannabis, Inc.",MA,MACCC,Massachusetts Cannabis Control Commission,,,,,
07/01/2024,APPROVED,Marijuana Product Manufacturer,General Applicant,General Applicant,General Applicant,PROVISIONAL LICENSE,,COMPLETE,MP282091,"Aspen Blue Wareham, Inc.",Wareham,2571.0,,,20 Centerville Road,,Warwick,RI,2886,POINT (-70.818958 41.978877),POINT (-70.722459 41.7663739),20 Centerville Road,,Warwick,RI,2886,86-3837883,MPN282091,9/16/2021 01:08:58 PM,9/14/2021 11:24:52 AM,12/7/2022 10:12:09 PM,False,no,,,,,,,,,Not a DBE,,,,6/22/2021 12:56:51 PM,10/22/2021 11:11:16 AM,1/20/2022 03:24:02 PM,12/7/2022 03:00:00 AM,12/7/2023 03:00:00 AM,,10000.0,2571.0,Wareham,Plymouth,41.978877,-70.818958,Southeast and Cape,8 Elm Street,,MA,41.766374,-70.72246,8.0,Elm St,,,Wareham,MA,Plymouth County,2571.0,"Aspen Blue Wareham, Inc.",MA,MACCC,Massachusetts Cannabis Control Commission,,,,,
07/01/2024,APPROVED,Marijuana Retailer,General Applicant,General Applicant,General Applicant,PROVISIONAL LICENSE,,COMPLETE,MR284186,"Cypress Tree Management Fenway, Inc.",Boston,2215.0,,,419 Boylston Street,300,Boston,MA,2116,POINT (-71.073493 42.334948),POINT (-71.088710 42.3468030),419 Boylston Street,300,Boston,MA,2116,83-3754125,MRN284186,4/19/2021 12:31:23 PM,4/1/2021 12:42:03 PM,,False,no,,,,,,,,,Not a DBE,,,,3/23/2021 03:52:43 PM,4/30/2021 08:55:55 AM,6/22/2021 10:51:40 AM,7/13/2023 04:00:00 AM,11/24/2024 03:00:00 AM,,10000.0,2215.0,Boston,Suffolk,42.334948,-71.073493,Metro Boston,1112-1116 Boylston Street,,MA,42.346803,-71.08871,,Boylston St,,,Boston,MA,Suffolk County,2215.0,"Cypress Tree Management Fenway, Inc.",MA,MACCC,Massachusetts Cannabis Control Commission,,,,,
07/01/2024,APPROVED,Marijuana Delivery Operator Pre-Certification,Expedited Review - Social Equity Participant,Expedited,Social Equity Participant,PROVISIONAL LICENSE,,COMPLETE,PMD5946,195 East LLC,,,,,257 Union Street,,New Bedford,MA,2740,,,257 Union Street,,New Bedford,MA,2740,85-3080174,PMDA5946,10/28/2021 11:35:07 AM,10/25/2021 01:53:46 PM,,False,,SE304913,,,,,,,,Not a DBE,,,,10/21/2021 08:20:50 AM,11/3/2021 11:05:06 AM,12/14/2021 11:11:19 AM,12/14/2021 03:00:00 AM,12/14/2023 03:00:00 AM,,0.0,,,,,,,,,MA,,,,,,,,,,,195 East LLC,MA,MACCC,Massachusetts Cannabis Control Commission,,,,,
07/01/2024,APPROVED,Marijuana Delivery Operator Pre-Certification,Expedited Review - Two or More,Expedited,Two or More,PROVISIONAL LICENSE,,COMPLETE,PMD5821,"Oasis of Tranquility, Inc.",,,,,Lot 5 at 0 Hill Street,,Norton,MA,2766,,,Lot 5 at 0 Hill Street,,Norton,MA,2766,85-4140045,PMDA5821,7/22/2021 07:47:44 AM,7/8/2021 12:29:21 PM,,False,,SE304228,SE304228,,,,,,,Minority-Owned Business | Woman-Owned Business,,,,5/28/2021 01:55:23 PM,8/2/2021 02:07:54 PM,8/2/2021 02:08:05 PM,8/2/2021 04:00:00 AM,8/2/2023 04:00:00 AM,,0.0,,,,,,,,,MA,,,,,,,,,,,"Oasis of Tranquility, Inc.",MA,MACCC,Massachusetts Cannabis Control Commission,,,,,
07/01/2024,APPROVED,Marijuana Retailer,General Applicant,General Applicant,General Applicant,PROVISIONAL LICENSE,,COMPLETE,MR284664,Botanica LLC,Somerville,2145.0,,,620 Broadway,,Somerville,MA,2145,POINT (-71.275566 42.459085),POINT (-71.109705 42.398747),31 Rogers Ave,,Somerville,MA,2144,83-4099185,MRN284664,11/8/2022 07:35:54 PM,6/6/2022 01:47:04 PM,,False,no,,,,,,,,,Not a DBE,,,,5/24/2022 10:35:38 AM,11/16/2022 12:24:17 PM,2/9/2023 01:05:55 PM,3/7/2023 03:00:00 AM,3/7/2024 03:00:00 AM,,10235.0,2145.0,Somerville,Middlesex,42.459085,-71.275566,Metro Boston,620 Broadway,,MA,42.398747,-71.109705,620.0,Broadway,,,Somerville,MA,Middlesex County,2145.0,Botanica LLC,MA,MACCC,Massachusetts Cannabis Control Commission,,,,,
07/01/2024,APPROVED,Marijuana Cultivator,General Applicant,General Applicant,General Applicant,PROVISIONAL CONSIDERATION,,PAYMENT_PENDING,MC281611,"TetraMed, LLC",Gardner,1440.0,,,30 Powder Point Ave,,Duxbury,MA,2332,POINT (-71.840209 42.329642),POINT (-71.986626 42.5571819),30 Powder Point Ave,,Duxbury,MA,2332,82-5139695,MCN281611,1/3/2020 10:49:15 AM,3/4/2019 12:00:00 AM,,False,,,,,,,,,,Not a DBE,Indoor,"Tier 04: 20,001 to 30,000 sq. ft",,7/18/2018 12:57:22 PM,11/1/2019 12:00:00 AM,1/16/2020 03:41:26 PM,,,,0.0,1440.0,Gardner,Worcester,42.329642,-71.840209,Central MA,85 Winter Street,,MA,42.557182,-71.986626,85.0,Winter St,,,Gardner,MA,Worcester County,1440.0,"TetraMed, LLC",MA,MACCC,Massachusetts Cannabis Control Commission,,,,,
07/01/2024,APPROVED,Marijuana Retailer,General Applicant,General Applicant,General Applicant,PROVISIONAL LICENSE,,COMPLETE,MR282824,Mint Dispensary Facilities II LLC,Pittsfield,1201.0,,,1035 South Street,,Pittsfield,MA,1201,POINT (-73.209889 42.396128),POINT (-73.263259 42.4078000),21001 N Tatum Blvd #1630-486,,Phoenix,AZ,85050,84-2306875,MRN282824,7/31/2020 01:35:37 PM,3/3/2020 12:00:00 AM,11/20/2020 01:24:47 PM,False,,,,,,,,,,Not a DBE,,,,7/1/2019 12:41:57 PM,8/6/2020 10:10:43 AM,9/10/2020 01:18:34 PM,1/20/2022 03:00:00 AM,1/21/2023 03:00:00 AM,,10000.0,1201.0,Pittsfield,Berkshire,42.396128,-73.209889,Western MA,1035 South Street,,MA,42.4078,-73.263259,1035.0,South St,,,Pittsfield,MA,Berkshire County,1201.0,Mint Dispensary Facilities II LLC,MA,MACCC,Massachusetts Cannabis Control Commission,,,,,
07/01/2024,APPROVED,Marijuana Microbusiness,Expedited Review - License Type,Expedited,License Type,PROVISIONAL LICENSE,,COMPLETE,MB282233,Heart of Gold LLC,New Braintree,1531.0,,,1141 Worcester Road,,New Braintree,MA,1531,POINT (-71.840209 42.329642),POINT (-72.058899 42.317712),1225 Worcester Road,,New Braintree,MA,1531,86-2088059,MBN282233,8/18/2021 11:13:11 AM,6/14/2021 08:09:25 AM,,False,no,,,,,,,,,Woman-Owned Business,,,,2/8/2021 03:03:10 PM,8/23/2021 02:56:40 PM,11/18/2021 02:42:57 PM,6/8/2023 04:00:00 AM,6/8/2024 04:00:00 AM,,5625.0,1531.0,New Braintree,Worcester,42.329642,-71.840209,Central MA,1141 Worcester Road,,MA,42.317712,-72.0589,1141.0,Worcester Rd,,,New Braintree,MA,Worcester County,1531.0,Heart of Gold LLC,MA,MACCC,Massachusetts Cannabis Control Commission,,,,,
07/01/2024,APPROVED,Marijuana Product Manufacturer,General Applicant,General Applicant,General Applicant,PROVISIONAL LICENSE,,COMPLETE,MP281686,"Sama Productions, LLC",Sandisfield,1255.0,,,42 South Main Street,,Sandisfield,MA,1255,POINT (-73.209889 42.396128),POINT (-73.063928 42.0758950),28 Priscilla Avenue,,Yonkers,NY,10710,86-1451776,MPN281686,1/4/2022 02:51:30 PM,9/16/2021 05:41:04 PM,,False,no,,,,,,,,,Not a DBE,,,,6/1/2019 03:52:48 AM,1/14/2022 11:17:53 AM,3/10/2022 01:51:04 PM,6/8/2023 04:00:00 AM,10/13/2024 04:00:00 AM,,10000.0,1255.0,Sandisfield,Berkshire,42.396128,-73.209889,Western MA,42 South Main Street,,MA,42.075895,-73.063928,42.0,S Main St,,,Sandisfield,MA,Hampden County,1255.0,"Sama Productions, LLC",MA,MACCC,Massachusetts Cannabis Control Commission,,,,,
07/01/2024,APPROVED,Marijuana Retailer,General Applicant,General Applicant,General Applicant,PROVISIONAL LICENSE,,COMPLETE,MR283710,Ember Gardens NBR LLC,New Bedford,2746.0,,,1 Nauset Street,,New Bedford,MA,2746,POINT (-71.102131 41.778329),POINT (-70.937067 41.6620789),254 Newhill Ave.,,Somerset,MA,2726,85-2845686,MRN283710,9/22/2022 11:19:45 AM,9/1/2022 02:35:02 PM,2/1/2024 04:12:17 PM,False,no,,,,,,,,,Not a DBE,,,,7/30/2020 04:53:35 PM,11/18/2022 01:32:34 PM,2/9/2023 01:15:10 PM,2/1/2024 03:00:00 AM,2/1/2025 03:00:00 AM,,10000.0,2746.0,New Bedford,Bristol,41.778329,-71.102131,Southeast and Cape,1 Nauset Street,,MA,41.662079,-70.937068,1.0,Nauset St,,,New Bedford,MA,Bristol County,2746.0,Ember Gardens NBR LLC,MA,MACCC,Massachusetts Cannabis Control Commission,,,,,
07/01/2024,APPROVED,Marijuana Retailer,Expedited Review - DBE Status,Expedited,DBE Status,PROVISIONAL LICENSE,,COMPLETE,MR285090,"Chill & Bliss II, LLC",Quincy,2169.0,,,800 Hingham Street,Unit 5,Rockland,MA,2370,POINT (-71.15444 42.199156),POINT (-70.981722 42.2375249),800 Hingham Street,Unit 5,Rockland,MA,2370,93-1510316,MRN285090,2/23/2024 07:39:55 AM,12/6/2023 11:56:08 AM,,False,no,,,,,,,,,Woman-Owned Business,,,,11/28/2023 12:36:35 PM,2/28/2024 08:57:25 AM,5/9/2024 12:30:30 PM,5/16/2024 04:00:00 AM,5/16/2025 04:00:00 AM,,10000.0,2169.0,Quincy,Norfolk,42.199156,-71.15444,Metro Boston,503 Quincy Avenue,,MA,42.237525,-70.981722,503.0,Quincy Ave,,,Quincy,MA,Norfolk County,2169.0,"Chill & Bliss II, LLC",MA,MACCC,Massachusetts Cannabis Control Commission,,,,,
07/01/2024,APPROVED,Marijuana Retailer,General Applicant,General Applicant,General Applicant,COMMENCE OPS,4/8/2022,COMPLETE,MR283264,"DMA Holdings (MA), LLC",Dudley,1571.0,,,35 Chase Avenue,,Dudley,MA,1571,POINT (-71.840209 42.329642),POINT (-71.888422 42.0413339),PO Box 1210,,Webster,MA,1570,84-2453548,MRN283264,7/30/2020 02:35:20 PM,6/4/2020 02:17:56 PM,,False,,,,,,,,,,Not a DBE,,,3/10/2022 03:00:00 AM,2/1/2020 11:19:18 AM,8/6/2020 11:29:10 AM,10/8/2020 01:01:53 PM,1/11/2024 03:00:00 AM,1/25/2025 03:00:00 AM,,10000.0,1571.0,Dudley,Worcester,42.329642,-71.840209,Central MA,35 Chase Avenue,,MA,42.041334,-71.888422,35.0,Chase Ave,,,Dudley,MA,Worcester County,1571.0,"DMA Holdings (MA), LLC",MA,MACCC,Massachusetts Cannabis Control Commission,,,,,
07/01/2024,APPROVED,Marijuana Courier Pre-Certification,Expedited Review - Social Equity Participant,Expedited,Social Equity Participant,PROVISIONAL LICENSE,,COMPLETE,PDO103585,INFINITREE LLC,,,,,10 DEGAUTIER WAY,,ROXBURY,MA,2119,,,10 DEGAUTIER WAY,,ROXBURY,MA,2119,88-1212832,PDOA103585,6/28/2022 03:25:40 PM,6/9/2022 09:04:12 AM,,False,,SE305367,SE305367,,,,,,,Not a DBE,,,,1/20/2022 09:11:49 AM,,7/8/2022 12:39:04 PM,7/8/2022 04:00:00 AM,7/8/2024 04:00:00 AM,,0.0,,,,,,,,,MA,,,,,,,,,,,INFINITREE LLC,MA,MACCC,Massachusetts Cannabis Control Commission,,,,,
07/01/2024,APPROVED,Marijuana Cultivator,General Applicant,General Applicant,General Applicant,PROVISIONAL LICENSE,,COMPLETE,MC281274,MJ's Market Inc.,Grafton,1536.0,,,119 Drum Hill Road,STE 225,Chelmsford,MA,1824,POINT (-71.840209 42.329642),POINT (-71.689358 42.2493729),119 Drum Hill Road,STE 225,Chelmsford,MA,1824,82-5246841,MCN281274,3/12/2020 03:42:53 PM,2/13/2020 12:00:00 AM,12/22/2020 11:03:14 AM,False,,,,,,,,,,Not a DBE,Indoor,"Tier 01: up to 5,000 square feet",,4/19/2018 02:04:37 PM,3/27/2020 12:00:00 AM,7/9/2020 03:07:12 PM,1/20/2022 03:00:00 AM,1/22/2023 03:00:00 AM,,1250.0,1536.0,North Grafton,Worcester,42.329642,-71.840209,,13 Centennial Drive,,MA,42.249373,-71.689359,13.0,Centennial Dr,,,North Grafton,MA,Worcester County,1536.0,MJ's Market Inc.,MA,MACCC,Massachusetts Cannabis Control Commission,,,,,
07/01/2024,APPROVED,Marijuana Retailer,General Applicant,General Applicant,General Applicant,COMMENCE OPS,8/29/2022,COMPLETE,MR282424,Ironstone Express Inc.,Uxbridge,1569.0,,,454 Quaker hwy,,Uxbridge,MA,1569,POINT (-71.840209 42.329642),POINT (-71.620092 42.040799),p.o box 101,574 Blackstone St,UXBRIDGE,MA,1569,83-4174397,MRN282424,3/20/2020 01:57:20 PM,1/23/2020 12:00:00 AM,6/10/2020 09:28:22 AM,False,,,,,,,,,,Not a DBE,,,6/9/2022 04:00:00 AM,2/20/2019 05:43:26 PM,4/7/2020 12:00:00 AM,6/4/2020 02:26:16 PM,7/13/2023 04:00:00 AM,7/15/2024 04:00:00 AM,,10000.0,1569.0,Uxbridge,Worcester,42.329642,-71.840209,Central MA,454 Quaker Highway,,MA,42.040799,-71.620092,454.0,Quaker Hwy,,,Uxbridge,MA,Worcester County,1569.0,Ironstone Express Inc.,MA,MACCC,Massachusetts Cannabis Control Commission,,,,,
07/01/2024,APPROVED,Marijuana Product Manufacturer,General Applicant,General Applicant,General Applicant,COMMENCE OPS,7/24/2020,COMPLETE,MP281417,"Pioneer Valley Extracts, LLC",Northampton,1062.0,,,43 Ladd St,,Florence,MA,1062,POINT (-72.62073 42.322256),POINT (-72.663559 42.3195860),351 Pleasant St,Suite B143,Northampton,MA,1060,82-3037645,MPN281417,10/12/2018 02:13:29 PM,9/11/2018 12:00:00 AM,2/11/2019 10:50:19 AM,False,,,,,,,,,,"Lesbian, Gay, Bisexual, and Transgender Owned Business | Woman-Owned Business",,,2/6/2020 03:00:00 AM,6/23/2018 03:38:31 PM,10/23/2018 12:00:00 AM,1/10/2019 01:53:01 PM,2/8/2024 03:00:00 AM,2/15/2025 03:00:00 AM,,5000.0,1062.0,Florence,Hampshire,42.322256,-72.62073,,43 Ladd Avenue,,MA,42.319586,-72.663559,43.0,Ladd Ave,,,Florence,MA,Hampshire County,1062.0,"Pioneer Valley Extracts, LLC",MA,MACCC,Massachusetts Cannabis Control Commission,,,,,
07/01/2024,APPROVED,Marijuana Retailer,Priority Review - MTC Priority,Priority,MTC Priority,COMMENCE OPS,1/16/2024,COMPLETE,MR284150,Theory Wellness Inc.,Medford,2155.0,,,162 Mystic Ave,,Medford,MA,2155,POINT (-71.275566 42.459085),POINT (-71.104564 42.4097950),38 Montvale Ave,#210,Stoneham,MA,2180,47-5615911,MRN284150,11/14/2022 12:19:30 PM,8/2/2022 09:21:54 AM,,True,no,,,,,,APPROVED,RP201916,RP201916,Not a DBE,,,12/14/2023 03:00:00 AM,3/11/2021 12:13:58 PM,12/2/2022 02:51:44 PM,4/14/2023 03:32:54 PM,4/11/2024 04:00:00 AM,4/25/2025 04:00:00 AM,,10000.0,2155.0,Medford,Middlesex,42.459085,-71.275566,Northeast,162 Mystic Avenue,,MA,42.409795,-71.104565,162.0,Mystic Ave,,,Medford,MA,Middlesex County,2155.0,Theory Wellness Inc.,MA,MACCC,Massachusetts Cannabis Control Commission,,,,,
07/01/2024,APPROVED,Marijuana Cultivator,Expedited Review - DBE Status,Expedited,DBE Status,PROVISIONAL LICENSE,,COMPLETE,MC281593,Crabgrass LLC,Clinton,1510.0,,,830-894 Main Street,,Clinton,MA,1510,POINT (-71.840209 42.329642),POINT (-71.688266 42.4272240),27 Puritan Park,,Swampscott,MA,1907,83-2896743,MCN281593,10/2/2020 02:49:59 PM,4/6/2020 12:00:00 AM,,False,no,,,,,,,,,Woman-Owned Business,Indoor,"Tier 05: 30,001 to 40,000 sq. ft",,7/6/2018 12:29:47 PM,12/29/2020 09:44:57 AM,1/14/2021 03:26:47 PM,4/7/2022 04:00:00 AM,4/8/2023 04:00:00 AM,,22500.0,1510.0,Clinton,Worcester,42.329642,-71.840209,Central MA,830-894 Main Street,,MA,42.427224,-71.688267,894.0,Main St,,,Clinton,MA,Worcester County,1510.0,Crabgrass LLC,MA,MACCC,Massachusetts Cannabis Control Commission,,,,,
07/01/2024,APPROVED,Marijuana Cultivator,General Applicant,General Applicant,General Applicant,COMMENCE OPS,2/7/2022,COMPLETE,MC281392,Mass Yield Cultivation LLC,Pittsfield,1201.0,,,8-10 Commercial Street,,Pittsfield,MA,1201,POINT (-73.209889 42.396128),POINT (-73.248069 42.4794750),1450 East Street,Suite 1,Pittsfield,MA,1201,82-5343504,MCN281392,4/18/2019 02:34:47 PM,8/20/2018 12:00:00 AM,7/22/2019 11:36:38 AM,False,,,,,,,,,,Not a DBE,Indoor,"Tier 02: 5,001 to 10,000 sq. ft.",8/12/2021 04:00:00 AM,5/4/2018 11:15:52 AM,10/23/2018 12:00:00 AM,7/18/2019 05:07:21 PM,12/14/2023 03:00:00 AM,12/18/2024 03:00:00 AM,,2500.0,1201.0,Pittsfield,Berkshire,42.396128,-73.209889,Western MA,8-12 COMMERICAL STREET,,MA,42.479475,-73.24807,,,,,Pittsfield,MA,Berkshire County,1201.0,Mass Yield Cultivation LLC,MA,MACCC,Massachusetts Cannabis Control Commission,,,,,
07/01/2024,APPROVED,Marijuana Retailer,Priority Review - Economic Empowerment Priority,Priority,Economic Empowerment Priority,PROVISIONAL CONSIDERATION,,PAYMENT_PENDING,MR284764,684 Center St. JP LLC,Boston,2130.0,,,684 Centre Street,,Jamaica Plain,MA,2130,POINT (-71.073493 42.334948),POINT (-71.114001 42.3118520),116 Harvard Avenue,,Allston,MA,2134,88-1671498,MRN284764,2/10/2023 02:48:34 PM,12/14/2022 09:03:05 AM,,True,yes,SE303621,,,,EEA202112,,,,Not a DBE,,,,9/20/2022 09:41:44 AM,2/17/2023 02:13:02 PM,4/14/2023 02:22:02 PM,,,,0.0,2130.0,Jamaica Plain,Suffolk,42.334948,-71.073493,,684 Centre Street,,MA,42.311852,-71.114002,684.0,Centre St,,,Jamaica Plain,MA,Suffolk County,2130.0,684 Center St. JP LLC,MA,MACCC,Massachusetts Cannabis Control Commission,,,,,
07/01/2024,APPROVED,Marijuana Microbusiness,Expedited Review - License Type,Expedited,License Type,PROVISIONAL LICENSE,,COMPLETE,MB282389,Farma Gardens LLC,Rowley,1969.0,,,118 Central Street,,Rowley,MA,1969,POINT (-70.970827 42.635475),POINT (-70.885631 42.7231919),118 Central Street,,Rowley,MA,1969,87-3309593,MBN282389,4/13/2022 06:22:18 PM,3/25/2022 03:37:04 PM,8/17/2022 04:07:49 PM,False,no,,,,,,,,,Not a DBE,,,,3/9/2022 09:40:05 AM,5/6/2022 08:05:03 AM,7/14/2022 12:03:50 PM,2/8/2024 03:00:00 AM,2/8/2025 03:00:00 AM,,312.0,1969.0,Rowley,Essex,42.635475,-70.970827,Northeast,118 Central Street,,MA,42.723192,-70.885631,118.0,Central St,,,Rowley,MA,Essex County,1969.0,Farma Gardens LLC,MA,MACCC,Massachusetts Cannabis Control Commission,,,,,
07/01/2024,APPROVED,Marijuana Retailer,General Applicant,General Applicant,General Applicant,COMMENCE OPS,12/16/2022,COMPLETE,MR283113,"B.O.T. REALTY, LLC",Fitchburg,1420.0,,,223 LUNENBURG ST,,FITCHBURG,MA,1420,POINT (-71.840209 42.329642),POINT (-71.780385 42.5848829),227 LUNENBURG ST,,FITCHBURG,MA,1420,20-5109733,MRN283113,7/29/2021 09:14:00 AM,4/8/2021 04:19:41 PM,11/27/2021 02:40:54 PM,False,,,,,,,,,,Not a DBE,,,10/13/2022 04:00:00 AM,11/10/2019 02:24:01 PM,8/23/2021 02:47:13 PM,11/18/2021 02:33:41 PM,11/9/2023 03:00:00 AM,11/27/2024 03:00:00 AM,,10000.0,1420.0,Fitchburg,Worcester,42.329642,-71.840209,Central MA,223 LUNENBURG ST,,MA,42.584883,-71.780386,223.0,Lunenburg St,,,Fitchburg,MA,Worcester County,1420.0,"B.O.T. REALTY, LLC",MA,MACCC,Massachusetts Cannabis Control Commission,,,,,
07/01/2024,APPROVED,Marijuana Cultivator,General Applicant,General Applicant,General Applicant,PROVISIONAL LICENSE,,COMPLETE,MC283027,"Sunhouse Mass, LLC",Pittsfield,1201.0,,,428 Merrill Rd.,,Pittsfield,MA,1210,POINT (-73.209889 42.396128),POINT (-73.210599 42.4564820),169 Bolsa Ave,,Mill Valley,CA,94941,83-4368728,MCN283027,1/4/2021 01:10:59 PM,12/14/2020 10:26:55 AM,,False,no,,,,,,,,,Not a DBE,Indoor,"Tier 06: 40,001 to 50,000 sq. ft",,8/28/2020 11:06:50 AM,1/8/2021 01:10:08 PM,3/11/2021 02:06:41 PM,7/14/2022 04:00:00 AM,7/16/2023 04:00:00 AM,,25000.0,1201.0,Pittsfield,Berkshire,42.396128,-73.209889,Western MA,428 MERRILL RD,,MA,42.456482,-73.2106,428.0,Merrill Rd,,,Pittsfield,MA,Berkshire County,1201.0,"Sunhouse Mass, LLC",MA,MACCC,Massachusetts Cannabis Control Commission,,,,,
07/01/2024,APPROVED,Independent Testing Laboratory,Expedited Review - License Type,Expedited,License Type,PROVISIONAL CONSIDERATION,,PAYMENT_PENDING,IL281363,"ACT Laboratories of Massachusetts, LLC",Fitchburg,1420.0,,,131 John Fitch Highway,,Fitchburg,MA,1420,POINT (-71.840209 42.329642),POINT (-71.776529 42.574624),152 North Street,"Suite 340, East Wing",Pittsfield,MA,1201,30-0857299,ILN281363,2/7/2022 03:25:46 PM,7/28/2021 12:10:34 PM,,False,no,,,,,,,,,Not a DBE,,,,12/31/2020 01:15:56 PM,2/8/2022 01:42:23 PM,3/10/2022 01:57:49 PM,,,,0.0,1420.0,Fitchburg,Worcester,42.329642,-71.840209,Central MA,131 John Fitch Highway,,MA,42.574624,-71.77653,131.0,John Fitch Hwy,,,Fitchburg,MA,Worcester County,1420.0,"ACT Laboratories of Massachusetts, LLC",MA,MACCC,Massachusetts Cannabis Control Commission,,,,,
07/01/2024,APPROVED,Marijuana Retailer,Priority Review - Economic Empowerment Priority,Priority,Economic Empowerment Priority,COMMENCE OPS,6/28/2024,COMPLETE,MR281304,NashMac LLC,Abington,2351.0,,,654 Washington Street,,Braintree,MA,2184,POINT (-70.818958 41.978877),POINT (-70.946059 42.1401230),"654 Washington Street, Ste. 100",,Braintree,MA,2184,82-5195312,MRN281304,11/6/2022 10:19:56 PM,12/7/2021 09:44:29 AM,,True,yes,EE202159,SE303505,APPROVED,EE202159,EE202159,,,,Not a DBE,,,5/9/2024 04:00:00 AM,4/23/2018 09:26:25 PM,5/23/2023 04:34:15 PM,6/8/2023 11:36:46 AM,6/28/2023 04:00:00 AM,8/24/2024 04:00:00 AM,,5000.0,2351.0,Abington,Plymouth,41.978877,-70.818958,Southeast and Cape,678 Adams Street,,MA,42.140123,-70.946059,678.0,Adams St,,,Abington,MA,Plymouth County,2351.0,NashMac LLC,MA,MACCC,Massachusetts Cannabis Control Commission,,,,,
07/01/2024,APPROVED,Marijuana Microbusiness,Expedited Review - DBE Status,Expedited,DBE Status,COMMENCE OPS,2/18/2022,COMPLETE,MB281692,"Green Thumb Growers, LLC",Dracut,1826.0,,,68 Marshall street,,Watertown,MA,2472,POINT (-71.275566 42.459085),POINT (-71.349922 42.6832339),68 Marshall street,,Watertown,MA,2472,84-3353133,MBN281692,6/8/2020 07:54:49 PM,12/5/2019 12:00:00 AM,,False,yes,SE304133,SE304133,,,,,,,Not a DBE,,,9/17/2021 04:00:00 AM,10/12/2019 07:12:50 PM,6/16/2020 08:49:05 AM,8/6/2020 01:59:39 PM,8/10/2023 04:00:00 AM,8/17/2024 04:00:00 AM,,2812.0,1826.0,Dracut,Middlesex,42.459085,-71.275566,Northeast,1935 Lakeview Ave,,MA,42.683234,-71.349922,1935.0,Lakeview Ave,,,Dracut,MA,Middlesex County,1826.0,"Green Thumb Growers, LLC",MA,MACCC,Massachusetts Cannabis Control Commission,,,,,
07/01/2024,APPROVED,Marijuana Retailer,General Applicant,General Applicant,General Applicant,COMMENCE OPS,8/10/2023,COMPLETE,MR282629,"ToroVerde (Massachusetts) III, Inc.",Whately,1093.0,,,C/O Evanscutler Attorneys 90 Conz Street,,Northampton,MA,1060,POINT (-72.573941 42.587072),POINT (-72.163417 42.5737310),C/O Evanscutler Attorneys 90 Conz Street,,Northampton,MA,1060,83-2548412,MRN282629,1/21/2020 11:16:19 AM,11/13/2019 12:00:00 AM,6/29/2020 04:25:02 PM,False,,,,,,,,,,Not a DBE,,,7/13/2023 04:00:00 AM,4/22/2019 04:28:32 PM,3/5/2020 12:00:00 AM,5/13/2020 09:50:46 AM,6/8/2023 04:00:00 AM,10/27/2024 04:00:00 AM,,10000.0,1093.0,Whately,Franklin,42.587072,-72.573941,Western MA,424 State Road,Unit A1,MA,42.573731,-72.163418,424.0,State Rd,,,Phillipston,MA,Worcester County,1331.0,"ToroVerde (Massachusetts) III, Inc.",MA,MACCC,Massachusetts Cannabis Control Commission,,,,,
07/01/2024,APPROVED,Marijuana Retailer,General Applicant,General Applicant,General Applicant,COMMENCE OPS,5/11/2021,COMPLETE,MR283193,The Healing Center LLC,Fitchburg,1420.0,,,346 River Street,,Fitchburg,MA,1450,POINT (-71.840209 42.329642),POINT (-71.819103 42.5819770),228 Lewis Wharf,,Boston,MA,2110,83-0685209,MRN283193,8/4/2020 03:04:17 PM,4/10/2020 12:00:00 AM,,False,,,,,,,,,,Not a DBE,,,4/16/2021 04:00:00 AM,12/20/2019 05:30:13 PM,8/6/2020 11:02:08 AM,9/10/2020 01:55:20 PM,11/9/2023 03:00:00 AM,11/13/2024 03:00:00 AM,,10000.0,1420.0,Fitchburg,Worcester,42.329642,-71.840209,Central MA,346 River St,,MA,42.581977,-71.819104,346.0,River St,,,Fitchburg,MA,Worcester County,1420.0,The Healing Center LLC,MA,MACCC,Massachusetts Cannabis Control Commission,,,,,
07/01/2024,APPROVED,Marijuana Product Manufacturer,General Applicant,General Applicant,General Applicant,PROVISIONAL CONSIDERATION,,PAYMENT_PENDING,MP281484,"Climb Cannabis, LLC",Pittsfield,1201.0,,,70 Jefferson Place,,Pittsfield,MA,1201,POINT (-73.209889 42.396128),POINT (-73.266490 42.444049),7 Sound View Ter,,Greenwich,CT,6830,83-2046722,MPN281484,10/5/2021 06:27:39 PM,8/12/2019 12:00:00 AM,,False,,,,,,,,,,Not a DBE,,,,9/13/2018 11:48:04 AM,10/29/2021 01:36:18 PM,1/20/2022 03:26:18 PM,,,,0.0,1201.0,Pittsfield,Berkshire,42.396128,-73.209889,Western MA,70 Jefferson Place,,MA,42.444049,-73.26649,70.0,Jefferson Pl,,,Pittsfield,MA,Berkshire County,1201.0,"Climb Cannabis, LLC",MA,MACCC,Massachusetts Cannabis Control Commission,,,,,
07/01/2024,APPROVED,Marijuana Delivery Operator,Expedited Review - Social Equity Participant,Expedited,Social Equity Participant,PROVISIONAL LICENSE,,COMPLETE,MD1302,EnRoot Home Delivery LLC,Boston,2121.0,,,415 Blue Hill Ave,,Boston,MA,2121,POINT (-71.073493 42.334948),,22 Warren St,,Boston,MA,2119,87-3973817,MDA1302,11/14/2022 12:06:23 AM,9/7/2022 11:28:01 AM,,False,,EE201954,SE305360,,,,,,,Not a DBE,,,,3/17/2022 01:47:26 PM,11/15/2022 11:24:19 AM,1/12/2023 01:08:52 PM,1/12/2023 03:00:00 AM,1/12/2024 03:00:00 AM,,0.0,2121.0,Boston,Suffolk,42.334948,-71.073493,Metro Boston,,,MA,,,,,,,,,,,EnRoot Home Delivery LLC,MA,MACCC,Massachusetts Cannabis Control Commission,,,,,
07/01/2024,APPROVED,Marijuana Delivery Operator Pre-Certification,Expedited Review - Social Equity Participant,Expedited,Social Equity Participant,PROVISIONAL LICENSE,,COMPLETE,PMD5785,KushKart,,,,,11 Hadwen Road,,Worcester,MA,1602,,,11 Hadwen Road,,Worcester,MA,1602,85-1639387,PMDA5785,7/8/2021 04:30:10 PM,7/8/2021 01:04:29 PM,,False,,SE304623,SE304623,,,,,,,Not a DBE,,,,5/27/2021 06:38:18 PM,,7/26/2021 10:46:07 AM,7/26/2021 04:00:00 AM,7/26/2023 04:00:00 AM,,0.0,,,,,,,,,MA,,,,,,,,,,,KushKart,MA,MACCC,Massachusetts Cannabis Control Commission,,,,,
07/01/2024,APPROVED,Marijuana Cultivator,General Applicant,General Applicant,General Applicant,PROVISIONAL LICENSE,,COMPLETE,MC281757,"Whole Sun Farm, LLC",Dunstable,1827.0,,,48 Valley Street,,Dunstable,MA,1827,POINT (-71.275566 42.459085),POINT (-71.459789 42.6586560),48 Valley Street,,Dunstable,MA,1827,83-2139842,MCN281757,9/11/2019 10:28:03 PM,3/26/2019 12:00:00 AM,4/8/2020 12:39:26 PM,False,,,,,,,,,,Not a DBE,Outdoor,"Tier 01: up to 5,000 square feet",,10/17/2018 11:43:15 AM,9/18/2019 12:00:00 AM,1/9/2020 11:31:35 AM,4/8/2020 04:00:00 AM,4/17/2021 04:00:00 AM,,625.0,1827.0,Dunstable,Middlesex,42.459085,-71.275566,Northeast,48 Valley Street,,MA,42.658656,-71.459789,48.0,Valley St,,,Dunstable,MA,Middlesex County,1827.0,"Whole Sun Farm, LLC",MA,MACCC,Massachusetts Cannabis Control Commission,,,,,
07/01/2024,APPROVED,Marijuana Retailer,Expedited Review - DBE Status,Expedited,DBE Status,COMMENCE OPS,2/1/2021,COMPLETE,MR281981,"DDM Sales, Inc.",Blackstone,1504.0,,,220 Pulaski Boulevard,,Bellingham,MA,2019,POINT (-71.840209 42.329642),POINT (-71.499499 42.019354),220 Pulaski Boulevard,,Bellingham,MA,2019,83-1994009,MRN281981,4/23/2020 05:06:54 PM,2/3/2020 12:00:00 AM,,False,,,,,,,,,,Minority-Owned Business,,,1/14/2021 03:00:00 AM,10/20/2018 10:23:08 AM,5/20/2020 02:37:14 PM,7/9/2020 02:42:41 PM,7/13/2023 04:00:00 AM,7/20/2024 04:00:00 AM,,10000.0,1504.0,Blackstone,Worcester,42.329642,-71.840209,Central MA,1 Lloyd Street,,MA,42.019354,-71.499499,1.0,Lloyd St,,,Blackstone,MA,Worcester County,1504.0,"DDM Sales, Inc.",MA,MACCC,Massachusetts Cannabis Control Commission,,,,,
07/01/2024,APPROVED,Marijuana Delivery Operator,Expedited Review - Social Equity Participant,Expedited,Social Equity Participant,COMMENCE OPS,12/27/2023,COMPLETE,MD1321,Dris Corporation,Natick,1760.0,,,16 Tech Circle,Suite 202,Natick,MA,1760,POINT (-71.275566 42.459085),,30 Hemlock Street,,Brockton,MA,2302,87-4683700,MDA1321,2/10/2023 02:19:39 PM,1/4/2023 04:54:51 PM,,False,,SE304880,SE304880,,,,,,,Not a DBE,,,11/16/2023 03:00:00 AM,10/24/2022 10:46:08 AM,2/10/2023 02:48:06 PM,4/14/2023 02:54:00 PM,4/14/2023 04:00:00 AM,8/12/2024 04:00:00 AM,,0.0,1760.0,Natick,Middlesex,42.459085,-71.275566,Central MA,,,MA,,,,,,,,,,,Dris Corporation,MA,MACCC,Massachusetts Cannabis Control Commission,,,,,
07/01/2024,APPROVED,Marijuana Cultivator,General Applicant,General Applicant,General Applicant,COMMENCE OPS,2/22/2023,COMPLETE,MC283492,"Highmark Provisions, LLC",Holliston,1746.0,,,18 Colella Farm Road,,Hopkinton,MA,1748,POINT (-71.275566 42.459085),POINT (-71.445428 42.175756),18 Colella Farm Road,,Hopkinton,MA,1748,85-2733723,MCN283492,8/31/2021 01:49:53 PM,8/4/2021 10:46:49 AM,10/14/2021 05:41:54 PM,False,no,,,,,,,,,Not a DBE,Indoor,"Tier 02: 5,001 to 10,000 sq. ft.",9/15/2022 04:00:00 AM,4/25/2021 03:07:16 PM,9/3/2021 09:37:24 AM,10/14/2021 01:10:13 PM,9/14/2023 04:00:00 AM,10/14/2024 04:00:00 AM,,2500.0,1746.0,Holliston,Middlesex,42.459085,-71.275566,Central MA,201 Summer Street,,MA,42.175756,-71.445428,201.0,Summer St,,,Holliston,MA,Middlesex County,1746.0,"Highmark Provisions, LLC",MA,MACCC,Massachusetts Cannabis Control Commission,,,,,
07/01/2024,APPROVED,Marijuana Retailer,Priority Review - Economic Empowerment Priority,Priority,Economic Empowerment Priority,COMMENCE OPS,4/8/2022,COMPLETE,MR281626,Home Grown 617 LLC,Cambridge,2139.0,,,"580 Massachusetts Ave Cambridge, MA",,Cambridge,MA,2139,POINT (-71.275566 42.459085),POINT (-71.102801 42.3646749),"580 Massachusetts Ave Cambridge, MA",,Cambridge,MA,2139,84-3236808,MRN281626,2/10/2021 02:13:56 PM,1/12/2021 01:06:04 PM,5/3/2021 06:39:41 PM,True,yes,EE201972,SE303793,APPROVED,EE201972,EEA201972,,,,Not a DBE,,,2/10/2022 03:00:00 AM,6/20/2018 09:42:40 PM,2/11/2021 01:42:45 PM,4/16/2021 01:53:45 PM,5/11/2023 04:00:00 AM,9/11/2024 04:00:00 AM,,5000.0,2139.0,Cambridge,Middlesex,42.459085,-71.275566,Metro Boston,580 Massachusetts Ave,,MA,42.364675,-71.102802,580.0,Massachusetts Ave,,,Cambridge,MA,Middlesex County,2139.0,Home Grown 617 LLC,MA,MACCC,Massachusetts Cannabis Control Commission,,,,,
07/01/2024,APPROVED,Marijuana Retailer,General Applicant,General Applicant,General Applicant,COMMENCE OPS,9/17/2021,COMPLETE,MR283073,"Eskar Northbridge, LLC",Northbridge,1534.0,,,15 Forbes Street,Apartment #2,Boston,MA,2130,POINT (-71.840209 42.329642),POINT (-71.641504 42.1258529),15 Forbes Street,Apartment #2,Boston,MA,2130,84-3733015,MRN283073,4/13/2020 02:26:00 PM,3/17/2020 12:00:00 AM,7/17/2020 12:03:18 PM,False,,,,,,,,,,Not a DBE,,,8/12/2021 04:00:00 AM,10/22/2019 04:48:12 PM,4/15/2020 12:00:00 AM,7/9/2020 02:48:41 PM,7/13/2023 04:00:00 AM,7/17/2024 04:00:00 AM,,10000.0,1534.0,Northbridge,Worcester,42.329642,-71.840209,Central MA,"Plat 28, Parcel 73 a/k/a Building 4, Commerce Drive",,MA,42.125853,-71.641505,100.0,Commerce Dr,Bldg,4.0,Northbridge,MA,Worcester County,1534.0,"Eskar Northbridge, LLC",MA,MACCC,Massachusetts Cannabis Control Commission,,,,,
07/01/2024,APPROVED,Marijuana Retailer,General Applicant,General Applicant,General Applicant,COMMENCE OPS,8/25/2022,COMPLETE,MR283896,SOLAR RETAIL NORTON LLC,Norton,2766.0,,,242 MANSFIELD AVE,,NORTON,MA,2766,POINT (-71.102131 41.778329),POINT (-71.211230 41.9903809),385 GREAT RD,,BEDFORD,MA,1730,85-2505266,MRN283896,1/7/2021 05:02:01 PM,1/4/2021 03:17:48 PM,4/19/2021 10:35:42 AM,False,no,,,,,,,,,Not a DBE,,,7/14/2022 04:00:00 AM,11/15/2020 11:25:28 AM,1/14/2021 11:50:33 AM,3/11/2021 02:06:04 PM,4/11/2024 04:00:00 AM,4/19/2025 04:00:00 AM,,10000.0,2766.0,Norton,Bristol,41.778329,-71.102131,Southeast and Cape,242 MANSFIELD AVENUE,,MA,41.990381,-71.211231,242.0,Mans Field Ave,,,Norton,MA,Bristol County,2766.0,SOLAR RETAIL NORTON LLC,MA,MACCC,Massachusetts Cannabis Control Commission,,,,,
07/01/2024,APPROVED,Marijuana Product Manufacturer,General Applicant,General Applicant,General Applicant,COMMENCE OPS,12/9/2020,COMPLETE,MP281588,"Hudson Botanical Processing, LLC",Hudson,1749.0,,,"9 Kane Industrial Dr, Unit 1",,Hudson,MA,1749,POINT (-71.275566 42.459085),POINT (-71.506310 42.3939689),5 Kane Industrial Dr.,,Hudson,MA,1749,83-3219275,MPN281588,2/24/2020 03:25:11 PM,10/25/2019 12:00:00 AM,4/13/2020 12:04:34 PM,False,,,,,,,,,,Not a DBE,,,11/19/2020 03:00:00 AM,1/29/2019 08:35:47 PM,2/27/2020 12:00:00 AM,4/9/2020 03:18:09 PM,4/11/2024 04:00:00 AM,4/17/2025 04:00:00 AM,,10000.0,1749.0,Hudson,Middlesex,42.459085,-71.275566,Central MA,"9 Kane Industrial Dr., Unit 1 ",,MA,42.393969,-71.506311,9.0,Kane Industrial Dr,Unit,1.0,Hudson,MA,Middlesex County,1749.0,"Hudson Botanical Processing, LLC",MA,MACCC,Massachusetts Cannabis Control Commission,,,,,
07/01/2024,APPROVED,Marijuana Cultivator,Expedited Review - Social Equity Participant,Expedited,Social Equity Participant,PROVISIONAL LICENSE,,COMPLETE,MC281565,LMCC LLC,Taunton,2780.0,,,30 Sherwood drive,,Taunton,MA,2780,POINT (-71.102131 41.778329),POINT (-71.085898 41.8963079),"8 Bartlett Way, unit 4",,Waltham,MA,2452,84-1976891,MCN281565,1/16/2022 04:54:30 PM,10/17/2019 12:00:00 AM,2/2/2023 11:50:05 AM,False,yes,SE304245,SE304245,,,,,,,Minority-Owned Business | Woman-Owned Business,Indoor,"Tier 02: 5,001 to 10,000 sq. ft.",,6/22/2018 12:26:38 PM,1/21/2022 07:34:18 AM,4/7/2022 12:49:06 PM,2/2/2023 03:00:00 AM,2/2/2024 03:00:00 AM,,1250.0,2780.0,Taunton,Bristol,41.778329,-71.102131,Southeast and Cape,30 Sherwood Drive,,MA,41.896308,-71.085898,30.0,Sherwood Dr,,,Taunton,MA,Bristol County,2780.0,LMCC LLC,MA,MACCC,Massachusetts Cannabis Control Commission,,,,,
07/01/2024,APPROVED,Marijuana Microbusiness,General Applicant,General Applicant,General Applicant,COMMENCE OPS,6/29/2020,COMPLETE,MB281476,"Blackstone Valley Naturals, LLC",Uxbridge,1569.0,,,660 Douglas Street SUITE 400,,Uxbridge,MA,1569,POINT (-71.840209 42.329642),POINT (-71.669275 42.0624109),660 Douglas Street SUITE 400,,Uxbridge,MA,1569,83-1933336,MBN281476,2/27/2019 05:56:51 PM,2/12/2019 12:00:00 AM,7/1/2019 09:40:22 AM,False,,,,,,,,,,Not a DBE,,,2/6/2020 03:00:00 AM,9/18/2018 09:00:54 AM,4/17/2019 12:00:00 AM,6/27/2019 04:26:19 PM,9/15/2022 04:00:00 AM,2/7/2024 03:00:00 AM,,3125.0,1569.0,Uxbridge,Worcester,42.329642,-71.840209,Central MA,"660 Douglas Street, Unit 400",,MA,42.062411,-71.669276,660.0,Douglas St,Unit,400.0,Uxbridge,MA,Worcester County,1569.0,"Blackstone Valley Naturals, LLC",MA,MACCC,Massachusetts Cannabis Control Commission,,,,,
07/01/2024,APPROVED,Marijuana Cultivator,Expedited Review - DBE Status,Expedited,DBE Status,PROVISIONAL LICENSE,,COMPLETE,MC282699,Uma Cultivation LLC,Athol,1331.0,,,109 Raffaele Dr,,Waltham,MA,2452,POINT (-71.840209 42.329642),POINT (-72.198828 42.572336),109 Raffaele Dr,,Waltham,MA,2452,84-3889149,MCN282699,5/5/2021 05:09:21 PM,5/3/2021 11:45:56 AM,,False,no,,,,,,,,,Woman-Owned Business | Minority-Owned Business,Indoor,"Tier 02: 5,001 to 10,000 sq. ft.",,3/21/2020 02:17:35 PM,5/14/2021 09:55:43 AM,6/22/2021 11:15:04 AM,10/3/2022 04:00:00 AM,10/3/2023 04:00:00 AM,,2500.0,1331.0,Athol,Worcester,42.329642,-71.840209,Western MA,706 Petersham Road,,MA,42.572336,-72.198828,706.0,Petersham Rd,,,Athol,MA,Worcester County,1331.0,Uma Cultivation LLC,MA,MACCC,Massachusetts Cannabis Control Commission,,,,,
07/01/2024,APPROVED,Marijuana Retailer,General Applicant,General Applicant,General Applicant,COMMENCE OPS,9/30/2021,COMPLETE,MR283723,Local Roots NE Inc.,Marlborough,1752.0,,,"910 Boston Post Rd., Ste #100",,Marlboro,MA,1752,POINT (-71.275566 42.459085),POINT (-71.492744 42.3511049),"910 Boston Post Rd., Ste.#310",,Marlboro,MA,1752,83-4588901,MRN283723,9/22/2020 07:09:52 PM,9/18/2020 11:02:20 AM,,False,no,,,,,,,,,Not a DBE,,,9/17/2021 04:00:00 AM,8/5/2020 05:00:54 PM,9/24/2020 08:55:15 AM,1/14/2021 03:37:00 PM,3/7/2024 03:00:00 AM,4/7/2025 04:00:00 AM,,10000.0,1752.0,Marlborough,Middlesex,42.459085,-71.275566,Central MA,910 Boston Post Rd. Ste.#100,,MA,42.351105,-71.492745,910.0,Boston Post Rd E,Ste,100.0,Marlborough,MA,Middlesex County,1752.0,Local Roots NE Inc.,MA,MACCC,Massachusetts Cannabis Control Commission,,,,,
07/01/2024,APPROVED,Marijuana Delivery Operator Pre-Certification,Expedited Review - Social Equity Participant,Expedited,Social Equity Participant,PROVISIONAL LICENSE,,COMPLETE,PMD5918,Convey Elation Inc,,,,,14 Ferry Lots Lane,,Salisbury,MA,1952,,,33 Partridge Run,,Montvale,NJ,7645,86-2908871,PMDA5918,12/13/2021 03:31:08 PM,12/2/2021 04:43:37 PM,,False,,SE305566,,,,,,,,Minority-Owned Business,,,,8/31/2021 10:39:26 AM,12/18/2021 08:53:43 AM,12/20/2021 08:54:05 AM,12/20/2021 03:00:00 AM,12/20/2023 03:00:00 AM,,0.0,,,,,,,,,MA,,,,,,,,,,,Convey Elation Inc,MA,MACCC,Massachusetts Cannabis Control Commission,,,,,
07/01/2024,APPROVED,Marijuana Product Manufacturer,General Applicant,General Applicant,General Applicant,COMMENCE OPS,8/10/2023,COMPLETE,MP281806,"Mederi, Inc.",Holliston,1746.0,,,44 Boynton Road,,Holliston,MA,1746,POINT (-71.275566 42.459085),POINT (-71.462297 42.1623930),44 Boynton Road,,Holliston,MA,1746,82-3486721,MPN281806,3/21/2022 05:21:28 PM,6/9/2020 09:17:48 AM,,False,,,,,,,,,,Not a DBE,,,3/9/2023 03:00:00 AM,12/2/2019 11:58:59 AM,12/10/2021 01:25:40 PM,4/7/2022 12:51:13 PM,5/11/2023 04:00:00 AM,8/15/2024 04:00:00 AM,,10000.0,1746.0,Holliston,Middlesex,42.459085,-71.275566,Central MA,44 Boynton Road,,MA,42.162393,-71.462297,44.0,Boynton Rd,,,Holliston,MA,Middlesex County,1746.0,"Mederi, Inc.",MA,MACCC,Massachusetts Cannabis Control Commission,,,,,
07/01/2024,APPROVED,Marijuana Retailer,Expedited Review - Social Equity Participant,Expedited,Social Equity Participant,COMMENCE OPS,12/4/2023,COMPLETE,MR284549,Seaside Joint Ventures Inc,Orleans,2537.0,,,14 Lots Hollow,,Orleans,MA,2653,POINT (-70.301811 41.698999),POINT (-69.999500 41.7782660),14 Lots Hollow,,Orleans,MA,2653,87-3998052,MRN284549,7/13/2022 10:42:08 AM,5/31/2022 03:56:17 PM,,False,no,,SE305902,,,,,,,Not a DBE,,,11/9/2023 03:00:00 AM,12/29/2021 06:26:56 PM,7/15/2022 09:40:01 AM,10/13/2022 04:16:30 PM,12/14/2023 03:00:00 AM,1/12/2025 03:00:00 AM,,10000.0,2537.0,East Sandwich,Barnstable,41.698999,-70.301811,,14 Lots Hollow,,MA,41.778266,-69.999501,14.0,Lots Hollow Rd,,,Orleans,MA,Barnstable County,2653.0,Seaside Joint Ventures Inc,MA,MACCC,Massachusetts Cannabis Control Commission,,,,,
07/01/2024,APPROVED,Marijuana Retailer,Expedited Review - DBE Status,Expedited,DBE Status,COMMENCE OPS,11/14/2023,COMPLETE,MR281353,"Budega, Inc.",Cambridge,2138.0,,,1 Park Lane,Unit 703,Boston,MA,2210,POINT (-71.275566 42.459085),POINT (-71.119819 42.3826469),1686 Massachusetts Ave,,Cambridge,MA,2138,83-4212378,MRN281353,7/25/2022 12:13:54 PM,3/1/2022 09:59:05 AM,,False,no,,,,,,,,,Minority-Owned Business,,,10/12/2023 04:00:00 AM,4/30/2018 08:52:48 AM,8/8/2022 10:17:48 AM,10/13/2022 04:00:03 PM,9/14/2023 04:00:00 AM,10/19/2024 04:00:00 AM,,10000.0,2138.0,Cambridge,Middlesex,42.459085,-71.275566,Metro Boston,1686 Massachusetts Ave,,MA,42.382647,-71.119819,1686.0,Massachusetts Ave,,,Cambridge,MA,Middlesex County,2138.0,"Budega, Inc.",MA,MACCC,Massachusetts Cannabis Control Commission,,,,,
07/01/2024,APPROVED,Marijuana Retailer,Priority Review - MTC Priority,Priority,MTC Priority,COMMENCE OPS,6/12/2020,COMPLETE,MR282588,"Old Planters of Cape Ann, Inc.",Rowley,1969.0,,,7 Jewett Hill Road,,Ipswich,MA,1938,POINT (-70.970827 42.635475),POINT (-70.907708 42.7130780),7 Jewett Hill Road,,Ipswich,MA,1938,81-1421538,MRN282588,8/15/2019 11:26:16 PM,6/14/2019 12:00:00 AM,1/27/2020 03:25:45 PM,True,,,,,,,APPROVED,RP201971,RP201971,Not a DBE,,,4/9/2020 04:00:00 AM,4/8/2019 07:46:14 PM,9/5/2019 12:00:00 AM,11/7/2019 01:44:25 PM,9/14/2023 04:00:00 AM,9/14/2024 04:00:00 AM,,10000.0,1969.0,Rowley,Essex,42.635475,-70.970827,Northeast,300 Newburyport Turnpike Unit 1,,MA,42.713078,-70.907708,300.0,Newburyport Turnpike,Ste,1.0,Rowley,MA,Essex County,1969.0,"Old Planters of Cape Ann, Inc.",MA,MACCC,Massachusetts Cannabis Control Commission,,,,,
07/01/2024,APPROVED,Marijuana Delivery Operator Pre-Certification,Expedited Review - Social Equity Participant,Expedited,Social Equity Participant,PROVISIONAL LICENSE,,COMPLETE,PMD5848,A-K Elevates,,,,,1235 VFW Parkway,,Boston,MA,2132,,,1 Sewall St,,Boston,MA,2120,85-1204130,PMDA5848,8/25/2021 03:11:00 AM,7/29/2021 12:33:37 PM,,False,,SE303598,SE303598,,,,,,,"Lesbian, Gay, Bisexual, and Transgender Owned Business | Minority-Owned Business",,,,6/1/2021 10:05:02 PM,8/30/2021 07:32:40 AM,8/30/2021 07:32:51 AM,8/30/2021 04:00:00 AM,8/30/2023 04:00:00 AM,,0.0,,,,,,,,,MA,,,,,,,,,,,A-K Elevates,MA,MACCC,Massachusetts Cannabis Control Commission,,,,,
07/01/2024,APPROVED,Marijuana Cultivator,Expedited Review - DBE Status,Expedited,DBE Status,PROVISIONAL LICENSE,,COMPLETE,MC283694,Evergreen Industries LLC,Holyoke,1040.0,,,414 Race St,,Holyoke,MA,1040,POINT (-72.571312 42.12756),POINT (-72.609196 42.1987990),139 Greenleaf Drive,,Florence,MA,1062,87-3658546,MCN283694,4/7/2022 01:21:49 PM,3/29/2022 02:37:05 PM,9/19/2022 08:42:19 PM,False,no,,,,,,,,,Woman-Owned Business,Indoor,"Tier 01: up to 5,000 square feet",,2/14/2022 05:06:12 PM,4/15/2022 02:16:11 PM,6/9/2022 12:48:46 PM,8/10/2023 04:00:00 AM,9/19/2024 04:00:00 AM,,1250.0,1040.0,Holyoke,Hampden,42.12756,-72.571312,Western MA,414 Race St,,MA,42.198799,-72.609197,414.0,Race St,,,Holyoke,MA,Hampden County,1040.0,Evergreen Industries LLC,MA,MACCC,Massachusetts Cannabis Control Commission,,,,,
07/01/2024,APPROVED,Marijuana Courier Pre-Certification,Expedited Review - Social Equity Participant,Expedited,Social Equity Participant,PROVISIONAL LICENSE,,COMPLETE,PDO103108,J.A. Cotto L.L.C.,,,,,78 Warren Ave,#302,Boston,MA,2116,,,78 Warren Ave,#302,Boston,MA,2116,84-4011180,PDOA103108,6/17/2020 04:27:57 PM,6/16/2020 04:54:08 PM,,False,,SE303741,SE303741,,,,,,,Not a DBE,,,,6/3/2020 09:28:29 PM,6/19/2020 02:21:14 PM,6/30/2020 09:32:17 AM,6/30/2020 04:00:00 AM,6/30/2022 04:00:00 AM,,0.0,,,,,,,,,MA,,,,,,,,,,,J.A. Cotto L.L.C.,MA,MACCC,Massachusetts Cannabis Control Commission,,,,,
07/01/2024,APPROVED,Marijuana Cultivator,Expedited Review - Two or More,Expedited,Two or More,PROVISIONAL CONSIDERATION,,PAYMENT_PENDING,MC283761,Cloud 9 Cultivation LLC,Orange,1364.0,,,68 Carlisle Street,,Quincy,MA,2171,POINT (-72.573941 42.587072),POINT (-72.303200 42.5972099),68 Carlisle Street,,Quincy,MA,2171,85-2832131,MCN283761,9/1/2022 10:36:05 AM,8/15/2022 11:27:10 AM,,False,yes,SE306037,SE306037,,,,,,,Minority-Owned Business,Indoor,"Tier 02: 5,001 to 10,000 sq. ft.",,7/13/2022 10:08:30 AM,10/7/2022 11:16:49 AM,12/8/2022 02:39:28 PM,,,,0.0,1364.0,Orange,Franklin,42.587072,-72.573941,Western MA,RW Moore Avenue,Lot 6E,MA,42.59721,-72.3032,,,,,Orange,MA,Franklin County,1364.0,Cloud 9 Cultivation LLC,MA,MACCC,Massachusetts Cannabis Control Commission,,,,,
07/01/2024,APPROVED,Marijuana Cultivator,General Applicant,General Applicant,General Applicant,PROVISIONAL LICENSE,,COMPLETE,MC283745,"Lifted Genetics, INC",Hopedale,1747.0,,,42 Holliston St,,Medway,MA,2053,POINT (-71.840209 42.329642),POINT (-71.516673 42.1049080),42 Holliston St,,Medway,MA,2053,83-4383350,MCN283745,2/15/2023 10:30:15 AM,11/29/2022 10:11:18 AM,10/17/2023 05:01:24 PM,False,no,,,,,,,,,Not a DBE,Indoor,"Tier 01: up to 5,000 square feet",,6/6/2022 05:27:07 PM,2/24/2023 10:27:26 AM,4/14/2023 03:12:42 PM,10/17/2023 04:00:00 AM,10/17/2024 04:00:00 AM,,1250.0,1747.0,Hopedale,Worcester,42.329642,-71.840209,Central MA,5 Condon Way,,MA,42.104908,-71.516674,5.0,Condon Way,,,Hopedale,MA,Worcester County,1747.0,"Lifted Genetics, INC",MA,MACCC,Massachusetts Cannabis Control Commission,,,,,
07/01/2024,APPROVED,Marijuana Delivery Operator Pre-Certification,Expedited Review - Social Equity Participant,Expedited,Social Equity Participant,PROVISIONAL LICENSE,,COMPLETE,PMD5827,Boston One Delivery Limited Partnership,,,,,60 Dudley street,,ROXBURY,MA,2119,,,PO Box 190002,60 Dudley Street,Roxbury,MA,2119,87-2220412,PMDA5827,8/25/2021 12:02:08 PM,6/29/2021 03:32:38 PM,,False,,SE303731,SE303731,,,,,,,Minority-Owned Business,,,,5/28/2021 04:18:12 PM,8/30/2021 07:51:47 AM,8/30/2021 07:51:57 AM,8/30/2021 04:00:00 AM,8/30/2023 04:00:00 AM,,0.0,,,,,,,,,MA,,,,,,,,,,,Boston One Delivery Limited Partnership,MA,MACCC,Massachusetts Cannabis Control Commission,,,,,
07/01/2024,APPROVED,Marijuana Cultivator,Expedited Review - License Type,Expedited,License Type,COMMENCE OPS,5/17/2021,COMPLETE,MC282488,Holistic Health Group Inc.,Middleborough,2344.0,,,202 Wood st,,Hopkinton,MA,1748,POINT (-70.818958 41.978877),POINT (-70.694661 41.760216),202 Wood st,,Hopkinton,MA,1748,81-2188298,MCN282488,3/16/2020 09:52:31 AM,12/5/2019 12:00:00 AM,,True,,,SE305532,,,,APPROVED,RP201867,RPA201867,Not a DBE,Outdoor,"Tier 05: 30,001 to 40,000 sq. ft",8/6/2020 04:00:00 AM,11/15/2019 01:31:36 PM,3/19/2020 12:00:00 AM,6/4/2020 02:25:16 PM,8/12/2021 04:00:00 AM,8/16/2022 04:00:00 AM,,11500.0,2344.0,Middleboro,Plymouth,41.978877,-70.818958,,477 Wareham st,,MA,41.760216,-70.694662,,,,,Wareham,MA,Plymouth County,2571.0,Holistic Health Group Inc.,MA,MACCC,Massachusetts Cannabis Control Commission,,,,,
07/01/2024,APPROVED,Marijuana Product Manufacturer,General Applicant,General Applicant,General Applicant,PROVISIONAL LICENSE,,COMPLETE,MP281748,RAIN CITY FARMING L.L.C.,Lee,1238.0,,,35-45 LIMESTONE ROAD,,LEE,MA,1238,POINT (-73.209889 42.396128),POINT (-73.253710 42.2838920),78-5 SOUTH QUINSIGAMOND AVENUE,,Shrewsbury,MA,1545,84-2816405,MPN281748,11/18/2020 12:42:18 AM,2/7/2020 12:00:00 AM,,False,no,,,,,,,,,Not a DBE | Minority-Owned Business,,,,8/21/2019 03:28:01 AM,11/20/2020 10:33:13 AM,2/11/2021 01:39:54 PM,10/13/2022 04:00:00 AM,11/12/2023 03:00:00 AM,,10000.0,1238.0,Lee,Berkshire,42.396128,-73.209889,Western MA,35-45 LIMESTONE ROAD,,MA,42.283892,-73.253711,45.0,Limestone Rd,,,Lee,MA,Berkshire County,1238.0,RAIN CITY FARMING L.L.C.,MA,MACCC,Massachusetts Cannabis Control Commission,,,,,
07/01/2024,APPROVED,Marijuana Retailer,Expedited Review - DBE Status,Expedited,DBE Status,PROVISIONAL LICENSE,,COMPLETE,MR283727,Littleton Apothecary LLC,Littleton,1460.0,,,"160 Ayer Road, Suite 4",,Littleton,MA,1460,POINT (-71.275566 42.459085),POINT (-71.521762 42.5483789),43 Starr Hill,,Littleton,MA,1460,83-4267906,MRN283727,8/11/2020 08:09:43 PM,8/11/2020 02:10:26 PM,10/8/2020 04:17:05 PM,False,no,,,,,,,,,Woman-Owned Business,,,,8/6/2020 02:48:52 PM,8/13/2020 12:59:50 PM,10/8/2020 02:24:12 PM,11/9/2023 03:00:00 AM,11/11/2024 03:00:00 AM,,10000.0,1460.0,Littleton,Middlesex,42.459085,-71.275566,Central MA,"160 Ayer Road, Suite 4",,MA,42.548379,-71.521763,160.0,Ayer Rd,Ste,4.0,Littleton,MA,Middlesex County,1460.0,Littleton Apothecary LLC,MA,MACCC,Massachusetts Cannabis Control Commission,,,,,
07/01/2024,APPROVED,Marijuana Retailer,General Applicant,General Applicant,General Applicant,PROVISIONAL CONSIDERATION,,PAYMENT_PENDING,MR284775,Aro 31 LLC,Marblehead,1945.0,,,222 Beacon Street,,Marblehead,MA,1945,POINT (-70.970827 42.635475),POINT (-70.858669 42.5136880),243 Green Street,,Marblehead,MA,1945,86-2014877,MRN284775,9/20/2023 01:52:21 PM,1/17/2023 12:04:26 PM,,False,no,,,,,,,,,Not a DBE,,,,9/29/2022 02:06:36 PM,10/20/2023 09:56:06 AM,1/11/2024 12:37:46 PM,,,,0.0,1945.0,Marblehead,Essex,42.635475,-70.970827,Northeast,222 Beacon Street,Unit 2 and 3,MA,42.513688,-70.858669,222.0,Beacon St,,,Marblehead,MA,Essex County,1945.0,Aro 31 LLC,MA,MACCC,Massachusetts Cannabis Control Commission,,,,,
07/01/2024,APPROVED,Marijuana Retailer,General Applicant,General Applicant,General Applicant,COMMENCE OPS,7/15/2022,COMPLETE,MR282638,Eskar Arlington LLC,Arlington,2474.0,,,9 Wildwood Road,,Middleton,MA,1949,POINT (-71.275566 42.459085),POINT (-71.134718 42.4076480),9 Wildwood Road,,Middleton,MA,1949,85-0553872,MRN282638,4/13/2020 01:59:09 PM,2/27/2020 12:00:00 AM,7/17/2020 12:00:53 PM,False,,,,,,,,,,Not a DBE,,,6/9/2022 04:00:00 AM,4/24/2019 05:32:26 PM,4/15/2020 12:00:00 AM,7/9/2020 02:47:19 PM,7/13/2023 04:00:00 AM,7/17/2024 04:00:00 AM,,10000.0,2474.0,Arlington,Middlesex,42.459085,-71.275566,Northeast,21 Broadway Street,,MA,42.407648,-71.134718,21.0,Broadway,,,Arlington,MA,Middlesex County,2474.0,Eskar Arlington LLC,MA,MACCC,Massachusetts Cannabis Control Commission,,,,,
07/01/2024,APPROVED,Marijuana Retailer,General Applicant,General Applicant,General Applicant,PROVISIONAL LICENSE,,COMPLETE,MR284652,"Kur Retailers, LLC",Springfield,1109.0,,,46 Moore St,,E. Longmeadow,MA,1028,POINT (-72.571312 42.12756),POINT (-72.526483 42.1308229),2611 Woodruff Rd,,Spokane,WA,99206,86-2696634,MRN284652,4/20/2023 02:02:26 PM,6/23/2022 10:45:32 AM,,False,no,,,,,,,,,Not a DBE,,,,5/6/2022 01:52:37 PM,9/7/2023 10:05:05 AM,10/12/2023 12:52:22 PM,10/19/2023 04:00:00 AM,10/19/2024 04:00:00 AM,,10000.0,1109.0,Springfield,Hampden,42.12756,-72.571312,Western MA,461 Boston Road / SS Boston Road,,MA,42.130823,-72.526484,461.0,Boston Rd,,,Springfield,MA,Hampden County,1109.0,"Kur Retailers, LLC",MA,MACCC,Massachusetts Cannabis Control Commission,,,,,
07/01/2024,APPROVED,Marijuana Cultivator,General Applicant,General Applicant,General Applicant,PROVISIONAL LICENSE,,COMPLETE,MC281307,MACA Industries LLC,Hopedale,1747.0,,,Law Offices of Michael M. Kaplan,291 Main Street,Milford,MA,1757,POINT (-71.840209 42.329642),POINT (-71.515062 42.1037540),Law Offices of Michael M. Kaplan,291 Main Street,Milford,MA,1757,82-5337236,MCN281307,4/16/2020 11:59:38 AM,3/18/2020 12:00:00 AM,,False,,,,,,,,,,Not a DBE,Indoor,"Tier 03: 10,001 to 20,000 sq. ft",,4/26/2018 11:24:06 AM,7/7/2020 01:04:57 PM,10/8/2020 02:25:54 PM,7/27/2021 04:00:00 AM,7/27/2022 04:00:00 AM,,5000.0,1747.0,Hopedale,Worcester,42.329642,-71.840209,Central MA,2 Condon Way,,MA,42.103754,-71.515062,2.0,Condon Way,,,Hopedale,MA,Worcester County,1747.0,MACA Industries LLC,MA,MACCC,Massachusetts Cannabis Control Commission,,,,,
07/01/2024,APPROVED,Marijuana Cultivator,General Applicant,General Applicant,General Applicant,PROVISIONAL LICENSE,,COMPLETE,MC281451,"Ashli's Farm, Inc.",Attleboro,2703.0,,,76 Frank Mossberg Dr.,,Attleboro,MA,2703,POINT (-71.102131 41.778329),POINT (-71.326655 41.9211480),81 West St.,Suite 2112,Attleboro,MA,2703,83-0602511,MCN281451,9/14/2018 11:42:15 AM,8/14/2018 12:00:00 AM,11/6/2018 07:08:05 PM,False,,,,,,,,,,Woman-Owned Business | Veteran-Owned Business,Indoor,"Tier 04: 20,001 to 30,000 sq. ft",,5/16/2018 07:20:26 PM,9/24/2018 12:00:00 AM,11/1/2018 03:09:40 PM,11/9/2023 03:00:00 AM,11/18/2024 03:00:00 AM,,7500.0,2703.0,Attleboro,Bristol,41.778329,-71.102131,Southeast and Cape,76 Frank Mossberg Dr,,MA,41.921148,-71.326655,76.0,Frank Mossberg Dr,,,Attleboro,MA,Bristol County,2703.0,"Ashli's Farm, Inc.",MA,MACCC,Massachusetts Cannabis Control Commission,,,,,
07/01/2024,APPROVED,Marijuana Cultivator,Priority Review - MTC Priority,Priority,MTC Priority,PROVISIONAL LICENSE,,COMPLETE,MC281378,"Beacon Compassion, Inc.",Attleboro,2703.0,,,900 Washington Street,Ste A,Norwood,MA,2062,POINT (-71.102131 41.778329),POINT (-71.319581 41.9199569),900 Washington St,Ste A,Norwood,MA,2062,83-2057586,MCN281378,11/28/2018 01:47:54 PM,11/6/2018 12:00:00 AM,4/25/2019 10:18:04 AM,True,,,,,,,APPROVED,RP201902,RPA201902,Not a DBE,Indoor,"Tier 04: 20,001 to 30,000 sq. ft",,5/3/2018 03:03:22 PM,12/10/2018 12:00:00 AM,2/21/2019 04:06:34 PM,4/14/2023 04:00:00 AM,4/26/2024 04:00:00 AM,,7500.0,2703.0,Attleboro,Bristol,41.778329,-71.102131,Southeast and Cape,30 Franklin R McKay Road,,MA,41.919957,-71.319582,30.0,Franklin R Mckay Rd,,,Attleboro,MA,Bristol County,2703.0,"Beacon Compassion, Inc.",MA,MACCC,Massachusetts Cannabis Control Commission,,,,,
07/01/2024,APPROVED,Third Party Marijuana Transporter,Expedited Review - DBE Status,Expedited,DBE Status,COMMENCE OPS,5/21/2021,COMPLETE,MT281556,"MMM Transport, Inc.",Northampton,1060.0,,,376 Easthampton Road,,Northampton,MA,1060,POINT (-72.62073 42.322256),POINT (-72.656591 42.2970249),376 Easthampton Road,,Northampton,MA,1060,85-1094466,MTN281556,9/28/2020 06:47:38 PM,7/22/2020 12:43:57 PM,12/8/2020 11:34:36 AM,False,no,,,,,,,,,Woman-Owned Business | Minority-Owned Business,,,4/16/2021 04:00:00 AM,5/19/2020 09:10:55 AM,10/1/2020 10:02:59 AM,11/19/2020 04:21:31 PM,12/14/2023 03:00:00 AM,1/21/2025 03:00:00 AM,,5000.0,1060.0,Northampton,Hampshire,42.322256,-72.62073,Western MA,376 Easthampton Road,,MA,42.297025,-72.656591,376.0,Easthampton Rd,,,Northampton,MA,Hampshire County,1060.0,"MMM Transport, Inc.",MA,MACCC,Massachusetts Cannabis Control Commission,,,,,
07/01/2024,APPROVED,Marijuana Delivery Operator Pre-Certification,Expedited Review - Social Equity Participant,Expedited,Social Equity Participant,PROVISIONAL LICENSE,,COMPLETE,PMD5981,Always Accurate Enterprise,,,,,20 Lamplighter Lane,,N Chelmsford,MA,1863,,,20 Lamplighter Lane,,N Chelmsford,MA,1863,88-3362619,PMDA5981,8/19/2022 10:19:58 AM,8/16/2022 02:48:36 PM,,False,,SE306262,SE306262,,,,,,,Not a DBE,,,,1/2/2022 01:03:32 PM,8/29/2022 03:05:52 PM,8/29/2022 03:06:02 PM,8/29/2022 04:00:00 AM,8/29/2024 04:00:00 AM,,0.0,,,,,,,,,MA,,,,,,,,,,,Always Accurate Enterprise,MA,MACCC,Massachusetts Cannabis Control Commission,,,,,
07/01/2024,APPROVED,Marijuana Product Manufacturer,General Applicant,General Applicant,General Applicant,PROVISIONAL LICENSE,,COMPLETE,MP282124,C3 Brands LLC,Orange,1364.0,,,"Lot 6E, R.W. Moore Drive",,Orange,MA,1364,POINT (-72.573941 42.587072),POINT (-72.254626 42.6099790),69 Hitchcock Lane,,Old Westbury,NY,11568,86-2225774,MPN282124,12/17/2021 10:26:52 AM,1/6/2022 01:48:52 PM,4/14/2022 08:42:37 PM,False,no,,,,,,,,,Not a DBE,,,,9/29/2021 06:58:22 PM,1/14/2022 11:30:58 AM,3/10/2022 01:56:24 PM,4/14/2023 04:00:00 AM,4/17/2024 04:00:00 AM,,10000.0,1364.0,Orange,Franklin,42.587072,-72.573941,Western MA,"Lot 6E, R.W. Moore Drive",,MA,42.609979,-72.254626,,Moore Hill Rd,,,Orange,MA,Franklin County,1364.0,C3 Brands LLC,MA,MACCC,Massachusetts Cannabis Control Commission,,,,,
07/01/2024,APPROVED,Marijuana Retailer,General Applicant,General Applicant,General Applicant,COMMENCE OPS,6/5/2020,COMPLETE,MR281362,"Cannabis Connection, Inc",Westfield,1085.0,,,40 Westfield Industrial Park,,Westfield,MA,1085,POINT (-72.571312 42.12756),POINT (-72.729416 42.1419080),40 Westfield Industrial Park,,Westfield,MA,1085,83-2261272,MRN281362,11/15/2019 11:20:53 AM,8/13/2019 12:00:00 AM,1/9/2020 02:19:44 PM,False,,,,,,,,,,Not a DBE,,,4/9/2020 04:00:00 AM,5/1/2018 01:51:04 PM,10/3/2019 12:00:00 AM,1/9/2020 11:25:12 AM,12/14/2023 03:00:00 AM,1/22/2025 03:00:00 AM,,10000.0,1085.0,Westfield,Hampden,42.12756,-72.571312,Western MA,40 Westfield Industrial Park,,MA,42.141908,-72.729416,40.0,Westfield Industrial Park Rd,,,Westfield,MA,Hampden County,1085.0,"Cannabis Connection, Inc",MA,MACCC,Massachusetts Cannabis Control Commission,,,,,
07/01/2024,APPROVED,Marijuana Retailer,Priority Review - MTC Priority,Priority,MTC Priority,PROVISIONAL LICENSE,,COMPLETE,MR281971,"Wellness Connection of MA, Inc",Revere,2151.0,,,44 Railroad Street,,Revere,MA,2151,POINT (-71.073493 42.334948),POINT (-71.007379 42.4031650),44 Railroad Street,,Revere,MA,2151,47-4380834,MRN281971,10/26/2020 10:28:56 PM,10/21/2020 02:10:03 PM,1/20/2021 12:18:43 PM,True,,,,,,,APPROVED,RP201942,RP201942,Not a DBE,,,,10/15/2018 05:43:48 PM,10/29/2020 11:45:05 AM,1/14/2021 03:51:16 PM,2/8/2024 03:00:00 AM,2/11/2025 03:00:00 AM,,10000.0,2151.0,Revere,Suffolk,42.334948,-71.073493,Metro Boston,44 Railroad Street,,MA,42.403165,-71.00738,44.0,Railroad St,,,Revere,MA,Suffolk County,2151.0,"Wellness Connection of MA, Inc",MA,MACCC,Massachusetts Cannabis Control Commission,,,,,
07/01/2024,APPROVED,Marijuana Cultivator,General Applicant,General Applicant,General Applicant,PROVISIONAL LICENSE,,COMPLETE,MC281357,Cultivation Experts LLC,Worcester,1603.0,,,61 Fremont Street,,Worcester,MA,1603,POINT (-71.840209 42.329642),POINT (-71.829490 42.2415930),61 Fremont Street,,Worcester,MA,1603,82-4657033,MCN281357,8/13/2020 08:44:47 PM,4/9/2020 12:00:00 AM,10/11/2020 07:06:41 PM,False,,,,,,,,,,Not a DBE,Indoor,"Tier 01: up to 5,000 square feet",,5/2/2018 06:51:37 AM,8/20/2020 01:26:34 PM,10/8/2020 12:57:12 PM,1/12/2023 03:00:00 AM,2/10/2024 03:00:00 AM,,1250.0,1603.0,Worcester,Worcester,42.329642,-71.840209,Central MA,61 Fremont Street,,MA,42.241593,-71.82949,61.0,Fremont St,,,Worcester,MA,Worcester County,1603.0,Cultivation Experts LLC,MA,MACCC,Massachusetts Cannabis Control Commission,,,,,
07/01/2024,APPROVED,Marijuana Cultivator,General Applicant,General Applicant,General Applicant,PROVISIONAL CONSIDERATION,,PAYMENT_PENDING,MC283556,"Lucky 7 Cannabis, Inc.",Westfield,1085.0,,,0 Timberswamp Road,,Westfield,MA,1085,POINT (-72.571312 42.12756),POINT (-72.740035 42.1806130),PO Box 13,,Westfield,MA,1085,86-3543359,MCN283556,4/22/2022 09:37:40 AM,4/4/2022 10:32:11 AM,,False,no,,,,,,,,,Not a DBE,Indoor,"Tier 01: up to 5,000 square feet",,7/16/2021 12:45:13 PM,5/6/2022 10:01:41 AM,8/11/2022 11:50:03 AM,,,,0.0,1085.0,Westfield,Hampden,42.12756,-72.571312,Western MA,0 Timberswamp Road,,MA,42.180613,-72.740035,,Timberswamp Rd,,,Westfield,MA,Hampden County,1085.0,"Lucky 7 Cannabis, Inc.",MA,MACCC,Massachusetts Cannabis Control Commission,,,,,
07/01/2024,APPROVED,Marijuana Retailer,General Applicant,General Applicant,General Applicant,COMMENCE OPS,5/15/2023,COMPLETE,MR284655,In Good Health,Sandwich,2563.0,,,449 Route 130,,Sandwich,MA,2563,POINT (-70.301811 41.698999),POINT (-70.492373 41.7348870),1200 West Chestnut St,,Brockton,MA,2301,46-2680110,MRN284655,11/17/2022 04:24:19 PM,8/31/2022 09:54:36 AM,,True,no,,,,,,APPROVED,RP201826,RP201826,Not a DBE,,,4/14/2023 04:00:00 AM,5/12/2022 11:59:50 AM,11/21/2022 11:29:30 AM,1/12/2023 01:16:04 PM,1/11/2024 03:00:00 AM,1/18/2025 03:00:00 AM,,10000.0,2563.0,Sandwich,Barnstable,41.698999,-70.301811,Southeast and Cape,449 Route 130,,MA,41.734887,-70.492373,449.0,State Rte 130,,,Sandwich,MA,Barnstable County,2563.0,In Good Health,MA,MACCC,Massachusetts Cannabis Control Commission,,,,,
07/01/2024,APPROVED,Marijuana Product Manufacturer,General Applicant,General Applicant,General Applicant,PROVISIONAL LICENSE,,COMPLETE,MP282005,CURE Pack MA LLC,Fitchburg,1420.0,,,644 River Street,,Fitchburg,MA,1420,POINT (-71.840209 42.329642),POINT (-71.830799 42.5775810),212 East Rocks Road,,Norwalk,CT,6851,85-4240356,MPN282005,2/22/2021 03:50:41 PM,2/19/2021 04:44:56 PM,7/19/2021 12:09:26 PM,False,no,,,,,,,,,Not a DBE,,,,1/5/2021 02:17:38 PM,4/15/2021 10:17:49 AM,7/15/2021 04:33:18 PM,6/8/2023 04:00:00 AM,6/8/2024 04:00:00 AM,,10000.0,1420.0,Fitchburg,Worcester,42.329642,-71.840209,Central MA,644 River Street,,MA,42.577581,-71.8308,644.0,River St,,,Fitchburg,MA,Worcester County,1420.0,CURE Pack MA LLC,MA,MACCC,Massachusetts Cannabis Control Commission,,,,,
07/01/2024,APPROVED,Marijuana Retailer,General Applicant,General Applicant,General Applicant,COMMENCE OPS,3/3/2022,COMPLETE,MR283066,Fresh Fields Lowell LLC,Lowell,1852.0,,,"1700 Shawsheen St, 2nd Floor",,Tewksbury,MA,1876,POINT (-71.275566 42.459085),POINT (-71.303886 42.6632219),"1700 Shawsheen St, 2nd Floor",,Tewksbury,MA,1876,83-4635997,MRN283066,7/16/2020 08:56:42 AM,3/16/2020 12:00:00 AM,10/1/2020 03:45:40 PM,False,no,,,,,,,,,Not a DBE,,,1/20/2022 03:00:00 AM,10/21/2019 10:16:07 AM,7/24/2020 07:57:16 AM,9/10/2020 01:08:00 PM,10/12/2023 04:00:00 AM,10/16/2024 04:00:00 AM,,10000.0,1852.0,Lowell,Middlesex,42.459085,-71.275566,Northeast,1148 Bridge St,,MA,42.663222,-71.303886,1148.0,Bridge St,,,Lowell,MA,Middlesex County,1850.0,Fresh Fields Lowell LLC,MA,MACCC,Massachusetts Cannabis Control Commission,,,,,
07/01/2024,APPROVED,Marijuana Retailer,General Applicant,General Applicant,General Applicant,COMMENCE OPS,3/27/2020,COMPLETE,MR281637,"The Verb is Herb, LLC.",Easthampton,1027.0,,,7 4 Cottage St,,Easthampton,MA,1027,POINT (-72.62073 42.322256),POINT (-72.665986 42.2644019),74 Cottage St.,,Easthampton,MA,1027,83-0974110,MRN281637,9/24/2018 10:52:34 PM,9/14/2018 12:00:00 AM,12/15/2018 03:19:03 PM,False,,,,,,,,,,Not a DBE,,,2/6/2020 03:00:00 AM,6/23/2018 11:59:51 AM,9/26/2018 12:00:00 AM,12/14/2018 12:02:47 PM,2/8/2024 03:00:00 AM,2/12/2025 03:00:00 AM,,5000.0,1027.0,Easthampton,Hampshire,42.322256,-72.62073,Western MA,74 Cottage St,,MA,42.264402,-72.665986,74.0,Cottage St,,,Easthampton,MA,Hampshire County,1027.0,"The Verb is Herb, LLC.",MA,MACCC,Massachusetts Cannabis Control Commission,,,,,
07/01/2024,APPROVED,Marijuana Retailer,General Applicant,General Applicant,General Applicant,COMMENCE OPS,11/2/2021,COMPLETE,MR283652,"208 Worcester Street, LLC",Southbridge,1550.0,,,208 Worcester Street,,Southbridge,MA,1550,POINT (-71.840209 42.329642),POINT (-72.026600 42.083672),208 Worcester Street,,Southbridge,MA,1550,84-4520061,MRN283652,8/13/2020 11:50:53 AM,7/31/2020 12:00:50 PM,,False,no,,,,,,,,,Not a DBE,,,9/17/2021 04:00:00 AM,7/9/2020 12:10:21 PM,8/20/2020 01:32:25 PM,10/8/2020 12:22:41 PM,1/11/2024 03:00:00 AM,1/25/2025 03:00:00 AM,,10000.0,1550.0,Southbridge,Worcester,42.329642,-71.840209,Central MA,208 Worcester Street,,MA,42.083672,-72.026601,208.0,Worcester St,,,Southbridge,MA,Worcester County,1550.0,"208 Worcester Street, LLC",MA,MACCC,Massachusetts Cannabis Control Commission,,,,,
07/01/2024,APPROVED,Marijuana Retailer,Expedited Review - DBE Status,Expedited,DBE Status,PROVISIONAL LICENSE,,COMPLETE,MR282991,"Green Leaf Health, Inc",North Attleborough,2760.0,,,91 George Leven Drive,,North Attleboro,MA,2760,POINT (-71.102131 41.778329),POINT (-71.304457 42.0055090),91 George Leven Drive,,North Attleboro,MA,2760,83-2992555,MRN282991,3/30/2020 09:55:30 AM,2/21/2020 12:00:00 AM,7/14/2020 10:39:05 AM,False,,,,,,,,,,Woman-Owned Business,,,,9/17/2019 11:28:22 AM,4/7/2020 12:00:00 AM,7/9/2020 02:53:15 PM,6/8/2023 04:00:00 AM,7/15/2024 04:00:00 AM,,10000.0,2760.0,North Attleboro,Bristol,41.778329,-71.102131,,91 George Leven Drive,,MA,42.005509,-71.304458,91.0,George Leven Dr,,,North Attleboro,MA,Bristol County,2760.0,"Green Leaf Health, Inc",MA,MACCC,Massachusetts Cannabis Control Commission,,,,,
07/01/2024,APPROVED,Marijuana Product Manufacturer,General Applicant,General Applicant,General Applicant,COMMENCE OPS,9/11/2023,COMPLETE,MP281488,Morando Brands LLC,Rowley,1969.0,,,319 Newburyport Turnpike STE 002 & 003,,Rowley,MA,1969,POINT (-70.970827 42.635475),POINT (-70.905925 42.7146040),87 Main Street,,North Reading,MA,1864,47-3492111,MPN281488,12/14/2021 09:53:43 AM,2/5/2020 12:00:00 AM,2/18/2022 03:02:32 PM,False,no,,,,,,,,,Not a DBE,,,11/10/2022 03:00:00 AM,9/18/2018 04:39:14 PM,12/17/2021 10:01:52 AM,2/14/2022 04:21:57 PM,3/7/2024 03:00:00 AM,3/10/2025 04:00:00 AM,,10000.0,1969.0,Rowley,Essex,42.635475,-70.970827,Northeast,319 Newburyport Turnpike Units 002/003,,MA,42.714604,-70.905926,319.0,Newburyport Turnpike,,3.0,Rowley,MA,Essex County,1969.0,Morando Brands LLC,MA,MACCC,Massachusetts Cannabis Control Commission,,,,,
07/01/2024,APPROVED,Marijuana Microbusiness,Expedited Review - License Type,Expedited,License Type,FINAL LICENSE,,COMPLETE,MB281346,Magic Dragon LLC,Worcester,1603.0,,,61 Fremont St,,Worcester,MA,1603,POINT (-71.840209 42.329642),POINT (-71.831031 42.2412399),5 Fan Pier Blvd,Unit 1001,Boston,MA,2210,83-4248176,MBN281346,1/6/2020 08:52:43 AM,10/9/2019 12:00:00 AM,,False,,,,,,,,,,Not a DBE,,,4/11/2024 04:00:00 AM,4/28/2018 05:57:01 AM,1/6/2020 12:00:00 AM,3/5/2020 12:21:51 PM,9/14/2023 04:00:00 AM,9/14/2024 04:00:00 AM,,5625.0,1603.0,Worcester,Worcester,42.329642,-71.840209,Central MA,41 Fremont St,,MA,42.24124,-71.831032,41.0,Fremont St,,,Worcester,MA,Worcester County,1603.0,Magic Dragon LLC,MA,MACCC,Massachusetts Cannabis Control Commission,,,,,
07/01/2024,APPROVED,Marijuana Cultivator,Priority Review - Economic Empowerment Priority,Priority,Economic Empowerment Priority,PROVISIONAL LICENSE,,COMPLETE,MC283125,Lowkey Cultivation LLC,Boston,2136.0,,,1601 Blue Hill Avenue,Suite 201,Boston,MA,2126,POINT (-71.073493 42.334948),POINT (-71.117112 42.256245),1601 Blue Hill Avenue,Suite 201,Boston,MA,2126,88-2674193,MCN283125,12/20/2022 08:47:26 PM,11/5/2020 08:24:49 AM,7/1/2023 08:09:39 AM,True,yes,EE202286,,APPROVED,EE202286,EE202286,,,,Minority-Owned Business,Indoor,"Tier 02: 5,001 to 10,000 sq. ft.",,10/17/2020 05:22:15 PM,2/3/2023 09:06:44 AM,4/14/2023 03:27:51 PM,7/1/2023 04:00:00 AM,7/1/2024 04:00:00 AM,,1250.0,2136.0,Hyde Park,Suffolk,42.334948,-71.073493,,54 Walter St,,MA,42.256245,-71.117112,54.0,Walter St,,,Hyde Park,MA,Suffolk County,2136.0,Lowkey Cultivation LLC,MA,MACCC,Massachusetts Cannabis Control Commission,,,,,
07/01/2024,APPROVED,Independent Testing Laboratory,Expedited Review - License Type,Expedited,License Type,COMMENCE OPS,12/19/2023,COMPLETE,IL281313,Northampton Labs,Northampton,1062.0,,,320 Riverside Drive,"Building 7, First Floor",Florence,MA,1062,POINT (-72.62073 42.322256),POINT (-72.665228 42.3201910),320 Riverside Drive,Building 7 First Floor,Florence,MA,1062,84-3184825,ILN281313,5/4/2021 10:47:47 AM,1/5/2021 03:06:54 PM,8/1/2021 05:24:56 PM,False,no,,,,,,,,,Not a DBE,,,11/9/2023 03:00:00 AM,4/12/2019 12:25:45 PM,5/7/2021 11:19:21 AM,6/22/2021 11:08:23 AM,7/13/2023 04:00:00 AM,8/1/2024 04:00:00 AM,,10000.0,1062.0,Florence,Hampshire,42.322256,-72.62073,,320 Riverside Dr,Building 7 First Floor,MA,42.320191,-72.665229,320.0,Riverside Dr,,,Florence,MA,Hampshire County,1062.0,Northampton Labs,MA,MACCC,Massachusetts Cannabis Control Commission,,,,,
07/01/2024,APPROVED,Marijuana Retailer,Priority Review - MTC Priority,Priority,MTC Priority,COMMENCE OPS,11/1/2019,COMPLETE,MR282468,In Good Health Inc.,Brockton,2301.0,,,1200 West Chestnut Street,,Brockton,MA,2301,POINT (-70.818958 41.978877),POINT (-71.065163 42.0527289),1200 W CHESTNUT ST,,BROCKTON,MA,2301,46-2680110,MRN282468,4/9/2019 01:46:48 PM,3/15/2019 12:00:00 AM,5/20/2019 12:01:52 PM,True,,,,,,,APPROVED,RP201826,RPA201826,Not a DBE,,,9/13/2019 04:00:00 AM,3/5/2019 04:46:47 PM,4/12/2019 12:00:00 AM,5/16/2019 01:29:50 PM,4/14/2023 04:00:00 AM,9/17/2024 04:00:00 AM,,5000.0,2301.0,Brockton,Plymouth,41.978877,-70.818958,Southeast and Cape,1200 West Chestnut Street,,MA,42.052729,-71.065164,1200.0,W Chestnut St,,,Brockton,MA,Plymouth County,2301.0,In Good Health Inc.,MA,MACCC,Massachusetts Cannabis Control Commission,,,,,
07/01/2024,APPROVED,Marijuana Delivery Operator Pre-Certification,Expedited Review - Social Equity Participant,Expedited,Social Equity Participant,PROVISIONAL LICENSE,,COMPLETE,PMD6045,HCHD LLC,,,,,37 Alden Road,,Fairhaven,MA,2719,,,37 Alden Road,,Fairhaven,MA,2719,92-0891127,PMDA6045,11/2/2022 05:40:53 PM,11/18/2022 12:56:26 PM,,False,,SE305325,,,,,,,,Not a DBE,,,,10/6/2022 05:21:26 PM,11/18/2022 12:56:26 PM,11/22/2022 08:33:06 AM,11/22/2022 03:00:00 AM,11/22/2024 03:00:00 AM,,0.0,,,,,,,,,MA,,,,,,,,,,,HCHD LLC,MA,MACCC,Massachusetts Cannabis Control Commission,,,,,
07/01/2024,APPROVED,Marijuana Retailer,General Applicant,General Applicant,General Applicant,COMMENCE OPS,2/4/2021,COMPLETE,MR282388,"Apotho Therapeutics Plainville, LLC",Plainville,2762.0,,,119 Washington St,,Plainville,MA,2762,POINT (-71.15444 42.199156),POINT (-71.316811 42.0171959),125 High Street,,Boston,MA,2110,83-1940958,MRN282388,6/19/2020 04:59:02 PM,2/14/2020 12:00:00 AM,,False,,,,,,,,,,Not a DBE,,,1/14/2021 03:00:00 AM,2/9/2019 01:30:21 PM,6/26/2020 12:43:15 PM,8/6/2020 01:36:18 PM,8/10/2023 04:00:00 AM,8/24/2024 04:00:00 AM,,10000.0,2762.0,Plainville,Norfolk,42.199156,-71.15444,Central MA,119 Washington Street,,MA,42.017196,-71.316811,119.0,Washington St,,,Plainville,MA,Norfolk County,2762.0,"Apotho Therapeutics Plainville, LLC",MA,MACCC,Massachusetts Cannabis Control Commission,,,,,
07/01/2024,APPROVED,Marijuana Retailer,Expedited Review - DBE Status,Expedited,DBE Status,COMMENCE OPS,8/9/2023,COMPLETE,MR284161,"The Green Lady Dispensary II, Inc.",Newton,2459.0,,,740 Beacon Street,,Newton,MA,2459,POINT (-71.275566 42.459085),POINT (-71.190701 42.3301960),11 Amelia Drive,,Nantucket,MA,2554,85-2783971,MRN284161,7/13/2021 06:45:32 PM,5/21/2021 04:00:00 AM,,False,no,,,,,,,,,Minority-Owned Business,,,7/13/2023 04:00:00 AM,3/13/2021 06:30:43 PM,7/26/2021 08:46:08 AM,10/14/2021 01:11:51 PM,8/10/2023 04:00:00 AM,10/25/2024 04:00:00 AM,,10000.0,2459.0,Newton Center,Middlesex,42.459085,-71.275566,,740 Beacon Street,,MA,42.330196,-71.190701,740.0,Beacon St,,,Newton Center,MA,Middlesex County,2459.0,"The Green Lady Dispensary II, Inc.",MA,MACCC,Massachusetts Cannabis Control Commission,,,,,
07/01/2024,APPROVED,Marijuana Product Manufacturer,General Applicant,General Applicant,General Applicant,COMMENCE OPS,4/16/2024,COMPLETE,MP282234,Jolly Green INC,Gardner,1440.0,,,246 Suffolk Lane,,Gardner,MA,1440,POINT (-71.840209 42.329642),POINT (-71.950111 42.596218),246 Suffolk Lane,,Gardner,MA,1440,82-5286266,MPN282234,2/10/2023 08:42:47 AM,1/10/2023 12:48:05 PM,5/19/2023 02:15:13 PM,False,no,,,,,,,,,Not a DBE,,,9/14/2023 04:00:00 AM,9/22/2022 10:17:08 AM,2/24/2023 10:27:59 AM,5/11/2023 02:35:50 PM,5/19/2023 04:00:00 AM,10/11/2024 04:00:00 AM,,10000.0,1440.0,Gardner,Worcester,42.329642,-71.840209,Central MA,246 Suffolk Lane,,MA,42.596218,-71.950111,246.0,Suffolk Ln,,,Gardner,MA,Worcester County,1440.0,Jolly Green INC,MA,MACCC,Massachusetts Cannabis Control Commission,,,,,
07/01/2024,APPROVED,Marijuana Retailer,General Applicant,General Applicant,General Applicant,PROVISIONAL LICENSE,,COMPLETE,MR284248,The Cannabis Station,Boston,2119.0,,,2371 Washington Street,,Roxbury,MA,2119,POINT (-71.073493 42.334948),POINT (-71.084920 42.3294190),2371 Washington Street,,Roxbury,MA,2119,86-2922108,MRN284248,2/2/2022 09:45:42 AM,12/7/2021 02:12:17 PM,,False,no,,SE305678,,,,,,,Minority-Owned Business,,,,5/17/2021 03:54:35 PM,2/7/2022 02:29:48 PM,3/10/2022 01:50:27 PM,4/11/2024 04:00:00 AM,5/12/2025 04:00:00 AM,,10000.0,2119.0,Boston,Suffolk,42.334948,-71.073493,Metro Boston,2363-2365 Washington Street,,MA,42.329419,-71.084921,,Washington St,,,Boston,MA,Suffolk County,2119.0,The Cannabis Station,MA,MACCC,Massachusetts Cannabis Control Commission,,,,,
07/01/2024,APPROVED,Marijuana Product Manufacturer,General Applicant,General Applicant,General Applicant,PROVISIONAL CONSIDERATION,,PAYMENT_PENDING,MP282202,"Green Collar Cannabis, LLC",Freetown,2702.0,,,16A Copicut Road Bldg. #2,Units 5 & 6,Assonet,MA,2702,POINT (-71.102131 41.778329),POINT (-71.084549 41.7764060),2070 Main Rd,,Tiverton,RI,2878,88-0769711,MPN282202,12/30/2022 09:32:27 AM,6/30/2022 11:59:34 AM,,False,no,,,,,,,,,Woman-Owned Business,,,,5/10/2022 09:42:05 AM,1/13/2023 10:52:46 AM,2/9/2023 01:16:17 PM,,,,0.0,2702.0,Assonet,Bristol,41.778329,-71.102131,,16A Copicut Road Bldg. #2,Units 5 & 6,MA,41.776406,-71.08455,16.0,Copicut Rd,Ste,2.0,Assonet,MA,Bristol County,2702.0,"Green Collar Cannabis, LLC",MA,MACCC,Massachusetts Cannabis Control Commission,,,,,
07/01/2024,APPROVED,Marijuana Cultivator,Expedited Review - DBE Status,Expedited,DBE Status,PROVISIONAL LICENSE,,COMPLETE,MC283685,Neamat LLC,Uxbridge,1569.0,,,290 Millville Rd,,Uxbridge,MA,1569,POINT (-71.840209 42.329642),POINT (-71.619939 42.0607150),248 S. Pier Rd,,Narragansett,RI,2882,84-5071173,MCN283685,2/8/2023 03:21:38 PM,2/11/2022 01:52:52 PM,4/24/2023 10:43:46 AM,False,no,,,,,,,,,Woman-Owned Business,Indoor,"Tier 02: 5,001 to 10,000 sq. ft.",,1/19/2022 11:12:06 AM,2/10/2023 09:35:55 AM,4/14/2023 02:52:55 PM,4/24/2023 04:00:00 AM,4/24/2024 04:00:00 AM,,1250.0,1569.0,Uxbridge,Worcester,42.329642,-71.840209,Central MA,290 Millville Rd,,MA,42.060715,-71.619939,290.0,Millville Rd,,,Uxbridge,MA,Worcester County,1569.0,Neamat LLC,MA,MACCC,Massachusetts Cannabis Control Commission,,,,,
07/01/2024,APPROVED,Craft Marijuana Cooperative,Expedited Review - Two or More,Expedited,Two or More,PROVISIONAL LICENSE,,COMPLETE,CO281706,"Greenjeans Farms, LLC",,,,,4 Old Sawmill Road,,Holliston,MA,1746,,POINT (-71.489592 42.15652),4 Old Sawmill Road,,Holliston,MA,1746,86-1377326,CON281706,12/1/2021 09:48:33 AM,10/19/2021 11:45:38 AM,6/7/2022 02:58:48 PM,False,no,,,,,,,,,Woman-Owned Business,Outdoor,"Tier 06: 40,001 to 50,000 sq. ft",,6/16/2021 07:26:17 PM,12/10/2021 01:14:45 PM,3/10/2022 01:54:17 PM,5/11/2023 04:00:00 AM,10/5/2024 04:00:00 AM,,12500.0,,,,,,,,,MA,42.15652,-71.489592,,,,,,MA,,,"Greenjeans Farms, LLC",MA,MACCC,Massachusetts Cannabis Control Commission,,,,,
07/01/2024,APPROVED,Marijuana Delivery Operator Pre-Certification,Expedited Review - Social Equity Participant,Expedited,Social Equity Participant,PROVISIONAL LICENSE,,COMPLETE,PMD5978,"71 Logistics DTC, LLC",,,,,71 Linden Street,,Lynn,MA,1905,,,71 Linden Street,,Lynn,MA,1905,88-0740995,PMDA5978,3/21/2022 01:57:16 PM,3/21/2022 12:33:17 PM,,False,,SE304832,,,,,,,,Not a DBE,,,,12/21/2021 07:34:58 PM,4/1/2022 02:48:08 PM,4/1/2022 02:48:23 PM,4/1/2022 04:00:00 AM,4/1/2024 04:00:00 AM,,0.0,,,,,,,,,MA,,,,,,,,,,,"71 Logistics DTC, LLC",MA,MACCC,Massachusetts Cannabis Control Commission,,,,,
07/01/2024,APPROVED,Marijuana Product Manufacturer,General Applicant,General Applicant,General Applicant,COMMENCE OPS,6/30/2022,COMPLETE,MP281540,"Platinum HydroLab, Inc",Lowell,1854.0,,,740 Dutton St,,Lowell,MA,1854,POINT (-71.275566 42.459085),POINT (-71.320964 42.6405450),13 Jacques Rd,,Tyngsboro,MA,1879,83-2126815,MPN281540,11/7/2019 10:30:49 AM,7/30/2019 12:00:00 AM,2/19/2020 06:11:07 PM,False,,,,,,,,,,Not a DBE,,,1/20/2022 03:00:00 AM,11/21/2018 10:26:43 AM,11/7/2019 12:00:00 AM,2/7/2020 09:24:55 AM,5/11/2023 04:00:00 AM,8/9/2024 04:00:00 AM,,10000.0,1854.0,Lowell,Middlesex,42.459085,-71.275566,Northeast,740 Dutton Street,,MA,42.640545,-71.320964,740.0,Dutton St,,,Lowell,MA,Middlesex County,1854.0,"Platinum HydroLab, Inc",MA,MACCC,Massachusetts Cannabis Control Commission,,,,,
07/01/2024,APPROVED,Marijuana Retailer,General Applicant,General Applicant,General Applicant,PROVISIONAL CONSIDERATION,,PAYMENT_PENDING,MR284257,"Gracious Greens, LLC",Sunderland,1375.0,,,267 Amherst Road,,Sunderland,MA,1375,POINT (-72.573941 42.587072),POINT (-72.564425 42.4522959),208 Howard St,,Lunenburg,MA,1462,86-2163161,MRN284257,9/22/2022 05:37:52 PM,6/8/2022 02:59:05 PM,,False,no,,,,,,,,,Not a DBE,,,,5/21/2021 11:11:16 AM,12/2/2022 02:42:05 PM,1/12/2023 01:09:46 PM,,,,0.0,1375.0,Sunderland,Franklin,42.587072,-72.573941,Western MA,267 Amhearst Road,,MA,42.452296,-72.564425,267.0,Amherst Rd,,,Sunderland,MA,Franklin County,1375.0,"Gracious Greens, LLC",MA,MACCC,Massachusetts Cannabis Control Commission,,,,,
07/01/2024,APPROVED,Marijuana Retailer,Expedited Review - DBE Status,Expedited,DBE Status,PROVISIONAL LICENSE,,COMPLETE,MR283321,Sparkboro Wellness NAMA Corp.,North Adams,1247.0,,,1268 Curran Highway,,North Adams,MA,1247,POINT (-73.209889 42.396128),POINT (-73.107417 42.6684309),180 Elm Street Suite I#340,,Pittsfield,MA,1201,84-5042244,MRN283321,5/27/2020 02:37:26 PM,3/23/2020 12:00:00 AM,9/11/2020 10:38:26 AM,False,,,,,,,,,,Minority-Owned Business,,,,3/3/2020 01:17:50 PM,6/11/2020 02:29:22 PM,9/10/2020 01:48:08 PM,11/9/2023 03:00:00 AM,12/8/2024 03:00:00 AM,,10000.0,1247.0,North Adams,Berkshire,42.396128,-73.209889,Western MA,1268 Curran Highway,,MA,42.668431,-73.107418,1268.0,Curran Hwy,,,North Adams,MA,Berkshire County,1247.0,Sparkboro Wellness NAMA Corp.,MA,MACCC,Massachusetts Cannabis Control Commission,,,,,
07/01/2024,APPROVED,Marijuana Retailer,Priority Review - MTC Priority,Priority,MTC Priority,COMMENCE OPS,4/19/2019,COMPLETE,MR281702,Good Chemistry of Mass,Worcester,1604.0,,,9 Harrison Street,,Worcester,MA,1604,POINT (-71.840209 42.329642),POINT (-71.797120 42.257151),50 Congress St,Suite 420,Boston,MA,2109,46-3379588,MRN281702,8/2/2018 12:12:43 PM,7/28/2018 12:00:00 AM,11/27/2018 02:13:37 PM,True,,,,,,,APPROVED,RP201817,RPA201817,Not a DBE,,,2/21/2019 03:00:00 AM,7/11/2018 07:10:05 PM,8/10/2018 12:00:00 AM,11/20/2018 02:52:58 PM,11/9/2023 03:00:00 AM,11/30/2024 03:00:00 AM,,5000.0,1604.0,Worcester,Worcester,42.329642,-71.840209,Central MA,9 Harrison Street,,MA,42.257151,-71.79712,9.0,Harrison St,,,Worcester,MA,Worcester County,1604.0,Good Chemistry of Mass,MA,MACCC,Massachusetts Cannabis Control Commission,,,,,
07/01/2024,APPROVED,Marijuana Cultivator,General Applicant,General Applicant,General Applicant,PROVISIONAL LICENSE,,COMPLETE,MC282179,Sama Productions LLC,Sandisfield,1255.0,,,42 South Main Street,,Sandisfield,MA,1255,POINT (-73.209889 42.396128),POINT (-73.063928 42.0758950),28 Priscilla Avenue,,Yonkers,NY,10710,84-1950575,MCN282179,1/4/2022 02:53:31 PM,9/16/2021 05:41:11 PM,,False,no,,,,,,,,,Not a DBE,Indoor,"Tier 04: 20,001 to 30,000 sq. ft",,5/31/2019 03:20:07 PM,1/14/2022 11:17:35 AM,3/10/2022 01:51:22 PM,9/14/2023 04:00:00 AM,10/13/2024 04:00:00 AM,,20000.0,1255.0,Sandisfield,Berkshire,42.396128,-73.209889,Western MA,42 South Main Street,,MA,42.075895,-73.063928,42.0,S Main St,,,Sandisfield,MA,Hampden County,1255.0,Sama Productions LLC,MA,MACCC,Massachusetts Cannabis Control Commission,,,,,
07/01/2024,APPROVED,Marijuana Retailer,Expedited Review - Social Equity Participant,Expedited,Social Equity Participant,COMMENCE OPS,2/13/2024,COMPLETE,MR282590,"DMS Trinity, LLC",Chelsea,2150.0,,,38 Gould Street,,Stoneham,MA,2180,POINT (-71.073493 42.334948),POINT (-71.046574 42.3961609),38 Gould Street,,Stoneham,MA,2180,83-4484332,MRN282590,5/2/2022 02:48:44 PM,1/5/2022 05:44:01 PM,,False,yes,SE305470,,,,,,,,"Woman-Owned Business | Lesbian, Gay, Bisexual, and Transgender Owned Business | Minority-Owned Business",,,1/11/2024 03:00:00 AM,4/9/2019 01:15:22 PM,5/27/2022 06:45:32 AM,8/11/2022 11:48:10 AM,8/10/2023 04:00:00 AM,8/22/2024 04:00:00 AM,,5000.0,2150.0,Chelsea,Suffolk,42.334948,-71.073493,Metro Boston,260 Second Street,,MA,42.396161,-71.046574,260.0,2nd St,,,Chelsea,MA,Suffolk County,2150.0,"DMS Trinity, LLC",MA,MACCC,Massachusetts Cannabis Control Commission,,,,,
07/01/2024,APPROVED,Marijuana Retailer,General Applicant,General Applicant,General Applicant,COMMENCE OPS,7/17/2023,COMPLETE,MR282714,311 Page Blvd LLC,Springfield,1104.0,,,311 Page Blvd,,Springfield,MA,1104,POINT (-72.571312 42.12756),POINT (-72.560851 42.1342240),63 Woodcrest Road,,Springfield,MA,1129,84-2409132,MRN282714,12/16/2020 01:12:30 PM,12/9/2020 10:50:03 AM,,False,no,,,,,,,,,Not a DBE,,,6/8/2023 04:00:00 AM,5/16/2019 11:13:13 AM,12/17/2020 12:09:38 PM,3/11/2021 01:45:12 PM,9/14/2023 04:00:00 AM,9/18/2024 04:00:00 AM,,10000.0,1104.0,Springfield,Hampden,42.12756,-72.571312,Western MA,311 Page Boulevard,,MA,42.134224,-72.560852,311.0,Page Blvd,,,Springfield,MA,Hampden County,1104.0,311 Page Blvd LLC,MA,MACCC,Massachusetts Cannabis Control Commission,,,,,
07/01/2024,APPROVED,Marijuana Retailer,Expedited Review - DBE Status,Expedited,DBE Status,FINAL LICENSE,,COMPLETE,MR284654,"JMK Gardening, LLC  DBA Wonderland-Cannabis Co",Millbury,1527.0,,,11 McCracken Road,Suite C,Millbury,MA,1527,POINT (-71.840209 42.329642),POINT (-71.779792 42.2022339),"11 McCracken Road, Suite C",,Millbury,MA,1527,84-4197373,MRN284654,12/21/2022 10:54:07 AM,12/8/2022 02:59:22 PM,3/31/2023 10:04:00 AM,False,no,,,,,,,,,Woman-Owned Business,,,6/13/2024 04:00:00 AM,5/11/2022 05:07:12 PM,12/30/2022 09:49:32 AM,3/9/2023 12:43:28 PM,3/7/2024 03:00:00 AM,3/31/2025 04:00:00 AM,,10000.0,1527.0,Millbury,Worcester,42.329642,-71.840209,Central MA,"11 McCracken Road, Suite C, ",,MA,42.202234,-71.779793,11.0,McCracken Rd,Ste,,Millbury,MA,Worcester County,1527.0,"JMK Gardening, LLC  DBA Wonderland-Cannabis Co",MA,MACCC,Massachusetts Cannabis Control Commission,,,,,
07/01/2024,APPROVED,Marijuana Retailer,General Applicant,General Applicant,General Applicant,PROVISIONAL CONSIDERATION,,PAYMENT_PENDING,MR284277,"Hall Road, LLC",Dudley,1571.0,,,40 Hall Road,,Dudley,MA,1571,POINT (-71.840209 42.329642),POINT (-71.923081 42.0355350),120 Schofield Avenue,,Dudley,MA,1571,87-1127413,MRN284277,10/7/2021 03:04:37 PM,9/13/2021 11:24:24 AM,,False,no,,,,,,,,,Not a DBE,,,,6/10/2021 07:35:26 AM,10/8/2021 11:42:46 AM,11/18/2021 02:43:17 PM,,,,0.0,1571.0,Dudley,Worcester,42.329642,-71.840209,Central MA,40 Hall Road,,MA,42.035535,-71.923082,40.0,Hall Rd,,,Dudley,MA,Worcester County,1571.0,"Hall Road, LLC",MA,MACCC,Massachusetts Cannabis Control Commission,,,,,
07/01/2024,APPROVED,Marijuana Cultivator,Expedited Review - License Type,Expedited,License Type,PROVISIONAL LICENSE,,COMPLETE,MC282454,CastleRock Agricultural Enterprises Incorporated,Barre,1005.0,,,257 WALNUT HILL RD,,BARRE,MA,1005,POINT (-71.840209 42.329642),POINT (-72.084109 42.4178640),257 WALNUT HILL RD,,BARRE,MA,1005,83-1710815,MCN282454,8/6/2020 09:17:33 AM,5/29/2020 12:01:49 PM,,False,no,,,,,,,,,Not a DBE,Outdoor,"Tier 11: 90,001 to 100,000 sq. ft",,10/18/2019 03:42:17 PM,8/13/2020 02:02:28 PM,10/8/2020 12:36:11 PM,4/7/2022 04:00:00 AM,4/8/2023 04:00:00 AM,,25000.0,1005.0,Barre,Worcester,42.329642,-71.840209,Central MA,257 Walnut Hill Rd,,MA,42.417864,-72.08411,257.0,Walnut Hill Rd,,,Barre,MA,Worcester County,1005.0,CastleRock Agricultural Enterprises Incorporated,MA,MACCC,Massachusetts Cannabis Control Commission,,,,,
07/01/2024,APPROVED,Marijuana Retailer,Priority Review - Economic Empowerment Priority,Priority,Economic Empowerment Priority,PROVISIONAL LICENSE,,COMPLETE,MR284730,Lowkey 2 LLC,Boston,2132.0,,,5252-5270 Washington Street,,West Roxbury,MA,2132,POINT (-71.073493 42.334948),POINT (-71.158930 42.259307),1601 Blue Hill Avenue,Suite 201,Boston,MA,2126,88-3410833,MRN284730,2/18/2023 05:32:02 PM,10/27/2022 09:29:53 PM,,True,yes,EE202286,,APPROVED,EE202286,EE202286,,,,Not a DBE,,,,7/28/2022 08:17:52 AM,3/3/2023 09:19:28 AM,4/14/2023 03:27:56 PM,7/6/2023 04:00:00 AM,7/6/2024 04:00:00 AM,,5000.0,2132.0,West Roxbury,Suffolk,42.334948,-71.073493,,5252-5270 Washington Street,,MA,42.259307,-71.158931,5270.0,Washington St,,,West Roxbury,MA,Suffolk County,2132.0,Lowkey 2 LLC,MA,MACCC,Massachusetts Cannabis Control Commission,,,,,
07/01/2024,APPROVED,Marijuana Delivery Operator Pre-Certification,Expedited Review - Social Equity Participant,Expedited,Social Equity Participant,PROVISIONAL LICENSE,,COMPLETE,PMD5980,High Honors LLC,,,,,75 Kathleen Road,,South Weymouth,MA,2190,,,75 Kathleen Road,,South Weymouth,MA,2190,87-3778256,PMDA5980,6/20/2022 12:42:57 AM,1/7/2022 09:32:13 AM,,False,,SE305422,SE305422,,,,,,,Minority-Owned Business | Woman-Owned Business,,,,12/29/2021 12:33:05 PM,6/27/2022 10:13:19 AM,6/27/2022 10:13:31 AM,6/27/2022 04:00:00 AM,6/27/2024 04:00:00 AM,,0.0,,,,,,,,,MA,,,,,,,,,,,High Honors LLC,MA,MACCC,Massachusetts Cannabis Control Commission,,,,,
07/01/2024,APPROVED,Marijuana Retailer,Expedited Review - Social Equity Participant,Expedited,Social Equity Participant,COMMENCE OPS,3/28/2024,COMPLETE,MR283012,"The Holistic Concepts, Inc",Brockton,2301.0,,,1915 Main St.,,Brockton,MA,2301,POINT (-70.818958 41.978877),POINT (-71.010850 42.0473209),95 West Elm St.,,Brockton,MA,2301,84-2294903,MRN283012,6/23/2020 04:44:12 PM,3/10/2020 12:00:00 AM,,False,yes,SE304911,,,,,,,,Not a DBE,,,2/8/2024 03:00:00 AM,9/26/2019 10:23:02 PM,6/26/2020 02:12:40 PM,8/6/2020 02:23:32 PM,7/13/2023 04:00:00 AM,7/17/2024 04:00:00 AM,,5000.0,2301.0,Brockton,Plymouth,41.978877,-70.818958,Southeast and Cape,1915 Main St.,,MA,42.047321,-71.01085,1915.0,Main St,,,Brockton,MA,Plymouth County,2301.0,"The Holistic Concepts, Inc",MA,MACCC,Massachusetts Cannabis Control Commission,,,,,
07/01/2024,APPROVED,Marijuana Retailer,General Applicant,General Applicant,General Applicant,PROVISIONAL CONSIDERATION,,PAYMENT_PENDING,MR285037,Cloud 9 Cannabis LLC,Quincy,2169.0,,,15 LIBERTY St.,,Quincy,MA,2169,POINT (-71.15444 42.199156),POINT (-71.006084 42.2404390),803 Hancock St.,,Quincy,MA,2170,92-2358718,MRN285037,1/8/2024 03:00:10 PM,10/20/2023 03:37:40 PM,,False,no,,,,,,,,,Not a DBE,,,,9/19/2023 10:56:59 AM,2/16/2024 02:42:26 PM,5/9/2024 12:31:02 PM,,,,0.0,2169.0,Quincy,Norfolk,42.199156,-71.15444,Metro Boston,15 Liberty St.,,MA,42.240439,-71.006084,15.0,Liberty St,,,Quincy,MA,Norfolk County,2169.0,Cloud 9 Cannabis LLC,MA,MACCC,Massachusetts Cannabis Control Commission,,,,,
07/01/2024,APPROVED,Independent Testing Laboratory,Expedited Review - License Type,Expedited,License Type,COMMENCE OPS,9/17/2021,COMPLETE,IL281280,"Analytics Labs, LLC.",Holyoke,1045.0,,,28C APPLETON STREET,SUITE 3,HOLYOKE,MA,1040,,POINT (-72.601152 42.198957),28C APPLETON STREET,SUITE 3,HOLYOKE,MA,1040,83-3806495,ILN281280,3/19/2020 09:11:39 PM,8/26/2019 12:00:00 AM,,False,,,,,,,,,,Woman-Owned Business | Minority-Owned Business,,,8/12/2021 04:00:00 AM,6/11/2018 09:07:54 AM,3/27/2020 12:00:00 AM,6/4/2020 02:02:25 PM,8/10/2023 04:00:00 AM,8/14/2024 04:00:00 AM,,10000.0,,,,,,,28C Appleton Street,Suite 3,MA,42.198957,-72.601153,28.0,Appleton St,,,Holyoke,MA,Hampden County,1040.0,"Analytics Labs, LLC.",MA,MACCC,Massachusetts Cannabis Control Commission,,,,,
07/01/2024,APPROVED,Marijuana Cultivator,Expedited Review - License Type,Expedited,License Type,COMMENCE OPS,1/22/2024,COMPLETE,MC283117,Greenfield Greenery LLC,Greenfield,1302.0,,,120 Fulton Street,,Boston,MA,2109,POINT (-72.573941 42.587072),POINT (-72.606076 42.6324529),120 Fulton Street,,Boston,MA,2109,85-3297338,MCN283117,12/1/2020 12:50:47 PM,10/27/2020 04:00:00 AM,,False,no,,,,,,,,,Not a DBE,Outdoor,"Tier 11: 90,001 to 100,000 sq. ft",1/12/2023 03:00:00 AM,10/15/2020 12:47:19 PM,12/3/2020 12:43:33 PM,2/11/2021 01:27:29 PM,3/7/2024 03:00:00 AM,3/11/2025 04:00:00 AM,,25000.0,1302.0,Greenfield,Franklin,42.587072,-72.573941,Western MA,493 Leyden Road,,MA,42.632453,-72.606077,493.0,Leyden Rd,,,Greenfield,MA,Franklin County,1301.0,Greenfield Greenery LLC,MA,MACCC,Massachusetts Cannabis Control Commission,,,,,
07/01/2024,APPROVED,Marijuana Retailer,General Applicant,General Applicant,General Applicant,COMMENCE OPS,9/11/2023,COMPLETE,MR282601,"ToroVerde (Massachusetts), Inc.",Northampton,1060.0,,,C/O EvansCutler Attorneys 90 Conz Street,,Northampton,MA,1060,POINT (-72.62073 42.322256),POINT (-72.638279 42.3386939),C/O EvansCutler Attorneys 90 Conz Street,,Northampton,MA,1060,35-2638738,MRN282601,1/21/2020 11:08:39 AM,11/13/2019 12:00:00 AM,6/29/2020 04:09:52 PM,False,,,,,,,,,,Not a DBE,,,8/10/2023 04:00:00 AM,4/13/2019 04:28:21 PM,3/5/2020 12:00:00 AM,5/8/2020 03:06:30 PM,6/8/2023 04:00:00 AM,10/27/2024 04:00:00 AM,,10000.0,1060.0,Northampton,Hampshire,42.322256,-72.62073,Western MA,26-28 North King Street,Unit 2,MA,42.338694,-72.63828,28.0,N King St,,,Northampton,MA,Hampshire County,1060.0,"ToroVerde (Massachusetts), Inc.",MA,MACCC,Massachusetts Cannabis Control Commission,,,,,
07/01/2024,APPROVED,Marijuana Cultivator,General Applicant,General Applicant,General Applicant,PROVISIONAL LICENSE,,COMPLETE,MC283451,"Canna Select Holdings, LLC",Whately,1373.0,,,23 LaSalle Drive,,Whately,MA,1373,POINT (-72.573941 42.587072),POINT (-72.652511 42.4426729),PO Box 163,,Hinsdale,MA,1235,86-1622265,MCN283451,4/30/2021 02:40:24 PM,4/12/2021 01:45:30 PM,7/25/2021 11:09:10 AM,False,no,,,,,,,,,Not a DBE,Indoor,"Tier 03: 10,001 to 20,000 sq. ft",,3/24/2021 07:17:38 PM,5/7/2021 11:46:41 AM,7/15/2021 04:32:52 PM,6/8/2023 04:00:00 AM,7/25/2024 04:00:00 AM,,5000.0,1373.0,South Deerfield,Franklin,42.587072,-72.573941,,52 R W Moore Dr.,,MA,42.442673,-72.652511,,,,,Whately,MA,Franklin County,1093.0,"Canna Select Holdings, LLC",MA,MACCC,Massachusetts Cannabis Control Commission,,,,,
07/01/2024,APPROVED,Marijuana Cultivator,Priority Review - MTC Priority,Priority,MTC Priority,COMMENCE OPS,12/9/2019,COMPLETE,MC281254,Caregiver-Patient Connection,Barre,1005.0,,,295 Vernon Ave,,Barre,MA,1005,POINT (-71.840209 42.329642),POINT (-72.086780 42.3836659),287 Chapman Rd,,Barre,MA,1005,82-2905670,MCN281254,8/29/2018 06:18:06 PM,7/25/2018 12:00:00 AM,1/7/2019 04:45:22 PM,True,,,,,,,APPROVED,RP201819,RPA201819,Woman-Owned Business,Indoor,"Tier 02: 5,001 to 10,000 sq. ft.",6/27/2019 04:00:00 AM,4/17/2018 12:27:06 PM,8/30/2018 12:00:00 AM,12/14/2018 11:59:38 AM,12/14/2023 03:00:00 AM,1/7/2025 03:00:00 AM,,8965.0,1005.0,Barre,Worcester,42.329642,-71.840209,Central MA,295 Vernon Avenue,,MA,42.383666,-72.08678,295.0,Vernon Ave,,,Barre,MA,Worcester County,1005.0,Caregiver-Patient Connection,MA,MACCC,Massachusetts Cannabis Control Commission,,,,,
07/01/2024,APPROVED,Marijuana Retailer,General Applicant,General Applicant,General Applicant,PROVISIONAL LICENSE,,COMPLETE,MR284579,"Eddie's Flowers, Inc.",Ashburnham,1430.0,,,23 Rindge State Rd.,,Ashburnham,MA,1430,POINT (-71.840209 42.329642),POINT (-71.879301 42.687939),1 Crescent Hill,,Springfield,MA,1105,85-2919293,MRN284579,8/4/2022 06:35:28 PM,4/4/2022 01:09:07 PM,11/5/2022 06:47:13 PM,False,no,,,,,,,,,Not a DBE,,,,1/31/2022 07:15:31 PM,8/19/2022 09:35:32 AM,10/13/2022 04:11:35 PM,1/11/2024 03:00:00 AM,1/11/2025 03:00:00 AM,,10000.0,1430.0,Ashburnham,Worcester,42.329642,-71.840209,Central MA,23 Rindge State Rd.,,MA,42.687939,-71.879302,23.0,Rindge State Rd,,,Ashburnham,MA,Worcester County,1430.0,"Eddie's Flowers, Inc.",MA,MACCC,Massachusetts Cannabis Control Commission,,,,,
07/01/2024,APPROVED,Marijuana Cultivator,Expedited Review - DBE Status,Expedited,DBE Status,PROVISIONAL LICENSE,,COMPLETE,MC283602,Sweetgrass Farms LLC,Plympton,2367.0,,,77 Spring Street,,Plympton,MA,2367,POINT (-70.818958 41.978877),POINT (-70.770776 41.9478939),605 Franklin Street,,Duxbury,MA,2332,86-2960821,MCN283602,10/29/2021 08:18:46 AM,10/12/2021 02:57:16 PM,,False,no,,,,,,,,,Veteran-Owned Business,Indoor,"Tier 03: 10,001 to 20,000 sq. ft",,9/20/2021 12:39:43 PM,11/5/2021 10:11:33 AM,1/20/2022 03:47:29 PM,9/21/2023 04:00:00 AM,9/21/2024 04:00:00 AM,,2500.0,2367.0,Plympton,Plymouth,41.978877,-70.818958,Southeast and Cape,77 Spring Street,,MA,41.947894,-70.770777,77.0,Spring St,,,Plympton,MA,Plymouth County,2367.0,Sweetgrass Farms LLC,MA,MACCC,Massachusetts Cannabis Control Commission,,,,,
