ccclastupdated,application_status,license_type,application_classification,application_classification_1,application_classification_2,approved_license_type,commence_operations_date,license_status,license_number,business_legal_name,premise_city,establishment_zipcode,business_email,business_phone,business_address_1,business_address_2,business_city,business_state,business_zipcode,geocoded_county,geocoded_address,mailing_address_1,mailing_address_2,mailing_city,mailing_state,mailing_zipcode,ein_tin,application_number,submitted_date,first_compliance_review_date,lic_fee_payment_submitted_date,priority,fee_waiver_request,fee_waiver_ee_or_se_number,approved_social_equity,ee_priority_status,ee_priority_number_from_account,ee_priority_number_from_application,rmd_priority_status,rmd_priority_number_from_account,rmd_priority_number_from_application,dbe,cultivation_environment,cultivation_tier,cnb_dt_of_final_licensure,issue_date,cnb_deemed_complete_date,application_approved_date,lic_start_date,expiration_date,pmt_amount,lic_fee_amount,premise_zip_code,town,premise_county,county_lat,county_long,region,establishment_address_1,establishment_address_2,establishment_state,premise_latitude,premise_longitude,number,street,unit_type,unit_number,city,state,premise_county,premise_zip_code,business_dba_name,premise_state,licensing_authority_id,licensing_authority,business_structure,business_owner_name,parcel_number,business_image_url,business_website
07/01/2024,APPROVED,Marijuana Retailer,General Applicant,General Applicant,General Applicant,COMMENCE OPS,11/14/2023,COMPLETE,MR284521,"CastleLeaf, LLC",Boston,2135.0,,,100 Leo M. Birmingham Parkway,,Boston,MA,2135,POINT (-71.073493 42.334948),,100 Leo M. Birmingham Parkway,,Boston,MA,2135,84-2851451,MRN284521,9/14/2022 02:15:53 PM,12/28/2021 09:01:30 AM,,False,no,,,,,,,,,Not a DBE,,,10/12/2023 04:00:00 AM,11/29/2021 10:13:44 AM,,9/15/2022 12:47:56 PM,1/11/2024 03:00:00 AM,1/19/2025 03:00:00 AM,,10000.0,2135.0,Brighton,Suffolk,42.334948,-71.073493,,,,MA,,,,,,,,,,,"CastleLeaf, LLC",MA,MACCC,Massachusetts Cannabis Control Commission,,,,,
07/01/2024,APPROVED,Marijuana Retailer,General Applicant,General Applicant,General Applicant,COMMENCE OPS,12/19/2023,COMPLETE,MR283234,"Green Choice Dispensaries, LLC",Blackstone,1504.0,,,114 Main Street,,Blackstone,MA,1504,POINT (-71.840209 42.329642),POINT (-71.537413 42.0189969),247 Old North Street,,Kingston,RI,2881,99-0101222,MRN283234,12/20/2021 03:47:14 PM,10/25/2021 11:32:21 AM,,False,no,,,,,,,,,Not a DBE,,,10/12/2023 04:00:00 AM,1/16/2020 12:12:29 PM,12/23/2021 01:29:09 PM,3/10/2022 01:54:35 PM,3/7/2024 03:00:00 AM,3/21/2025 04:00:00 AM,,10000.0,1504.0,Blackstone,Worcester,42.329642,-71.840209,Central MA,114 Main Street,,MA,42.018997,-71.537413,114.0,Main St,,,Blackstone,MA,Worcester County,1504.0,"Green Choice Dispensaries, LLC",MA,MACCC,Massachusetts Cannabis Control Commission,,,,,
07/01/2024,APPROVED,Marijuana Retailer,General Applicant,General Applicant,General Applicant,PROVISIONAL LICENSE,,COMPLETE,MR283027,"Agricultural Healing, Inc.",Fall River,2721.0,,,278 Scranton Avenue,,Falmouth,MA,2540,POINT (-71.102131 41.778329),POINT (-71.146247 41.6915400),278 Scranton Avenue,,Falmouth,MA,2540,83-0575651,MRN283027,3/30/2020 04:14:03 PM,3/4/2020 12:00:00 AM,,False,,,,,,,,,,Not a DBE,,,,10/2/2019 02:08:43 PM,5/26/2020 02:14:43 PM,11/19/2020 04:11:58 PM,3/7/2024 03:00:00 AM,3/11/2025 04:00:00 AM,,10000.0,2721.0,Fall River,Bristol,41.778329,-71.102131,Southeast and Cape,1 Lewiston Street,,MA,41.69154,-71.146247,1.0,Lewiston St,,,Fall River,MA,Bristol County,2721.0,"Agricultural Healing, Inc.",MA,MACCC,Massachusetts Cannabis Control Commission,,,,,
07/01/2024,APPROVED,Marijuana Retailer,General Applicant,General Applicant,General Applicant,COMMENCE OPS,3/25/2022,COMPLETE,MR283141,Aspen Blue Cultures Inc.,Attleboro,2703.0,,,40 Forest Street,,Attleboro,MA,2703,POINT (-71.102131 41.778329),POINT (-71.273973 41.9457900),909 North Main Street,,Providence,RI,2904,83-2407755,MRN283141,5/15/2020 09:24:37 PM,5/18/2020 09:54:19 AM,1/22/2021 02:45:53 PM,False,,,,,,,,,,Not a DBE,,,3/10/2022 03:00:00 AM,11/22/2019 03:48:47 PM,7/17/2020 10:13:46 AM,10/8/2020 12:31:03 PM,1/11/2024 03:00:00 AM,1/22/2025 03:00:00 AM,,10000.0,2703.0,Attleboro,Bristol,41.778329,-71.102131,Southeast and Cape,40 Forest Street,,MA,41.94579,-71.273974,40.0,Forest St,,,Attleboro,MA,Bristol County,2703.0,Aspen Blue Cultures Inc.,MA,MACCC,Massachusetts Cannabis Control Commission,,,,,
07/01/2024,APPROVED,Marijuana Retailer,General Applicant,General Applicant,General Applicant,COMMENCE OPS,3/1/2021,COMPLETE,MR281970,"Garden Wonders, Inc",Millville,1529.0,,,3 Route 146,,Millville,MA,1529,POINT (-71.840209 42.329642),POINT (-71.754526 42.1745110),180 warren street,,waltham,MA,2453,04-3255379,MRN281970,12/10/2019 01:49:40 PM,8/26/2019 12:00:00 AM,,False,,,,,,,,,,Not a DBE,,,1/14/2021 03:00:00 AM,10/15/2018 02:17:19 PM,11/29/2019 12:00:00 AM,3/5/2020 12:18:52 PM,7/13/2023 04:00:00 AM,7/17/2024 04:00:00 AM,,10000.0,1529.0,Millville,Worcester,42.329642,-71.840209,Central MA,3 Route 146,,MA,42.174511,-71.754527,3.0,State Rte 146,,,Sutton,MA,Worcester County,1590.0,"Garden Wonders, Inc",MA,MACCC,Massachusetts Cannabis Control Commission,,,,,
07/01/2024,APPROVED,Marijuana Retailer,General Applicant,General Applicant,General Applicant,COMMENCE OPS,5/15/2023,COMPLETE,MR281550,4bros Inc,Holyoke,1040.0,,,630 Beaulieu Street,,Holyoke,MA,1040,POINT (-72.571312 42.12756),POINT (-72.617036 42.1921979),630 Beaulieu Street,,Holyoke,MA,1040,82-2287373,MRN281550,9/15/2020 09:40:56 AM,9/11/2019 12:00:00 AM,3/26/2021 04:05:51 PM,False,no,,,,,,,,,Not a DBE,,,3/9/2023 03:00:00 AM,6/5/2018 09:34:39 AM,9/17/2020 10:56:12 AM,11/19/2020 04:10:20 PM,11/9/2023 03:00:00 AM,12/9/2024 03:00:00 AM,,10000.0,1040.0,Holyoke,Hampden,42.12756,-72.571312,Western MA,630 Beaulieu Street,,MA,42.192198,-72.617037,630.0,Beaulieu St,,,Holyoke,MA,Hampden County,1040.0,4bros Inc,MA,MACCC,Massachusetts Cannabis Control Commission,,,,,
07/01/2024,APPROVED,Marijuana Retailer,General Applicant,General Applicant,General Applicant,COMMENCE OPS,10/5/2021,COMPLETE,MR282621,"Heal Provincetown, Inc",Provincetown,2657.0,,,48 Shank Painter Rd,,Provincetown,MA,2657,POINT (-70.301811 41.698999),POINT (-70.195179 42.049965),4 Irving Road,,Weston,MA,2493,83-3186055,MRN282621,2/26/2020 12:18:16 PM,10/30/2019 12:00:00 AM,,False,,,,,,,,,,Not a DBE,,,9/17/2021 04:00:00 AM,4/19/2019 10:17:04 PM,2/27/2020 12:00:00 AM,5/8/2020 02:19:43 PM,5/12/2022 04:00:00 AM,5/19/2023 04:00:00 AM,,10000.0,2657.0,Provincetown,Barnstable,41.698999,-70.301811,Southeast and Cape,48 Shank Painter Road,,MA,42.049965,-70.19518,48.0,Shank Painter Rd,,,Provincetown,MA,Barnstable County,2657.0,"Heal Provincetown, Inc",MA,MACCC,Massachusetts Cannabis Control Commission,,,,,
07/01/2024,APPROVED,Marijuana Retailer,Expedited Review - Social Equity Participant,Expedited,Social Equity Participant,COMMENCE OPS,8/12/2021,COMPLETE,MR281612,"Terpene Journey, LLC",Swampscott,1907.0,,,430 Paradise Road Space B,,Swampscott,MA,1907,POINT (-70.970827 42.635475),POINT (-70.903687 42.4814269),108 Burrill Street,Unit 1,Swampscott,MA,1907,82-4853848,MRN281612,6/29/2020 03:26:27 PM,6/18/2020 03:23:05 PM,,False,yes,SE303603,SE303603,,,,,,,"Lesbian, Gay, Bisexual, and Transgender Owned Business",,,7/15/2021 04:00:00 AM,6/18/2018 09:24:17 PM,7/7/2020 11:10:32 AM,9/10/2020 01:51:49 PM,11/9/2023 03:00:00 AM,11/11/2024 03:00:00 AM,,5000.0,1907.0,Swampscott,Essex,42.635475,-70.970827,Northeast,430 Paradise Road,Unit B,MA,42.481427,-70.903687,430.0,Paradise Rd,,,Swampscott,MA,Essex County,1907.0,"Terpene Journey, LLC",MA,MACCC,Massachusetts Cannabis Control Commission,,,,,
07/01/2024,APPROVED,Marijuana Retailer,Expedited Review - Two or More,Expedited,Two or More,FINAL LICENSE,,COMPLETE,MR284542,Ember Gardens Cape Cod LLC,Orleans,2653.0,,,41 Route 6A,,Orleans,MA,2653,POINT (-70.301811 41.698999),POINT (-69.984616 41.7931689),254 Newhill Avenue,,Somerset,MA,2726,86-2585894,MRN284542,2/16/2022 01:24:05 PM,2/8/2022 01:57:54 PM,7/5/2022 01:48:36 PM,False,no,,,,,,,,,Minority-Owned Business | Woman-Owned Business,,,6/13/2024 04:00:00 AM,12/22/2021 12:31:25 PM,3/4/2022 09:13:40 AM,5/12/2022 02:10:00 PM,7/13/2023 04:00:00 AM,10/15/2024 04:00:00 AM,,10000.0,2653.0,Orleans,Barnstable,41.698999,-70.301811,Southeast and Cape,41 MA-6A,,MA,41.793169,-69.984616,41.0,State Rte 6A,,,Orleans,MA,Barnstable County,2653.0,Ember Gardens Cape Cod LLC,MA,MACCC,Massachusetts Cannabis Control Commission,,,,,
07/01/2024,APPROVED,Marijuana Retailer,Expedited Review - DBE Status,Expedited,DBE Status,COMMENCE OPS,11/22/2023,COMPLETE,MR282225,Buudda Brothers LLC,Holyoke,1040.0,,,604 Main Street,,Holyoke,MA,1040,POINT (-72.571312 42.12756),POINT (-72.611682 42.1949340),170 Prospect Street,,Chicopee,MA,1013,83-1756822,MRN282225,3/13/2020 04:07:20 PM,11/6/2019 12:00:00 AM,6/6/2020 10:53:00 AM,False,,,,,,,,,,Minority-Owned Business,,,8/10/2023 04:00:00 AM,12/25/2018 07:17:33 PM,3/19/2020 12:00:00 AM,6/4/2020 02:08:06 PM,6/8/2023 04:00:00 AM,10/7/2024 04:00:00 AM,,10000.0,1040.0,Holyoke,Hampden,42.12756,-72.571312,Western MA,604 Main Street,,MA,42.194934,-72.611682,604.0,Main St,,,Holyoke,MA,Hampden County,1040.0,Buudda Brothers LLC,MA,MACCC,Massachusetts Cannabis Control Commission,,,,,
07/01/2024,APPROVED,Marijuana Retailer,Expedited Review - DBE Status,Expedited,DBE Status,COMMENCE OPS,11/22/2023,COMPLETE,MR284913,Pluto Cannabis Co.,Lynn,1901.0,,,193 Oxford St,,Lynn,MA,1901,POINT (-70.970827 42.635475),POINT (-70.947203 42.4629279),4 Michael Drive,,Burlington,MA,1803,92-3318942,MRN284913,6/13/2023 03:59:02 PM,5/24/2023 09:01:15 AM,9/15/2023 11:21:25 AM,False,no,,,,,,,,,Minority-Owned Business,,,11/9/2023 03:00:00 AM,4/4/2023 10:39:12 AM,6/23/2023 01:21:32 PM,9/14/2023 03:38:41 PM,9/15/2023 04:00:00 AM,9/15/2024 04:00:00 AM,,10000.0,1901.0,Lynn,Essex,42.635475,-70.970827,Northeast,193-195 Oxford St,,MA,42.462928,-70.947203,192.0,Oxford St,,,Lynn,MA,Essex County,1901.0,Pluto Cannabis Co.,MA,MACCC,Massachusetts Cannabis Control Commission,,,,,
07/01/2024,APPROVED,Marijuana Retailer,General Applicant,General Applicant,General Applicant,COMMENCE OPS,6/1/2021,COMPLETE,MR282632,"I.N.S.A., Inc.",Springfield,1105.0,,,122 Pleasant Street,Suite 144,Easthampton,MA,1027,POINT (-72.571312 42.12756),POINT (-72.587428 42.0966820),122 Pleasant Street,Suite 144,Easthampton,MA,1027,46-3327054,MRN282632,6/22/2020 03:25:35 PM,2/21/2020 12:00:00 AM,8/6/2020 05:05:22 PM,True,,,,,,,APPROVED,RP201833,RP201833,Not a DBE,,,5/13/2021 04:00:00 AM,4/23/2019 03:38:19 PM,6/26/2020 01:08:51 PM,8/6/2020 02:05:29 PM,7/13/2023 04:00:00 AM,8/6/2024 04:00:00 AM,,10000.0,1105.0,Springfield,Hampden,42.12756,-72.571312,Western MA,1200 West Columbus Ave,,MA,42.096682,-72.587428,1200.0,W Columbus Ave,,,Springfield,MA,Hampden County,1105.0,"I.N.S.A., Inc.",MA,MACCC,Massachusetts Cannabis Control Commission,,,,,
07/01/2024,APPROVED,Marijuana Retailer,General Applicant,General Applicant,General Applicant,COMMENCE OPS,10/7/2020,COMPLETE,MR281810,Elev8 Cannabis Inc,Athol,1331.0,,,217 main st,,williamstown,MA,1267,POINT (-71.840209 42.329642),POINT (-72.234358 42.5934400),1409 oak st,,eugene,OR,97401,84-3674750,MRN281810,12/3/2019 02:44:38 PM,10/2/2018 12:00:00 AM,2/11/2020 07:31:19 PM,False,,,,,,,,,,Minority-Owned Business,,,9/10/2020 04:00:00 AM,8/16/2018 06:56:57 PM,11/27/2019 12:00:00 AM,1/16/2020 03:32:36 PM,4/7/2022 04:00:00 AM,4/10/2023 04:00:00 AM,,10000.0,1331.0,Athol,Worcester,42.329642,-71.840209,Western MA,243 Main Street,,MA,42.59344,-72.234359,243.0,Main St,,,Athol,MA,Worcester County,1331.0,Elev8 Cannabis Inc,MA,MACCC,Massachusetts Cannabis Control Commission,,,,,
07/01/2024,APPROVED,Marijuana Retailer,Priority Review - Economic Empowerment Priority,Priority,Economic Empowerment Priority,PROVISIONAL LICENSE,,COMPLETE,MR284644,Mass Greenwoods LLC,Boston,2134.0,,,116 Harvard Avenue,,Allston,MA,2134,POINT (-71.073493 42.334948),POINT (-71.131730 42.3524910),116 Harvard Avenue,,Allston,MA,2134,82-5117556,MRN284644,8/18/2022 11:23:47 AM,7/21/2022 11:44:46 AM,,True,yes,SE303621,,,,EEA202112,,,,Not a DBE,,,,4/25/2022 11:41:29 AM,8/19/2022 09:37:52 AM,10/13/2022 04:14:21 PM,11/9/2023 03:00:00 AM,11/13/2024 03:00:00 AM,,5000.0,2134.0,Allston,Suffolk,42.334948,-71.073493,,116 Harvard Avenue,,MA,42.352491,-71.13173,116.0,Harvard Ave,,,Allston,MA,Suffolk County,2134.0,Mass Greenwoods LLC,MA,MACCC,Massachusetts Cannabis Control Commission,,,,,
07/01/2024,APPROVED,Marijuana Retailer,General Applicant,General Applicant,General Applicant,COMMENCE OPS,5/11/2021,COMPLETE,MR282256,Green Stratus Corp,Brockton,2301.0,,,15 Saw Mill Pond,,Canton,MA,2021,POINT (-70.818958 41.978877),POINT (-71.065623 42.0984410),15 Saw Mill Pond,,Canton,MA,2021,82-4944964,MRN282256,1/31/2020 12:24:17 PM,1/6/2020 12:00:00 AM,,False,,,,,,,,,,Not a DBE,,,4/16/2021 04:00:00 AM,1/5/2019 05:25:52 PM,3/5/2020 12:00:00 AM,5/8/2020 02:19:09 PM,6/8/2023 04:00:00 AM,10/8/2024 04:00:00 AM,,10000.0,2301.0,Brockton,Plymouth,41.978877,-70.818958,Southeast and Cape,255 N. Pearl St.,,MA,42.098441,-71.065623,255.0,N Pearl St,,,Brockton,MA,Plymouth County,2301.0,Green Stratus Corp,MA,MACCC,Massachusetts Cannabis Control Commission,,,,,
07/01/2024,APPROVED,Marijuana Retailer,General Applicant,General Applicant,General Applicant,COMMENCE OPS,2/4/2021,COMPLETE,MR282516,Nova Farms LLC,Framingham,1701.0,,,34 Extension Street,,Attleboro,MA,2703,POINT (-71.275566 42.459085),POINT (-71.443946 42.2993870),34 Extension Street,,Attleboro,MA,2703,82-4930709,MRN282516,6/11/2020 10:42:10 AM,2/20/2020 12:00:00 AM,9/10/2020 05:04:35 PM,True,no,,,,,,APPROVED,RP201852,,Not a DBE,,,1/14/2021 03:00:00 AM,3/24/2019 02:10:19 PM,6/12/2020 10:40:30 AM,9/10/2020 01:24:00 PM,8/10/2023 04:00:00 AM,9/10/2024 04:00:00 AM,,10000.0,1701.0,Framingham,Middlesex,42.459085,-71.275566,Central MA,1137 Worcester Road,,MA,42.299387,-71.443947,1137.0,Worcester Rd,,,Framingham,MA,Middlesex County,1701.0,Nova Farms LLC,MA,MACCC,Massachusetts Cannabis Control Commission,,,,,
07/01/2024,APPROVED,Marijuana Retailer,General Applicant,General Applicant,General Applicant,PROVISIONAL LICENSE,,COMPLETE,MR283521,Apotho Therapeutics Dartmouth INC,Dartmouth,2747.0,,,747 State Road,,Dartmouth,MA,2747,POINT (-71.102131 41.778329),POINT (-71.029150 41.6390150),71 Raymond Drive,,Seekonk,MA,2771,83-1940958,MRN283521,10/9/2022 08:21:07 PM,3/31/2022 11:28:38 AM,2/14/2023 04:45:40 PM,False,no,,,,,,,,,Not a DBE,,,,5/12/2020 03:47:32 PM,11/16/2022 11:33:36 AM,1/12/2023 01:02:55 PM,2/14/2023 03:00:00 AM,10/11/2024 04:00:00 AM,,10000.0,2747.0,North Dartmouth,Bristol,41.778329,-71.102131,,747 State Road,,MA,41.639015,-71.02915,747.0,State Rd,,,North Dartmouth,MA,Bristol County,2747.0,Apotho Therapeutics Dartmouth INC,MA,MACCC,Massachusetts Cannabis Control Commission,,,,,
07/01/2024,APPROVED,Marijuana Retailer,Priority Review - MTC Priority,Priority,MTC Priority,COMMENCE OPS,8/7/2019,COMPLETE,MR281427,"The Green Lady Dispensary, Inc.",Nantucket,2554.0,,,11 Amelia Drive,,Nantucket,MA,2554,POINT (-70.09089 41.276758),POINT (-70.086005 41.266579),15 Skyline Drive,,Nantucket,MA,2554,82-1868872,MRN281427,10/12/2018 01:06:00 PM,8/28/2018 12:00:00 AM,12/14/2018 05:59:55 PM,True,,,,,,,APPROVED,RP201895,RPA201895,Not a DBE,,,6/27/2019 04:00:00 AM,5/15/2018 05:54:25 PM,10/18/2018 12:00:00 AM,12/14/2018 12:01:57 PM,2/8/2024 03:00:00 AM,2/10/2025 03:00:00 AM,,5000.0,2554.0,Nantucket,Nantucket,41.276758,-70.09089,Southeast and Cape,11 Amelia Drive,,MA,41.266579,-70.086006,11.0,Amelia Dr,,,Nantucket,MA,Nantucket County,2554.0,"The Green Lady Dispensary, Inc.",MA,MACCC,Massachusetts Cannabis Control Commission,,,,,
07/01/2024,APPROVED,Marijuana Retailer,Expedited Review - DBE Status,Expedited,DBE Status,COMMENCE OPS,5/25/2022,COMPLETE,MR283192,"Essex Apothecary, LLC",Lynn,1904.0,,,233 Western Avenue,,Lynn,MA,1903,POINT (-70.970827 42.635475),POINT (-70.948881 42.4777569),51 Willow Street,#573,Lynn,MA,1904,83-1813923,MRN283192,7/9/2020 02:20:04 PM,3/16/2020 12:00:00 AM,,False,,,,,,,,,,Woman-Owned Business,,,4/7/2022 04:00:00 AM,12/20/2019 02:27:59 PM,9/23/2020 11:14:08 AM,10/8/2020 01:04:31 PM,3/7/2024 03:00:00 AM,3/11/2025 04:00:00 AM,,10000.0,1904.0,Lynn,Essex,42.635475,-70.970827,Northeast,233 Western Avenue,,MA,42.477757,-70.948882,233.0,Western Ave,,,Lynn,MA,Essex County,1904.0,"Essex Apothecary, LLC",MA,MACCC,Massachusetts Cannabis Control Commission,,,,,
07/01/2024,APPROVED,Marijuana Retailer,General Applicant,General Applicant,General Applicant,COMMENCE OPS,4/1/2022,COMPLETE,MR283288,"Holland Brands NA, LLC",North Attleborough,2760.0,,,55 Henshaw,,Brighton,MA,2135,POINT (-71.102131 41.778329),POINT (-71.349290 41.9383350),55 Henshaw,,Brighton,MA,2135,84-2349396,MRN283288,5/22/2020 08:33:48 AM,6/4/2020 02:18:52 PM,,False,,,,,,,,,,Not a DBE,,,3/10/2022 03:00:00 AM,2/16/2020 08:59:45 PM,8/6/2020 07:24:12 AM,10/8/2020 02:18:33 PM,12/14/2023 03:00:00 AM,1/22/2025 03:00:00 AM,,10000.0,2760.0,North Attleboro,Bristol,41.778329,-71.102131,,1320 South Washington Street,,MA,41.938335,-71.349291,1320.0,S Washington St,,,North Attleboro,MA,Bristol County,2760.0,"Holland Brands NA, LLC",MA,MACCC,Massachusetts Cannabis Control Commission,,,,,
07/01/2024,APPROVED,Marijuana Retailer,Priority Review - MTC Priority,Priority,MTC Priority,COMMENCE OPS,12/3/2020,COMPLETE,MR281256,"Mayflower Medicinals, Inc.",Worcester,1603.0,,,33 Union Street,,Boston,MA,2108,POINT (-71.840209 42.329642),POINT (-71.834124 42.246316),33 Union Street,,Boston,MA,2108,47-5013962,MRN281256,4/9/2019 12:55:31 PM,3/15/2019 12:00:00 AM,6/3/2019 04:49:39 PM,True,,,,,,,APPROVED,RP201883,RP201883,Not a DBE,,,10/8/2020 04:00:00 AM,4/17/2018 02:27:58 PM,5/7/2019 12:00:00 AM,5/30/2019 01:57:34 PM,4/14/2023 04:00:00 AM,9/2/2024 04:00:00 AM,,5000.0,1603.0,Worcester,Worcester,42.329642,-71.840209,Central MA,645 Park Avenue,,MA,42.246316,-71.834124,645.0,Park Ave,,,Worcester,MA,Worcester County,1603.0,"Mayflower Medicinals, Inc.",MA,MACCC,Massachusetts Cannabis Control Commission,,,,,
07/01/2024,APPROVED,Marijuana Retailer,General Applicant,General Applicant,General Applicant,COMMENCE OPS,3/30/2022,COMPLETE,MR283110,"Life Essence, Inc.",Framingham,1701.0,,,85 Worcester Road,,Framingham,MA,1702,POINT (-71.275566 42.459085),POINT (-71.397302 42.2993280),3494 Martin Hurst Road,,Tallahassee,FL,32312,83-1550266,MRN283110,4/8/2021 10:27:46 AM,3/3/2020 12:00:00 AM,,False,no,,,,,,,,,Not a DBE | Veteran-Owned Business,,,3/10/2022 03:00:00 AM,11/7/2019 04:58:30 PM,4/9/2021 11:10:50 AM,6/22/2021 11:06:31 AM,8/10/2023 04:00:00 AM,8/14/2024 04:00:00 AM,,10000.0,1701.0,Framingham,Middlesex,42.459085,-71.275566,Central MA,85 Worcester Road,,MA,42.299328,-71.397303,85.0,Worcester Rd,,,Framingham,MA,Middlesex County,1701.0,"Life Essence, Inc.",MA,MACCC,Massachusetts Cannabis Control Commission,,,,,
07/01/2024,APPROVED,Marijuana Retailer,Expedited Review - DBE Status,Expedited,DBE Status,COMMENCE OPS,10/19/2021,COMPLETE,MR283001,"CommCan, Inc",Rehoboth,2769.0,,,730 Main Street,Suite 2A,Millis,MA,2054,POINT (-71.102131 41.778329),POINT (-71.287205 41.7842899),730 Main Street,Suite 2A,Millis,MA,2054,47-4619040,MRN283001,1/22/2020 11:54:19 AM,1/13/2020 12:00:00 AM,,True,,,,,,,APPROVED,RP201907,RPA201907,Woman-Owned Business,,,9/17/2021 04:00:00 AM,9/20/2019 10:29:17 AM,2/12/2020 12:00:00 AM,4/9/2020 03:08:13 PM,7/13/2023 04:00:00 AM,11/14/2024 03:00:00 AM,,10000.0,2769.0,Rehoboth,Bristol,41.778329,-71.102131,Southeast and Cape,150 Barney Avenue,,MA,41.78429,-71.287205,150.0,Barney Ave,,,Rehoboth,MA,Bristol County,2769.0,"CommCan, Inc",MA,MACCC,Massachusetts Cannabis Control Commission,,,,,
07/01/2024,APPROVED,Marijuana Retailer,General Applicant,General Applicant,General Applicant,COMMENCE OPS,5/24/2021,COMPLETE,MR282925,Volcann LLC,Southampton,1073.0,,,15 College Highway,Unit G2,Southampton,MA,1073,POINT (-72.62073 42.322256),POINT (-72.697697 42.251548),5 Nicholas Lane,,Southampton,MA,1073,84-2171651,MRN282925,3/23/2020 10:10:43 AM,2/6/2020 12:00:00 AM,,False,,,,,,,,,,Not a DBE,,,4/16/2021 04:00:00 AM,8/12/2019 08:49:28 AM,3/27/2020 12:00:00 AM,7/9/2020 04:05:29 PM,11/9/2023 03:00:00 AM,11/20/2024 03:00:00 AM,,10000.0,1073.0,Southampton,Hampshire,42.322256,-72.62073,Western MA,15 College Highway,Unit G2,MA,42.251548,-72.697697,15.0,College Hwy,,,Southampton,MA,Hampshire County,1073.0,Volcann LLC,MA,MACCC,Massachusetts Cannabis Control Commission,,,,,
07/01/2024,APPROVED,Marijuana Retailer,General Applicant,General Applicant,General Applicant,COMMENCE OPS,3/3/2021,COMPLETE,MR282032,"Evergreen Strategies, LLC",North Adams,1247.0,,,52 Whispering Way,,Stow,MA,1775,POINT (-73.209889 42.396128),POINT (-73.142037 42.6982319),52 Whispering Way,,Stow,MA,1775,82-5252215,MRN282032,12/9/2019 02:03:26 PM,7/26/2019 12:00:00 AM,4/6/2020 10:06:59 AM,False,,,,,,,,,,Not a DBE,,,2/11/2021 03:00:00 AM,11/7/2018 06:33:53 PM,10/7/2019 12:00:00 AM,1/9/2020 11:22:12 AM,3/7/2024 03:00:00 AM,5/15/2025 04:00:00 AM,,10000.0,1247.0,North Adams,Berkshire,42.396128,-73.209889,Western MA,221 State Road,,MA,42.698232,-73.142037,221.0,State Rd,,,North Adams,MA,Berkshire County,1247.0,"Evergreen Strategies, LLC",MA,MACCC,Massachusetts Cannabis Control Commission,,,,,
07/01/2024,APPROVED,Marijuana Retailer,Priority Review - MTC Priority,Priority,MTC Priority,COMMENCE OPS,3/9/2020,COMPLETE,MR282131,Caregiver-Patient Connection LLC,Fitchburg,1420.0,,,371 Lunenburg St,,Fitchburg,MA,1420,POINT (-71.840209 42.329642),POINT (-71.772254 42.5856739),"910 Boston Post Rd., Ste.#910",,Marlboro,MA,1752,83-3954417,MRN282131,2/15/2019 03:32:51 PM,1/23/2019 12:00:00 AM,7/31/2019 02:13:23 PM,True,,,,,,,APPROVED,RP201819,RPA201819,Woman-Owned Business,,,2/6/2020 03:00:00 AM,12/5/2018 11:57:50 AM,3/13/2019 12:00:00 AM,5/16/2019 01:27:57 PM,9/14/2023 04:00:00 AM,10/1/2024 04:00:00 AM,,5000.0,1420.0,Fitchburg,Worcester,42.329642,-71.840209,Central MA,371 Lunenburg St.,,MA,42.585674,-71.772254,371.0,Lunenburg St,,,Fitchburg,MA,Worcester County,1420.0,Caregiver-Patient Connection LLC,MA,MACCC,Massachusetts Cannabis Control Commission,,,,,
07/01/2024,APPROVED,Marijuana Retailer,Priority Review - MTC Priority,Priority,MTC Priority,PROVISIONAL LICENSE,,COMPLETE,MR283004,MassMedicum Corp.,Taunton,2718.0,,,1 Mear Road,,Holbrook,MA,2343,POINT (-71.102131 41.778329),POINT (-71.039429 41.8639239),1 Mear Road,,Holbrook,MA,2343,46-3326624,MRN283004,12/27/2019 09:48:15 AM,10/3/2019 12:00:00 AM,,True,,,,,,,APPROVED,RP201935,RP201935,Not a DBE,,,,9/23/2019 04:32:10 PM,1/15/2020 12:00:00 AM,4/9/2020 03:27:41 PM,8/12/2021 04:00:00 AM,8/14/2022 04:00:00 AM,,10000.0,2718.0,East Taunton,Bristol,41.778329,-71.102131,,300 Revolutionary Drive,,MA,41.863924,-71.03943,300.0,Revolutionary Dr,,,East Taunton,MA,Bristol County,2718.0,MassMedicum Corp.,MA,MACCC,Massachusetts Cannabis Control Commission,,,,,
07/01/2024,APPROVED,Marijuana Retailer,General Applicant,General Applicant,General Applicant,COMMENCE OPS,1/12/2024,COMPLETE,MR284806,"Hoop City Ventures, LLC",Monson,1057.0,,,399 Boston Road West,,Monson,MA,1057,POINT (-72.571312 42.12756),POINT (-72.370767 42.1539110),99 SOUTH MAIN STREET,,FALL RIVER,MA,2721,86-1708812,MRN284806,5/10/2023 04:57:47 PM,4/4/2023 01:03:08 PM,,False,no,,,,,,,,,Not a DBE,,,12/14/2023 03:00:00 AM,11/3/2022 04:24:47 PM,5/19/2023 03:01:59 PM,8/10/2023 11:36:57 AM,8/10/2023 04:00:00 AM,8/10/2024 04:00:00 AM,,10000.0,1057.0,Monson,Hampden,42.12756,-72.571312,Western MA,399 Boston Road W,,MA,42.153911,-72.370768,399.0,Boston Rd,,,Monson,MA,Hampden County,1057.0,"Hoop City Ventures, LLC",MA,MACCC,Massachusetts Cannabis Control Commission,,,,,
07/01/2024,APPROVED,Marijuana Retailer,Expedited Review - DBE Status,Expedited,DBE Status,COMMENCE OPS,6/2/2023,COMPLETE,MR282984,Noble Manna Inc.,Mendon,1756.0,,,47 Milford Street,,Mendon,MA,1756,POINT (-71.840209 42.329642),POINT (-71.545586 42.1149320),"110 Turnpike Road, Suite 114",,Westborough,MA,1581,84-3228266,MRN282984,2/15/2021 09:29:54 AM,11/24/2020 12:31:35 PM,3/12/2021 03:12:00 PM,False,no,,,,,,,,,Veteran-Owned Business,,,4/14/2023 04:00:00 AM,9/12/2019 12:13:25 PM,12/10/2020 10:00:00 AM,3/11/2021 01:59:24 PM,8/10/2023 04:00:00 AM,8/14/2024 04:00:00 AM,,10000.0,1756.0,Mendon,Worcester,42.329642,-71.840209,Central MA,47 Milford Street,,MA,42.114932,-71.545587,47.0,Milford St,,,Mendon,MA,Worcester County,1756.0,Noble Manna Inc.,MA,MACCC,Massachusetts Cannabis Control Commission,,,,,
07/01/2024,APPROVED,Marijuana Retailer,Priority Review - MTC Priority,Priority,MTC Priority,COMMENCE OPS,1/16/2019,COMPLETE,MR281314,"Northeast Alternatives, Inc.",Fall River,2721.0,,,999 William S. Canning Boulevard,,Fall River,MA,2721,POINT (-71.102131 41.778329),POINT (-71.156976 41.665495),999 William S. Canning Boulevard,,Fall River,MA,2721,82-0744804,MRN281314,7/13/2018 11:35:41 AM,5/21/2018 12:00:00 AM,8/28/2018 03:03:44 PM,True,,,,,,,APPROVED,RP201952,RPA201952,Not a DBE,,,12/13/2018 03:00:00 AM,4/24/2018 08:14:56 PM,7/19/2018 12:00:00 AM,8/23/2018 03:50:58 PM,10/12/2023 04:00:00 AM,10/14/2024 04:00:00 AM,,5000.0,2721.0,Fall River,Bristol,41.778329,-71.102131,Southeast and Cape,999 William S. Canning Boulevard,,MA,41.665495,-71.156976,999.0,William S Canning Blvd,,,Fall River,MA,Bristol County,2721.0,"Northeast Alternatives, Inc.",MA,MACCC,Massachusetts Cannabis Control Commission,,,,,
07/01/2024,APPROVED,Marijuana Retailer,Priority Review - MTC Priority,Priority,MTC Priority,COMMENCE OPS,1/7/2019,COMPLETE,MR281549,Theory Wellness Inc,Great Barrington,1230.0,,,394 Stockbridge Rd,,Great Barrington,MA,1230,POINT (-73.209889 42.396128),POINT (-73.344768 42.2111220),38 Montvale Ave,STE 210,Stoneham,MA,2180,47-5615911,MRN281549,8/4/2018 12:08:11 PM,7/10/2018 12:00:00 AM,10/18/2018 05:33:03 PM,True,,,,,,,APPROVED,RP201916,RPA201916,Not a DBE,,,12/13/2018 03:00:00 AM,6/5/2018 08:19:38 AM,8/13/2018 12:00:00 AM,10/18/2018 02:42:42 PM,9/14/2023 04:00:00 AM,10/23/2024 04:00:00 AM,,5000.0,1230.0,Great Barrington,Berkshire,42.396128,-73.209889,Western MA,394 Stockbridge Road,,MA,42.211122,-73.344768,394.0,Stockbridge Rd,,,Great Barrington,MA,Berkshire County,1230.0,Theory Wellness Inc,MA,MACCC,Massachusetts Cannabis Control Commission,,,,,
07/01/2024,APPROVED,Marijuana Retailer,General Applicant,General Applicant,General Applicant,PROVISIONAL CONSIDERATION,,PAYMENT_PENDING,MR282687,Kalyx LLC,Belchertown,1007.0,,,125 North Main Street,,Belchertown,MA,1007,POINT (-72.62073 42.322256),POINT (-72.407494 42.2877889),281 State St,,Springfield,MA,1103,83-4516431,MRN282687,11/24/2021 04:16:13 PM,2/6/2020 12:00:00 AM,,False,no,,,,,,,,,Not a DBE,,,,5/6/2019 03:56:28 PM,12/3/2021 11:22:57 AM,4/7/2022 12:47:35 PM,,,,0.0,1007.0,Belchertown,Hampshire,42.322256,-72.62073,Western MA,125 North Main Street,,MA,42.287789,-72.407494,125.0,N Main St,,,Belchertown,MA,Hampshire County,1007.0,Kalyx LLC,MA,MACCC,Massachusetts Cannabis Control Commission,,,,,
07/01/2024,APPROVED,Marijuana Retailer,General Applicant,General Applicant,General Applicant,PROVISIONAL LICENSE,,COMPLETE,MR282659,"Metro Harvest, Inc.",New Bedford,2745.0,,,292 Bedford St.,,Bridgewater,MA,2324,POINT (-71.102131 41.778329),POINT (-70.939925 41.6797559),292 Bedford St.,,Bridgewater,MA,2324,83-4383388,MRN282659,3/5/2020 08:06:42 PM,2/20/2020 12:00:00 AM,,False,,,,,,,,,,Not a DBE,,,,4/28/2019 08:48:49 PM,3/27/2020 12:00:00 AM,6/4/2020 02:34:02 PM,4/14/2023 04:00:00 AM,8/15/2024 04:00:00 AM,,10000.0,2745.0,New Bedford,Bristol,41.778329,-71.102131,Southeast and Cape,596 Tarkiln Hill Road,,MA,41.679756,-70.939925,596.0,Tarkiln Hill Rd,,,New Bedford,MA,Bristol County,2745.0,"Metro Harvest, Inc.",MA,MACCC,Massachusetts Cannabis Control Commission,,,,,
07/01/2024,APPROVED,Marijuana Retailer,General Applicant,General Applicant,General Applicant,PROVISIONAL CONSIDERATION,,PAYMENT_PENDING,MR283919,"BOATHOUSE STORE, LLC",Webster,1570.0,,,4 Town Forest Road,Unit A,Webster,MA,1570,POINT (-71.840209 42.329642),POINT (-71.861243 42.0777020),PO Box 1210,,Webster,MA,1570,85-4021893,MRN283919,2/12/2021 12:23:23 PM,1/20/2021 03:56:11 PM,,False,no,,,,,,,,,Not a DBE,,,,11/27/2020 09:40:18 AM,2/26/2021 01:06:26 PM,4/16/2021 01:49:46 PM,,,,0.0,1570.0,Webster,Worcester,42.329642,-71.840209,Central MA,4 Town Forest Road,Unit A,MA,42.077702,-71.861243,4.0,Town Forest Rd,,,Webster,MA,Worcester County,1570.0,"BOATHOUSE STORE, LLC",MA,MACCC,Massachusetts Cannabis Control Commission,,,,,
07/01/2024,APPROVED,Marijuana Retailer,Priority Review - Economic Empowerment Priority,Priority,Economic Empowerment Priority,COMMENCE OPS,12/8/2021,COMPLETE,MR282881,Frozen 4 Corporatioon,Marshfield,2050.0,,,618 Columbia Road,,Dorchester,MA,2125,POINT (-70.818958 41.978877),POINT (-70.758618 42.1062799),8 Bayridge Lane,,Duxbury,MA,2332,83-2341577,MRN282881,3/12/2020 03:10:52 PM,2/7/2020 12:00:00 AM,6/5/2020 02:06:54 PM,True,,,,,,EEA201955,,,,Not a DBE,,,11/18/2021 03:00:00 AM,7/22/2019 02:25:27 PM,3/19/2020 12:00:00 AM,6/4/2020 02:13:00 PM,5/11/2023 04:00:00 AM,8/10/2024 04:00:00 AM,,5000.0,2050.0,Marshfield,Plymouth,41.978877,-70.818958,Southeast and Cape,985 Plain Street,,MA,42.10628,-70.758619,985.0,Plain St,,,Marshfield,MA,Plymouth County,2050.0,Frozen 4 Corporatioon,MA,MACCC,Massachusetts Cannabis Control Commission,,,,,
07/01/2024,APPROVED,Marijuana Retailer,Expedited Review - DBE Status,Expedited,DBE Status,COMMENCE OPS,10/7/2020,COMPLETE,MR282519,Ganesh Wellness Inc.,West Boylston,1583.0,,,50 Congress St. Suite 420,,Boston,MA,2109,POINT (-71.840209 42.329642),POINT (-71.783381 42.3586499),62 Church Hill Rd,,Newtown,CT,6470,82-4520628,MRN282519,3/9/2020 08:37:29 PM,10/28/2019 12:00:00 AM,,False,,,,,,,,,,Minority-Owned Business | Woman-Owned Business,,,9/10/2020 04:00:00 AM,3/25/2019 01:12:57 PM,3/19/2020 12:00:00 AM,5/8/2020 02:17:49 PM,4/11/2024 04:00:00 AM,6/10/2025 04:00:00 AM,,10000.0,1583.0,West Boylston,Worcester,42.329642,-71.840209,Central MA,65 West Boylston Street,,MA,42.35865,-71.783381,65.0,W Boylston St,,,West Boylston,MA,Worcester County,1583.0,Ganesh Wellness Inc.,MA,MACCC,Massachusetts Cannabis Control Commission,,,,,
07/01/2024,APPROVED,Marijuana Retailer,General Applicant,General Applicant,General Applicant,PROVISIONAL LICENSE,,COMPLETE,MR284245,Dr.Greenthumb Greenfield LLC,Greenfield,1013.0,,,220-228 Main Street,,Greenfield,MA,1301,POINT (-72.571312 42.12756),POINT (-72.602445 42.5881899),19 Oak lane,,Douglaston,NY,11363,87-1767941,MRN284245,12/16/2021 11:54:53 AM,11/23/2021 10:57:21 AM,3/22/2022 11:41:57 AM,False,no,,,,,,,,,Minority-Owned Business,,,,5/16/2021 03:22:54 PM,12/17/2021 11:52:23 AM,3/10/2022 01:55:13 PM,4/14/2023 04:00:00 AM,4/17/2024 04:00:00 AM,,10000.0,1013.0,Chicopee,Hampden,42.12756,-72.571312,Western MA,220-228 Main Street,,MA,42.58819,-72.602445,228.0,Main St,,,Greenfield,MA,Franklin County,1301.0,Dr.Greenthumb Greenfield LLC,MA,MACCC,Massachusetts Cannabis Control Commission,,,,,
07/01/2024,APPROVED,Marijuana Retailer,Expedited Review - DBE Status,Expedited,DBE Status,COMMENCE OPS,10/27/2020,COMPLETE,MR281517,"D2N2,LLC",Great Barrington,1230.0,,,307 Main Street,,Great Barrington,MA,1230,POINT (-73.209889 42.396128),POINT (-73.362026 42.1940659),307 Main Street,,Great Barrington,MA,1230,83-0822497,MRN281517,12/9/2019 03:20:21 PM,8/13/2019 12:00:00 AM,1/17/2020 05:28:03 PM,False,,,,,,,,,,Woman-Owned Business,,,9/10/2020 04:00:00 AM,6/1/2018 07:51:00 AM,10/3/2019 12:00:00 AM,1/9/2020 11:20:49 AM,12/14/2023 03:00:00 AM,1/21/2025 03:00:00 AM,,10000.0,1230.0,Great Barrington,Berkshire,42.396128,-73.209889,Western MA,307 Main Street,,MA,42.194066,-73.362027,307.0,Main St,,,Great Barrington,MA,Berkshire County,1230.0,"D2N2,LLC",MA,MACCC,Massachusetts Cannabis Control Commission,,,,,
07/01/2024,APPROVED,Marijuana Retailer,General Applicant,General Applicant,General Applicant,COMMENCE OPS,10/17/2022,COMPLETE,MR284228,Hadleaf Holistic Greens Dispensary LLC.,Hadley,1035.0,,,251 Russell St.,,Hadley,MA,1035,POINT (-72.62073 42.322256),POINT (-72.569688 42.3481099),251 Russell St.,,Hadley,MA,1035,84-4079697,MRN284228,1/13/2022 11:42:45 AM,11/9/2021 02:24:42 PM,,False,no,,,,,,,,,Not a DBE,,,8/11/2022 04:00:00 AM,4/30/2021 02:38:50 PM,1/14/2022 11:38:54 AM,3/10/2022 01:54:01 PM,2/9/2023 03:00:00 AM,10/11/2024 04:00:00 AM,,10000.0,1035.0,Hadley,Hampshire,42.322256,-72.62073,Western MA,251 Russell St.,,MA,42.34811,-72.569689,251.0,Russell St,,,Hadley,MA,Hampshire County,1035.0,Hadleaf Holistic Greens Dispensary LLC.,MA,MACCC,Massachusetts Cannabis Control Commission,,,,,
07/01/2024,APPROVED,Marijuana Retailer,Expedited Review - DBE Status,Expedited,DBE Status,COMMENCE OPS,4/30/2024,COMPLETE,MR284651,Enlite Cannabis Dispensary LLC,Springfield,1151.0,,,459 Main Street,,Indian Orchard,MA,1151,POINT (-72.571312 42.12756),POINT (-72.488720 42.1561230),"55 Frank B Murray Street, Suite 301",,Springfield,MA,1103,83-1339372,MRN284651,11/2/2022 04:10:48 PM,8/17/2022 11:46:37 AM,1/12/2023 04:15:21 PM,False,no,,,,,,,,,Minority-Owned Business,,,3/7/2024 03:00:00 AM,5/4/2022 10:55:39 AM,11/8/2022 11:27:46 AM,1/12/2023 01:08:10 PM,2/8/2024 03:00:00 AM,2/12/2025 03:00:00 AM,,5000.0,1151.0,Indian Orchard,Hampden,42.12756,-72.571312,,479 Main Street,,MA,42.156123,-72.488721,479.0,Main St,,,Indian Orchard,MA,Hampden County,1151.0,Enlite Cannabis Dispensary LLC,MA,MACCC,Massachusetts Cannabis Control Commission,,,,,
07/01/2024,APPROVED,Marijuana Retailer,General Applicant,General Applicant,General Applicant,COMMENCE OPS,7/10/2023,COMPLETE,MR283963,"617 Therapeutic Health Care, Inc.",Boston,2122.0,,,144 Bowdoin St,,Dorchester,MA,2121,POINT (-71.073493 42.334948),POINT (-71.071084 42.3038250),168 Beacham St.,,Everett,MA,2149,83-1869024,MRN283963,9/6/2021 05:00:03 PM,3/4/2021 11:36:17 AM,,False,no,,,,,,,,,Not a DBE,,,6/8/2023 04:00:00 AM,12/10/2020 10:15:41 AM,9/10/2021 10:58:45 AM,10/14/2021 01:07:00 PM,11/9/2023 03:00:00 AM,11/11/2024 03:00:00 AM,,10000.0,2122.0,Boston,Suffolk,42.334948,-71.073493,Metro Boston,144 Bowdoin St.,,MA,42.303825,-71.071085,144.0,Bowdoin St,,,Dorchester,MA,Suffolk County,2121.0,"617 Therapeutic Health Care, Inc.",MA,MACCC,Massachusetts Cannabis Control Commission,,,,,
07/01/2024,APPROVED,Marijuana Retailer,Expedited Review - DBE Status,Expedited,DBE Status,FINAL LICENSE,,COMPLETE,MR284925,"CommCan, Inc.",Mansfield,2084.0,,,"730 Main St., Suite 2A",,Millis,MA,2054,,POINT (-71.246059 42.0253780),"730 Main St., Suite 2A",,Millis,MA,2054,47-4619040,MRN284925,10/25/2023 10:40:17 AM,6/29/2023 04:19:25 PM,,True,no,,,,,,APPROVED,RP201907,RP201907,Woman-Owned Business,,,6/13/2024 04:00:00 AM,4/20/2023 08:10:44 AM,10/26/2023 01:23:50 PM,12/14/2023 02:27:52 PM,12/28/2023 03:00:00 AM,12/28/2024 03:00:00 AM,,10000.0,,,,,,,611 West St.,,MA,42.025378,-71.246059,611.0,West St,,,Mansfield,MA,Bristol County,2048.0,"CommCan, Inc.",MA,MACCC,Massachusetts Cannabis Control Commission,,,,,
07/01/2024,APPROVED,Marijuana Retailer,General Applicant,General Applicant,General Applicant,COMMENCE OPS,3/1/2021,COMPLETE,MR283231,Caregiver-Patient Connection LLC/d.b.a. Local Roots,Sturbridge,1566.0,,,365 Main St,,Sturbridge,MA,1566,POINT (-71.840209 42.329642),POINT (-72.088797 42.1112189),"910 Boston Post Rd., Ste. #310",,Marlborough,MA,1752,83-3954417,MRN283231,7/21/2020 01:30:03 PM,5/26/2020 10:41:44 AM,,True,,,,,,,APPROVED,RP201819,,Not a DBE,,,2/11/2021 03:00:00 AM,1/13/2020 12:49:49 PM,7/24/2020 08:56:50 AM,9/10/2020 12:50:33 PM,9/14/2023 04:00:00 AM,10/19/2024 04:00:00 AM,,10000.0,1566.0,Sturbridge,Worcester,42.329642,-71.840209,Central MA,365 Main St,,MA,42.111219,-72.088797,365.0,Main St,,,Sturbridge,MA,Worcester County,1566.0,Caregiver-Patient Connection LLC/d.b.a. Local Roots,MA,MACCC,Massachusetts Cannabis Control Commission,,,,,
07/01/2024,APPROVED,Marijuana Retailer,Priority Review - Economic Empowerment Priority,Priority,Economic Empowerment Priority,COMMENCE OPS,5/26/2020,COMPLETE,MR281327,Haverhill Stem LLC,Haverhill,1832.0,,,124 Washington St.,,Haverhill,MA,1830,POINT (-70.970827 42.635475),POINT (-71.085691 42.7725450),25 Bradfields Dr.,,Haverhill,MA,1830,82-5176376,MRN281327,7/22/2019 01:42:16 PM,4/11/2019 12:00:00 AM,11/27/2019 10:22:47 AM,True,,,,APPROVED,EE202084,EE202084,,,,Not a DBE,,,4/9/2020 04:00:00 AM,4/25/2018 07:24:15 PM,7/24/2019 12:00:00 AM,10/10/2019 12:43:26 PM,11/9/2023 03:00:00 AM,11/27/2024 03:00:00 AM,,5000.0,1832.0,Haverhill,Essex,42.635475,-70.970827,Northeast,124 Washington Street,,MA,42.772545,-71.085692,124.0,Washington St,,,Haverhill,MA,Essex County,1832.0,Haverhill Stem LLC,MA,MACCC,Massachusetts Cannabis Control Commission,,,,,
07/01/2024,APPROVED,Marijuana Retailer,Priority Review - MTC Priority,Priority,MTC Priority,PROVISIONAL LICENSE,,COMPLETE,MR282819,"Bask, Inc.",Taunton,2780.0,,,2 Pequod Road,,Fairhaven,MA,2719,POINT (-71.102131 41.778329),POINT (-71.134715 41.8859550),2 Pequod Road,,Fairhaven,MA,2719,46-3397060,MRN282819,12/9/2019 03:56:46 PM,8/5/2019 12:00:00 AM,1/9/2020 04:40:49 PM,True,,,SE305325,,,,APPROVED,RP201988,RPA201988,Not a DBE,,,,6/28/2019 04:30:20 PM,9/5/2019 12:00:00 AM,1/9/2020 11:21:54 AM,2/8/2024 03:00:00 AM,2/11/2025 03:00:00 AM,,10000.0,2780.0,Taunton,Bristol,41.778329,-71.102131,Southeast and Cape,400 Winthrop Street,,MA,41.885955,-71.134715,400.0,Winthrop St,,,Taunton,MA,Bristol County,2780.0,"Bask, Inc.",MA,MACCC,Massachusetts Cannabis Control Commission,,,,,
07/01/2024,APPROVED,Marijuana Retailer,Expedited Review - Social Equity Participant,Expedited,Social Equity Participant,PROVISIONAL LICENSE,,COMPLETE,MR284346,"House of Ermias, LLC",Chelsea,2150.0,,,267 Broadway,,Chelsea,MA,2150,POINT (-71.073493 42.334948),POINT (-71.037291 42.3907719),267 Broadway,,Chelsea,MA,2150,87-2864295,MRN284346,11/14/2022 12:46:06 PM,12/1/2021 02:03:37 PM,1/12/2023 01:43:06 PM,False,yes,SE305269,SE305269,,,,,,,Not a DBE,,,,7/28/2021 03:44:33 PM,11/15/2022 02:22:41 PM,1/12/2023 01:11:10 PM,1/12/2023 03:00:00 AM,5/11/2024 04:00:00 AM,,5000.0,2150.0,Chelsea,Suffolk,42.334948,-71.073493,Metro Boston,267 Broadway,,MA,42.390772,-71.037292,267.0,Broadway,,,Chelsea,MA,Suffolk County,2150.0,"House of Ermias, LLC",MA,MACCC,Massachusetts Cannabis Control Commission,,,,,
07/01/2024,APPROVED,Marijuana Retailer,General Applicant,General Applicant,General Applicant,COMMENCE OPS,3/2/2022,COMPLETE,MR282974,"Community Care Collective, Inc.",Billerica,1862.0,,,4 Republic Road,,Billerica,MA,1862,POINT (-71.275566 42.459085),POINT (-71.299687 42.557682),37 Spartan Arrow Road,,Littleton,MA,1460,83-2714413,MRN282974,3/19/2020 03:00:58 PM,2/25/2020 12:00:00 AM,6/4/2020 05:23:12 PM,False,,,,,,,,,,Not a DBE,,,2/10/2022 03:00:00 AM,9/4/2019 11:30:00 AM,3/27/2020 12:00:00 AM,6/4/2020 02:10:32 PM,4/11/2024 04:00:00 AM,6/4/2025 04:00:00 AM,,10000.0,1862.0,North Billerica,Middlesex,42.459085,-71.275566,,4 Republic Road,,MA,42.557682,-71.299687,4.0,Republic Rd,,,North Billerica,MA,Middlesex County,1862.0,"Community Care Collective, Inc.",MA,MACCC,Massachusetts Cannabis Control Commission,,,,,
07/01/2024,APPROVED,Marijuana Retailer,General Applicant,General Applicant,General Applicant,COMMENCE OPS,9/11/2023,COMPLETE,MR282320,"ToroVerde (Massachusetts) II, Inc.",Greenfield,1301.0,,,C/O EvansCutler Attorneys 90 Conz Street,,Northampton,MA,1060,POINT (-72.573941 42.587072),POINT (-72.601602 42.5894830),C/O EvansCutler Attorneys 90 Conz Street,,Northampton,MA,1060,83-2519015,MRN282320,1/21/2020 11:12:10 AM,11/13/2019 12:00:00 AM,6/29/2020 04:22:03 PM,False,,,,,,,,,,Not a DBE,,,8/10/2023 04:00:00 AM,1/22/2019 10:52:19 AM,3/5/2020 12:00:00 AM,5/8/2020 03:05:14 PM,6/8/2023 04:00:00 AM,10/27/2024 04:00:00 AM,,10000.0,1301.0,Greenfield,Franklin,42.587072,-72.573941,Western MA,51 Davis Street,,MA,42.589483,-72.601603,51.0,Davis St,,,Greenfield,MA,Franklin County,1301.0,"ToroVerde (Massachusetts) II, Inc.",MA,MACCC,Massachusetts Cannabis Control Commission,,,,,
07/01/2024,APPROVED,Marijuana Retailer,General Applicant,General Applicant,General Applicant,COMMENCE OPS,3/29/2021,COMPLETE,MR281363,Mass Wellspring LLC,Maynard,1754.0,,,18 Powdermill Rd,,Acton,MA,1720,POINT (-71.275566 42.459085),POINT (-71.454108 42.4323679),18 Powdermill Rd,,Acton,MA,1720,47-4345859,MRN281363,6/12/2020 02:01:10 PM,2/28/2020 12:00:00 AM,,True,,,,,,,APPROVED,RP201837,RP201837,Not a DBE,,,3/11/2021 03:00:00 AM,5/1/2018 03:31:58 PM,6/29/2020 10:08:27 AM,9/10/2020 01:17:30 PM,9/14/2023 04:00:00 AM,10/15/2024 04:00:00 AM,,10000.0,1754.0,Maynard,Middlesex,42.459085,-71.275566,Central MA,4-6 Nason Street,,MA,42.432368,-71.454108,6.0,Nason St,,,Maynard,MA,Middlesex County,1754.0,Mass Wellspring LLC,MA,MACCC,Massachusetts Cannabis Control Commission,,,,,
07/01/2024,APPROVED,Marijuana Retailer,Priority Review - MTC Priority,Priority,MTC Priority,COMMENCE OPS,6/26/2023,COMPLETE,MR284246,"Revolutionary Clinics II, Inc.",Leominster,1453.0,,,"9 Bartlet Street, Suite 335",,Andover,MA,1810,POINT (-71.840209 42.329642),POINT (-71.711290 42.5304459),"9 Bartlet Street, Suite 335",,Andover,MA,1810,00-1330206,MRN284246,9/9/2021 03:11:03 PM,8/18/2021 02:01:20 PM,,True,no,,,,,,APPROVED,RP201849,RP201849,Not a DBE | Veteran-Owned Business,,,5/11/2023 04:00:00 AM,5/16/2021 07:08:20 PM,9/17/2021 09:17:46 AM,1/20/2022 03:45:53 PM,1/11/2024 03:00:00 AM,1/17/2025 03:00:00 AM,,10000.0,1453.0,Leominster,Worcester,42.329642,-71.840209,Central MA,130 Pioneer Drive,,MA,42.530446,-71.71129,130.0,Pioneer Dr,,,Leominster,MA,Worcester County,1453.0,"Revolutionary Clinics II, Inc.",MA,MACCC,Massachusetts Cannabis Control Commission,,,,,
07/01/2024,APPROVED,Marijuana Retailer,Priority Review - MTC Priority,Priority,MTC Priority,COMMENCE OPS,8/31/2020,COMPLETE,MR281471,"Atlantic Medicinal Partners, Inc.",Fitchburg,1420.0,,,329 Washington Street,,Woburn,MA,1801,POINT (-71.840209 42.329642),POINT (-71.749307 42.5504049),329 Washington Street,,Woburn,MD,1801,82-0991316,MRN281471,8/13/2018 01:45:47 PM,8/3/2018 12:00:00 AM,12/7/2018 02:47:37 PM,True,,,,,,,APPROVED,RP201846,RP201846,Not a DBE,,,6/4/2020 04:00:00 AM,5/23/2018 05:51:50 PM,8/21/2018 12:00:00 AM,11/20/2018 02:50:40 PM,1/11/2024 03:00:00 AM,1/21/2025 03:00:00 AM,,5000.0,1420.0,Fitchburg,Worcester,42.329642,-71.840209,Central MA,774 Crawford Street,,MA,42.550405,-71.749307,774.0,Crawford St,,,Fitchburg,MA,Worcester County,1420.0,"Atlantic Medicinal Partners, Inc.",MA,MACCC,Massachusetts Cannabis Control Commission,,,,,
07/01/2024,APPROVED,Marijuana Retailer,General Applicant,General Applicant,General Applicant,PROVISIONAL LICENSE,,COMPLETE,MR281959,"Two Buds, LLC",Rockland,2370.0,,,One Liberty Square,Suite 410,Boston,MA,2109,POINT (-70.818958 41.978877),POINT (-70.910679 42.160339),One Liberty Square,Suite 410,Boston,MA,2109,83-1963661,MRN281959,10/31/2019 04:41:21 PM,8/6/2019 12:00:00 AM,,False,,,,,,,,,,Not a DBE,,,,10/9/2018 12:30:09 PM,11/1/2019 12:00:00 AM,1/16/2020 03:44:03 PM,6/8/2023 04:00:00 AM,6/29/2024 04:00:00 AM,,10000.0,2370.0,Rockland,Plymouth,41.978877,-70.818958,Southeast and Cape,53 Air Station Industrial Park,,MA,42.160339,-70.91068,53.0,Air Station Industrial Park,,,Rockland,MA,Plymouth County,2370.0,"Two Buds, LLC",MA,MACCC,Massachusetts Cannabis Control Commission,,,,,
07/01/2024,APPROVED,Marijuana Retailer,General Applicant,General Applicant,General Applicant,COMMENCE OPS,8/5/2021,COMPLETE,MR283035,"Patient Centric of Martha's Vineyard, Ltd.",Tisbury,2568.0,,,90 Dr. Fisher Rd.,,West Tisbury,MA,2575,POINT (-70.612681 41.414842),POINT (-70.614097 41.4476209),PO Box 1323,,West Tisbury,MA,2575,46-3391023,MRN283035,4/29/2020 05:16:30 PM,5/26/2020 10:43:37 AM,11/19/2020 08:01:59 AM,True,,,,,,,APPROVED,RP201910,RP201910,Not a DBE,,,7/15/2021 04:00:00 AM,10/7/2019 10:39:38 AM,7/29/2020 12:21:16 PM,9/10/2020 01:27:53 PM,11/9/2023 03:00:00 AM,11/19/2024 03:00:00 AM,,10000.0,2568.0,Vineyard Haven,Dukes,41.414842,-70.612681,,15 Mechanics St,,MA,41.447621,-70.614097,15.0,Mechanics St,,,Vineyard Haven,MA,Dukes County,2568.0,"Patient Centric of Martha's Vineyard, Ltd.",MA,MACCC,Massachusetts Cannabis Control Commission,,,,,
07/01/2024,APPROVED,Marijuana Retailer,Expedited Review - Social Equity Participant,Expedited,Social Equity Participant,PROVISIONAL LICENSE,,COMPLETE,MR282202,Terrasol LLC,Brockton,2301.0,,,702 N Montello St.,,Brockton,MA,2301,POINT (-70.818958 41.978877),POINT (-71.019726 42.1019319),702 N Montello St.,,Brockton,MA,2301,82-0949008,MRN282202,12/10/2020 03:16:59 PM,6/2/2020 04:08:47 PM,5/18/2021 12:46:59 PM,False,yes,SE303509,SE303509,,,,,,,Not a DBE,,,,12/18/2018 11:57:59 AM,10/22/2020 10:10:38 AM,1/14/2021 03:44:33 PM,5/18/2021 04:00:00 AM,5/18/2022 04:00:00 AM,,1500.0,2301.0,Brockton,Plymouth,41.978877,-70.818958,Southeast and Cape,702 N Montello St.,,MA,42.101932,-71.019726,702.0,N Montello St,,,Brockton,MA,Plymouth County,2301.0,Terrasol LLC,MA,MACCC,Massachusetts Cannabis Control Commission,,,,,
07/01/2024,APPROVED,Marijuana Retailer,Expedited Review - DBE Status,Expedited,DBE Status,PROVISIONAL LICENSE,,COMPLETE,MR282088,"Royalty Group, LLC.",Tyngsborough,1879.0,,,279 Tremont St.,,Boston,MA,2116,POINT (-71.275566 42.459085),POINT (-71.438062 42.6966419),279 Tremont St.,,Boston,MA,2116,47-1893479,MRN282088,2/14/2020 02:43:43 PM,8/9/2019 12:00:00 AM,,False,,,,,,,,,,Woman-Owned Business,,,,11/26/2018 04:26:08 PM,2/20/2020 12:00:00 AM,4/9/2020 03:28:39 PM,7/1/2020 04:00:00 AM,8/14/2021 04:00:00 AM,,10000.0,1879.0,Tyngsboro,Middlesex,42.459085,-71.275566,,425 Middlesex Rd.,,MA,42.696642,-71.438062,425.0,Middlesex Rd,,,Tyngsboro,MA,Middlesex County,1879.0,"Royalty Group, LLC.",MA,MACCC,Massachusetts Cannabis Control Commission,,,,,
07/01/2024,APPROVED,Marijuana Retailer,General Applicant,General Applicant,General Applicant,PROVISIONAL CONSIDERATION,,PAYMENT_PENDING,MR284398,New England Alchemy LLC,North Adams,1247.0,,,76 Gothic Street,,Northampton,MA,1060,POINT (-73.209889 42.396128),POINT (-73.106392 42.680287),76 Gothic Street,,Northampton,MA,1060,12-1234567,MRN284398,6/13/2022 02:46:29 PM,12/8/2021 11:07:38 AM,,False,no,,,,,,,,,Not a DBE,,,,9/9/2021 08:58:16 PM,6/24/2022 02:05:36 PM,9/16/2022 01:59:35 PM,,,,0.0,1247.0,North Adams,Berkshire,42.396128,-73.209889,Western MA,Curran Hwy,Parcel 15-0-3-A,MA,42.680287,-73.106392,,Curran Hwy,,,North Adams,MA,Berkshire County,1247.0,New England Alchemy LLC,MA,MACCC,Massachusetts Cannabis Control Commission,,,,,
07/01/2024,APPROVED,Marijuana Retailer,General Applicant,General Applicant,General Applicant,COMMENCE OPS,1/23/2023,COMPLETE,MR282571,Northeast Select Harvest Corp.,Somerville,2144.0,,,23 Chester Street,,Somerville,MA,2144,POINT (-71.275566 42.459085),POINT (-71.119285 42.3950439),23 Chester Street,,Somerville,MA,2144,83-4251487,MRN282571,10/5/2021 09:55:12 AM,8/6/2021 11:16:29 AM,2/15/2022 01:35:49 PM,False,no,,,,,,,,,Not a DBE,,,12/8/2022 03:00:00 AM,4/3/2019 06:31:31 PM,10/15/2021 02:27:50 PM,1/20/2022 03:43:51 PM,2/8/2024 03:00:00 AM,2/15/2025 03:00:00 AM,,10000.0,2144.0,Somerville,Middlesex,42.459085,-71.275566,Metro Boston,378-380 Highland Avenue,,MA,42.395044,-71.119285,380.0,Highland Ave,,,Somerville,MA,Middlesex County,2144.0,Northeast Select Harvest Corp.,MA,MACCC,Massachusetts Cannabis Control Commission,,,,,
07/01/2024,APPROVED,Marijuana Retailer,Priority Review - MTC Priority,Priority,MTC Priority,COMMENCE OPS,8/5/2021,COMPLETE,MR281284,Patriot Care Corp,Boston,2109.0,,,21 Milk Street,,Boston,MA,2116,POINT (-71.073493 42.334948),POINT (-71.058271 42.3566470),321 Billerica Road,,Chelmsford,MA,1824,46-3348302,MRN281284,10/16/2020 09:43:41 PM,9/29/2020 03:01:03 PM,1/19/2021 01:52:58 PM,True,no,,,,,,APPROVED,RP201838,RPA201838,Not a DBE,,,7/15/2021 04:00:00 AM,4/19/2018 04:36:01 PM,10/22/2020 10:30:10 AM,1/14/2021 03:40:30 PM,2/8/2024 03:00:00 AM,2/12/2025 03:00:00 AM,,10000.0,2109.0,Boston,Suffolk,42.334948,-71.073493,Metro Boston,21 Milk Street,,MA,42.356647,-71.058271,21.0,Milk St,,,Boston,MA,Suffolk County,2109.0,Patriot Care Corp,MA,MACCC,Massachusetts Cannabis Control Commission,,,,,
07/01/2024,APPROVED,Marijuana Retailer,General Applicant,General Applicant,General Applicant,COMMENCE OPS,4/1/2021,COMPLETE,MR282460,Hyecorp LLC,Brockton,2301.0,,,327 N. Pearl Street,,Brockton,MA,2301,POINT (-70.818958 41.978877),POINT (-71.066528 42.1004810),137 Main Street,,Brockton,MA,2301,83-3455316,MRN282460,3/9/2020 12:26:58 PM,1/6/2020 12:00:00 AM,5/11/2020 09:44:43 AM,False,,,,,,,,,,Not a DBE,,,3/11/2021 03:00:00 AM,3/3/2019 03:00:14 PM,3/12/2020 12:00:00 AM,5/8/2020 02:45:06 PM,4/11/2024 04:00:00 AM,5/15/2025 04:00:00 AM,,10000.0,2301.0,Brockton,Plymouth,41.978877,-70.818958,Southeast and Cape,327 North Pearl Street,,MA,42.100481,-71.066528,327.0,N Pearl St,,,Brockton,MA,Plymouth County,2301.0,Hyecorp LLC,MA,MACCC,Massachusetts Cannabis Control Commission,,,,,
07/01/2024,APPROVED,Marijuana Retailer,General Applicant,General Applicant,General Applicant,PROVISIONAL LICENSE,,COMPLETE,MR283094,Green River Cannabis Company Inc.,Hopedale,1747.0,,,54 Mellen St. Unit A,,Hopedale,MA,1747,POINT (-71.840209 42.329642),POINT (-71.513720 42.1008580),30 Washington Street,,Attleboro,MA,2703,83-3185115,MRN283094,3/4/2021 12:00:20 AM,11/25/2020 11:02:56 AM,,False,no,,,,,,,,,Not a DBE,,,,10/30/2019 11:23:36 AM,4/2/2021 12:32:54 PM,6/22/2021 10:55:29 AM,10/12/2023 04:00:00 AM,10/12/2024 04:00:00 AM,,10000.0,1747.0,Hopedale,Worcester,42.329642,-71.840209,Central MA,105 Hartford Ave,Unit C,MA,42.100858,-71.51372,104.0,Hartford Ave,,,Hopedale,MA,Worcester County,1747.0,Green River Cannabis Company Inc.,MA,MACCC,Massachusetts Cannabis Control Commission,,,,,
07/01/2024,APPROVED,Marijuana Retailer,General Applicant,General Applicant,General Applicant,COMMENCE OPS,4/4/2022,COMPLETE,MR282926,Alexsofia LLC,Northampton,1060.0,,,41 Strong Ave.,,Northampton,MA,1060,POINT (-72.62073 42.322256),POINT (-72.627579 42.3191169),20 Hillside Lane,,Ashley Falls,MA,1222,84-2171651,MRN282926,3/24/2020 02:57:33 PM,2/10/2020 12:00:00 AM,5/21/2021 04:08:29 PM,False,,,,,,,,,,Not a DBE,,,3/10/2022 03:00:00 AM,8/12/2019 08:52:43 AM,4/7/2020 12:00:00 AM,7/9/2020 02:31:14 PM,7/13/2023 04:00:00 AM,10/15/2024 04:00:00 AM,,10000.0,1060.0,Northampton,Hampshire,42.322256,-72.62073,Western MA,41 Strong Ave.,,MA,42.319117,-72.62758,41.0,Strong Ave,,,Northampton,MA,Hampshire County,1060.0,Alexsofia LLC,MA,MACCC,Massachusetts Cannabis Control Commission,,,,,
07/01/2024,APPROVED,Marijuana Retailer,Priority Review - MTC Priority,Priority,MTC Priority,COMMENCE OPS,11/8/2019,COMPLETE,MR281892,"Insa, Inc.",Salem,1970.0,,,462 Highland Ave,,Salem,MA,1970,POINT (-70.970827 42.635475),POINT (-70.934830 42.4930200),122 Pleasant Street,Suite 144,Easthampton,MA,1027,46-3327054,MRN281892,4/16/2019 12:46:49 PM,1/18/2019 12:00:00 AM,6/27/2019 12:54:17 PM,True,,,,,,,APPROVED,RP201833,,Not a DBE,,,10/10/2019 04:00:00 AM,9/17/2018 10:22:36 AM,4/17/2019 12:00:00 AM,6/13/2019 03:54:24 PM,8/10/2023 04:00:00 AM,9/16/2024 04:00:00 AM,,5000.0,1970.0,Salem,Essex,42.635475,-70.970827,Northeast,462 Highland Ave,,MA,42.49302,-70.93483,462.0,Highland Ave,,,Salem,MA,Essex County,1970.0,"Insa, Inc.",MA,MACCC,Massachusetts Cannabis Control Commission,,,,,
07/01/2024,APPROVED,Marijuana Retailer,General Applicant,General Applicant,General Applicant,COMMENCE OPS,12/20/2021,COMPLETE,MR281308,JOLO CAN LLC,Chelsea,2150.0,,,80 Eastern Avenue,,Chelsea,MA,2150,POINT (-71.073493 42.334948),POINT (-71.023652 42.3899510),80 Eastern Avenue,,Chelsea,MA,2150,82-5438932,MRN281308,11/15/2019 11:01:15 AM,12/17/2018 12:00:00 AM,1/9/2020 01:58:34 PM,False,,,,,,,,,,Not a DBE,,,7/15/2021 04:00:00 AM,4/24/2018 10:16:31 AM,8/28/2019 12:00:00 AM,1/9/2020 11:27:45 AM,2/8/2024 03:00:00 AM,2/12/2025 03:00:00 AM,,10000.0,2150.0,Chelsea,Suffolk,42.334948,-71.073493,Metro Boston,80 Eastern Avenue,,MA,42.389951,-71.023653,80.0,Eastern Ave,,,Chelsea,MA,Suffolk County,2150.0,JOLO CAN LLC,MA,MACCC,Massachusetts Cannabis Control Commission,,,,,
07/01/2024,APPROVED,Marijuana Retailer,General Applicant,General Applicant,General Applicant,COMMENCE OPS,10/19/2023,COMPLETE,MR284051,Leaf Lux Group Inc.,Holyoke,1040.0,,,40 Lyman Street,,Holyoke,MA,1040,POINT (-72.571312 42.12756),POINT (-72.597154 42.2068050),41 Lyman Street,,Holyoke,MA,1040,86-1446108,MRN284051,9/10/2021 06:56:42 PM,4/30/2021 10:21:15 AM,1/21/2022 03:30:46 PM,False,no,,,,,,,,,Not a DBE,,,9/14/2023 04:00:00 AM,1/28/2021 10:14:08 AM,9/17/2021 10:01:11 AM,1/20/2022 03:39:51 PM,1/11/2024 03:00:00 AM,1/21/2025 03:00:00 AM,,10000.0,1040.0,Holyoke,Hampden,42.12756,-72.571312,Western MA,40 Lyman Street,,MA,42.206805,-72.597154,40.0,Lyman St,,,Holyoke,MA,Hampden County,1040.0,Leaf Lux Group Inc.,MA,MACCC,Massachusetts Cannabis Control Commission,,,,,
07/01/2024,APPROVED,Marijuana Retailer,Expedited Review - DBE Status,Expedited,DBE Status,COMMENCE OPS,11/13/2020,COMPLETE,MR281744,"CNA Stores, Inc.",Haverhill,1830.0,,,100 Main St.,,Amesbury,MA,1913,POINT (-70.970827 42.635475),POINT (-71.102636 42.7645029),100 Main St,,Amesbury,MA,1913,83-1233238,MRN281744,12/18/2019 09:27:59 AM,10/28/2019 12:00:00 AM,4/9/2020 03:21:11 PM,False,,,,,,,,,,Veteran-Owned Business | Disability-Owned Business,,,10/8/2020 04:00:00 AM,7/25/2018 04:03:35 PM,1/16/2020 12:00:00 AM,4/9/2020 03:06:45 PM,3/7/2024 03:00:00 AM,4/17/2025 04:00:00 AM,,10000.0,1830.0,Haverhill,Essex,42.635475,-70.970827,Northeast,558 River Street,,MA,42.764503,-71.102636,558.0,River St,,,Haverhill,MA,Essex County,1832.0,"CNA Stores, Inc.",MA,MACCC,Massachusetts Cannabis Control Commission,,,,,
07/01/2024,APPROVED,Marijuana Retailer,General Applicant,General Applicant,General Applicant,COMMENCE OPS,3/31/2022,COMPLETE,MR283720,"Apical, Inc.",Northampton,1060.0,,,431 Westminster Street,,Westminster,MA,1420,POINT (-72.62073 42.322256),POINT (-72.633414 42.3247789),2611 Woodruff Road,Suite A,Spokane Valley,WA,99206,82-5135092,MRN283720,8/31/2021 12:51:08 PM,11/18/2020 02:16:59 PM,12/9/2021 04:34:19 PM,True,no,,,,,,APPROVED,RP201884,RP201884,Not a DBE,,,3/10/2022 03:00:00 AM,8/2/2020 03:10:11 PM,9/3/2021 10:06:10 AM,11/18/2021 02:33:24 PM,5/9/2024 04:00:00 AM,5/9/2025 04:00:00 AM,,10000.0,1060.0,Northampton,Hampshire,42.322256,-72.62073,Western MA,144 King Street,,MA,42.324779,-72.633415,144.0,King St,,,Northampton,MA,Hampshire County,1060.0,"Apical, Inc.",MA,MACCC,Massachusetts Cannabis Control Commission,,,,,
07/01/2024,APPROVED,Marijuana Retailer,General Applicant,General Applicant,General Applicant,PROVISIONAL LICENSE,,COMPLETE,MR284489,Green Adventure LLC,Ware,1082.0,,,14 West Street,,Ware,MA,1082,POINT (-72.62073 42.322256),POINT (-72.243386 42.2600290),14 West Street,,Ware,MA,1082,87-2823276,MRN284489,7/20/2022 01:40:01 PM,12/21/2021 09:41:54 AM,,False,no,,,,,,,,,Not a DBE,,,,11/10/2021 08:23:36 AM,8/8/2022 10:23:30 AM,10/13/2022 04:12:44 PM,12/14/2023 03:00:00 AM,12/15/2024 03:00:00 AM,,10000.0,1082.0,Ware,Hampshire,42.322256,-72.62073,Western MA,14 West Street,,MA,42.260029,-72.243386,14.0,West St,,,Ware,MA,Hampshire County,1082.0,Green Adventure LLC,MA,MACCC,Massachusetts Cannabis Control Commission,,,,,
07/01/2024,APPROVED,Marijuana Retailer,Priority Review - MTC Priority,Priority,MTC Priority,COMMENCE OPS,6/8/2020,COMPLETE,MR282578,"HVV Massachusetts, Inc.",Gloucester,1930.0,,,38 Great Republic Drive,,Gloucester,MA,1930,POINT (-70.970827 42.635475),POINT (-70.645381 42.6285450),39 Country Club Way,,Ipswich,MA,1938,82-4995668,MRN282578,5/24/2019 05:04:41 PM,5/6/2019 12:00:00 AM,9/25/2019 04:06:23 PM,True,,,,,,,,,RP201813,Not a DBE,,,4/9/2020 04:00:00 AM,4/4/2019 03:01:05 PM,6/7/2019 12:00:00 AM,9/13/2019 11:37:47 AM,9/14/2023 04:00:00 AM,10/1/2024 04:00:00 AM,,5000.0,1930.0,Gloucester,Essex,42.635475,-70.970827,Northeast,38 Great Republic Drive,,MA,42.628545,-70.645381,38.0,Great Republic Dr,,,Gloucester,MA,Essex County,1930.0,"HVV Massachusetts, Inc.",MA,MACCC,Massachusetts Cannabis Control Commission,,,,,
07/01/2024,APPROVED,Marijuana Retailer,General Applicant,General Applicant,General Applicant,COMMENCE OPS,2/12/2021,COMPLETE,MR282356,"Northempton Enterprises, Inc.",Northampton,1060.0,,,2 Conz Street,Unit 4,Northampton,MA,1060,POINT (-72.62073 42.322256),POINT (-72.631061 42.3159769),2 Conz Street,Unit 4,Northampton,MA,1060,83-1994260,MRN282356,2/24/2020 01:17:13 PM,10/10/2019 12:00:00 AM,5/11/2020 09:34:22 AM,False,,,,,,,,,,Not a DBE,,,1/14/2021 03:00:00 AM,1/30/2019 01:07:12 PM,2/28/2020 12:00:00 AM,5/8/2020 03:00:11 PM,5/11/2023 04:00:00 AM,9/12/2024 04:00:00 AM,,10000.0,1060.0,Northampton,Hampshire,42.322256,-72.62073,Western MA,2 Conz Street,"Units #6, #2C, #4, #2A",MA,42.315977,-72.631061,2.0,Conz St,,,Northampton,MA,Hampshire County,1060.0,"Northempton Enterprises, Inc.",MA,MACCC,Massachusetts Cannabis Control Commission,,,,,
07/01/2024,APPROVED,Marijuana Retailer,General Applicant,General Applicant,General Applicant,PROVISIONAL LICENSE,,COMPLETE,MR284530,Valkyrie Cannabis Inc.,Great Barrington,1230.0,,,325 Stockbridge Rd.,,Great Barrington,MA,1230,POINT (-73.209889 42.396128),POINT (-73.346320 42.2110770),41 Meeting House Lane,,Southampton,NY,11968,85-0492199,MRN284530,4/27/2022 04:05:14 PM,2/11/2022 02:55:19 PM,7/14/2022 02:14:53 PM,False,no,,,,,,,,,"Lesbian, Gay, Bisexual, and Transgender Owned Business",,,,12/3/2021 10:35:15 AM,5/6/2022 10:40:39 AM,7/14/2022 11:56:23 AM,7/14/2022 04:00:00 AM,7/14/2023 04:00:00 AM,,10000.0,1230.0,Great Barrington,Berkshire,42.396128,-73.209889,Western MA,325 Stockbridge Rd.,,MA,42.211077,-73.34632,325.0,Stockbridge Rd,,,Great Barrington,MA,Berkshire County,1230.0,Valkyrie Cannabis Inc.,MA,MACCC,Massachusetts Cannabis Control Commission,,,,,
07/01/2024,APPROVED,Marijuana Retailer,General Applicant,General Applicant,General Applicant,COMMENCE OPS,4/11/2022,COMPLETE,MR282969,New Green LLC,Egremont,1258.0,,,71 main Street,,South Egremont,MA,1258,POINT (-73.209889 42.396128),POINT (-73.051068 42.2652989),P.O. Box 22,,South Egremont,MA,1258,84-1895926,MRN282969,4/10/2020 03:38:08 PM,2/25/2020 12:00:00 AM,,False,,,,,,,,,,Minority-Owned Business | Woman-Owned Business,,,2/10/2022 03:00:00 AM,9/3/2019 12:12:56 PM,5/26/2020 02:12:51 PM,7/9/2020 03:15:33 PM,11/9/2023 03:00:00 AM,11/18/2024 03:00:00 AM,,10000.0,1258.0,South Egremont,Berkshire,42.396128,-73.209889,,71 Main Street,,MA,42.265299,-73.051069,71.0,Main St,,,Becket,MA,Berkshire County,1223.0,New Green LLC,MA,MACCC,Massachusetts Cannabis Control Commission,,,,,
07/01/2024,APPROVED,Marijuana Retailer,General Applicant,General Applicant,General Applicant,COMMENCE OPS,3/16/2023,COMPLETE,MR283743,"Cannabro, LLC",Southbridge,1550.0,,,345 Main Street,,Southbridge,MA,1550,POINT (-71.840209 42.329642),POINT (-72.016313 42.0710570),345 Main Street,,Southbridge,MA,1550,85-0507062,MRN283743,9/2/2020 12:12:14 PM,9/1/2020 01:42:27 PM,,False,no,,SE305854,,,,,,,Not a DBE,,,1/12/2023 03:00:00 AM,8/21/2020 03:16:58 PM,9/3/2020 09:44:28 AM,11/19/2020 04:15:33 PM,7/13/2023 04:00:00 AM,11/12/2024 03:00:00 AM,,10000.0,1550.0,Southbridge,Worcester,42.329642,-71.840209,Central MA,345 Main Street,,MA,42.071057,-72.016314,345.0,E Main St,,,Southbridge,MA,Worcester County,1550.0,"Cannabro, LLC",MA,MACCC,Massachusetts Cannabis Control Commission,,,,,
07/01/2024,APPROVED,Marijuana Retailer,Priority Review - MTC Priority,Priority,MTC Priority,PROVISIONAL LICENSE,,COMPLETE,MR281430,"The Green Harbor Dispensary, LLC",Provincetown,2657.0,,,29 Abbey Lane,,Middleborough,MA,2346,POINT (-70.301811 41.698999),POINT (-70.194697 42.0520939),29 Abbey Lane,,Middleborough,MA,2346,82-5108074,MRN281430,7/1/2020 02:26:06 PM,1/29/2020 12:00:00 AM,9/16/2020 12:41:11 PM,True,,,,,,,APPROVED,RP201920,RP201920,Minority-Owned Business,,,,5/16/2018 10:53:55 AM,7/7/2020 12:45:18 PM,9/10/2020 01:54:14 PM,11/10/2022 03:00:00 AM,11/10/2023 03:00:00 AM,,10000.0,2657.0,Provincetown,Barnstable,41.698999,-70.301811,Southeast and Cape,79 Shank Painter Rd.,,MA,42.052094,-70.194697,79.0,Shank Painter Rd,,,Provincetown,MA,Barnstable County,2657.0,"The Green Harbor Dispensary, LLC",MA,MACCC,Massachusetts Cannabis Control Commission,,,,,
07/01/2024,APPROVED,Marijuana Retailer,Priority Review - Economic Empowerment Priority,Priority,Economic Empowerment Priority,COMMENCE OPS,6/30/2023,COMPLETE,MR284222,New Dia Fenway LLC,Boston,2215.0,,,8 Zoar St,,Worcester,MA,1604,POINT (-71.073493 42.334948),POINT (-71.098140 42.347299),8 Zoar St,,Worcester,MA,1604,87-2585603,MRN284222,10/20/2021 10:47:25 PM,9/28/2021 02:25:35 PM,3/8/2022 04:20:42 PM,True,yes,EE201826,,,,EE201826,,,,Not a DBE,,,5/22/2023 04:00:00 AM,4/26/2021 12:19:58 PM,10/29/2021 12:14:09 PM,2/14/2022 04:22:28 PM,2/8/2024 03:00:00 AM,3/8/2025 03:00:00 AM,,5000.0,2215.0,Boston,Suffolk,42.334948,-71.073493,Metro Boston,48-62 Brookline Ave,,MA,42.347299,-71.098141,,Brookline Ave,,,Boston,MA,Suffolk County,2215.0,New Dia Fenway LLC,MA,MACCC,Massachusetts Cannabis Control Commission,,,,,
07/01/2024,APPROVED,Marijuana Retailer,Priority Review - Economic Empowerment Priority,Priority,Economic Empowerment Priority,PROVISIONAL LICENSE,,COMPLETE,MR281281,"Team Green, LLC",Boston,2126.0,,,1292 Blue Hill Ave,,Mattapan,MA,2126,POINT (-71.073493 42.334948),POINT (-71.092680 42.2794570),476 Canton Street,,Stoughton,MA,2072,82-5246181,MRN281281,5/15/2020 05:12:24 PM,10/8/2019 12:00:00 AM,8/22/2020 06:53:12 PM,True,,,,APPROVED,EE201890,EEA201884,,,,Not a DBE,,,,4/19/2018 03:00:40 PM,5/21/2020 11:24:37 AM,8/6/2020 02:21:21 PM,3/7/2024 03:00:00 AM,3/7/2025 03:00:00 AM,,5000.0,2126.0,Mattapan,Suffolk,42.334948,-71.073493,,1292 Blue Hill Avenue,,MA,42.279457,-71.092681,1292.0,Blue Hill Ave,,,Mattapan,MA,Suffolk County,2126.0,"Team Green, LLC",MA,MACCC,Massachusetts Cannabis Control Commission,,,,,
07/01/2024,APPROVED,Marijuana Retailer,General Applicant,General Applicant,General Applicant,PROVISIONAL CONSIDERATION,,PAYMENT_PENDING,MR281621,Debilitating Medical Condition Treatment Centers,Whately,1373.0,,,7 River Rd,,Whately,MA,1093,POINT (-72.573941 42.587072),POINT (-72.614046 42.470101),7 RIver Rd,,Whately,MA,1093,46-3448063,MRN281621,7/22/2022 01:42:11 PM,2/16/2022 12:56:04 PM,,True,,,,,,,APPROVED,RP201977,RP201977,Not a DBE,,,,6/20/2018 11:31:51 AM,8/8/2022 10:23:07 AM,11/10/2022 12:39:35 PM,,,,0.0,1373.0,South Deerfield,Franklin,42.587072,-72.573941,,424 State Rd,,MA,42.470101,-72.614047,424.0,State Rd,,,South Deerfield,MA,Franklin County,1373.0,Debilitating Medical Condition Treatment Centers,MA,MACCC,Massachusetts Cannabis Control Commission,,,,,
07/01/2024,APPROVED,Marijuana Retailer,General Applicant,General Applicant,General Applicant,COMMENCE OPS,4/20/2021,COMPLETE,MR281450,"Hennep, Inc.",Provincetown,2657.0,,,246 Commercial St.,,Provincetown,MA,2657,POINT (-70.301811 41.698999),POINT (-70.187934 42.0506200),1330 Boylston St.,Unit 202,Boston,MA,2215,83-0576823,MRN281450,12/26/2019 12:42:46 PM,8/26/2019 12:00:00 AM,4/13/2020 07:19:34 PM,False,,,,,,,,,,Not a DBE,,,3/11/2021 03:00:00 AM,5/18/2018 09:26:01 AM,2/14/2020 12:00:00 AM,4/9/2020 03:14:52 PM,7/13/2023 04:00:00 AM,7/17/2024 04:00:00 AM,,10000.0,2657.0,Provincetown,Barnstable,41.698999,-70.301811,Southeast and Cape,246 Commercial Street,,MA,42.05062,-70.187935,246.0,Commercial St,,,Provincetown,MA,Barnstable County,2657.0,"Hennep, Inc.",MA,MACCC,Massachusetts Cannabis Control Commission,,,,,
07/01/2024,APPROVED,Marijuana Retailer,General Applicant,General Applicant,General Applicant,PROVISIONAL LICENSE,,COMPLETE,MR283165,Ten-Ten LLC,Sheffield,1257.0,,,775 N. Main St,,Sheffield,MA,1257,POINT (-73.209889 42.396128),POINT (-73.361320 42.1256369),54 Nelson Ave Ext,,Saratoga Springs,NY,12866,83-1989850,MRN283165,4/16/2020 03:12:15 PM,4/3/2020 12:00:00 AM,7/27/2020 04:08:15 PM,False,,,,,,,,,,Not a DBE,,,,12/4/2019 08:04:02 PM,5/26/2020 02:18:08 PM,7/9/2020 03:52:01 PM,7/13/2023 04:00:00 AM,7/27/2024 04:00:00 AM,,10000.0,1257.0,Sheffield,Berkshire,42.396128,-73.209889,Western MA,775 N. Main St,,MA,42.125637,-73.36132,775.0,N Main St,,,Sheffield,MA,Berkshire County,1257.0,Ten-Ten LLC,MA,MACCC,Massachusetts Cannabis Control Commission,,,,,
07/01/2024,APPROVED,Marijuana Retailer,Priority Review - Economic Empowerment Priority,Priority,Economic Empowerment Priority,PROVISIONAL CONSIDERATION,,PAYMENT_PENDING,MR283170,"Holyoke Green Growers, LLC.",Holyoke,1040.0,,,60 Jackson St.,,HOLYOKE,MA,1040,POINT (-72.571312 42.12756),POINT (-72.614537 42.1958600),275 SARGEANT ST FL 2,,HOLYOKE,MA,1040,82-5257334,MRN283170,1/24/2022 12:42:58 PM,12/15/2020 10:46:41 AM,,True,yes,EE202034,,APPROVED,EE202034,EE202034,,,,Not a DBE,,,,12/5/2019 08:49:45 PM,12/3/2021 11:40:11 AM,2/14/2022 04:18:06 PM,,,,0.0,1040.0,Holyoke,Hampden,42.12756,-72.571312,Western MA,60 Jackson St.,,MA,42.19586,-72.614538,60.0,Jackson St,,,Holyoke,MA,Hampden County,1040.0,"Holyoke Green Growers, LLC.",MA,MACCC,Massachusetts Cannabis Control Commission,,,,,
07/01/2024,APPROVED,Marijuana Retailer,Expedited Review - DBE Status,Expedited,DBE Status,COMMENCE OPS,3/17/2023,COMPLETE,MR282958,GTE Taunton LLC,Taunton,2780.0,,,120 Bergeron Way,,Stoughton,MA,2072,POINT (-71.102131 41.778329),POINT (-71.089963 41.925888),120 Bergeron Way,,Stoughton,MA,2072,37-1940237,MRN282958,6/29/2020 02:24:59 PM,2/11/2020 12:00:00 AM,2/4/2022 02:09:45 PM,False,no,,,,,,,,,Minority-Owned Business,,,2/9/2023 03:00:00 AM,8/28/2019 12:28:11 PM,7/7/2020 11:36:22 AM,8/6/2020 02:00:34 PM,3/7/2024 03:00:00 AM,3/10/2025 04:00:00 AM,,10000.0,2780.0,Taunton,Bristol,41.778329,-71.102131,Southeast and Cape,297 Broadway Street,,MA,41.925888,-71.089964,297.0,Broadway St,,,Taunton,MA,Bristol County,2780.0,GTE Taunton LLC,MA,MACCC,Massachusetts Cannabis Control Commission,,,,,
07/01/2024,APPROVED,Marijuana Retailer,General Applicant,General Applicant,General Applicant,COMMENCE OPS,12/29/2022,COMPLETE,MR283773,"Cypress Tree Management Natick, Inc.",Natick,1760.0,,,419 BOYLSTON STREET,300,Boston,MA,2116,POINT (-71.275566 42.459085),POINT (-71.379502 42.3039410),419 BOYLSTON STREET,300,Boston,MA,2116,87-0752412,MRN283773,4/23/2021 02:58:17 PM,4/23/2021 08:36:14 AM,2/24/2022 11:52:46 AM,False,no,,,,,,,,,Not a DBE,,,12/8/2022 03:00:00 AM,9/10/2020 11:07:51 AM,5/7/2021 10:06:13 AM,8/12/2021 01:58:17 PM,2/8/2024 03:00:00 AM,3/10/2025 04:00:00 AM,,10000.0,1760.0,Natick,Middlesex,42.459085,-71.275566,Central MA,321 Speen Street,,MA,42.303941,-71.379502,321.0,Speen St,,,Natick,MA,Middlesex County,1760.0,"Cypress Tree Management Natick, Inc.",MA,MACCC,Massachusetts Cannabis Control Commission,,,,,
07/01/2024,APPROVED,Marijuana Retailer,General Applicant,General Applicant,General Applicant,PROVISIONAL LICENSE,,COMPLETE,MR284703,Green Gold Group,Palmer,1069.0,,,60 Prospect Street,,North Brookfield,MA,1535,POINT (-72.571312 42.12756),POINT (-72.326463 42.1678489),60 Prospect Street,,North Brookfield,MA,1535,47-4984402,MRN284703,9/30/2022 06:15:47 PM,8/19/2022 10:03:52 AM,2/9/2023 03:08:20 PM,False,no,,,,,,,,,Not a DBE,,,,6/21/2022 12:37:27 PM,11/17/2022 12:48:18 PM,2/9/2023 01:17:38 PM,2/8/2024 03:00:00 AM,2/9/2025 03:00:00 AM,,10000.0,1069.0,Palmer,Hampden,42.12756,-72.571312,Western MA,1140 Thorndike Street,,MA,42.167849,-72.326463,1140.0,Thorndike St,,,Palmer,MA,Hampden County,1069.0,Green Gold Group,MA,MACCC,Massachusetts Cannabis Control Commission,,,,,
07/01/2024,APPROVED,Marijuana Retailer,Priority Review - Economic Empowerment Priority,Priority,Economic Empowerment Priority,PROVISIONAL LICENSE,,COMPLETE,MR284253,"Lemonnade Springfield, LLC",Springfield,1105.0,,,595 Main Street,,Springfield,MA,1105,POINT (-72.571312 42.12756),POINT (-72.580787 42.0942420),4675 MacArthur Court Floor 15,,Newport Beach,CA,92660,86-3974146,MRN284253,2/3/2022 09:58:10 AM,6/21/2021 01:25:08 PM,4/3/2023 03:22:05 PM,True,yes,EE202373,,,,EE202373,,,,Not a DBE,,,,5/19/2021 12:43:53 PM,2/7/2022 02:56:15 PM,5/12/2022 02:07:25 PM,3/7/2024 03:00:00 AM,4/3/2025 04:00:00 AM,,5000.0,1105.0,Springfield,Hampden,42.12756,-72.571312,Western MA,587-595 Main Street,,MA,42.094242,-72.580787,595.0,Main St,,,Springfield,MA,Hampden County,1105.0,"Lemonnade Springfield, LLC",MA,MACCC,Massachusetts Cannabis Control Commission,,,,,
07/01/2024,APPROVED,Marijuana Retailer,Priority Review - Economic Empowerment Priority,Priority,Economic Empowerment Priority,COMMENCE OPS,10/3/2023,COMPLETE,MR281374,"KG Collective Brockton, LLC",Brockton,2302.0,,,1536 Tremont Street,,Boston,MA,2120,POINT (-70.818958 41.978877),POINT (-70.981832 42.080734),1536 Tremont Street,,Boston,MA,2120,84-2651712,MRN281374,8/5/2021 09:14:32 PM,12/31/2019 12:00:00 AM,,True,yes,EE201965,,APPROVED,EE201965,EE201965,,,,Not a DBE,,,8/10/2023 04:00:00 AM,5/2/2018 10:52:36 PM,8/17/2021 01:47:28 PM,10/14/2021 01:10:36 PM,12/14/2023 03:00:00 AM,12/18/2024 03:00:00 AM,,5000.0,2302.0,Brockton,Plymouth,41.978877,-70.818958,Southeast and Cape,912 Crescent Street,,MA,42.080734,-70.981833,912.0,Crescent St,,,Brockton,MA,Plymouth County,2302.0,"KG Collective Brockton, LLC",MA,MACCC,Massachusetts Cannabis Control Commission,,,,,
07/01/2024,APPROVED,Marijuana Retailer,Priority Review - MTC Priority,Priority,MTC Priority,COMMENCE OPS,7/1/2020,COMPLETE,MR281249,"Resinate, Inc.",Worcester,1607.0,,,120 Gilboa Street,,Douglas,MA,1516,POINT (-71.840209 42.329642),POINT (-71.783561 42.2211830),120 Gilboa Street,,Douglas,MA,1516,47-4392516,MRN281249,1/7/2020 05:52:38 PM,9/26/2019 12:00:00 AM,2/12/2020 04:51:27 PM,True,,,,,,,APPROVED,RP201945,RP201945,Not a DBE,,,6/4/2020 04:00:00 AM,4/17/2018 01:21:24 PM,12/11/2019 12:00:00 AM,2/7/2020 09:26:38 AM,2/8/2024 03:00:00 AM,3/13/2025 04:00:00 AM,,10000.0,1607.0,Worcester,Worcester,42.329642,-71.840209,Central MA,1191 Millbury Street,,MA,42.221183,-71.783561,1191.0,Millbury St,,,Worcester,MA,Worcester County,1607.0,"Resinate, Inc.",MA,MACCC,Massachusetts Cannabis Control Commission,,,,,
07/01/2024,APPROVED,Marijuana Retailer,General Applicant,General Applicant,General Applicant,COMMENCE OPS,5/6/2021,COMPLETE,MR282467,"The Old Bank, LLC",Wellfleet,2666.0,,,10 Main Street,,Wellfleet,MA,2667,POINT (-70.301811 41.698999),POINT (-70.021985 41.9374639),PO Box 2157,,Wellfleet,MA,2667,83-3828109,MRN282467,2/11/2020 09:24:18 AM,11/15/2019 12:00:00 AM,,False,,,,,,,,,,Not a DBE,,,4/16/2021 04:00:00 AM,3/5/2019 11:53:25 AM,2/12/2020 12:00:00 AM,4/9/2020 03:33:24 PM,3/7/2024 03:00:00 AM,5/19/2025 04:00:00 AM,,10000.0,2666.0,Truro,Barnstable,41.698999,-70.301811,Southeast and Cape,10 Main Street,,MA,41.937464,-70.021985,10.0,Main St,,,Wellfleet,MA,Barnstable County,2667.0,"The Old Bank, LLC",MA,MACCC,Massachusetts Cannabis Control Commission,,,,,
07/01/2024,APPROVED,Marijuana Retailer,General Applicant,General Applicant,General Applicant,PROVISIONAL LICENSE,,COMPLETE,MR285040,"Hidden Wonders, LLC",Plymouth,2360.0,,,27 Robert J. Way,Unit 1,Plymouith,MA,2360,POINT (-70.818958 41.978877),POINT (-70.649680 41.929738),20 Bassett Road,,Brockton,MA,2301,93-1718499,MRN285040,12/8/2023 11:14:48 AM,11/7/2023 02:12:42 PM,5/6/2024 04:20:08 PM,False,no,,,,,,,,,Not a DBE,,,,9/22/2023 01:09:55 PM,12/8/2023 02:04:29 PM,3/7/2024 11:59:43 AM,5/6/2024 04:00:00 AM,5/6/2025 04:00:00 AM,,10000.0,2360.0,Plymouth,Plymouth,41.978877,-70.818958,Southeast and Cape,27 Robert J. Way,Unit 1,MA,41.929738,-70.64968,27.0,Robert J Way,,,Plymouth,MA,Plymouth County,2360.0,"Hidden Wonders, LLC",MA,MACCC,Massachusetts Cannabis Control Commission,,,,,
07/01/2024,APPROVED,Marijuana Retailer,General Applicant,General Applicant,General Applicant,PROVISIONAL LICENSE,,COMPLETE,MR282378,"THE GRATEFUL MIND, LLC",Wellfleet,2667.0,,,15 BANK STREET,,WELLFLEET,MA,2667,POINT (-70.301811 41.698999),POINT (-70.030422 41.9371450),15 BANK STREET,,WELLFLEET,MA,2667,83-3574631,MRN282378,11/10/2021 11:56:42 AM,11/27/2020 10:45:15 AM,,False,no,,,,,,,,,Not a DBE,,,,2/7/2019 12:08:30 PM,11/15/2021 04:48:36 PM,2/14/2022 04:26:42 PM,4/11/2024 04:00:00 AM,5/18/2025 04:00:00 AM,,10000.0,2667.0,Wellfleet,Barnstable,41.698999,-70.301811,Southeast and Cape,15 Bank Street,,MA,41.937145,-70.030423,15.0,Bank St,,,Wellfleet,MA,Barnstable County,2667.0,"THE GRATEFUL MIND, LLC",MA,MACCC,Massachusetts Cannabis Control Commission,,,,,
07/01/2024,APPROVED,Marijuana Retailer,General Applicant,General Applicant,General Applicant,COMMENCE OPS,12/3/2021,COMPLETE,MR282948,Solar Therapeutics Inc.,Seekonk,2771.0,,,1400 Brayton Point Rd.,,Somerset,MA,2725,POINT (-71.102131 41.778329),POINT (-71.305815 41.7830050),1400 Brayton Point Rd,,Somerset,MA,2725,82-3644660,MRN282948,2/24/2020 02:05:00 PM,2/11/2020 12:00:00 AM,,False,,,,,,,,,,Not a DBE,,,11/18/2021 03:00:00 AM,8/21/2019 03:56:38 PM,5/22/2020 08:18:44 AM,8/6/2020 02:20:55 PM,9/14/2023 04:00:00 AM,9/16/2024 04:00:00 AM,,10000.0,2771.0,Seekonk,Bristol,41.778329,-71.102131,Southeast and Cape,1735 Fall River Avenue,,MA,41.783005,-71.305816,1735.0,Fall River Ave,,,Seekonk,MA,Bristol County,2771.0,Solar Therapeutics Inc.,MA,MACCC,Massachusetts Cannabis Control Commission,,,,,
07/01/2024,APPROVED,Marijuana Retailer,Expedited Review - DBE Status,Expedited,DBE Status,COMMENCE OPS,6/8/2023,COMPLETE,MR283011,"East Boston Bloom, LLC",Boston,2128.0,,,69-71 Maverick Square,,East Boston,MA,2128,POINT (-71.073493 42.334948),POINT (-71.038611 42.3697670),48 Maverick Square,,East Boston,MA,2128,83-2268443,MRN283011,1/12/2021 10:35:46 AM,6/12/2020 02:55:16 PM,,False,,,,,,,,,,Veteran-Owned Business | Minority-Owned Business,,,4/14/2023 04:00:00 AM,9/26/2019 12:51:27 PM,1/14/2021 11:42:57 AM,4/16/2021 01:52:30 PM,9/14/2023 04:00:00 AM,9/18/2024 04:00:00 AM,,10000.0,2128.0,Boston,Suffolk,42.334948,-71.073493,Metro Boston,71 Maverick Square,,MA,42.369767,-71.038611,71.0,Maverick Sq,,,East Boston,MA,Suffolk County,2128.0,"East Boston Bloom, LLC",MA,MACCC,Massachusetts Cannabis Control Commission,,,,,
07/01/2024,APPROVED,Marijuana Retailer,Expedited Review - DBE Status,Expedited,DBE Status,PROVISIONAL LICENSE,,COMPLETE,MR283208,"Calverde Naturals, LLC",Marlborough,1752.0,,,219-237 Boston Post Road West,,Marlborough,MA,1752,POINT (-71.275566 42.459085),POINT (-71.591448 42.3388399),10 Briarwood Lane,,WInchester,MA,1890,84-1907300,MRN283208,9/21/2020 10:36:53 AM,9/8/2020 08:54:54 AM,4/1/2021 11:11:34 AM,False,no,,,,,,,,,Woman-Owned Business,,,,12/30/2019 10:00:55 AM,9/24/2020 07:55:41 AM,1/14/2021 03:24:01 PM,3/9/2023 03:00:00 AM,4/1/2024 04:00:00 AM,,10000.0,1752.0,Marlborough,Middlesex,42.459085,-71.275566,Central MA,219-237 Boston Post Road West,,MA,42.33884,-71.591449,237.0,Boston Post Rd W,,,Marlborough,MA,Middlesex County,1752.0,"Calverde Naturals, LLC",MA,MACCC,Massachusetts Cannabis Control Commission,,,,,
07/01/2024,APPROVED,Marijuana Retailer,General Applicant,General Applicant,General Applicant,PROVISIONAL CONSIDERATION,,PAYMENT_PENDING,MR283227,"Revolution Greencare, LLC",Chicopee,1020.0,,,30 Buckley Blvd,,Chicopee,MA,1020,POINT (-72.571312 42.12756),POINT (-72.597802 42.1938949),30 Buckley Blvd,,Chicopee,MA,1020,12-1234567,MRN283227,11/16/2021 09:56:47 AM,10/27/2021 02:15:31 PM,,False,no,,,,,,,,,Not a DBE,,,,1/10/2020 03:40:43 PM,12/3/2021 11:31:21 AM,2/14/2022 04:24:38 PM,,,,0.0,1020.0,Chicopee,Hampden,42.12756,-72.571312,Western MA,30 Buckley Blvd,,MA,42.193895,-72.597802,30.0,Buckley Blvd,,,Chicopee,MA,Hampden County,1020.0,"Revolution Greencare, LLC",MA,MACCC,Massachusetts Cannabis Control Commission,,,,,
07/01/2024,APPROVED,Marijuana Retailer,General Applicant,General Applicant,General Applicant,COMMENCE OPS,12/20/2022,COMPLETE,MR284569,Beacon Compassion Inc.,Boston,2132.0,,,1524 VFW Parkway,,West Roxbury,MA,2132,POINT (-71.073493 42.334948),POINT (-71.170310 42.2682360),12 Post Office Square,6th Floor,Boston,MA,2109,83-2057586,MRN284569,4/27/2022 12:48:44 PM,2/22/2022 10:55:59 AM,,True,no,,,,,,APPROVED,RP201902,,Not a DBE,,,11/10/2022 03:00:00 AM,1/22/2022 03:22:12 PM,4/8/2022 09:48:37 AM,5/12/2022 02:15:40 PM,4/11/2024 04:00:00 AM,5/18/2025 04:00:00 AM,,10000.0,2132.0,West Roxbury,Suffolk,42.334948,-71.073493,,1524 VFW Parkway,,MA,42.268236,-71.17031,1524.0,Vfw Pkwy,,,West Roxbury,MA,Suffolk County,2132.0,Beacon Compassion Inc.,MA,MACCC,Massachusetts Cannabis Control Commission,,,,,
07/01/2024,APPROVED,Marijuana Retailer,General Applicant,General Applicant,General Applicant,COMMENCE OPS,11/22/2023,COMPLETE,MR283887,ELEVATION RETAIL II LLC,Fairhaven,2719.0,,,240 BRIDGE ST,,FAIRHAVEN,MA,2719,POINT (-71.102131 41.778329),POINT (-70.886685 41.6468149),385 GREAT RD.,,BEDFORD,MA,1730,86-3936013,MRN283887,8/10/2021 10:02:02 AM,8/5/2021 12:30:13 PM,2/9/2022 02:47:43 PM,False,no,,,,,,,,,Not a DBE,,,10/12/2023 04:00:00 AM,11/10/2020 12:17:01 PM,8/24/2021 09:27:51 AM,11/18/2021 02:43:46 PM,2/8/2024 03:00:00 AM,2/9/2025 03:00:00 AM,,10000.0,2719.0,Fairhaven,Bristol,41.778329,-71.102131,Southeast and Cape,240 BRIDGE ST,,MA,41.646815,-70.886685,240.0,Bridge St,,,Fairhaven,MA,Bristol County,2719.0,ELEVATION RETAIL II LLC,MA,MACCC,Massachusetts Cannabis Control Commission,,,,,
07/01/2024,APPROVED,Marijuana Retailer,Expedited Review - DBE Status,Expedited,DBE Status,PROVISIONAL CONSIDERATION,,PAYMENT_PENDING,MR284846,The Stories Company Whitman LLC,Whitman,2382.0,,,109 Raffaele Drive,,Waltham,MA,2452,POINT (-70.818958 41.978877),POINT (-70.946889 42.081702),109 Raffaele Drive,,Waltham,MA,2452,92-2000543,MRN284846,8/1/2023 03:22:02 PM,7/7/2023 09:59:15 AM,,False,no,,,,,,,,,Minority-Owned Business,,,,1/4/2023 11:38:52 AM,8/4/2023 09:13:01 AM,11/9/2023 01:14:46 PM,,,,0.0,2382.0,Whitman,Plymouth,41.978877,-70.818958,Southeast and Cape,769 Bedford Street,,MA,42.081702,-70.94689,769.0,Bedford St,,,Whitman,MA,Plymouth County,2382.0,The Stories Company Whitman LLC,MA,MACCC,Massachusetts Cannabis Control Commission,,,,,
07/01/2024,APPROVED,Marijuana Retailer,General Applicant,General Applicant,General Applicant,COMMENCE OPS,12/14/2022,COMPLETE,MR282001,Green Era LLC,Fitchburg,1420.0,,,143-145 Water St,,Fitchburg,MA,1420,POINT (-71.840209 42.329642),POINT (-71.794891 42.5792209),45 Bodwell St,,Avon,MA,2322,83-1832421,MRN282001,4/6/2020 09:52:04 AM,5/20/2019 12:00:00 AM,,False,,,,,,,,,,Minority-Owned Business,,,9/15/2022 04:00:00 AM,10/29/2018 10:07:57 AM,5/22/2020 08:22:11 AM,10/8/2020 02:08:13 PM,12/14/2023 03:00:00 AM,12/18/2024 03:00:00 AM,,10000.0,1420.0,Fitchburg,Worcester,42.329642,-71.840209,Central MA,143-145 Water St,,MA,42.579221,-71.794891,145.0,Water St,,,Fitchburg,MA,Worcester County,1420.0,Green Era LLC,MA,MACCC,Massachusetts Cannabis Control Commission,,,,,
07/01/2024,APPROVED,Marijuana Retailer,General Applicant,General Applicant,General Applicant,COMMENCE OPS,2/27/2023,COMPLETE,MR284580,"Rockland Old Exit 14, Inc.",Rockland,2370.0,,,1015 Hingham St.,,Rockland,MA,2370,POINT (-70.818958 41.978877),POINT (-70.899117 42.1634299),1015 Hingham Street,,Rockland,MA,2370,88-1116678,MRN284580,4/28/2022 08:49:42 AM,4/6/2022 02:08:07 PM,,False,no,,,,,,,,,Not a DBE,,,2/9/2023 03:00:00 AM,2/1/2022 12:03:51 PM,5/27/2022 06:38:38 AM,8/11/2022 11:50:49 AM,7/13/2023 04:00:00 AM,8/16/2024 04:00:00 AM,,10000.0,2370.0,Rockland,Plymouth,41.978877,-70.818958,Southeast and Cape,1015 Hingham St.,,MA,42.16343,-70.899117,1015.0,Hingham St,,,Rockland,MA,Plymouth County,2370.0,"Rockland Old Exit 14, Inc.",MA,MACCC,Massachusetts Cannabis Control Commission,,,,,
07/01/2024,APPROVED,Marijuana Retailer,Priority Review - MTC Priority,Priority,MTC Priority,COMMENCE OPS,12/11/2018,COMPLETE,MR281255,"Alternative Therapies Group, Inc.",Salem,1970.0,,,50 Grove St,,Salem,MA,1970,POINT (-70.970827 42.635475),POINT (-70.911091 42.5225399),"24R Pleasant St, Unit 2",,Newburyport,MA,1950,46-2086314,MRN281255,7/23/2018 05:50:21 PM,7/10/2018 12:00:00 AM,8/23/2018 04:43:07 PM,True,,,,,,,APPROVED,RP201825,RPA201825,Not a DBE,,,11/20/2018 03:00:00 AM,4/17/2018 02:02:10 PM,7/30/2018 12:00:00 AM,8/23/2018 03:48:49 PM,9/14/2023 04:00:00 AM,10/28/2024 04:00:00 AM,,5000.0,1970.0,Salem,Essex,42.635475,-70.970827,Northeast,50 Grove St,,MA,42.52254,-70.911092,50.0,Grove St,,,Salem,MA,Essex County,1970.0,"Alternative Therapies Group, Inc.",MA,MACCC,Massachusetts Cannabis Control Commission,,,,,
07/01/2024,APPROVED,Marijuana Retailer,Expedited Review - DBE Status,Expedited,DBE Status,PROVISIONAL CONSIDERATION,,PAYMENT_PENDING,MR284254,Greener World Inc.,Holyoke,1040.0,,,620 Beaulieu St,,Holyoke,MA,1040,POINT (-72.571312 42.12756),POINT (-72.616309 42.1928010),620 Beaulieu St,,Holyoke,MA,1040,86-1378500,MRN284254,3/23/2022 06:02:30 PM,7/9/2021 04:08:32 PM,,False,no,,,,,,,,,Woman-Owned Business,,,,5/19/2021 03:03:14 PM,4/8/2022 09:29:38 AM,7/14/2022 12:02:21 PM,,,,0.0,1040.0,Holyoke,Hampden,42.12756,-72.571312,Western MA,620 Beaulieu Street,,MA,42.192801,-72.61631,620.0,Beaulieu St,,,Holyoke,MA,Hampden County,1040.0,Greener World Inc.,MA,MACCC,Massachusetts Cannabis Control Commission,,,,,
07/01/2024,APPROVED,Marijuana Retailer,Expedited Review - DBE Status,Expedited,DBE Status,COMMENCE OPS,6/20/2024,COMPLETE,MR284537,"ReLeaf Alternative Natick, Inc.",Natick,1760.0,,,291 Worcester Street,,Natick,MA,1760,POINT (-71.275566 42.459085),POINT (-71.337145 42.3028169),323 Manley Street,,West Bridgewater,MA,2379,85-0711157,MRN284537,4/6/2022 04:37:46 PM,3/23/2022 09:46:25 AM,8/9/2022 11:04:37 AM,False,no,,,,,,,,,Woman-Owned Business,,,5/9/2024 04:00:00 AM,12/10/2021 02:11:47 PM,4/15/2022 01:37:04 PM,7/14/2022 11:59:03 AM,7/13/2023 04:00:00 AM,8/9/2024 04:00:00 AM,,10000.0,1760.0,Natick,Middlesex,42.459085,-71.275566,Central MA,291 Worcester Street,,MA,42.302817,-71.337145,291.0,Worcester St,,,Natick,MA,Middlesex County,1760.0,"ReLeaf Alternative Natick, Inc.",MA,MACCC,Massachusetts Cannabis Control Commission,,,,,
07/01/2024,APPROVED,Marijuana Retailer,Priority Review - Economic Empowerment Priority,Priority,Economic Empowerment Priority,PROVISIONAL LICENSE,,COMPLETE,MR284583,Healing Greene Massachusetts LLC,Cambridge,2140.0,,,1960 Massachusetts Avenue,,Cambridge,MA,2140,POINT (-71.275566 42.459085),POINT (-71.120721 42.3898489),1960 Massachusetts Avenue,,Cambridge,MA,2140,87-4201856,MRN284583,6/22/2023 01:56:38 PM,5/31/2023 02:02:51 PM,,True,yes,EE201902,,,,EE201902,,,,Not a DBE,,,,2/2/2022 02:56:35 PM,6/30/2023 02:37:26 PM,9/14/2023 03:36:32 PM,1/31/2024 03:00:00 AM,1/31/2025 03:00:00 AM,,5000.0,2140.0,Cambridge,Middlesex,42.459085,-71.275566,Metro Boston,1960 Massachusetts Avenue,,MA,42.389849,-71.120721,1960.0,Massachusetts Ave,,,Cambridge,MA,Middlesex County,2140.0,Healing Greene Massachusetts LLC,MA,MACCC,Massachusetts Cannabis Control Commission,,,,,
07/01/2024,APPROVED,Marijuana Retailer,General Applicant,General Applicant,General Applicant,COMMENCE OPS,12/16/2022,COMPLETE,MR282446,Capeway Cannabis LLC,Carver,2330.0,,,307 Tremont St,,Carver,MA,2330,POINT (-70.818958 41.978877),POINT (-70.753123 41.829366),po box 677,,Monument Beach,MA,2553,87-1541402,MRN282446,2/15/2022 05:22:53 PM,9/23/2021 10:27:33 AM,,False,no,,,,,,,,,Not a DBE,,,11/10/2022 03:00:00 AM,2/26/2019 12:50:45 PM,1/14/2022 11:06:46 AM,3/10/2022 01:56:07 PM,3/7/2024 03:00:00 AM,3/25/2025 04:00:00 AM,,10000.0,2330.0,Carver,Plymouth,41.978877,-70.818958,Southeast and Cape,307 Tremont Street,,MA,41.829366,-70.753123,307.0,Tremont St,,,Carver,MA,Plymouth County,2330.0,Capeway Cannabis LLC,MA,MACCC,Massachusetts Cannabis Control Commission,,,,,
07/01/2024,APPROVED,Marijuana Retailer,General Applicant,General Applicant,General Applicant,COMMENCE OPS,11/5/2021,COMPLETE,MR281811,Mellow Felllows LLC,Haverhill,1830.0,,,330 Amesbury Road,,Haverhill,MA,1832,POINT (-70.970827 42.635475),POINT (-71.053364 42.8021379),P.O.. Box 1115,,Amesbury,MA,1831,83-3104809,MRN281811,4/20/2020 10:28:50 AM,4/8/2020 12:00:00 AM,,False,,,,,,,,,,Not a DBE,,,10/14/2021 04:00:00 AM,8/17/2018 08:23:19 AM,7/17/2020 07:33:19 AM,10/8/2020 02:32:17 PM,4/11/2024 04:00:00 AM,4/16/2025 04:00:00 AM,,10000.0,1830.0,Haverhill,Essex,42.635475,-70.970827,Northeast,330 Amesbury Road,,MA,42.802138,-71.053364,330.0,Amesbury Rd,,,Haverhill,MA,Essex County,1830.0,Mellow Felllows LLC,MA,MACCC,Massachusetts Cannabis Control Commission,,,,,
07/01/2024,APPROVED,Marijuana Retailer,Expedited Review - Social Equity Participant,Expedited,Social Equity Participant,COMMENCE OPS,9/27/2022,COMPLETE,MR281301,"JimBuddys Rec Shop, Inc.",Chicopee,1020.0,,,1269 Memorial Drive,,Chicopee,MA,1020,POINT (-72.571312 42.12756),POINT (-72.575481 42.19238),1269 Memorial Drive,,Chicopee,MA,1020,83-0904086,MRN281301,6/9/2021 12:07:58 PM,10/16/2019 12:00:00 AM,,False,yes,SE303995,SE303995,,,,,,,Not a DBE,,,8/11/2022 04:00:00 AM,4/22/2018 07:28:21 PM,6/23/2021 09:41:36 AM,7/15/2021 04:36:02 PM,7/13/2023 04:00:00 AM,7/28/2024 04:00:00 AM,,5000.0,1020.0,Chicopee,Hampden,42.12756,-72.571312,Western MA,1269 Memorial Drive,,MA,42.19238,-72.575482,1269.0,Memorial Dr,,,Chicopee,MA,Hampden County,1020.0,"JimBuddys Rec Shop, Inc.",MA,MACCC,Massachusetts Cannabis Control Commission,,,,,
07/01/2024,APPROVED,Marijuana Retailer,General Applicant,General Applicant,General Applicant,PROVISIONAL LICENSE,,COMPLETE,MR284839,GVLP Corporation,Chelsea,2150.0,,,320 Revere Beach Parkway,,Chelsea,MA,2150,POINT (-71.073493 42.334948),POINT (-71.029608 42.4047709),311 Dale Street,,North Andover,MA,1845,87-3577419,MRN284839,3/3/2023 07:35:08 AM,1/30/2023 04:30:44 PM,6/19/2023 11:41:05 AM,False,no,,,,,,,,,Not a DBE,,,,12/16/2022 01:22:24 PM,3/3/2023 10:47:30 AM,5/11/2023 02:18:01 PM,6/19/2023 04:00:00 AM,6/19/2024 04:00:00 AM,,10000.0,2150.0,Chelsea,Suffolk,42.334948,-71.073493,Metro Boston,320 Revere Beach Parkway,,MA,42.404771,-71.029609,320.0,Revere Beach Pkwy,,,Chelsea,MA,Suffolk County,2150.0,GVLP Corporation,MA,MACCC,Massachusetts Cannabis Control Commission,,,,,
07/01/2024,APPROVED,Marijuana Retailer,General Applicant,General Applicant,General Applicant,PROVISIONAL LICENSE,,COMPLETE,MR281929,"Deerfield Naturals, Inc.",Deerfield,1373.0,,,10 Greenfield Road,,South Deerfield,MA,1373,POINT (-72.573941 42.587072),POINT (-72.612706 42.4724039),10 Greenfield Road,,South Deerfield,MA,1373,83-1965882,MRN281929,3/5/2020 03:19:17 PM,1/29/2020 12:00:00 AM,,False,,,,,,,,,,Not a DBE,,,,9/27/2018 10:21:34 AM,3/27/2020 12:00:00 AM,7/9/2020 02:46:25 PM,9/14/2023 04:00:00 AM,10/15/2024 04:00:00 AM,,10000.0,1373.0,South Deerfield,Franklin,42.587072,-72.573941,,10 Greenfield Road,,MA,42.472404,-72.612706,10.0,Greenfield Rd,,,South Deerfield,MA,Franklin County,1373.0,"Deerfield Naturals, Inc.",MA,MACCC,Massachusetts Cannabis Control Commission,,,,,
07/01/2024,APPROVED,Marijuana Retailer,Priority Review - MTC Priority,Priority,MTC Priority,COMMENCE OPS,3/9/2020,COMPLETE,MR282183,Curaleaf Massachusetts Inc,Ware,1082.0,,,124 West Street,Unit D,Ware,MA,1082,POINT (-72.62073 42.322256),POINT (-72.249594 42.2558640),2001 Washington Street,Unit B,Hanover,MA,2339,46-3428628,MRN282183,4/8/2019 01:35:58 PM,1/25/2019 12:00:00 AM,9/17/2019 11:34:57 PM,True,,,,,,,APPROVED,RP201882,RPA201882,Not a DBE,,,2/6/2020 03:00:00 AM,12/13/2018 11:20:22 PM,6/7/2019 12:00:00 AM,9/13/2019 11:32:25 AM,9/14/2023 04:00:00 AM,1/16/2025 03:00:00 AM,,5000.0,1082.0,Ware,Hampshire,42.322256,-72.62073,Western MA,124 West Street,Unit D,MA,42.255864,-72.249594,124.0,West St,,,Ware,MA,Hampshire County,1082.0,Curaleaf Massachusetts Inc,MA,MACCC,Massachusetts Cannabis Control Commission,,,,,
07/01/2024,APPROVED,Marijuana Retailer,General Applicant,General Applicant,General Applicant,COMMENCE OPS,7/5/2023,COMPLETE,MR284668,Himalayan High,Becket,1223.0,,,2727 Jacobs Ladder Road,,Becket,MA,1223,POINT (-73.209889 42.396128),POINT (-73.134800 42.2638150),215A Chaplin Rd.,,Eastford,CT,6242,88-2973141,MRN284668,1/6/2023 11:17:12 AM,6/23/2022 08:34:32 AM,,False,no,,,,,,,,,Not a DBE,,,6/8/2023 04:00:00 AM,5/27/2022 10:18:05 AM,1/6/2023 12:20:58 PM,3/9/2023 12:41:44 PM,3/7/2024 03:00:00 AM,3/13/2025 04:00:00 AM,,10000.0,1223.0,Becket,Berkshire,42.396128,-73.209889,Western MA,2727 Jacobs Ladder Rd,,MA,42.263815,-73.134801,2727.0,Jacobs Ladder Rd,,,Becket,MA,Berkshire County,1223.0,Himalayan High,MA,MACCC,Massachusetts Cannabis Control Commission,,,,,
07/01/2024,APPROVED,Marijuana Retailer,Expedited Review - Social Equity Participant,Expedited,Social Equity Participant,PROVISIONAL CONSIDERATION,,PAYMENT_PENDING,MR284973,Herbal Power LLC,Boston,2116.0,,,329 Columbus Avenue,Unit 1,Boston,MA,2116,POINT (-71.073493 42.334948),POINT (-71.075098 42.3463300),78 Zeigler Street,,Roxbury,MA,2119,87-3104706,MRN284973,9/1/2023 02:18:50 PM,7/7/2023 02:18:56 PM,,False,yes,SE304406,,,,,,,,Not a DBE,,,,6/17/2023 12:40:28 PM,9/8/2023 03:37:55 PM,10/12/2023 12:51:49 PM,,,,0.0,2116.0,Boston,Suffolk,42.334948,-71.073493,Metro Boston,329 Columbus Avenue,Unit 1,MA,42.34633,-71.075099,329.0,Columbus Ave,,,Boston,MA,Suffolk County,2116.0,Herbal Power LLC,MA,MACCC,Massachusetts Cannabis Control Commission,,,,,
07/01/2024,APPROVED,Marijuana Retailer,General Applicant,General Applicant,General Applicant,PROVISIONAL LICENSE,,COMPLETE,MR283634,Cannabis Healing LLC,Boston,2128.0,,,2A-4 Neptune Road,,Boston,MA,2128,POINT (-71.073493 42.334948),POINT (-71.025441 42.3802790),111 Cumberland Road,,Leominster,MA,1453,85-2998047,MRN283634,5/19/2023 08:19:55 AM,2/27/2023 12:09:43 PM,8/19/2023 10:42:33 AM,False,no,,,,,,,,,Not a DBE,,,,6/30/2020 02:21:02 PM,6/9/2023 12:43:42 PM,8/10/2023 11:25:15 AM,8/19/2023 04:00:00 AM,8/19/2024 04:00:00 AM,,10000.0,2128.0,Boston,Suffolk,42.334948,-71.073493,Metro Boston,2A-4 Neptune Road,,MA,42.380279,-71.025441,,Neptune Rd,,,East Boston,MA,Suffolk County,2128.0,Cannabis Healing LLC,MA,MACCC,Massachusetts Cannabis Control Commission,,,,,
07/01/2024,APPROVED,Marijuana Retailer,General Applicant,General Applicant,General Applicant,COMMENCE OPS,3/11/2022,COMPLETE,MR282668,"Harmony of MA, Inc.",West Boylston,1583.0,,,40 Nouvelle Way,Unit N947,Natick,MA,1760,POINT (-71.840209 42.329642),POINT (-71.772166 42.3398189),40 Nouvelle Way,Unit N947,Natick,MA,1760,83-2551679,MRN282668,11/18/2019 11:17:47 AM,11/5/2019 12:00:00 AM,8/20/2020 06:22:51 PM,False,,,,,,,,,,Not a DBE,,,4/16/2021 04:00:00 AM,5/1/2019 10:05:03 AM,12/30/2019 12:00:00 AM,3/5/2020 12:19:42 PM,10/13/2022 04:00:00 AM,2/11/2024 03:00:00 AM,,10000.0,1583.0,West Boylston,Worcester,42.329642,-71.840209,Central MA,111 & 113 Shrewsbury Street,,MA,42.339819,-71.772167,111.0,Shrewsbury St,,113.0,West Boylston,MA,Worcester County,1583.0,"Harmony of MA, Inc.",MA,MACCC,Massachusetts Cannabis Control Commission,,,,,
07/01/2024,APPROVED,Marijuana Retailer,General Applicant,General Applicant,General Applicant,PROVISIONAL CONSIDERATION,,PAYMENT_PENDING,MR284935,The Copley Connection Inc.,Boston,2116.0,,,551 Boylston St,,Boston,MA,2116,POINT (-71.073493 42.334948),POINT (-71.076006 42.3507450),10 Tremont St. 2nd Floor,,Boston,MA,2108,92-0650530,MRN284935,12/19/2023 05:40:41 PM,10/20/2023 12:18:26 PM,,False,no,,,,,,,,,Not a DBE,,,,5/2/2023 11:21:30 AM,12/22/2023 02:34:03 PM,2/8/2024 03:02:46 PM,,,,0.0,2116.0,Boston,Suffolk,42.334948,-71.073493,Metro Boston,551 Boylston St.,,MA,42.350745,-71.076006,551.0,Boylston St,,,Boston,MA,Suffolk County,2116.0,The Copley Connection Inc.,MA,MACCC,Massachusetts Cannabis Control Commission,,,,,
07/01/2024,APPROVED,Marijuana Retailer,Priority Review - MTC Priority,Priority,MTC Priority,COMMENCE OPS,6/12/2020,COMPLETE,MR281571,"Ipswich Pharmaceutical Associates, Inc.",Rowley,1969.0,,,116 Newburyport Turnpike,,Rowley,MA,1969,POINT (-70.970827 42.635475),POINT (-70.911295 42.7008709),53 Town Farm Road,,Ipswich,MA,1938,90-1007354,MRN281571,5/24/2019 03:40:47 PM,10/16/2018 12:00:00 AM,8/20/2019 12:24:52 PM,True,,,,,,,APPROVED,RP201928,RPA201928,Disability-Owned Business | Veteran-Owned Business,,,2/6/2020 03:00:00 AM,6/8/2018 03:47:52 PM,6/7/2019 12:00:00 AM,8/9/2019 11:40:42 AM,9/14/2023 04:00:00 AM,10/21/2024 04:00:00 AM,,5000.0,1969.0,Rowley,Essex,42.635475,-70.970827,Northeast,116 Newburyport Turnpike,,MA,42.700871,-70.911296,116.0,Newburyport Turnpike,,,Rowley,MA,Essex County,1969.0,"Ipswich Pharmaceutical Associates, Inc.",MA,MACCC,Massachusetts Cannabis Control Commission,,,,,
07/01/2024,APPROVED,Marijuana Retailer,General Applicant,General Applicant,General Applicant,COMMENCE OPS,8/2/2021,COMPLETE,MR282640,"Salty Farmers, LLC",Eastham,2651.0,,,182 Brackett Road,,Eastham,MA,2651,POINT (-70.301811 41.698999),POINT (-69.983794 41.8548759),PO BOX 726,,North Truro,MA,2652,82-1492906,MRN282640,5/18/2020 08:14:20 PM,1/21/2020 12:00:00 AM,7/14/2020 01:15:47 PM,False,,,,,,,,,,Not a DBE,,,7/15/2021 04:00:00 AM,4/24/2019 05:56:33 PM,5/21/2020 02:02:29 PM,7/9/2020 03:42:46 PM,6/8/2023 04:00:00 AM,7/14/2024 04:00:00 AM,,10000.0,2651.0,North Eastham,Barnstable,41.698999,-70.301811,,182 Brackett Road,,MA,41.854876,-69.983794,182.0,Brackett Rd,,,Eastham,MA,Barnstable County,2642.0,"Salty Farmers, LLC",MA,MACCC,Massachusetts Cannabis Control Commission,,,,,
07/01/2024,APPROVED,Marijuana Retailer,General Applicant,General Applicant,General Applicant,COMMENCE OPS,6/7/2022,COMPLETE,MR283179,"Western Front, LLC",Cambridge,2139.0,,,699 Boylston Street,12th Floor,Boston,MA,2116,POINT (-71.275566 42.459085),POINT (-71.102350 42.3649419),699 Boylston Street,12th Floor,Boston,MA,2116,82-5141599,MRN283179,5/20/2020 11:40:33 AM,5/18/2020 09:56:02 AM,10/29/2020 11:09:52 AM,True,,,,APPROVED,EE202211,EE202211,,,,Not a DBE,,,5/12/2022 04:00:00 AM,12/9/2019 08:17:28 PM,6/11/2020 01:02:01 PM,8/6/2020 02:51:33 PM,10/12/2023 04:00:00 AM,10/29/2024 04:00:00 AM,,10000.0,2139.0,Cambridge,Middlesex,42.459085,-71.275566,Metro Boston,567-569 Massachusetts Ave.,,MA,42.364942,-71.102351,569.0,Massachusetts Ave,,,Cambridge,MA,Middlesex County,2139.0,"Western Front, LLC",MA,MACCC,Massachusetts Cannabis Control Commission,,,,,
07/01/2024,APPROVED,Marijuana Retailer,General Applicant,General Applicant,General Applicant,COMMENCE OPS,3/28/2024,COMPLETE,MR282587,Tree Market Lynn LLC,Lynn,1904.0,,,One International Place,Suite 3700,Boston,MA,2110,POINT (-70.970827 42.635475),POINT (-70.956937 42.47683),10 Fiddler Crab Lane,,Mashpee,MA,2649,85-2252539,MRN282587,9/11/2020 12:31:20 PM,11/5/2019 12:00:00 AM,11/20/2020 04:31:56 PM,False,,,,,,,,,,Not a DBE,,,2/8/2024 03:00:00 AM,4/8/2019 02:19:59 PM,9/17/2020 10:33:29 AM,11/19/2020 04:26:37 PM,11/9/2023 03:00:00 AM,11/20/2024 03:00:00 AM,,10000.0,1904.0,Lynn,Essex,42.635475,-70.970827,Northeast,100 Ford Street,,MA,42.47683,-70.956938,100.0,Ford St,,,Lynn,MA,Essex County,1904.0,Tree Market Lynn LLC,MA,MACCC,Massachusetts Cannabis Control Commission,,,,,
07/01/2024,APPROVED,Marijuana Retailer,General Applicant,General Applicant,General Applicant,COMMENCE OPS,8/29/2019,COMPLETE,MR281817,SOLAR THERAPEUTICS,Somerset,2725.0,,,1400 Brayton Point Rd,,SOMERSET,MA,2725,POINT (-71.102131 41.778329),POINT (-71.172910 41.7290490),1400 Brayton Point Rd,,SOMERSET,MA,2725,82-3644660,MRN281817,4/17/2019 01:19:11 PM,11/19/2018 12:00:00 AM,6/3/2019 10:28:12 AM,False,,,,,,,,,,Not a DBE,,,8/8/2019 04:00:00 AM,8/20/2018 11:00:39 AM,4/17/2019 12:00:00 AM,5/30/2019 02:03:35 PM,5/11/2023 04:00:00 AM,10/1/2024 04:00:00 AM,,5000.0,2725.0,Somerset,Bristol,41.778329,-71.102131,Southeast and Cape,1400 Brayton Point Road,,MA,41.729049,-71.17291,1400.0,Brayton Point Rd,,,Somerset,MA,Bristol County,2725.0,SOLAR THERAPEUTICS,MA,MACCC,Massachusetts Cannabis Control Commission,,,,,
07/01/2024,APPROVED,Marijuana Retailer,General Applicant,General Applicant,General Applicant,PROVISIONAL LICENSE,,COMPLETE,MR282952,Fresh Fields LLC,Beverly,1915.0,,,"1700 Shawsheen St, 2nd Floor",,Tewksbury,MA,1876,POINT (-70.970827 42.635475),POINT (-70.882867 42.5523969),"1700 Shawsheen St, 2nd Floor",,Tewksbury,MA,1876,83-3311969,MRN282952,7/16/2020 08:50:03 AM,3/3/2020 12:00:00 AM,12/29/2020 05:03:46 PM,False,no,,,,,,,,,Not a DBE,,,,8/23/2019 11:22:01 AM,7/24/2020 07:37:39 AM,10/8/2020 01:07:06 PM,12/14/2023 03:00:00 AM,12/29/2024 03:00:00 AM,,10000.0,1915.0,Beverly,Essex,42.635475,-70.970827,Northeast,350-354 Rantoul Street,,MA,42.552397,-70.882867,354.0,Rantoul St,,,Beverly,MA,Essex County,1915.0,Fresh Fields LLC,MA,MACCC,Massachusetts Cannabis Control Commission,,,,,
07/01/2024,APPROVED,Marijuana Retailer,Expedited Review - DBE Status,Expedited,DBE Status,COMMENCE OPS,4/19/2024,COMPLETE,MR282740,"Ganesh Wellness, Inc.",Salisbury,1952.0,,,47 High Street,Suite 432,Medford,MA,2155,POINT (-70.970827 42.635475),POINT (-70.873185 42.8655630),62 Church Hill Rd,,Newtown,CT,6470,82-4520628,MRN282740,5/26/2020 04:47:35 PM,12/11/2019 12:00:00 AM,,False,,,,,,,,,,Minority-Owned Business | Woman-Owned Business,,,4/11/2024 04:00:00 AM,5/27/2019 03:00:22 PM,6/11/2020 02:11:31 PM,8/6/2020 01:55:29 PM,6/8/2023 04:00:00 AM,8/18/2024 04:00:00 AM,,10000.0,1952.0,Salisbury,Essex,42.635475,-70.970827,Northeast,191 Lafayette Road,,MA,42.865563,-70.873185,191.0,Lafayette Rd,,,Salisbury,MA,Essex County,1952.0,"Ganesh Wellness, Inc.",MA,MACCC,Massachusetts Cannabis Control Commission,,,,,
07/01/2024,APPROVED,Marijuana Retailer,General Applicant,General Applicant,General Applicant,COMMENCE OPS,11/27/2020,COMPLETE,MR281800,Native Sun Wellness INC,Hudson,1749.0,,,67 Kemble St,,Boston,MA,2119,POINT (-71.275566 42.459085),POINT (-71.591345 42.3965049),67 Kemble St,,Boston,MA,2119,82-2598834,MRN281800,11/14/2018 03:30:31 PM,11/7/2018 12:00:00 AM,5/15/2019 10:58:18 AM,False,,,,,,,,,,Not a DBE,,,11/19/2020 03:00:00 AM,8/14/2018 10:41:40 AM,11/28/2018 12:00:00 AM,4/4/2019 04:37:20 PM,3/7/2024 03:00:00 AM,5/16/2025 04:00:00 AM,,5000.0,1749.0,Hudson,Middlesex,42.459085,-71.275566,Central MA,37 Coolidge St.,,MA,42.396505,-71.591345,37.0,Coolidge St,,,Hudson,MA,Middlesex County,1749.0,Native Sun Wellness INC,MA,MACCC,Massachusetts Cannabis Control Commission,,,,,
07/01/2024,APPROVED,Marijuana Retailer,General Applicant,General Applicant,General Applicant,COMMENCE OPS,4/12/2021,COMPLETE,MR282685,CCC Wellfleet NV LLC,Wellfleet,2667.0,,,1446 State Highway Route 6,,Wellfleet,MA,2667,POINT (-70.301811 41.698999),POINT (-69.990324 41.9166230),1446 State Highway Route 6,PO Box 1136,South Wellfleet,MA,2663,83-3535825,MRN282685,5/11/2020 02:52:16 PM,2/4/2020 12:00:00 AM,8/13/2020 10:18:02 AM,False,,,,,,,,,,Not a DBE,,,3/11/2021 03:00:00 AM,5/6/2019 12:21:05 PM,5/21/2020 02:57:56 PM,8/6/2020 01:51:02 PM,7/13/2023 04:00:00 AM,8/13/2024 04:00:00 AM,,10000.0,2667.0,Wellfleet,Barnstable,41.698999,-70.301811,Southeast and Cape,1446 State Highway Route 6,,MA,41.916623,-69.990324,1446.0,US-6,,,Wellfleet,MA,Barnstable County,2667.0,CCC Wellfleet NV LLC,MA,MACCC,Massachusetts Cannabis Control Commission,,,,,
07/01/2024,APPROVED,Marijuana Retailer,General Applicant,General Applicant,General Applicant,COMMENCE OPS,2/27/2020,COMPLETE,MR281402,Slang LLC,Pittsfield,1201.0,,,2 Larch St,,Pittsfield,MA,1201,POINT (-73.209889 42.396128),POINT (-73.209958 42.4586880),392 Merrill Rd.,,Pittsfield,MA,1201,83-0662212,MRN281402,1/18/2019 12:09:01 PM,12/17/2018 12:00:00 AM,3/12/2019 01:24:52 PM,False,,,,,,,,,,Not a DBE,,,11/7/2019 03:00:00 AM,5/8/2018 10:54:16 AM,2/7/2019 12:00:00 AM,3/7/2019 04:10:01 PM,2/8/2024 03:00:00 AM,3/12/2025 04:00:00 AM,,5000.0,1201.0,Pittsfield,Berkshire,42.396128,-73.209889,Western MA,2 Larch St,,MA,42.458688,-73.209959,2.0,Larch St,,,Pittsfield,MA,Berkshire County,1201.0,Slang LLC,MA,MACCC,Massachusetts Cannabis Control Commission,,,,,
07/01/2024,APPROVED,Marijuana Retailer,Expedited Review - DBE Status,Expedited,DBE Status,PROVISIONAL CONSIDERATION,,PAYMENT_PENDING,MR284138,First City Provisions Inc.,Holyoke,1040.0,,,89 South Street,,Holyoke,MA,1040,POINT (-72.571312 42.12756),POINT (-72.614996 42.1944159),64 Thompson Street,,Springfield,MA,1109,86-2366706,MRN284138,5/11/2022 01:26:04 PM,3/28/2022 12:14:50 PM,,False,no,,,,,,,,,Minority-Owned Business,,,,3/5/2021 01:27:21 PM,5/20/2022 10:19:20 AM,8/11/2022 11:48:57 AM,,,,0.0,1040.0,Holyoke,Hampden,42.12756,-72.571312,Western MA,89 South St.,,MA,42.194416,-72.614996,89.0,South St,,,Holyoke,MA,Hampden County,1040.0,First City Provisions Inc.,MA,MACCC,Massachusetts Cannabis Control Commission,,,,,
07/01/2024,APPROVED,Marijuana Retailer,Priority Review - MTC Priority,Priority,MTC Priority,COMMENCE OPS,6/16/2023,COMPLETE,MR282481,"The Haven Center, Inc.",Brewster,2631.0,,,245 Route 6A,,Orleans,MA,2653,POINT (-70.301811 41.698999),POINT (-70.011501 41.775658),PO Box 2036,,Orleans,MA,2653,47-4353074,MRN282481,5/7/2019 11:52:06 AM,3/26/2019 12:00:00 AM,7/24/2019 12:25:15 PM,True,,,,,,,APPROVED,RP201922,RP201922,Not a DBE,,,5/11/2023 04:00:00 AM,3/11/2019 11:20:31 AM,3/26/2019 12:00:00 AM,6/27/2019 04:28:18 PM,11/9/2023 03:00:00 AM,11/13/2024 03:00:00 AM,,5000.0,2631.0,Brewster,Barnstable,41.698999,-70.301811,Southeast and Cape,4018 Main Street,,MA,41.775658,-70.011502,4018.0,Main St,,,Brewster,MA,Barnstable County,2631.0,"The Haven Center, Inc.",MA,MACCC,Massachusetts Cannabis Control Commission,,,,,
07/01/2024,APPROVED,Marijuana Retailer,General Applicant,General Applicant,General Applicant,COMMENCE OPS,11/4/2020,COMPLETE,MR282667,"Holistic Industries, Inc.",Springfield,1119.0,,,1300 Boston Road,,Springfield,MA,1119,POINT (-72.571312 42.12756),POINT (-72.500647 42.1413620),24 School Street,C/O William Cass,Boston,MA,2108,47-5374980,MRN282667,4/22/2020 02:31:04 PM,2/26/2020 12:00:00 AM,,True,,,,,,,APPROVED,RP201840,RP201840,Not a DBE,,,10/8/2020 04:00:00 AM,5/1/2019 09:51:10 AM,4/7/2020 12:00:00 AM,7/9/2020 02:59:52 PM,6/8/2023 04:00:00 AM,7/15/2024 04:00:00 AM,,10000.0,1119.0,Springfield,Hampden,42.12756,-72.571312,Western MA,1300 Boston Road,,MA,42.141362,-72.500648,1300.0,Boston Rd,,,Springfield,MA,Hampden County,1119.0,"Holistic Industries, Inc.",MA,MACCC,Massachusetts Cannabis Control Commission,,,,,
07/01/2024,APPROVED,Marijuana Retailer,Priority Review - MTC Priority,Priority,MTC Priority,COMMENCE OPS,8/9/2022,COMPLETE,MR284429,"Apothca, Inc.",Boston,2130.0,,,99 Development Rd,,Fitchburg,MA,1420,POINT (-71.073493 42.334948),POINT (-71.114123 42.298724),99 Development Rd,,Fitchburg,MA,1420,81-4591516,MRN284429,3/21/2022 11:44:27 AM,1/18/2022 02:27:42 PM,4/7/2022 01:37:27 PM,True,no,,,,,,APPROVED,RP201880,RP201880,Not a DBE,,,7/14/2022 04:00:00 AM,9/27/2021 12:02:49 PM,2/7/2022 02:58:42 PM,4/7/2022 12:43:44 PM,2/8/2024 03:00:00 AM,4/7/2025 04:00:00 AM,,10000.0,2130.0,Jamaica Plain,Suffolk,42.334948,-71.073493,,54a Hyde Park Ave,,MA,42.298724,-71.114123,54.0,Hyde Park Ave,,,Jamaica Plain,MA,Suffolk County,2130.0,"Apothca, Inc.",MA,MACCC,Massachusetts Cannabis Control Commission,,,,,
07/01/2024,APPROVED,Marijuana Retailer,General Applicant,General Applicant,General Applicant,PROVISIONAL LICENSE,,COMPLETE,MR281745,"Green Railroad Group, Inc.",Great Barrington,1230.0,,,68 Main Street,2,Lenox,MA,1240,POINT (-73.209889 42.396128),POINT (-73.363052 42.1957159),68 Main Street,2,Lenox,MA,1240,83-2175129,MRN281745,9/20/2019 04:16:35 PM,5/20/2019 12:00:00 AM,2/4/2020 04:14:53 PM,False,,,,,,,,,,Not a DBE,,,,7/25/2018 06:03:01 PM,11/1/2019 12:00:00 AM,1/16/2020 03:35:26 PM,6/8/2023 04:00:00 AM,6/8/2024 04:00:00 AM,,10000.0,1230.0,Great Barrington,Berkshire,42.396128,-73.209889,Western MA,82 Railroad Street,,MA,42.195716,-73.363053,82.0,Railroad St,,,Great Barrington,MA,Berkshire County,1230.0,"Green Railroad Group, Inc.",MA,MACCC,Massachusetts Cannabis Control Commission,,,,,
07/01/2024,APPROVED,Marijuana Retailer,Priority Review - Economic Empowerment Priority,Priority,Economic Empowerment Priority,PROVISIONAL LICENSE,,COMPLETE,MR284855,"GreenSoul Organics, Inc.",Cambridge,2139.0,,,251 Little Falls Drive,,Wilmington,DE,2130,POINT (-71.275566 42.459085),POINT (-71.105350 42.3665700),24 Sigourney Street,Unit 2,Jamaica Plain,MA,2130,87-3993992,MRN284855,3/2/2023 05:37:01 PM,1/31/2023 10:58:15 AM,,True,yes,EE202243,,,,EEA202243,,,,Not a DBE,,,,1/17/2023 10:56:54 AM,3/3/2023 09:17:15 AM,6/8/2023 11:26:08 AM,5/16/2024 04:00:00 AM,5/16/2025 04:00:00 AM,,5000.0,2139.0,Cambridge,Middlesex,42.459085,-71.275566,Metro Boston,759 Massachusetts Avenue,,MA,42.36657,-71.105351,759.0,Massachusetts Ave,,,Cambridge,MA,Middlesex County,2139.0,"GreenSoul Organics, Inc.",MA,MACCC,Massachusetts Cannabis Control Commission,,,,,
07/01/2024,APPROVED,Marijuana Retailer,Priority Review - MTC Priority,Priority,MTC Priority,COMMENCE OPS,6/29/2020,COMPLETE,MR282033,"Temescal Wellness of Massachusetts, LLC",Framingham,1701.0,,,665 Cochituate Road,Suite 1B,Worcester,MA,1701,POINT (-71.275566 42.459085),POINT (-71.385261 42.3071770),665 Cochituate Rd,Second Floor,Framingham,MA,1701,83-2756477,MRN282033,11/18/2019 11:15:50 AM,6/12/2019 12:00:00 AM,1/9/2020 08:22:03 PM,True,,,,,,,APPROVED,RP201850,RPA201850,Not a DBE,,,4/9/2020 04:00:00 AM,11/8/2018 09:33:34 AM,10/7/2019 12:00:00 AM,1/9/2020 11:30:15 AM,2/8/2024 03:00:00 AM,2/12/2025 03:00:00 AM,,10000.0,1701.0,Framingham,Middlesex,42.459085,-71.275566,Central MA,665 Cochituate Road,Suite 1B,MA,42.307177,-71.385262,665.0,Cochituate Rd,,,Framingham,MA,Middlesex County,1701.0,"Temescal Wellness of Massachusetts, LLC",MA,MACCC,Massachusetts Cannabis Control Commission,,,,,
07/01/2024,APPROVED,Marijuana Retailer,General Applicant,General Applicant,General Applicant,COMMENCE OPS,7/1/2021,COMPLETE,MR281804,Liberty Market,Lanesborough,1237.0,,,126 South Main Street,Suite 1 & 2,Lanesborough,MA,1237,POINT (-73.209889 42.396128),POINT (-73.228127 42.5188279),10 West Street,,Allenstown,NH,3275,83-1419000,MRN281804,8/1/2019 01:44:45 PM,3/22/2019 12:00:00 AM,10/26/2019 11:02:35 AM,False,,,,,,,,,,Not a DBE,,,4/16/2021 04:00:00 AM,8/15/2018 08:00:02 AM,8/1/2019 12:00:00 AM,10/10/2019 01:06:47 PM,9/14/2023 04:00:00 AM,10/29/2024 04:00:00 AM,,5000.0,1237.0,Lanesboro,Berkshire,42.396128,-73.209889,,35 N. Main Street,,MA,42.518828,-73.228128,35.0,N Main St,,,Hancock,MA,Berkshire County,1237.0,Liberty Market,MA,MACCC,Massachusetts Cannabis Control Commission,,,,,
07/01/2024,APPROVED,Marijuana Retailer,Expedited Review - DBE Status,Expedited,DBE Status,COMMENCE OPS,3/15/2024,COMPLETE,MR284256,"Community Growth Partners Boston, LLC",Boston,2118.0,,,591 Albany Street,,Boston,MA,2118,POINT (-71.073493 42.334948),POINT (-71.068331 42.3374889),783 S. Main Street,,Great Barrington,MA,1230,93-2342240,MRN284256,8/25/2023 04:51:55 PM,8/8/2023 09:57:15 AM,10/19/2023 08:19:05 AM,False,no,,,INCOMPLETE,EE202038,,,,,Woman-Owned Business,,,1/11/2024 03:00:00 AM,5/21/2021 11:07:38 AM,9/19/2023 07:08:48 PM,10/12/2023 12:48:56 PM,10/19/2023 04:00:00 AM,10/19/2024 04:00:00 AM,,10000.0,2118.0,Boston,Suffolk,42.334948,-71.073493,Metro Boston,591 Albany St,,MA,42.337489,-71.068331,591.0,Albany St,,,Boston,MA,Suffolk County,2118.0,"Community Growth Partners Boston, LLC",MA,MACCC,Massachusetts Cannabis Control Commission,,,,,
07/01/2024,APPROVED,Marijuana Retailer,Priority Review - MTC Priority,Priority,MTC Priority,COMMENCE OPS,11/1/2019,COMPLETE,MR282205,"Commcan, Inc.",Millis,2054.0,,,1525 Main Street,,Millis,MA,2054,POINT (-71.15444 42.199156),POINT (-71.387539 42.158175),730 Main Street Suite 2A,,MILLIS,MA,2054,47-4619040,MRN282205,4/9/2019 05:57:43 PM,3/6/2019 12:00:00 AM,5/31/2019 04:02:04 PM,True,,,,,,,APPROVED,RP201907,RPA201907,Not a DBE,,,10/10/2019 04:00:00 AM,12/19/2018 10:03:50 AM,4/17/2019 12:00:00 AM,5/30/2019 01:54:12 PM,7/13/2023 04:00:00 AM,12/1/2024 03:00:00 AM,,5000.0,2054.0,Millis,Norfolk,42.199156,-71.15444,Central MA,1525 Main Street,,MA,42.158175,-71.387539,1525.0,Main St,,,Millis,MA,Norfolk County,2054.0,"Commcan, Inc.",MA,MACCC,Massachusetts Cannabis Control Commission,,,,,
07/01/2024,APPROVED,Marijuana Retailer,Expedited Review - DBE Status,Expedited,DBE Status,COMMENCE OPS,12/2/2022,COMPLETE,MR284261,"Rooted In, LLC",Boston,2115.0,,,331 Newbury St,,Boston,MA,2115,POINT (-71.073493 42.334948),POINT (-71.086431 42.3487590),22 Warren St,,Boston,MA,2119,83-3790969,MRN284261,11/12/2021 01:41:46 PM,10/25/2021 03:16:25 PM,3/1/2022 01:31:09 PM,False,yes,SE306235,SE305360,,,,,,,Not a DBE,,,11/10/2022 03:00:00 AM,5/26/2021 07:00:40 PM,12/3/2021 11:25:31 AM,2/14/2022 04:25:13 PM,3/7/2024 03:00:00 AM,3/11/2025 04:00:00 AM,,5000.0,2115.0,Boston,Suffolk,42.334948,-71.073493,Metro Boston,331 Newbury Street,,MA,42.348759,-71.086431,331.0,Newbury St,,,Boston,MA,Suffolk County,2115.0,"Rooted In, LLC",MA,MACCC,Massachusetts Cannabis Control Commission,,,,,
07/01/2024,APPROVED,Marijuana Retailer,General Applicant,General Applicant,General Applicant,COMMENCE OPS,4/19/2023,COMPLETE,MR282334,Greenhouse Naturals LLC,Beverly,1915.0,,,80A Lawrence Road,,Boxford,MA,1921,POINT (-70.970827 42.635475),POINT (-70.884193 42.5848149),80A Lawrence Road,,Boxford,MA,1921,83-2388643,MRN282334,5/1/2020 04:20:58 PM,3/5/2020 12:00:00 AM,,True,,,SE303548,,,,APPROVED,RP201908,,Not a DBE,,,3/9/2023 03:00:00 AM,1/25/2019 09:53:05 AM,6/26/2020 02:41:19 PM,9/10/2020 01:09:40 PM,9/14/2023 04:00:00 AM,11/11/2024 03:00:00 AM,,10000.0,1915.0,Beverly,Essex,42.635475,-70.970827,Northeast,11-23 Enon Street,,MA,42.584815,-70.884194,23.0,Enon St,,,Beverly,MA,Essex County,1915.0,Greenhouse Naturals LLC,MA,MACCC,Massachusetts Cannabis Control Commission,,,,,
07/01/2024,APPROVED,Marijuana Retailer,General Applicant,General Applicant,General Applicant,COMMENCE OPS,3/8/2021,COMPLETE,MR281779,Delta 420 LLC,Blackstone,1504.0,,,199 Main Street,,Blackstone,MA,1504,POINT (-71.840209 42.329642),POINT (-71.542434 42.0172969),199 Main Street,,Blackstone,MA,1504,83-4720355,MRN281779,7/20/2020 02:15:53 PM,1/23/2020 12:00:00 AM,9/14/2020 01:50:39 PM,False,,,,,,,,,,Minority-Owned Business,,,2/11/2021 03:00:00 AM,8/4/2018 05:14:47 PM,4/15/2020 12:00:00 AM,9/10/2020 12:57:57 PM,3/7/2024 03:00:00 AM,3/7/2025 03:00:00 AM,,10000.0,1504.0,Blackstone,Worcester,42.329642,-71.840209,Central MA,199 Main Street,,MA,42.017297,-71.542434,199.0,Main St,,,Blackstone,MA,Worcester County,1504.0,Delta 420 LLC,MA,MACCC,Massachusetts Cannabis Control Commission,,,,,
07/01/2024,APPROVED,Marijuana Retailer,General Applicant,General Applicant,General Applicant,COMMENCE OPS,5/29/2020,COMPLETE,MR281793,Green Biz LLC,Northampton,1060.0,,,34 Bridge St,,Northampton,MA,1060,POINT (-72.62073 42.322256),POINT (-72.628145 42.3216740),45 Bodwell St,,Avon,MA,2322,82-5025315,MRN281793,3/4/2019 04:21:57 PM,12/20/2018 12:00:00 AM,3/28/2019 03:15:58 PM,False,,,,,,,,,,Minority-Owned Business,,,2/6/2020 03:00:00 AM,8/11/2018 03:57:09 PM,2/7/2019 12:00:00 AM,3/7/2019 04:10:59 PM,3/7/2024 03:00:00 AM,3/29/2025 04:00:00 AM,,5000.0,1060.0,Northampton,Hampshire,42.322256,-72.62073,Western MA,34 Bridge St,,MA,42.321674,-72.628145,34.0,Bridge St,,,Northampton,MA,Hampshire County,1060.0,Green Biz LLC,MA,MACCC,Massachusetts Cannabis Control Commission,,,,,
07/01/2024,APPROVED,Marijuana Retailer,General Applicant,General Applicant,General Applicant,COMMENCE OPS,11/12/2021,COMPLETE,MR281867,HAMPSHIRE HEMP LLC,Northampton,1060.0,,,371 DAMON ROAD,,NORTHAMPTON,MA,1060,POINT (-72.62073 42.322256),POINT (-72.621504 42.3340340),28 APPLETON ST,,HOLYOKE,MA,1040,83-1339372,MRN281867,11/16/2019 07:13:23 PM,11/16/2018 12:00:00 AM,1/27/2020 12:34:15 PM,False,,,,,,,,,,Not a DBE,,,9/17/2021 04:00:00 AM,9/6/2018 08:59:58 AM,11/1/2019 12:00:00 AM,1/16/2020 03:36:07 PM,6/8/2023 04:00:00 AM,7/9/2024 04:00:00 AM,,10000.0,1060.0,Northampton,Hampshire,42.322256,-72.62073,Western MA,371-391 Damon Road,,MA,42.334034,-72.621505,391.0,Damon Rd,,,Northampton,MA,Hampshire County,1060.0,HAMPSHIRE HEMP LLC,MA,MACCC,Massachusetts Cannabis Control Commission,,,,,
07/01/2024,APPROVED,Marijuana Retailer,General Applicant,General Applicant,General Applicant,COMMENCE OPS,12/6/2021,COMPLETE,MR282815,"Pure Lowell, Inc.",Lowell,1852.0,,,673 – 681 Rogers Street,,Lowell,MA,1852,POINT (-71.275566 42.459085),POINT (-71.280730 42.6302700),673-681 Rogers St,,Lowell,MA,1852,84-4143646,MRN282815,6/25/2020 09:39:51 AM,6/29/2020 09:24:08 AM,9/14/2020 11:05:02 AM,False,no,,,,,,,,,Not a DBE,,,11/18/2021 03:00:00 AM,6/26/2019 05:53:32 PM,7/29/2020 12:28:54 PM,9/10/2020 01:30:46 PM,8/10/2023 04:00:00 AM,9/14/2024 04:00:00 AM,,10000.0,1852.0,Lowell,Middlesex,42.459085,-71.275566,Northeast,683 Rogers Street,,MA,42.63027,-71.28073,683.0,Rogers St,,,Lowell,MA,Middlesex County,1852.0,"Pure Lowell, Inc.",MA,MACCC,Massachusetts Cannabis Control Commission,,,,,
07/01/2024,APPROVED,Marijuana Retailer,General Applicant,General Applicant,General Applicant,COMMENCE OPS,5/13/2021,COMPLETE,MR283323,"Heal Sturbridge, Inc.",Sturbridge,1566.0,,,4 Irving Road,,Weston,MA,2493,POINT (-71.840209 42.329642),POINT (-72.124914 42.115682),1200 Walnut Street,,Newton Highlands,MA,2461,84-4707229,MRN283323,5/19/2020 08:26:17 PM,5/26/2020 10:42:27 AM,,False,,,,,,,,,,Not a DBE,,,4/16/2021 04:00:00 AM,3/3/2020 02:38:06 PM,7/24/2020 08:24:44 AM,9/10/2020 01:10:03 PM,9/14/2023 04:00:00 AM,9/18/2024 04:00:00 AM,,10000.0,1566.0,Sturbridge,Worcester,42.329642,-71.840209,Central MA,660 Main Street,,MA,42.115682,-72.124914,660.0,Main St,,,Fiskdale,MA,Worcester County,1518.0,"Heal Sturbridge, Inc.",MA,MACCC,Massachusetts Cannabis Control Commission,,,,,
07/01/2024,APPROVED,Marijuana Retailer,General Applicant,General Applicant,General Applicant,COMMENCE OPS,5/19/2023,COMPLETE,MR281458,"berkley botanicals, llc",Berkley,2779.0,,,44 county street,,berkley,MA,2779,POINT (-71.102131 41.778329),POINT (-71.019537 41.8426820),13 Bay Rd.,,Warren,RI,2885,83-3275518,MRN281458,2/25/2020 12:07:04 PM,10/29/2019 12:00:00 AM,,False,,,,,,,,,,Not a DBE,,,3/9/2023 03:00:00 AM,5/21/2018 06:40:32 AM,2/27/2020 12:00:00 AM,4/9/2020 03:03:36 PM,1/11/2024 03:00:00 AM,1/15/2025 03:00:00 AM,,10000.0,2779.0,Berkley,Bristol,41.778329,-71.102131,Southeast and Cape,44 county street,,MA,41.842682,-71.019537,44.0,County St,,,Berkley,MA,Bristol County,2779.0,"berkley botanicals, llc",MA,MACCC,Massachusetts Cannabis Control Commission,,,,,
07/01/2024,APPROVED,Marijuana Retailer,General Applicant,General Applicant,General Applicant,COMMENCE OPS,10/3/2023,COMPLETE,MR284733,"Holland Brands SB, LLC",Boston,2127.0,,,550 East First Street,,Boston,MA,2127,POINT (-71.073493 42.334948),POINT (-71.038149 42.3383589),55 Henshaw Street,,Brighton,MA,2135,00-1385468,MRN284733,12/29/2022 08:15:21 PM,12/14/2022 02:59:15 PM,,False,no,,,,,,,,,Not a DBE,,,9/14/2023 04:00:00 AM,8/2/2022 09:48:01 AM,1/6/2023 09:36:18 AM,3/9/2023 12:42:35 PM,2/8/2024 03:00:00 AM,3/27/2025 04:00:00 AM,,10000.0,2127.0,Boston,Suffolk,42.334948,-71.073493,Metro Boston,115 K Street,538-550 East First Street,MA,42.338359,-71.038149,115.0,K St,,,South Boston,MA,Suffolk County,2127.0,"Holland Brands SB, LLC",MA,MACCC,Massachusetts Cannabis Control Commission,,,,,
07/01/2024,APPROVED,Marijuana Retailer,General Applicant,General Applicant,General Applicant,COMMENCE OPS,11/17/2022,COMPLETE,MR284547,Elevated Roots II LLC,Halifax,2338.0,,,319 Monponsett Street,,Halifax,MA,2338,POINT (-70.818958 41.978877),POINT (-70.844089 41.9967770),319 Monponsett Street,,Halifax,MA,2338,87-3372445,MRN284547,3/4/2022 01:03:24 PM,1/7/2022 12:51:10 PM,7/28/2022 04:22:33 PM,False,no,,,,,,,,,Not a DBE,,,10/13/2022 04:00:00 AM,12/28/2021 12:36:32 PM,3/11/2022 09:19:03 AM,5/12/2022 02:12:50 PM,7/13/2023 04:00:00 AM,7/28/2024 04:00:00 AM,,10000.0,2338.0,Halifax,Plymouth,41.978877,-70.818958,Southeast and Cape,319 Monponsett Street,,MA,41.996777,-70.84409,319.0,Monponsett St,,,Halifax,MA,Plymouth County,2338.0,Elevated Roots II LLC,MA,MACCC,Massachusetts Cannabis Control Commission,,,,,
07/01/2024,APPROVED,Marijuana Retailer,General Applicant,General Applicant,General Applicant,COMMENCE OPS,5/15/2023,COMPLETE,MR281663,Witch City Gardens LLC,Salem,1970.0,,,36-38 Jefferson Ave,,Salem,MA,1970,POINT (-70.970827 42.635475),POINT (-70.887165 42.5365490),36-38 Jefferson Ave,,Salem,MA,1970,83-1048561,MRN281663,3/16/2020 02:35:38 PM,9/6/2019 12:00:00 AM,,False,,,,,,,,,,Not a DBE,,,4/14/2023 04:00:00 AM,6/27/2018 06:10:46 PM,3/19/2020 12:00:00 AM,6/4/2020 02:41:09 PM,8/10/2023 04:00:00 AM,10/13/2024 04:00:00 AM,,10000.0,1970.0,Salem,Essex,42.635475,-70.970827,Northeast,2 Bridge St.,,MA,42.536549,-70.887166,2.0,Bridge St,,,Salem,MA,Essex County,1970.0,Witch City Gardens LLC,MA,MACCC,Massachusetts Cannabis Control Commission,,,,,
07/01/2024,APPROVED,Marijuana Retailer,Expedited Review - Social Equity Participant,Expedited,Social Equity Participant,PROVISIONAL LICENSE,,COMPLETE,MR284875,Build A Life Legacy LLC,Boston,2126.0,,,536-538 River St,,MATTAPAN,MA,2126,POINT (-71.073493 42.334948),POINT (-71.094740 42.2670079),"28 Church St, Ste 14 #1260",,Winchester,MA,1890,85-4131840,MRN284875,8/2/2023 05:48:39 PM,3/21/2023 09:34:07 AM,,False,yes,SE305504,SE305504,,,,,,,Not a DBE,,,,2/13/2023 03:44:13 PM,8/4/2023 09:55:59 AM,10/12/2023 12:34:25 PM,2/6/2024 03:00:00 AM,2/6/2025 03:00:00 AM,,5000.0,2126.0,Mattapan,Suffolk,42.334948,-71.073493,,536-538 River St,,MA,42.267008,-71.094741,538.0,River St,,,Mattapan,MA,Suffolk County,2126.0,Build A Life Legacy LLC,MA,MACCC,Massachusetts Cannabis Control Commission,,,,,
07/01/2024,APPROVED,Marijuana Retailer,General Applicant,General Applicant,General Applicant,COMMENCE OPS,7/6/2020,COMPLETE,MR281525,Boston Bud Factory Inc.,Holyoke,1040.0,,,73 Sargeant St,,Holyoke,MA,1040,POINT (-72.571312 42.12756),POINT (-72.609660 42.198338),37 Commercial St,,Holyoke,MA,1040,83-0540049,MRN281525,4/1/2019 09:34:30 PM,9/14/2018 12:00:00 AM,6/27/2019 04:15:03 PM,False,,,SE304718,,,,,,,Not a DBE,,,4/9/2020 04:00:00 AM,6/1/2018 02:39:45 PM,4/10/2019 12:00:00 AM,5/30/2019 01:50:58 PM,2/8/2024 03:00:00 AM,2/8/2025 03:00:00 AM,,5000.0,1040.0,Holyoke,Hampden,42.12756,-72.571312,Western MA,73 Sargeant St,,MA,42.198338,-72.60966,73.0,Sargeant St,,,Holyoke,MA,Hampden County,1040.0,Boston Bud Factory Inc.,MA,MACCC,Massachusetts Cannabis Control Commission,,,,,
07/01/2024,APPROVED,Marijuana Retailer,General Applicant,General Applicant,General Applicant,PROVISIONAL LICENSE,,COMPLETE,MR281700,"Not Grampa's Tobacco, Inc.",Winchendon,1475.0,,,703 School St,,Winchendon,MA,1475,POINT (-71.840209 42.329642),POINT (-72.077642 42.7139609),703 School St,,Winchendon,MA,1475,82-5447356,MRN281700,5/3/2021 03:27:54 PM,11/14/2019 12:00:00 AM,,False,no,,,,,,,,,Not a DBE,,,,7/11/2018 02:13:47 PM,5/7/2021 11:33:45 AM,7/15/2021 04:38:44 PM,7/14/2022 04:00:00 AM,8/9/2023 04:00:00 AM,,10000.0,1475.0,Winchendon,Worcester,42.329642,-71.840209,Central MA,703 School St,,MA,42.713961,-72.077643,703.0,School St,,,Winchendon,MA,Worcester County,1475.0,"Not Grampa's Tobacco, Inc.",MA,MACCC,Massachusetts Cannabis Control Commission,,,,,
07/01/2024,APPROVED,Marijuana Retailer,Priority Review - Economic Empowerment Priority,Priority,Economic Empowerment Priority,PROVISIONAL LICENSE,,COMPLETE,MR283974,"Nuestra, LLC",Newton,2464.0,,,198 Tremont Street,Suite 228,Boston,MA,2116,POINT (-71.275566 42.459085),POINT (-71.187882 42.3534099),198 Tremont Street,,Boston,MA,2116,84-4886414,MRN283974,2/23/2021 05:57:50 PM,1/28/2021 04:23:14 PM,6/25/2021 12:32:53 PM,True,yes,EE202121,SE303833,APPROVED,EE202121,EE202121,,,,Not a DBE,,,,12/16/2020 02:38:21 PM,2/26/2021 03:38:57 PM,4/16/2021 01:56:17 PM,6/8/2023 04:00:00 AM,9/23/2024 04:00:00 AM,,5000.0,2464.0,Newton Upper Falls,Middlesex,42.459085,-71.275566,,518 Somerville Ave,,MA,42.35341,-71.187882,,,,,Newton,MA,Middlesex County,2458.0,"Nuestra, LLC",MA,MACCC,Massachusetts Cannabis Control Commission,,,,,
07/01/2024,APPROVED,Marijuana Retailer,General Applicant,General Applicant,General Applicant,COMMENCE OPS,5/4/2022,COMPLETE,MR283056,Vedi Naturals LLC,Marlborough,1752.0,,,505 Boston Post Road West,,Marlborough,MA,1752,POINT (-71.275566 42.459085),POINT (-71.603797 42.3360399),3 Craig Drive,,Clinton,MA,1510,83-3872261,MRN283056,7/9/2020 08:33:05 AM,4/6/2020 12:00:00 AM,,False,,,,,,,,,,Minority-Owned Business,,,4/7/2022 04:00:00 AM,10/15/2019 10:15:21 PM,7/10/2020 09:14:08 AM,8/6/2020 02:53:29 PM,3/7/2024 03:00:00 AM,3/10/2025 04:00:00 AM,,10000.0,1752.0,Marlborough,Middlesex,42.459085,-71.275566,Central MA,505 Boston Post Road West,Units F&G,MA,42.33604,-71.603797,505.0,Boston Post Rd W,,,Marlborough,MA,Middlesex County,1752.0,Vedi Naturals LLC,MA,MACCC,Massachusetts Cannabis Control Commission,,,,,
07/01/2024,APPROVED,Marijuana Retailer,General Applicant,General Applicant,General Applicant,PROVISIONAL LICENSE,,COMPLETE,MR284380,Raíces on the Hill LLC,Boston,2120.0,,,123 Terrace Street,,Boston,MA,2120,POINT (-71.073493 42.334948),POINT (-71.098500 42.3280389),123 Terrace Street,,Boston,MA,2120,83-4706346,MRN284380,5/17/2023 04:41:52 PM,3/11/2022 11:49:08 AM,,False,no,,,,,,,,,Not a DBE,,,,8/26/2021 08:15:52 AM,5/30/2023 08:14:46 AM,9/14/2023 03:39:20 PM,9/29/2023 04:00:00 AM,9/29/2024 04:00:00 AM,,10000.0,2120.0,Boston,Suffolk,42.334948,-71.073493,Metro Boston,123 Terrace Street,,MA,42.328039,-71.098501,123.0,Terrace St,,,Roxbury Crossing,MA,Suffolk County,2120.0,Raíces on the Hill LLC,MA,MACCC,Massachusetts Cannabis Control Commission,,,,,
07/01/2024,APPROVED,Marijuana Retailer,Priority Review - MTC Priority,Priority,MTC Priority,COMMENCE OPS,2/22/2022,COMPLETE,MR281863,Just Healthy LLC,Northampton,1060.0,,,58 Pleasant Street,,Northampton,MA,1060,POINT (-72.62073 42.322256),POINT (-72.628559 42.3190540),202 State Street,,Northampton,MA,1060,82-5031284,MRN281863,9/4/2019 02:27:00 PM,1/14/2019 12:00:00 AM,12/5/2019 11:34:24 AM,True,,,,,,,APPROVED,RP201898,RPA201898,Not a DBE,,,1/20/2022 03:00:00 AM,9/5/2018 10:59:57 AM,9/12/2019 12:00:00 AM,11/7/2019 01:43:36 PM,11/10/2022 03:00:00 AM,12/5/2023 03:00:00 AM,,10000.0,1060.0,Northampton,Hampshire,42.322256,-72.62073,Western MA,58 Pleasant Street,,MA,42.319054,-72.62856,58.0,Pleasant St,,,Northampton,MA,Hampshire County,1060.0,Just Healthy LLC,MA,MACCC,Massachusetts Cannabis Control Commission,,,,,
07/01/2024,APPROVED,Marijuana Retailer,General Applicant,General Applicant,General Applicant,PROVISIONAL LICENSE,,COMPLETE,MR283469,Innovative Flower LLC,Framingham,1701.0,,,655 Cochituate Road,,Framingham,MA,1701,POINT (-71.275566 42.459085),POINT (-71.385103 42.3080160),913 West Falmouth Highway,,Falmouth,MA,2540,83-1798390,MRN283469,11/9/2020 04:06:08 PM,10/5/2020 04:34:31 PM,2/15/2021 01:48:58 PM,False,no,,,,,,,,,Not a DBE,,,,4/20/2020 01:04:09 PM,11/12/2020 01:47:46 PM,2/11/2021 01:31:02 PM,1/12/2023 03:00:00 AM,2/15/2024 03:00:00 AM,,10000.0,1701.0,Framingham,Middlesex,42.459085,-71.275566,Central MA,655 Cochituate Road,,MA,42.308016,-71.385103,655.0,Cochituate Rd,,,Framingham,MA,Middlesex County,1701.0,Innovative Flower LLC,MA,MACCC,Massachusetts Cannabis Control Commission,,,,,
07/01/2024,APPROVED,Marijuana Retailer,General Applicant,General Applicant,General Applicant,COMMENCE OPS,8/29/2019,COMPLETE,MR281245,"253 Organic, LLC",Montague,1376.0,,,253 Millers Falls Road,,Turners Fall,MA,1376,POINT (-72.573941 42.587072),POINT (-72.527305 42.5902900),c/o The Wagner Law Group,99 Summer Street,Boston,MA,2110,82-4664662,MRN281245,9/6/2018 05:00:52 PM,8/14/2018 12:00:00 AM,10/18/2018 02:58:38 PM,False,,,,,,,,,,Not a DBE,,,8/8/2019 04:00:00 AM,4/17/2018 12:09:14 PM,9/11/2018 12:00:00 AM,10/4/2018 03:25:56 PM,10/12/2023 04:00:00 AM,10/25/2024 04:00:00 AM,,5000.0,1376.0,Turners Falls,Franklin,42.587072,-72.573941,,253 Millers Falls Road,P.O. Box 253,MA,42.59029,-72.527306,253.0,Millers Falls Rd,,,Turners Falls,MA,Franklin County,1376.0,"253 Organic, LLC",MA,MACCC,Massachusetts Cannabis Control Commission,,,,,
07/01/2024,APPROVED,Marijuana Retailer,Priority Review - MTC Priority,Priority,MTC Priority,COMMENCE OPS,10/29/2020,COMPLETE,MR282319,Trichome Health Corp.,Worcester,1606.0,,,12 Pennsylvania Ave,,Newton,MA,2464,POINT (-71.840209 42.329642),POINT (-71.805735 42.2908320),12 Pennsylvania Ave,,Newton,MA,2464,81-3554788,MRN282319,3/8/2019 04:59:14 PM,3/19/2019 12:00:00 AM,5/29/2019 12:02:49 PM,True,,,,,,,APPROVED,RP201939,RP201939,Not a DBE,,,10/8/2020 04:00:00 AM,1/22/2019 10:20:03 AM,3/19/2019 12:00:00 AM,5/16/2019 01:41:36 PM,4/14/2023 04:00:00 AM,10/1/2024 04:00:00 AM,,5000.0,1606.0,Worcester,Worcester,42.329642,-71.840209,Central MA,62-68 W. Boylston St.,,MA,42.290832,-71.805736,68.0,W Boylston St,,,Worcester,MA,Worcester County,1606.0,Trichome Health Corp.,MA,MACCC,Massachusetts Cannabis Control Commission,,,,,
07/01/2024,APPROVED,Marijuana Retailer,General Applicant,General Applicant,General Applicant,COMMENCE OPS,7/1/2019,COMPLETE,MR281796,Canna Provisions Inc,Lee,1238.0,,,214 Adams Ave,,West Newton,MA,2465,POINT (-73.209889 42.396128),POINT (-73.242132 42.2993979),220 Housatonic Street,,Lee,MA,1238,82-5377573,MRN281796,9/3/2018 07:08:31 PM,11/7/2018 12:00:00 AM,3/5/2019 04:02:35 PM,False,,,,,,,,,,Not a DBE,,,5/30/2019 04:00:00 AM,8/12/2018 11:33:26 AM,11/8/2018 12:00:00 AM,2/21/2019 04:10:09 PM,2/8/2024 03:00:00 AM,3/13/2025 04:00:00 AM,,5000.0,1238.0,Lee,Berkshire,42.396128,-73.209889,Western MA,220 Housatonic Street,,MA,42.299398,-73.242133,220.0,Housatonic St,,,Lee,MA,Berkshire County,1238.0,Canna Provisions Inc,MA,MACCC,Massachusetts Cannabis Control Commission,,,,,
07/01/2024,APPROVED,Marijuana Retailer,Priority Review - MTC Priority,Priority,MTC Priority,COMMENCE OPS,7/20/2021,COMPLETE,MR282742,"Olde World Remedies, Inc.",Lynn,1901.0,,,50 Congress Street,Suite 420,Boston,MA,2109,POINT (-70.970827 42.635475),POINT (-70.972917 42.4564870),50 Congress Street,Suite 420,Boston,MA,2109,47-4390517,MRN282742,12/6/2019 05:48:09 PM,9/19/2019 12:00:00 AM,,True,,,,,,,,,RPA201932,Not a DBE,,,6/17/2021 04:00:00 AM,5/28/2019 02:34:23 PM,12/11/2019 12:00:00 AM,2/7/2020 09:22:33 AM,5/11/2023 04:00:00 AM,9/12/2024 04:00:00 AM,,10000.0,1901.0,Lynn,Essex,42.635475,-70.970827,Northeast,953 Western Avenue,,MA,42.456487,-70.972918,953.0,Western Ave,,,Lynn,MA,Essex County,1905.0,"Olde World Remedies, Inc.",MA,MACCC,Massachusetts Cannabis Control Commission,,,,,
07/01/2024,APPROVED,Marijuana Retailer,Priority Review - MTC Priority,Priority,MTC Priority,PROVISIONAL LICENSE,,COMPLETE,MR282271,Beacon Compassion Inc,New Bedford,2740.0,,,366 Hathaway Road,,New Bedford,MA,2740,POINT (-71.102131 41.778329),POINT (-70.954327 41.6566150),12 Post Office Square,6th Floor,Boston,MA,2109,83-2057586,MRN282271,12/6/2021 11:51:59 AM,10/19/2021 02:05:27 PM,,True,no,,,,,,APPROVED,RP201902,RP201902,Not a DBE,,,,1/9/2019 04:26:43 PM,12/10/2021 01:32:48 PM,4/7/2022 12:46:00 PM,4/14/2023 04:00:00 AM,4/25/2024 04:00:00 AM,,10000.0,2740.0,New Bedford,Bristol,41.778329,-71.102131,Southeast and Cape,366 Hathaway Road,,MA,41.656615,-70.954327,366.0,Hathaway Rd,,,New Bedford,MA,Bristol County,2740.0,Beacon Compassion Inc,MA,MACCC,Massachusetts Cannabis Control Commission,,,,,
07/01/2024,APPROVED,Marijuana Retailer,Priority Review - MTC Priority,Priority,MTC Priority,COMMENCE OPS,1/14/2021,COMPLETE,MR281709,"Nature's Medicines, Inc.",Uxbridge,1569.0,,,1045 Quaker Highway,,Uxbridge,MA,1569,POINT (-71.840209 42.329642),POINT (-71.597437 42.0150980),Po Box D,482 Globe Street,Fall River,MA,2724,47-4387528,MRN281709,3/23/2019 05:43:35 AM,3/15/2019 12:00:00 AM,6/1/2019 09:42:48 PM,True,,,,,,,APPROVED,RP201918,RP201918,Not a DBE,,,11/19/2020 03:00:00 AM,7/13/2018 03:36:37 PM,4/9/2019 12:00:00 AM,5/30/2019 02:00:54 PM,9/14/2023 04:00:00 AM,9/18/2024 04:00:00 AM,,5000.0,1569.0,Uxbridge,Worcester,42.329642,-71.840209,Central MA,1045 Quaker Highway,,MA,42.015098,-71.597438,1045.0,Quaker Hwy,,,Uxbridge,MA,Worcester County,1569.0,"Nature's Medicines, Inc.",MA,MACCC,Massachusetts Cannabis Control Commission,,,,,
07/01/2024,APPROVED,Marijuana Retailer,General Applicant,General Applicant,General Applicant,FINAL LICENSE,,COMPLETE,MR283656,Ocean Breeze Cultivators LLC,Gloucester,1930.0,,,9 Whistle Stop Way,,Gloucester,MA,1930,POINT (-70.970827 42.635475),POINT (-70.668098 42.6170070),34 Winthrop Ave.,,Gloucester,MA,1930,83-3036787,MRN283656,4/6/2021 06:31:15 PM,12/4/2020 01:08:16 PM,,False,no,,,,,,,,,Not a DBE,,,6/13/2024 04:00:00 AM,7/10/2020 10:43:48 AM,4/30/2021 08:55:58 AM,7/15/2021 04:39:19 PM,6/13/2024 04:00:00 AM,6/13/2025 04:00:00 AM,,10000.0,1930.0,Gloucester,Essex,42.635475,-70.970827,Northeast,9 Whistle Stop Way,,MA,42.617007,-70.668099,9.0,Whistle Stop Way,,,Gloucester,MA,Essex County,1930.0,Ocean Breeze Cultivators LLC,MA,MACCC,Massachusetts Cannabis Control Commission,,,,,
07/01/2024,APPROVED,Marijuana Retailer,Priority Review - MTC Priority,Priority,MTC Priority,COMMENCE OPS,12/17/2018,COMPLETE,MR281252,Pharmacannis Massachusetts Inc.,Wareham,2571.0,,,112 Main Street,,Wareham,MA,2571,POINT (-70.818958 41.978877),POINT (-70.713284 41.7560209),112 Main Street,PO Box 391,Wareham,MA,2571,46-3307025,MRN281252,7/5/2018 10:38:43 AM,5/10/2018 12:00:00 AM,8/10/2018 10:49:41 AM,True,,,,,,,APPROVED,RP201821,RP201821,Not a DBE,,,11/1/2018 04:00:00 AM,4/17/2018 01:42:58 PM,7/5/2018 12:00:00 AM,8/9/2018 04:29:44 PM,9/14/2023 04:00:00 AM,10/14/2024 04:00:00 AM,,5000.0,2571.0,Wareham,Plymouth,41.978877,-70.818958,Southeast and Cape,112 Main Street,,MA,41.756021,-70.713285,112.0,Main St,,,Wareham,MA,Plymouth County,2571.0,Pharmacannis Massachusetts Inc.,MA,MACCC,Massachusetts Cannabis Control Commission,,,,,
07/01/2024,APPROVED,Marijuana Retailer,General Applicant,General Applicant,General Applicant,PROVISIONAL LICENSE,,COMPLETE,MR281755,Fairway Botanicals Inc.,Boston,2131.0,,,882-884 South St,,Roslindale,MA,2131,POINT (-71.073493 42.334948),POINT (-71.134319 42.2885879),16 Fairview St,,Roslindale,MA,2131,83-3656519,MRN281755,5/25/2022 11:32:06 AM,5/5/2021 11:44:28 AM,8/2/2022 07:08:06 AM,False,no,,,,,,,,,Not a DBE,,,,7/28/2018 09:38:26 PM,6/10/2022 10:59:22 AM,7/14/2022 12:04:54 PM,7/13/2023 04:00:00 AM,8/2/2024 04:00:00 AM,,10000.0,2131.0,Roslindale,Suffolk,42.334948,-71.073493,,882-886 South St,,MA,42.288588,-71.134319,886.0,South St,,,Roslindale,MA,Suffolk County,2131.0,Fairway Botanicals Inc.,MA,MACCC,Massachusetts Cannabis Control Commission,,,,,
07/01/2024,APPROVED,Marijuana Retailer,General Applicant,General Applicant,General Applicant,COMMENCE OPS,12/6/2021,COMPLETE,MR282527,Munro Associates LLC,Worcester,1606.0,,,885 BUFFINTON ST.,,SOMERSET,MA,2726,POINT (-71.840209 42.329642),POINT (-71.792043 42.3240389),885 BUFFINTON ST.,,SOMERSET,MA,2726,83-2236376,MRN282527,3/2/2020 03:18:19 PM,1/9/2020 12:00:00 AM,,False,,,,,,,,,,Not a DBE,,,11/18/2021 03:00:00 AM,3/27/2019 11:09:54 AM,3/5/2020 12:00:00 AM,5/11/2020 08:02:43 PM,5/11/2023 04:00:00 AM,10/7/2024 04:00:00 AM,,10000.0,1606.0,Worcester,Worcester,42.329642,-71.840209,Central MA,17 East Mountain Street,,MA,42.324039,-71.792043,17.0,Mountain St E,,,Worcester,MA,Worcester County,1606.0,Munro Associates LLC,MA,MACCC,Massachusetts Cannabis Control Commission,,,,,
07/01/2024,APPROVED,Marijuana Retailer,Priority Review - MTC Priority,Priority,MTC Priority,COMMENCE OPS,7/24/2020,COMPLETE,MR282801,"Fidelity Wellness Center, Inc.",Rockland,2370.0,,,38 Church Street,,Winchester,MA,1890,POINT (-70.818958 41.978877),POINT (-70.910635 42.1609130),38 Church Street,,Winchester,MA,1890,82-5058119,MRN282801,9/23/2019 10:34:48 PM,9/5/2019 12:00:00 AM,3/17/2020 10:31:21 AM,True,,,,,,,APPROVED,RP201987,RP201987,Not a DBE,,,7/9/2020 04:00:00 AM,6/21/2019 10:35:32 AM,10/7/2019 12:00:00 AM,1/16/2020 03:34:31 PM,3/7/2024 03:00:00 AM,3/17/2025 04:00:00 AM,,10000.0,2370.0,Rockland,Plymouth,41.978877,-70.818958,Southeast and Cape,256 Weymouth Street,,MA,42.160913,-70.910636,256.0,Weymouth St,,,Rockland,MA,Plymouth County,2370.0,"Fidelity Wellness Center, Inc.",MA,MACCC,Massachusetts Cannabis Control Commission,,,,,
07/01/2024,APPROVED,Marijuana Retailer,Priority Review - Economic Empowerment Priority,Priority,Economic Empowerment Priority,COMMENCE OPS,10/4/2023,COMPLETE,MR283332,Low key LLC,Boston,2124.0,,,1601 Blue Hill Avenue suite 201,,boston,MA,2126,POINT (-71.073493 42.334948),POINT (-71.072001 42.2916390),1601 Blue Hill Ave suite 201,,Boston,MA,2126,84-5188219,MRN283332,4/21/2021 06:38:50 PM,6/23/2020 04:27:09 PM,7/15/2021 06:09:03 PM,True,yes,EE202286,,APPROVED,EE202286,EE202286,,,,Not a DBE,,,9/14/2023 04:00:00 AM,3/5/2020 03:16:31 PM,5/3/2021 09:53:03 AM,7/15/2021 04:36:37 PM,7/13/2023 04:00:00 AM,7/15/2024 04:00:00 AM,,5000.0,2124.0,Boston,Suffolk,42.334948,-71.073493,Metro Boston,571B Washington st,,MA,42.291639,-71.072001,571.0,Washington St,,,Dorchester Center,MA,Suffolk County,2124.0,Low key LLC,MA,MACCC,Massachusetts Cannabis Control Commission,,,,,
07/01/2024,APPROVED,Marijuana Retailer,Expedited Review - DBE Status,Expedited,DBE Status,PROVISIONAL CONSIDERATION,,PAYMENT_PENDING,MR285084,"Catamount Cannabis Company, LLC",Shelburne,10370.0,,,1105 Mohawk Trail,Unit 2,Shelburne,MA,1370,,POINT (-72.671786 42.6034999),1105 Mohawk Trail,#2,Shelburne,MA,1370,92-3959790,MRN285084,2/27/2024 03:33:55 PM,11/29/2023 12:31:22 PM,,False,no,,,,,,,,,Woman-Owned Business,,,,11/14/2023 01:41:14 PM,3/29/2024 03:45:34 PM,5/9/2024 12:29:50 PM,,,,0.0,,,,,,,1105 Mohawk Trail,Unit 2,MA,42.6035,-72.671787,1105.0,Mohawk Trl,,,Shelburne Falls,MA,Franklin County,1370.0,"Catamount Cannabis Company, LLC",MA,MACCC,Massachusetts Cannabis Control Commission,,,,,
07/01/2024,APPROVED,Marijuana Retailer,Priority Review - Economic Empowerment Priority,Priority,Economic Empowerment Priority,COMMENCE OPS,9/2/2020,COMPLETE,MR282695,Community Growth Partners Great Barrington Operations LLC,Great Barrington,1230.0,,,783 South Main Street,,Great Barrington,MA,1230,POINT (-73.209889 42.396128),POINT (-73.362834 42.1791849),783 South Main Street,,Great Barrington,MA,1230,83-4030617,MRN282695,9/6/2019 02:57:33 PM,5/29/2019 12:00:00 AM,1/9/2020 05:24:56 PM,True,,,,INCOMPLETE,EE202038,EE202207,,,,Not a DBE,,,8/6/2020 04:00:00 AM,5/8/2019 05:45:38 PM,9/13/2019 12:00:00 AM,11/7/2019 01:33:35 PM,5/11/2023 04:00:00 AM,9/18/2024 04:00:00 AM,,5000.0,1230.0,Great Barrington,Berkshire,42.396128,-73.209889,Western MA,783 South Main Street,,MA,42.179185,-73.362834,783.0,Main St,,,Great Barrington,MA,Berkshire County,1230.0,Community Growth Partners Great Barrington Operations LLC,MA,MACCC,Massachusetts Cannabis Control Commission,,,,,
07/01/2024,APPROVED,Marijuana Retailer,Expedited Review - DBE Status,Expedited,DBE Status,PROVISIONAL LICENSE,,COMPLETE,MR282868,Shine Diamond LLC,Whately,1373.0,,,85 State Rd,,Whately,MA,1373,POINT (-72.573941 42.587072),POINT (-72.622354 42.4268160),85 State Rd,,Whately,MA,1373,81-3617795,MRN282868,8/4/2020 11:46:56 AM,1/29/2020 12:00:00 AM,9/10/2020 01:44:26 PM,False,,,,,,,,,,Woman-Owned Business,,,,7/16/2019 07:27:18 PM,8/6/2020 10:36:31 AM,9/10/2020 01:36:05 PM,3/10/2022 03:00:00 AM,7/8/2023 04:00:00 AM,,10000.0,1373.0,South Deerfield,Franklin,42.587072,-72.573941,,85 State Road,,MA,42.426816,-72.622354,85.0,State Rd,,,South Deerfield,MA,Franklin County,1373.0,Shine Diamond LLC,MA,MACCC,Massachusetts Cannabis Control Commission,,,,,
07/01/2024,APPROVED,Marijuana Retailer,General Applicant,General Applicant,General Applicant,COMMENCE OPS,6/28/2022,COMPLETE,MR282961,"Cosmopolitan Dispensary, Inc.",Fall River,2720.0,,,82 Hartwell Street,,Fall River,MA,2720,POINT (-71.102131 41.778329),POINT (-71.153160 41.6983639),60 Rock Street,,Fall River,MA,2720,84-2360365,MRN282961,9/11/2020 12:37:53 PM,9/10/2020 03:04:39 PM,11/20/2020 06:49:28 PM,False,no,,,,,,,,,Not a DBE,,,5/12/2022 04:00:00 AM,8/29/2019 05:36:41 PM,9/17/2020 11:04:45 AM,11/19/2020 04:18:55 PM,11/9/2023 03:00:00 AM,11/20/2024 03:00:00 AM,,10000.0,2720.0,Fall River,Bristol,41.778329,-71.102131,Southeast and Cape,82 Hartwell Street,,MA,41.698364,-71.153161,82.0,Hartwell St,,,Fall River,MA,Bristol County,2721.0,"Cosmopolitan Dispensary, Inc.",MA,MACCC,Massachusetts Cannabis Control Commission,,,,,
07/01/2024,APPROVED,Marijuana Retailer,General Applicant,General Applicant,General Applicant,COMMENCE OPS,1/24/2022,COMPLETE,MR281735,"202 Trading Company, Inc. d/b/a Bud Barn",Winchendon,1475.0,,,682 Spring Street,,Winchendon,MA,1475,POINT (-71.840209 42.329642),POINT (-72.008574 42.66639),25 Palmer Rd.,,Framingham,MA,1702,85-0535116,MRN281735,5/18/2020 10:11:25 AM,3/4/2019 12:00:00 AM,8/7/2020 11:01:08 AM,False,,,,,,,,,,Woman-Owned Business,,,11/18/2021 03:00:00 AM,7/22/2018 06:47:25 PM,5/21/2020 01:48:52 PM,7/9/2020 02:24:45 PM,8/10/2023 04:00:00 AM,9/17/2024 04:00:00 AM,,10000.0,1475.0,Winchendon,Worcester,42.329642,-71.840209,Central MA,682 Spring Street,,MA,42.66639,-72.008575,682.0,Spring St,,,Winchendon,MA,Worcester County,1475.0,"202 Trading Company, Inc. d/b/a Bud Barn",MA,MACCC,Massachusetts Cannabis Control Commission,,,,,
07/01/2024,APPROVED,Marijuana Retailer,Expedited Review - DBE Status,Expedited,DBE Status,COMMENCE OPS,2/11/2022,COMPLETE,MR283357,"Krishna Lenox, LLC",Lenox,2140.0,,,55 Pittsfield Road,,Lenox,MA,2140,POINT (-71.275566 42.459085),POINT (-73.267435 42.4017570),55 Pittsfield Road,,Lenox,MA,2140,84-1852782,MRN283357,6/18/2020 05:22:54 PM,4/3/2020 12:00:00 AM,,False,,,,,,,,,,Minority-Owned Business,,,1/20/2022 03:00:00 AM,3/13/2020 02:45:33 PM,6/19/2020 03:09:58 PM,9/10/2020 01:10:43 PM,6/8/2023 04:00:00 AM,8/12/2024 04:00:00 AM,,10000.0,2140.0,Cambridge,Middlesex,42.459085,-71.275566,Metro Boston,439 Pittsfield Road,Unit C,MA,42.401757,-73.267435,439.0,Pitts Field Rd,,,Lenox,MA,Berkshire County,1240.0,"Krishna Lenox, LLC",MA,MACCC,Massachusetts Cannabis Control Commission,,,,,
07/01/2024,APPROVED,Marijuana Retailer,General Applicant,General Applicant,General Applicant,PROVISIONAL LICENSE,,COMPLETE,MR281936,New England Organics LLC,Medford,2155.0,,,567 Fellsway,,Medford,MA,2155,POINT (-71.275566 42.459085),POINT (-71.106127 42.411614),627 Fellsway,,Medford,MA,2155,83-3555153,MRN281936,9/11/2023 11:56:58 AM,1/25/2019 12:00:00 AM,,True,yes,SE304957,,,,,APPROVED,RP201927,,Not a DBE,,,,9/30/2018 08:34:28 PM,9/15/2023 01:19:37 PM,12/14/2023 02:30:01 PM,1/9/2024 03:00:00 AM,1/9/2025 03:00:00 AM,,5000.0,2155.0,Medford,Middlesex,42.459085,-71.275566,Northeast,114 Mystic Ave,,MA,42.411614,-71.106127,114.0,Mystic Ave,,,Medford,MA,Middlesex County,2155.0,New England Organics LLC,MA,MACCC,Massachusetts Cannabis Control Commission,,,,,
07/01/2024,APPROVED,Marijuana Retailer,Expedited Review - DBE Status,Expedited,DBE Status,COMMENCE OPS,11/30/2021,COMPLETE,MR283143,Uma Flowers LLC,Pepperell,1463.0,,,109 Raffaele Drive,,Waltham,MA,2452,POINT (-71.275566 42.459085),POINT (-71.572796 42.6664239),109 Raffaele Drive,,Waltham,MA,2452,84-3613796,MRN283143,5/11/2020 10:56:16 AM,3/19/2020 12:00:00 AM,,False,,,,,,,,,,Woman-Owned Business | Minority-Owned Business,,,10/14/2021 04:00:00 AM,11/23/2019 02:58:34 PM,5/21/2020 02:42:02 PM,8/6/2020 02:56:16 PM,1/11/2024 03:00:00 AM,1/21/2025 03:00:00 AM,,10000.0,1463.0,Pepperell,Middlesex,42.459085,-71.275566,Central MA,2 Tarbell Street,,MA,42.666424,-71.572797,2.0,Tarbell St,,,Pepperell,MA,Middlesex County,1463.0,Uma Flowers LLC,MA,MACCC,Massachusetts Cannabis Control Commission,,,,,
07/01/2024,APPROVED,Marijuana Retailer,General Applicant,General Applicant,General Applicant,COMMENCE OPS,3/8/2023,COMPLETE,MR284556,Cadella LLC,Quincy,2169.0,,,715 Washington St.,,Quincy,MA,2169,POINT (-71.15444 42.199156),POINT (-70.972103 42.2448940),715 Washington St.,,Quincy,MA,2169,87-1232388,MRN284556,1/27/2022 01:02:43 PM,1/21/2022 02:40:25 PM,,False,no,,,,,,,,,Not a DBE,,,2/9/2023 03:00:00 AM,1/8/2022 02:55:06 PM,2/7/2022 02:29:13 PM,5/12/2022 02:10:31 PM,4/14/2023 04:00:00 AM,10/4/2024 04:00:00 AM,,10000.0,2169.0,Quincy,Norfolk,42.199156,-71.15444,Metro Boston,715 Washington St.,,MA,42.244894,-70.972103,715.0,Washington St,,,Quincy,MA,Norfolk County,2169.0,Cadella LLC,MA,MACCC,Massachusetts Cannabis Control Commission,,,,,
07/01/2024,APPROVED,Marijuana Retailer,Expedited Review - DBE Status,Expedited,DBE Status,PROVISIONAL LICENSE,,COMPLETE,MR284841,Kali Cannabis LLC,Palmer,1069.0,,,405 Shearer St.,,Palmer,MA,1069,POINT (-72.571312 42.12756),POINT (-72.326305 42.1716529),405 Shearer St.,,Palmer,MA,1069,92-0333441,MRN284841,2/9/2023 02:07:23 PM,1/3/2023 01:01:15 PM,5/3/2023 04:46:07 PM,False,no,,,,,,,,,Woman-Owned Business,,,,12/21/2022 07:38:52 PM,2/17/2023 08:56:34 AM,4/14/2023 03:05:56 PM,5/3/2023 04:00:00 AM,5/3/2024 04:00:00 AM,,10000.0,1069.0,Palmer,Hampden,42.12756,-72.571312,Western MA,405 Shearer St.,,MA,42.171653,-72.326305,405.0,Shearer St,,,Palmer,MA,Hampden County,1069.0,Kali Cannabis LLC,MA,MACCC,Massachusetts Cannabis Control Commission,,,,,
07/01/2024,APPROVED,Marijuana Retailer,Expedited Review - DBE Status,Expedited,DBE Status,COMMENCE OPS,8/31/2020,COMPLETE,MR282825,"BWell Holdings, Inc",Provincetown,2657.0,,,220 Commercial St,Unit 2,Provincetown,MA,2657,POINT (-70.301811 41.698999),POINT (-70.188790 42.0497780),336 Commercial St,Unit 5,Provincetown,MA,2657,83-4427456,MRN282825,2/4/2020 02:17:46 PM,1/2/2020 12:00:00 AM,4/9/2020 03:52:54 PM,False,,,,,,,,,,"Lesbian, Gay, Bisexual, and Transgender Owned Business | Veteran-Owned Business | Woman-Owned Business",,,8/6/2020 04:00:00 AM,7/1/2019 02:32:42 PM,2/12/2020 12:00:00 AM,4/9/2020 03:04:16 PM,4/14/2023 04:00:00 AM,12/13/2024 03:00:00 AM,,10000.0,2657.0,Provincetown,Barnstable,41.698999,-70.301811,Southeast and Cape,220 Commercial St,Unit 2,MA,42.049778,-70.188791,220.0,Commercial St,,,Provincetown,MA,Barnstable County,2657.0,"BWell Holdings, Inc",MA,MACCC,Massachusetts Cannabis Control Commission,,,,,
07/01/2024,APPROVED,Marijuana Retailer,Priority Review - MTC Priority,Priority,MTC Priority,COMMENCE OPS,1/8/2019,COMPLETE,MR281309,Temescal Wellness of Massachusetts,Hudson,1749.0,,,252 Coolidge St,,Hudson,MA,1749,POINT (-71.275566 42.459085),POINT (-71.601889 42.3968070),665 Cochituate Road,Second Floor,Framingham,MA,1701,46-2527018,MRN281309,8/23/2018 08:20:30 AM,7/25/2018 12:00:00 AM,9/23/2018 08:16:41 AM,True,,,,,,,APPROVED,RP201850,RP201850,Not a DBE,,,12/13/2018 03:00:00 AM,4/24/2018 10:23:15 AM,8/30/2018 12:00:00 AM,9/20/2018 03:52:02 PM,8/10/2023 04:00:00 AM,9/24/2024 04:00:00 AM,,5000.0,1749.0,Hudson,Middlesex,42.459085,-71.275566,Central MA,252 Coolidge Street,,MA,42.396807,-71.601889,252.0,Coolidge St,,,Hudson,MA,Middlesex County,1749.0,Temescal Wellness of Massachusetts,MA,MACCC,Massachusetts Cannabis Control Commission,,,,,
07/01/2024,APPROVED,Marijuana Retailer,Priority Review - MTC Priority,Priority,MTC Priority,COMMENCE OPS,2/16/2024,COMPLETE,MR284457,Alternative Compassion Services Inc,Bridgewater,2324.0,,,693 Elm Street,,Bridgewater,MA,2324,POINT (-70.818958 41.978877),POINT (-71.021432 41.9860630),693 Elm Street,,Bridgewater,MA,2324,46-2655758,MRN284457,6/30/2023 01:19:59 PM,4/20/2023 03:31:36 PM,9/15/2023 03:27:57 PM,True,no,,,,,,APPROVED,RP201839,RPA201839,Not a DBE,,,1/11/2024 03:00:00 AM,10/18/2021 09:05:57 PM,6/30/2023 02:50:16 PM,9/14/2023 03:33:08 PM,9/15/2023 04:00:00 AM,9/15/2024 04:00:00 AM,,10000.0,2324.0,Bridgewater,Plymouth,41.978877,-70.818958,Southeast and Cape,693 Elm Street,,MA,41.986063,-71.021432,693.0,Elm St,,,Bridgewater,MA,Plymouth County,2324.0,Alternative Compassion Services Inc,MA,MACCC,Massachusetts Cannabis Control Commission,,,,,
07/01/2024,APPROVED,Marijuana Retailer,Expedited Review - DBE Status,Expedited,DBE Status,PROVISIONAL LICENSE,,COMPLETE,MR284969,Yellow House Cannabis LLC,Tyngsborough,1879.0,,,405-409 Middlesex Rd,,Tyngsborough,MA,1879,POINT (-71.275566 42.459085),POINT (-71.436282 42.694837),47 Bailey Drive,,Rochester,NH,3868,93-2712891,MRN284969,10/9/2023 09:38:56 PM,9/8/2023 09:44:32 AM,,False,no,,,,,,,,,Veteran-Owned Business,,,,6/15/2023 09:48:29 AM,10/20/2023 11:21:06 AM,12/14/2023 02:30:32 PM,12/19/2023 03:00:00 AM,12/19/2024 03:00:00 AM,,10000.0,1879.0,Tyngsboro,Middlesex,42.459085,-71.275566,,405-409 Middlesex Road,,MA,42.694837,-71.436282,409.0,Middlesex Rd,,,Tyngsboro,MA,Middlesex County,1879.0,Yellow House Cannabis LLC,MA,MACCC,Massachusetts Cannabis Control Commission,,,,,
07/01/2024,APPROVED,Marijuana Retailer,Expedited Review - Social Equity Participant,Expedited,Social Equity Participant,COMMENCE OPS,4/30/2024,COMPLETE,MR284843,Stone's Throw Cannabis LLC d/b/a Firebrand Cannabis,Boston,2111.0,,,100 State Street,,9th Floor,MA,2109,POINT (-71.073493 42.334948),POINT (-71.056810 42.3506890),100 State Street,,9th Floor,MA,2109,87-3166009,MRN284843,5/19/2023 05:07:44 PM,1/4/2023 12:26:59 PM,8/10/2023 03:35:45 PM,True,yes,EE201902,,,,EE201902,,,,Not a DBE,,,4/11/2024 04:00:00 AM,12/23/2022 08:09:28 PM,5/12/2023 11:45:22 AM,8/10/2023 11:20:33 AM,8/10/2023 04:00:00 AM,8/10/2024 04:00:00 AM,,5000.0,2111.0,Boston,Suffolk,42.334948,-71.073493,Metro Boston,727 Atlantic Ave.,Floors #1,MA,42.350689,-71.056811,727.0,Atlantic Ave,,,Boston,MA,Suffolk County,2111.0,Stone's Throw Cannabis LLC d/b/a Firebrand Cannabis,MA,MACCC,Massachusetts Cannabis Control Commission,,,,,
07/01/2024,APPROVED,Marijuana Retailer,General Applicant,General Applicant,General Applicant,COMMENCE OPS,3/11/2022,COMPLETE,MR284013,Erba C3 Dorchester LLC,Boston,2122.0,,,43 Freeport Street,,Boston,MA,2122,POINT (-71.073493 42.334948),POINT (-71.057961 42.3065489),2082 S. State Street,,Ann Arbor,MI,48104,84-4723515,MRN284013,3/31/2021 01:26:01 PM,2/22/2021 09:16:17 AM,,False,no,,,,,,,,,Not a DBE,,,2/10/2022 03:00:00 AM,1/7/2021 11:47:48 AM,4/9/2021 11:44:37 AM,5/13/2021 12:27:46 PM,5/11/2023 04:00:00 AM,10/8/2024 04:00:00 AM,,10000.0,2122.0,Boston,Suffolk,42.334948,-71.073493,Metro Boston,43 Freeport Street,,MA,42.306549,-71.057961,43.0,Freeport St,,,Dorchester,MA,Suffolk County,2122.0,Erba C3 Dorchester LLC,MA,MACCC,Massachusetts Cannabis Control Commission,,,,,
07/01/2024,APPROVED,Marijuana Retailer,General Applicant,General Applicant,General Applicant,COMMENCE OPS,2/4/2021,COMPLETE,MR282703,HOLYOKE 420 LLC,Holyoke,1040.0,,,100 STATE STREET,9TH FLOOR,BOSTON,MA,2109,POINT (-72.571312 42.12756),POINT (-72.604607 42.204729),380 Dwight Street,Suite 3,Holyoke,MA,1040,84-1956595,MRN282703,3/9/2020 09:47:23 PM,2/21/2020 12:00:00 AM,,False,,,,,,,,,,Not a DBE,,,1/14/2021 03:00:00 AM,5/9/2019 09:38:52 PM,3/27/2020 12:00:00 AM,7/9/2020 03:01:03 PM,9/14/2023 04:00:00 AM,9/16/2024 04:00:00 AM,,10000.0,1040.0,Holyoke,Hampden,42.12756,-72.571312,Western MA,380 Dwight Street,Suite 3,MA,42.204729,-72.604608,380.0,Dwight St,,,Holyoke,MA,Hampden County,1040.0,HOLYOKE 420 LLC,MA,MACCC,Massachusetts Cannabis Control Commission,,,,,
07/01/2024,APPROVED,Marijuana Retailer,Expedited Review - Social Equity Participant,Expedited,Social Equity Participant,PROVISIONAL LICENSE,,COMPLETE,MR282541,"Tempest, Inc",Templeton,1438.0,,,248 Gardner Road,,Templeton,MA,1438,POINT (-71.840209 42.329642),POINT (-72.019836 42.5734380),130 South Royalston Road,,Royalston,MA,1368,32-0602630,MRN282541,11/27/2019 11:29:23 AM,10/22/2019 12:00:00 AM,,False,,,SE303857,,,,,,,Not a DBE,,,,3/29/2019 06:48:32 PM,12/16/2019 12:00:00 AM,3/5/2020 12:24:45 PM,1/20/2022 03:00:00 AM,1/22/2023 03:00:00 AM,,5000.0,1438.0,East Templeton,Worcester,42.329642,-71.840209,,248 Gardner Road,,MA,42.573438,-72.019837,248.0,Gardner Rd,,,Templeton,MA,Worcester County,1468.0,"Tempest, Inc",MA,MACCC,Massachusetts Cannabis Control Commission,,,,,
07/01/2024,APPROVED,Marijuana Retailer,General Applicant,General Applicant,General Applicant,COMMENCE OPS,2/13/2024,COMPLETE,MR284177,"Natural Agricultural Products, LLC",Abington,2351.0,,,4 Main Street,,Brockton,MA,2301,POINT (-70.818958 41.978877),POINT (-70.951723 42.1441700),4 Main Street,,Brockton,MA,2301,82-4298481,MRN284177,7/28/2022 08:54:56 AM,1/13/2022 09:51:23 AM,,False,no,,,,,,,,,Not a DBE,,,12/14/2023 03:00:00 AM,3/21/2021 01:37:50 PM,8/8/2022 10:18:30 AM,11/10/2022 12:42:53 PM,2/8/2024 03:00:00 AM,2/12/2025 03:00:00 AM,,10000.0,2351.0,Abington,Plymouth,41.978877,-70.818958,Southeast and Cape,1437 Bedford Street,,MA,42.14417,-70.951724,1437.0,Bedford St,,,Abington,MA,Plymouth County,2351.0,"Natural Agricultural Products, LLC",MA,MACCC,Massachusetts Cannabis Control Commission,,,,,
07/01/2024,APPROVED,Marijuana Retailer,General Applicant,General Applicant,General Applicant,COMMENCE OPS,6/1/2022,COMPLETE,MR281332,"Ashli's, Inc.",Attleboro,2703.0,,,70 Frank Mossberg Dr.,,Attleboro,MA,2703,POINT (-71.102131 41.778329),POINT (-71.324689 41.9196570),81 West St.,Suite 2112,Attleboro,MA,2703,82-5456028,MRN281332,9/14/2018 11:47:09 AM,8/14/2018 12:00:00 AM,11/2/2018 12:30:43 PM,False,,,,,,,,,,Veteran-Owned Business | Woman-Owned Business,,,5/12/2022 04:00:00 AM,4/26/2018 08:13:26 AM,9/24/2018 12:00:00 AM,11/1/2018 03:11:49 PM,11/9/2023 03:00:00 AM,11/18/2024 03:00:00 AM,,5000.0,2703.0,Attleboro,Bristol,41.778329,-71.102131,Southeast and Cape,70 Frank Mossberg Dr.,,MA,41.919657,-71.324689,70.0,Frank Mossberg Dr,,,Attleboro,MA,Bristol County,2703.0,"Ashli's, Inc.",MA,MACCC,Massachusetts Cannabis Control Commission,,,,,
07/01/2024,APPROVED,Marijuana Retailer,Expedited Review - DBE Status,Expedited,DBE Status,COMMENCE OPS,9/2/2021,COMPLETE,MR283213,Z&T Inc,Douglas,1516.0,,,93 Davis Street,,Douglas,MA,1516,POINT (-71.840209 42.329642),POINT (-71.694698 42.0646660),39 Hawthorne Ave,,Cranston,RI,2910,84-3442664,MRN283213,5/7/2020 01:36:04 PM,3/19/2020 12:00:00 AM,2/25/2021 09:26:10 AM,False,,,,,,,,,,Minority-Owned Business,,,7/15/2021 04:00:00 AM,1/1/2020 04:25:53 PM,5/21/2020 02:33:08 PM,8/6/2020 02:49:26 PM,3/7/2024 03:00:00 AM,3/11/2025 04:00:00 AM,,10000.0,1516.0,Douglas,Worcester,42.329642,-71.840209,Central MA,93 Davis Street,,MA,42.064666,-71.694698,93.0,Davis St,,,Douglas,MA,Worcester County,1516.0,Z&T Inc,MA,MACCC,Massachusetts Cannabis Control Commission,,,,,
07/01/2024,APPROVED,Marijuana Retailer,Expedited Review - DBE Status,Expedited,DBE Status,COMMENCE OPS,11/5/2021,COMPLETE,MR283416,"New England Craft Cultivators, LLC",Dracut,1826.0,,,12 Robeson Street,,Jamaica Plain,MA,2130,POINT (-71.275566 42.459085),POINT (-71.258454 42.6938189),12 Robeson Street,,Jamaica Plain,MA,2130,83-4497618,MRN283416,6/18/2020 06:30:38 PM,5/29/2020 02:10:51 PM,,False,,,,,,,,,,"Lesbian, Gay, Bisexual, and Transgender Owned Business",,,9/17/2021 04:00:00 AM,4/1/2020 11:50:59 AM,6/26/2020 12:10:31 PM,8/6/2020 02:16:52 PM,7/13/2023 04:00:00 AM,12/11/2024 03:00:00 AM,,10000.0,1826.0,Dracut,Middlesex,42.459085,-71.275566,Northeast,61 Silva Lane,2nd Floor,MA,42.693819,-71.258454,61.0,Silva Ln,,,Dracut,MA,Middlesex County,1826.0,"New England Craft Cultivators, LLC",MA,MACCC,Massachusetts Cannabis Control Commission,,,,,
07/01/2024,APPROVED,Marijuana Retailer,Expedited Review - DBE Status,Expedited,DBE Status,COMMENCE OPS,12/5/2023,COMPLETE,MR284518,Uma Flowers Lunenburg LLC,Lunenburg,1462.0,,,2 Tarbell St,,Pepperell,MA,1463,POINT (-71.840209 42.329642),POINT (-71.770356 42.5703549),2 Tarbell St,,Pepperell,MA,1463,87-4039480,MRN284518,5/23/2022 10:37:21 AM,2/11/2022 11:30:18 AM,,False,no,,,,,,,,,Minority-Owned Business | Woman-Owned Business,,,10/12/2023 04:00:00 AM,11/26/2021 01:04:38 PM,6/10/2022 11:07:58 AM,7/14/2022 11:57:17 AM,8/10/2023 04:00:00 AM,9/1/2024 04:00:00 AM,,10000.0,1462.0,Lunenburg,Worcester,42.329642,-71.840209,Central MA,43 Summer st,,MA,42.570355,-71.770356,43.0,Summer St,,,Lunenburg,MA,Worcester County,1462.0,Uma Flowers Lunenburg LLC,MA,MACCC,Massachusetts Cannabis Control Commission,,,,,
07/01/2024,APPROVED,Marijuana Retailer,General Applicant,General Applicant,General Applicant,COMMENCE OPS,4/10/2023,COMPLETE,MR281594,Krypies LLC,Pittsfield,1201.0,,,1450 East Street,Suite 2,Pittsfield,MA,1201,POINT (-73.209889 42.396128),POINT (-73.215485 42.4540560),1450 East Street,Suite 1,Pittsfield,MA,1201,82-5329617,MRN281594,6/12/2019 03:34:32 PM,10/2/2018 12:00:00 AM,7/18/2019 11:02:19 AM,False,,,,,,,,,,Not a DBE,,,2/10/2022 03:00:00 AM,6/13/2018 04:30:08 PM,4/10/2019 12:00:00 AM,7/18/2019 09:28:57 AM,11/9/2023 03:00:00 AM,11/13/2024 03:00:00 AM,,5000.0,1201.0,Pittsfield,Berkshire,42.396128,-73.209889,Western MA,1450 East Street - Suite 2,,MA,42.454056,-73.215485,1450.0,East St,Ste,2.0,Pittsfield,MA,Berkshire County,1201.0,Krypies LLC,MA,MACCC,Massachusetts Cannabis Control Commission,,,,,
07/01/2024,APPROVED,Marijuana Retailer,General Applicant,General Applicant,General Applicant,PROVISIONAL LICENSE,,COMPLETE,MR282565,East Coast Remedies Corp.,Somerville,2143.0,,,76-82 Central Street,,Somerville,MA,2143,POINT (-71.275566 42.459085),POINT (-71.103820 42.3882860),116 Clark Avenue,,Chelsea,MA,2150,83-3999538,MRN282565,2/23/2022 10:51:37 AM,10/20/2021 03:23:37 PM,,False,no,,,,,,,,,Not a DBE,,,,4/3/2019 11:37:30 AM,2/23/2022 10:55:37 AM,4/7/2022 12:47:12 PM,4/11/2024 04:00:00 AM,4/13/2025 04:00:00 AM,,10000.0,2143.0,Somerville,Middlesex,42.459085,-71.275566,Metro Boston,76-82 Central Street,,MA,42.388286,-71.103821,82.0,Central St,,,Somerville,MA,Middlesex County,2143.0,East Coast Remedies Corp.,MA,MACCC,Massachusetts Cannabis Control Commission,,,,,
07/01/2024,APPROVED,Marijuana Retailer,General Applicant,General Applicant,General Applicant,COMMENCE OPS,3/4/2024,COMPLETE,MR284816,"Cannabis Connection II, Inc",West Springfield,1089.0,,,1102 Riverdale St,Unit 2,West Springfield,MA,1089,POINT (-72.571312 42.12756),POINT (-72.626562 42.1343099),40 Westfield Industrial Park,,Westfield,MA,1085,92-2646390,MRN284816,5/18/2023 12:14:24 PM,5/15/2023 10:26:45 AM,,False,no,,,,,,,,,Not a DBE,,,2/8/2024 03:00:00 AM,11/11/2022 11:23:24 AM,6/9/2023 01:11:43 PM,7/13/2023 01:54:04 PM,7/25/2023 04:00:00 AM,7/25/2024 04:00:00 AM,,10000.0,1089.0,West Springfield,Hampden,42.12756,-72.571312,Western MA,1102 Riverdale St,Unit 2,MA,42.13431,-72.626562,1102.0,Riverdale St,,,West Springfield,MA,Hampden County,1089.0,"Cannabis Connection II, Inc",MA,MACCC,Massachusetts Cannabis Control Commission,,,,,
07/01/2024,APPROVED,Marijuana Retailer,Expedited Review - DBE Status,Expedited,DBE Status,PROVISIONAL LICENSE,,COMPLETE,MR284018,Sears Farm Wellness LLC,Swansea,2777.0,,,215 Sears Road,,Swansea,MA,2777,POINT (-71.102131 41.778329),POINT (-71.204795 41.7451969),37 Blackstone Blvd,,Providence,RI,2906,86-1364409,MRN284018,8/9/2022 11:11:38 PM,6/6/2022 09:08:49 AM,1/10/2023 11:47:31 AM,False,no,,,,,,,,,Woman-Owned Business,,,,1/8/2021 12:16:54 PM,8/12/2022 09:09:58 AM,10/13/2022 04:15:31 PM,1/10/2023 03:00:00 AM,1/10/2024 03:00:00 AM,,10000.0,2777.0,Swansea,Bristol,41.778329,-71.102131,Southeast and Cape,215 Sears Road,,MA,41.745197,-71.204795,215.0,Sears Rd,,,Swansea,MA,Bristol County,2777.0,Sears Farm Wellness LLC,MA,MACCC,Massachusetts Cannabis Control Commission,,,,,
07/01/2024,APPROVED,Marijuana Retailer,Expedited Review - DBE Status,Expedited,DBE Status,PROVISIONAL LICENSE,,COMPLETE,MR283257,Sparkboro Wellness Corp.,Williamstown,2167.0,,,1015-17 Simonds Road,,Williamstown,MA,1267,,POINT (-73.210217 42.738799),1015-17 Simonds Road,,Williamstown,MA,1267,84-2828113,MRN283257,6/25/2020 06:24:01 PM,5/26/2020 10:41:06 AM,10/13/2020 03:49:55 PM,False,,,,,,,,,,Minority-Owned Business,,,,1/30/2020 02:15:20 PM,9/21/2020 09:53:42 AM,10/8/2020 02:45:38 PM,12/8/2022 03:00:00 AM,12/9/2023 03:00:00 AM,,10000.0,,,,,,,1015-17 Simonds Road,,MA,42.738799,-73.210218,1015.0,Simonds Rd,,,Williamstown,MA,Berkshire County,1267.0,Sparkboro Wellness Corp.,MA,MACCC,Massachusetts Cannabis Control Commission,,,,,
07/01/2024,APPROVED,Marijuana Retailer,Priority Review - MTC Priority,Priority,MTC Priority,COMMENCE OPS,6/5/2020,COMPLETE,MR282376,TDMA LLC,Worcester,1604.0,,,74 Grafton St,,Worcester,MA,1604,POINT (-71.840209 42.329642),POINT (-71.794023 42.2592070),305 SE 3rd Ave,Ste 203,Portland,OR,97214,83-1658023,MRN282376,4/18/2019 12:38:14 PM,3/19/2019 12:00:00 AM,10/15/2019 04:40:36 PM,True,,,,,,,,,RPA201948,Not a DBE,,,4/9/2020 04:00:00 AM,2/7/2019 10:28:27 AM,9/19/2019 12:00:00 AM,10/10/2019 01:15:10 PM,12/14/2023 03:00:00 AM,12/18/2024 03:00:00 AM,,5000.0,1604.0,Worcester,Worcester,42.329642,-71.840209,Central MA,74 Grafton Street,,MA,42.259207,-71.794024,74.0,Grafton St,,,Worcester,MA,Worcester County,1604.0,TDMA LLC,MA,MACCC,Massachusetts Cannabis Control Commission,,,,,
07/01/2024,APPROVED,Marijuana Retailer,General Applicant,General Applicant,General Applicant,COMMENCE OPS,2/10/2023,COMPLETE,MR283714,"Thrive Cultivation & Dispensary, LLC",Shirley,1464.0,,,53 Midland Drive,,Waltham,MA,2451,POINT (-71.275566 42.459085),POINT (-71.664574 42.530338),53 Midland Drive,,Waltham,MA,2451,84-3572060,MRN283714,12/11/2020 02:10:55 PM,12/8/2020 12:50:10 PM,6/10/2021 10:10:35 AM,False,no,,,,,,,,,Not a DBE,,,12/8/2022 03:00:00 AM,7/31/2020 05:37:33 PM,12/17/2020 12:10:38 PM,3/11/2021 02:09:09 PM,5/11/2023 04:00:00 AM,10/8/2024 04:00:00 AM,,10000.0,1464.0,Shirley,Middlesex,42.459085,-71.275566,Central MA,114 Lancaster Road,(FKA 130 Lancaster Road),MA,42.530338,-71.664574,114.0,Lancaster Rd,,,Shirley,MA,Middlesex County,1464.0,"Thrive Cultivation & Dispensary, LLC",MA,MACCC,Massachusetts Cannabis Control Commission,,,,,
07/01/2024,APPROVED,Marijuana Retailer,General Applicant,General Applicant,General Applicant,COMMENCE OPS,6/29/2021,COMPLETE,MR283369,"Diem Lynn, LLC",Lynn,1902.0,,,75 North Main Street,#570,Randolph,MA,2368,POINT (-70.970827 42.635475),POINT (-70.934126 42.4646759),75 North Main Street,#570,Randolph,MA,2368,84-2708625,MRN283369,7/31/2020 01:00:19 PM,5/26/2020 12:51:50 PM,,True,,,,,,,,,RPA201948,Not a DBE,,,6/17/2021 04:00:00 AM,3/18/2020 10:37:06 AM,8/14/2020 07:25:51 AM,1/14/2021 03:28:35 PM,5/11/2023 04:00:00 AM,9/10/2024 04:00:00 AM,,10000.0,1902.0,Lynn,Essex,42.635475,-70.970827,Northeast,211-217 Lewis Street,,MA,42.464676,-70.934126,217.0,Lewis St,,,Lynn,MA,Essex County,1902.0,"Diem Lynn, LLC",MA,MACCC,Massachusetts Cannabis Control Commission,,,,,
07/01/2024,APPROVED,Marijuana Retailer,Priority Review - MTC Priority,Priority,MTC Priority,COMMENCE OPS,10/17/2019,COMPLETE,MR281263,"Curaleaf Massachusetts, Inc",Oxford,1540.0,,,425 Main Street,,Oxford,MA,1540,POINT (-71.840209 42.329642),POINT (-71.864615 42.128456),2001 Washington Street,Unit B,Hanover,MA,2339,46-3428628,MRN281263,10/11/2018 09:13:57 AM,5/10/2018 12:00:00 AM,10/22/2018 12:03:20 PM,True,,,,,,,APPROVED,RP201882,RP201882,Not a DBE,,,9/13/2019 04:00:00 AM,4/18/2018 01:37:59 AM,6/18/2018 12:00:00 AM,10/18/2018 02:39:54 PM,10/12/2023 04:00:00 AM,2/22/2025 03:00:00 AM,,5000.0,1540.0,Oxford,Worcester,42.329642,-71.840209,Central MA,425 Main Street,,MA,42.128456,-71.864615,425.0,Main St,,,Oxford,MA,Worcester County,1540.0,"Curaleaf Massachusetts, Inc",MA,MACCC,Massachusetts Cannabis Control Commission,,,,,
07/01/2024,APPROVED,Marijuana Retailer,General Applicant,General Applicant,General Applicant,COMMENCE OPS,2/1/2023,COMPLETE,MR283075,"Southcoast Apothecary, LLC",New Bedford,2746.0,,,115 Coggeshall Street,,New Bedford,MA,2746,POINT (-71.102131 41.778329),POINT (-70.921019 41.6562089),500 Totten Pond Road,,Waltham,MA,2451,83-3710769,MRN283075,6/9/2020 09:21:32 AM,2/24/2020 12:00:00 AM,,False,,,,,,,,,,Not a DBE,,,11/10/2022 03:00:00 AM,10/23/2019 02:32:21 PM,6/26/2020 01:43:24 PM,8/6/2020 02:22:39 PM,8/10/2023 04:00:00 AM,8/11/2024 04:00:00 AM,,10000.0,2746.0,New Bedford,Bristol,41.778329,-71.102131,Southeast and Cape,95 Coggeshall Street,,MA,41.656209,-70.921019,95.0,Coggeshall St,,,New Bedford,MA,Bristol County,2746.0,"Southcoast Apothecary, LLC",MA,MACCC,Massachusetts Cannabis Control Commission,,,,,
07/01/2024,APPROVED,Marijuana Retailer,General Applicant,General Applicant,General Applicant,PROVISIONAL LICENSE,,COMPLETE,MR284774,"UC Retail, LLC",Bolton,1740.0,,,476 Main Street,,Bolton,MA,1740,POINT (-71.840209 42.329642),POINT (-71.589066 42.430045),601 Fitchburg State Road,,Ashby,MA,1431,87-2349254,MRN284774,8/31/2023 08:41:41 AM,11/29/2022 02:23:49 PM,,False,no,,,,,,,,,Not a DBE,,,,9/29/2022 09:15:04 AM,7/28/2023 09:50:27 AM,10/12/2023 12:53:03 PM,11/6/2023 03:00:00 AM,11/6/2024 03:00:00 AM,,10000.0,1740.0,Bolton,Worcester,42.329642,-71.840209,Central MA,476 Main Street,,MA,42.430045,-71.589066,476.0,Main St,,,Bolton,MA,Worcester County,1740.0,"UC Retail, LLC",MA,MACCC,Massachusetts Cannabis Control Commission,,,,,
07/01/2024,APPROVED,Marijuana Retailer,General Applicant,General Applicant,General Applicant,COMMENCE OPS,5/5/2021,COMPLETE,MR281939,Green World LLC,Brockton,2301.0,,,897 N Montello St,,Brockton,MA,2301,POINT (-70.818958 41.978877),POINT (-71.023510 42.1076449),897 N Montello St,,Brockton,MA,2301,83-1994986,MRN281939,2/28/2020 12:09:56 PM,11/15/2019 12:00:00 AM,5/11/2020 11:59:46 AM,False,,,,,,,,,,Not a DBE,,,4/16/2021 04:00:00 AM,9/30/2018 11:56:57 PM,3/5/2020 12:00:00 AM,5/8/2020 02:28:18 PM,4/14/2023 04:00:00 AM,9/19/2024 04:00:00 AM,,10000.0,2301.0,Brockton,Plymouth,41.978877,-70.818958,Southeast and Cape,897 North Montello Street,,MA,42.107645,-71.023511,897.0,N Montello St,,,Brockton,MA,Plymouth County,2301.0,Green World LLC,MA,MACCC,Massachusetts Cannabis Control Commission,,,,,
07/01/2024,APPROVED,Marijuana Retailer,General Applicant,General Applicant,General Applicant,COMMENCE OPS,7/2/2021,COMPLETE,MR282803,"Cypress Tree Management, Inc.",Newton,2461.0,,,419 Boylston Street,Suite 300,Boston,MA,2116,POINT (-71.275566 42.459085),POINT (-71.212681 42.3178970),419 Boylston Street,Suite 300,Boston,MA,2116,82-4767408,MRN282803,3/4/2020 12:32:51 PM,1/16/2020 12:00:00 AM,,False,,,,,,,,,,Not a DBE,,,6/17/2021 04:00:00 AM,6/21/2019 03:40:42 PM,3/5/2020 12:00:00 AM,5/8/2020 02:16:29 PM,4/14/2023 04:00:00 AM,10/7/2024 04:00:00 AM,,10000.0,2461.0,Newton Highlands,Middlesex,42.459085,-71.275566,,24-26 Elliot Street,,MA,42.317897,-71.212681,26.0,Elliot St,,,Newton Highlands,MA,Middlesex County,2461.0,"Cypress Tree Management, Inc.",MA,MACCC,Massachusetts Cannabis Control Commission,,,,,
07/01/2024,APPROVED,Marijuana Retailer,Priority Review - MTC Priority,Priority,MTC Priority,COMMENCE OPS,11/4/2020,COMPLETE,MR282186,"The Botanist, Inc.",Shrewsbury,1545.0,,,200 Portland Street,5th Floor,Boston,MA,2114,POINT (-71.840209 42.329642),POINT (-71.720735 42.2492319),200 Portland Street,5th Floor,Boston,MA,2114,47-3905518,MRN282186,2/25/2019 02:55:49 PM,1/23/2019 12:00:00 AM,,True,,,,,,,APPROVED,RP201860,RP201860,Not a DBE,,,10/8/2020 04:00:00 AM,12/14/2018 03:29:59 PM,5/15/2019 12:00:00 AM,7/9/2020 03:54:17 PM,7/13/2023 04:00:00 AM,7/22/2024 04:00:00 AM,,10000.0,1545.0,Shrewsbury,Worcester,42.329642,-71.840209,Central MA,235 Hartford Turnpike,,MA,42.249232,-71.720735,235.0,Hartford Turnpike,,,Shrewsbury,MA,Worcester County,1545.0,"The Botanist, Inc.",MA,MACCC,Massachusetts Cannabis Control Commission,,,,,
07/01/2024,APPROVED,Marijuana Retailer,Expedited Review - Social Equity Participant,Expedited,Social Equity Participant,PROVISIONAL LICENSE,,COMPLETE,MR283203,"New Leaf Enterprises, Inc.",Fall River,2721.0,,,360 Second Street,,Fall River,MA,2721,POINT (-71.102131 41.778329),POINT (-71.157267 41.6973300),360 Second Street,,Fall River,MA,2721,84-3956316,MRN283203,2/3/2020 03:36:45 PM,1/14/2020 12:00:00 AM,,False,,,SE304200,,,,,,,Not a DBE,,,,12/26/2019 03:52:23 PM,5/26/2020 01:59:58 PM,7/9/2020 03:23:28 PM,12/14/2023 03:00:00 AM,12/14/2024 03:00:00 AM,,5000.0,2721.0,Fall River,Bristol,41.778329,-71.102131,Southeast and Cape,360 Second Street,,MA,41.69733,-71.157267,360.0,2nd St,,,Fall River,MA,Bristol County,2721.0,"New Leaf Enterprises, Inc.",MA,MACCC,Massachusetts Cannabis Control Commission,,,,,
07/01/2024,APPROVED,Marijuana Retailer,Priority Review - Economic Empowerment Priority,Priority,Economic Empowerment Priority,PROVISIONAL LICENSE,,COMPLETE,MR284535,EVG FARMS LLC,Boston,2136.0,,,883 HYDE PARK AVE,,HYDE PARK,MA,2136,POINT (-71.073493 42.334948),POINT (-71.121054 42.2696570),31 ALDRICH ST,,ROSLINDALE,MA,2131,84-1844471,MRN284535,4/28/2022 11:46:10 AM,3/15/2022 09:09:23 AM,6/16/2022 03:19:44 PM,True,yes,EE201867,SE303515,APPROVED,EE201867,EE201867,,,,Not a DBE,,,,12/6/2021 03:43:55 PM,5/6/2022 10:33:58 AM,6/9/2022 12:49:04 PM,5/11/2023 04:00:00 AM,10/14/2024 04:00:00 AM,,5000.0,2136.0,Hyde Park,Suffolk,42.334948,-71.073493,,883 Hyde Park Ave,,MA,42.269657,-71.121055,883.0,Hyde Park Ave,,,Hyde Park,MA,Suffolk County,2136.0,EVG FARMS LLC,MA,MACCC,Massachusetts Cannabis Control Commission,,,,,
07/01/2024,APPROVED,Marijuana Retailer,General Applicant,General Applicant,General Applicant,PROVISIONAL LICENSE,,COMPLETE,MR281616,"Alfreds Finest, Inc.",Plymouth,2360.0,,,8 Scobee Circle,,Plymouth,MA,2360,POINT (-70.818958 41.978877),POINT (-70.707127 41.9495810),99 Main St.,,Plympton,MA,2367,83-0824729,MRN281616,4/15/2020 10:58:40 AM,3/6/2020 12:00:00 AM,,False,,,SE303609,,,,,,,Minority-Owned Business,,,,6/19/2018 11:15:13 AM,7/7/2020 12:14:11 PM,10/8/2020 12:26:48 PM,1/7/2022 03:00:00 AM,1/7/2023 03:00:00 AM,,10000.0,2360.0,Plymouth,Plymouth,41.978877,-70.818958,Southeast and Cape,8 Scobee Circle,,MA,41.949581,-70.707127,8.0,Scobee Cir,,,Plymouth,MA,Plymouth County,2360.0,"Alfreds Finest, Inc.",MA,MACCC,Massachusetts Cannabis Control Commission,,,,,
07/01/2024,APPROVED,Marijuana Retailer,General Applicant,General Applicant,General Applicant,FINAL LICENSE,,COMPLETE,MR283237,Four Trees Holyoke LLC,Holyoke,1040.0,,,1 Cabot Street,,Holyoke,MA,1040,POINT (-72.571312 42.12756),POINT (-72.602168 42.1966370),1 Cabot Street,,Holyoke,MA,1040,84-2753391,MRN283237,7/20/2020 05:32:30 PM,4/10/2020 12:00:00 AM,12/7/2020 08:41:05 PM,False,no,,,,,,,,,Not a DBE,,,6/13/2024 04:00:00 AM,1/16/2020 07:23:18 PM,7/24/2020 11:50:12 AM,9/10/2020 01:07:13 PM,12/14/2023 03:00:00 AM,12/18/2024 03:00:00 AM,,10000.0,1040.0,Holyoke,Hampden,42.12756,-72.571312,Western MA,1 Cabot Street,,MA,42.196637,-72.602168,1.0,Cabot St,,,Holyoke,MA,Hampden County,1040.0,Four Trees Holyoke LLC,MA,MACCC,Massachusetts Cannabis Control Commission,,,,,
07/01/2024,APPROVED,Marijuana Retailer,General Applicant,General Applicant,General Applicant,COMMENCE OPS,9/30/2020,COMPLETE,MR282048,"GreenStar Herbals, Inc.",Dracut,1826.0,,,310 Flagg Hill Road,,Boxborough,MA,1719,POINT (-71.275566 42.459085),POINT (-71.324166 42.6646349),310 Flagg Hill Road,,Boxborough,MA,1719,83-0565099,MRN282048,8/26/2019 11:52:00 AM,5/9/2019 12:00:00 AM,12/5/2019 11:11:19 AM,False,,,,,,,,,,Not a DBE,,,9/10/2020 04:00:00 AM,11/14/2018 09:55:14 AM,9/18/2019 12:00:00 AM,11/7/2019 01:39:43 PM,1/11/2024 03:00:00 AM,3/4/2025 03:00:00 AM,,10000.0,1826.0,Dracut,Middlesex,42.459085,-71.275566,Northeast,76-100 Pleasant Street,,MA,42.664635,-71.324166,100.0,Pleasant St,,,Dracut,MA,Middlesex County,1826.0,"GreenStar Herbals, Inc.",MA,MACCC,Massachusetts Cannabis Control Commission,,,,,
07/01/2024,APPROVED,Marijuana Retailer,Expedited Review - DBE Status,Expedited,DBE Status,PROVISIONAL LICENSE,,COMPLETE,MR284000,Rasta Rootz LLC,Boston,2109.0,,,21 Broad St,,Boston,MA,2109,POINT (-71.073493 42.334948),POINT (-71.054657 42.3584559),305 Fitzmaurice Circle,,Belmont,MA,2478,84-3357953,MRN284000,10/19/2021 06:00:37 AM,9/7/2021 09:13:22 AM,,False,no,,SE306827,,,,,,,Minority-Owned Business | Woman-Owned Business,,,,12/29/2020 04:27:34 PM,10/29/2021 12:55:07 PM,1/20/2022 03:45:29 PM,4/14/2023 04:00:00 AM,8/15/2024 04:00:00 AM,,5000.0,2109.0,Boston,Suffolk,42.334948,-71.073493,Metro Boston,21 Broad St,,MA,42.358456,-71.054657,21.0,Broad St,,,Boston,MA,Suffolk County,2109.0,Rasta Rootz LLC,MA,MACCC,Massachusetts Cannabis Control Commission,,,,,
07/01/2024,APPROVED,Marijuana Retailer,General Applicant,General Applicant,General Applicant,COMMENCE OPS,11/12/2021,COMPLETE,MR282837,"Ascend Mass, LLC",Newton,2465.0,,,500 Totten Pond Road,,Waltham,MA,2451,POINT (-71.275566 42.459085),POINT (-71.217944 42.350037),500 Totten Pond Road,,Waltham,MA,2451,82-5384985,MRN282837,3/6/2020 10:09:58 AM,2/4/2020 12:00:00 AM,6/5/2020 09:50:24 AM,False,,,,,,,,,,Not a DBE,,,10/14/2021 04:00:00 AM,7/7/2019 02:50:28 PM,3/12/2020 12:00:00 AM,6/4/2020 02:03:25 PM,6/8/2023 04:00:00 AM,10/8/2024 04:00:00 AM,,10000.0,2465.0,West Newton,Middlesex,42.459085,-71.275566,,1089 Washington Street,,MA,42.350037,-71.217944,1089.0,Washington St,,,West Newton,MA,Middlesex County,2465.0,"Ascend Mass, LLC",MA,MACCC,Massachusetts Cannabis Control Commission,,,,,
07/01/2024,APPROVED,Marijuana Retailer,Expedited Review - DBE Status,Expedited,DBE Status,COMMENCE OPS,10/5/2021,COMPLETE,MR282766,GTE Franklin LLC,Franklin,2038.0,,,120 Bergeron Way,,Stoughton,MA,2072,POINT (-71.15444 42.199156),POINT (-71.446612 42.0848390),120 Bergeron Way,,Stoughton,MA,2072,84-1898710,MRN282766,5/27/2020 12:57:30 PM,2/10/2020 12:00:00 AM,8/27/2020 12:18:47 PM,False,,,,,,,,,,Minority-Owned Business,,,8/12/2021 04:00:00 AM,6/8/2019 01:18:56 PM,5/28/2020 10:27:27 AM,7/9/2020 02:56:26 PM,9/14/2023 04:00:00 AM,9/16/2024 04:00:00 AM,,10000.0,2038.0,Franklin,Norfolk,42.199156,-71.15444,Central MA,1256 West Central St,,MA,42.084839,-71.446613,1256.0,W Central St,,,Franklin,MA,Norfolk County,2038.0,GTE Franklin LLC,MA,MACCC,Massachusetts Cannabis Control Commission,,,,,
07/01/2024,APPROVED,Marijuana Retailer,General Applicant,General Applicant,General Applicant,COMMENCE OPS,10/19/2021,COMPLETE,MR282037,Herbal Pathways,Pittsfield,1201.0,,,1315 East Street,,Pittsfield,MA,1201,POINT (-73.209889 42.396128),POINT (-73.221252 42.4539770),10 West Street,,Allenstown,NH,3275,82-4547914,MRN282037,12/10/2019 02:29:17 PM,5/3/2019 12:00:00 AM,1/14/2020 10:43:38 AM,False,,,,,,,,,,Not a DBE,,,9/17/2021 04:00:00 AM,11/9/2018 03:36:41 PM,9/18/2019 12:00:00 AM,1/9/2020 11:25:09 AM,3/7/2024 03:00:00 AM,3/11/2025 04:00:00 AM,,10000.0,1201.0,Pittsfield,Berkshire,42.396128,-73.209889,Western MA,1317 East Street,,MA,42.453977,-73.221252,1317.0,East St,,,Pittsfield,MA,Berkshire County,1201.0,Herbal Pathways,MA,MACCC,Massachusetts Cannabis Control Commission,,,,,
07/01/2024,APPROVED,Marijuana Retailer,General Applicant,General Applicant,General Applicant,PROVISIONAL CONSIDERATION,,PAYMENT_PENDING,MR284995,Elevated Roots III LLC,Abington,2338.0,,,1423 Bedford Street,,Abington,MA,2351,POINT (-70.818958 41.978877),POINT (-70.951617 42.141441),44 William C. Gould Way,,Kingston,MA,2364,88-3735625,MRN284995,8/14/2023 06:26:53 PM,7/28/2023 02:05:07 PM,,False,no,,,,,,,,,Not a DBE,,,,7/21/2023 08:56:23 AM,8/25/2023 11:03:33 AM,10/12/2023 12:49:27 PM,,,,0.0,2338.0,Halifax,Plymouth,41.978877,-70.818958,Southeast and Cape,1423 Bedford Street,Units 4 and 5,MA,42.141441,-70.951618,1423.0,Bedford St,,,Abington,MA,Plymouth County,2351.0,Elevated Roots III LLC,MA,MACCC,Massachusetts Cannabis Control Commission,,,,,
07/01/2024,APPROVED,Marijuana Retailer,Expedited Review - DBE Status,Expedited,DBE Status,COMMENCE OPS,7/22/2021,COMPLETE,MR282267,Grass Appeal LLC,Uxbridge,1569.0,,,79 River Road,,Uxbridge,MA,1569,POINT (-71.840209 42.329642),POINT (-71.616467 42.0364530),79 River Road,,Uxbridge,MA,1569,83-1969051,MRN282267,12/17/2019 12:35:42 PM,12/9/2019 12:00:00 AM,,False,,,,,,,,,,Veteran-Owned Business,,,6/17/2021 04:00:00 AM,1/9/2019 09:10:56 AM,12/17/2019 12:00:00 AM,2/7/2020 09:11:48 AM,2/8/2024 03:00:00 AM,3/12/2025 04:00:00 AM,,10000.0,1569.0,Uxbridge,Worcester,42.329642,-71.840209,Central MA,79 River Road,,MA,42.036453,-71.616468,79.0,River Rd,,,Uxbridge,MA,Worcester County,1569.0,Grass Appeal LLC,MA,MACCC,Massachusetts Cannabis Control Commission,,,,,
07/01/2024,APPROVED,Marijuana Retailer,General Applicant,General Applicant,General Applicant,COMMENCE OPS,12/18/2020,COMPLETE,MR282618,Lynn Organics LLC,Lynn,1901.0,,,One International Place,Suite 3700,Boston,MA,2110,POINT (-70.970827 42.635475),POINT (-70.946742 42.4612460),One International Place,Suite 3700,Boston,MA,2110,83-2334674,MRN282618,2/24/2020 08:40:11 PM,7/24/2019 12:00:00 AM,5/25/2020 08:45:16 PM,True,,,,,,,APPROVED,RP201991,,Not a DBE,,,11/19/2020 03:00:00 AM,4/18/2019 06:50:12 PM,2/28/2020 12:00:00 AM,5/8/2020 02:49:00 PM,5/11/2023 04:00:00 AM,10/17/2024 04:00:00 AM,,10000.0,1901.0,Lynn,Essex,42.635475,-70.970827,Northeast,50 Clapp Street,,MA,42.461246,-70.946743,,,,,Lynn,MA,Essex County,1901.0,Lynn Organics LLC,MA,MACCC,Massachusetts Cannabis Control Commission,,,,,
07/01/2024,APPROVED,Marijuana Retailer,Expedited Review - Social Equity Participant,Expedited,Social Equity Participant,PROVISIONAL LICENSE,,COMPLETE,MR284213,"Sugarloaf Maynard, LLC",Maynard,1754.0,,,25 Nason Street,,Maynard,MA,1754,POINT (-71.275566 42.459085),POINT (-71.453181 42.4327469),16 Holden Road,,Belmont,MA,2478,86-2146564,MRN284213,1/15/2023 01:49:27 PM,3/30/2022 02:52:04 PM,5/6/2023 10:26:44 AM,False,no,,,,,,,,,Not a DBE,,,,4/12/2021 02:54:40 PM,1/27/2023 04:11:02 PM,4/14/2023 03:16:46 PM,5/6/2023 04:00:00 AM,9/3/2024 04:00:00 AM,,10000.0,1754.0,Maynard,Middlesex,42.459085,-71.275566,Central MA,25 Nason Street,,MA,42.432747,-71.453181,25.0,Nason St,,,Maynard,MA,Middlesex County,1754.0,"Sugarloaf Maynard, LLC",MA,MACCC,Massachusetts Cannabis Control Commission,,,,,
07/01/2024,APPROVED,Marijuana Retailer,General Applicant,General Applicant,General Applicant,PROVISIONAL LICENSE,,COMPLETE,MR284438,Northeastcann Inc.,Swansea,2777.0,,,610 GAR Highway,,Swansea,MA,2777,POINT (-71.102131 41.778329),POINT (-71.214562 41.7536109),15 Gould Road,,Bedford,MA,1730,87-1717283,MRN284438,8/2/2022 10:05:42 AM,12/6/2021 02:12:54 PM,,False,no,,,,,,,,,Not a DBE,,,,10/3/2021 08:05:54 AM,8/19/2022 09:27:13 AM,11/10/2022 12:43:18 PM,3/27/2023 04:00:00 AM,3/27/2024 04:00:00 AM,,10000.0,2777.0,Swansea,Bristol,41.778329,-71.102131,Southeast and Cape,610 GAR Highway,,MA,41.753611,-71.214562,,State Rte 118,,,Swansea,MA,Bristol County,2777.0,Northeastcann Inc.,MA,MACCC,Massachusetts Cannabis Control Commission,,,,,
07/01/2024,APPROVED,Marijuana Retailer,Priority Review - Economic Empowerment Priority,Priority,Economic Empowerment Priority,COMMENCE OPS,4/9/2024,COMPLETE,MR283511,Charles River Remedies LLC,Cambridge,2138.0,,,31 Church Street,,Cambridge,MA,2138,POINT (-71.275566 42.459085),POINT (-71.120215 42.374468),907 Massachusetts Avenue,,Cambridge,MA,2139,84-3317990,MRN283511,4/23/2021 12:47:58 PM,3/29/2021 01:08:20 PM,7/26/2021 02:02:39 PM,True,yes,EE202148,SE304354,APPROVED,EE202148,EE202148,,,,Not a DBE,,,12/14/2023 03:00:00 AM,5/7/2020 03:02:08 PM,5/3/2021 09:51:30 AM,6/22/2021 10:51:01 AM,6/8/2023 04:00:00 AM,8/7/2024 04:00:00 AM,,5000.0,2138.0,Cambridge,Middlesex,42.459085,-71.275566,Metro Boston,31 Church Street,,MA,42.374468,-71.120215,31.0,Church St,,,Cambridge,MA,Middlesex County,2138.0,Charles River Remedies LLC,MA,MACCC,Massachusetts Cannabis Control Commission,,,,,
07/01/2024,APPROVED,Marijuana Retailer,General Applicant,General Applicant,General Applicant,COMMENCE OPS,6/7/2022,COMPLETE,MR284326,"Flower & Soul, Inc.",Halifax,2338.0,,,894 Plymouth Street,,Halifax,MA,2338,POINT (-70.818958 41.978877),POINT (-70.894012 41.995604),800 Hingham Street,,Rockland,MA,2370,87-1592643,MRN284326,8/12/2021 04:47:51 PM,8/6/2021 12:56:32 PM,11/19/2021 07:29:34 AM,False,no,,,,,,,,,Not a DBE,,,5/12/2022 04:00:00 AM,7/14/2021 10:46:25 AM,8/23/2021 02:33:22 PM,11/18/2021 02:43:57 PM,10/12/2023 04:00:00 AM,11/19/2024 03:00:00 AM,,10000.0,2338.0,Halifax,Plymouth,41.978877,-70.818958,Southeast and Cape,894 Plymouth Street,,MA,41.995604,-70.894012,894.0,Plymouth St,,,Halifax,MA,Plymouth County,2338.0,"Flower & Soul, Inc.",MA,MACCC,Massachusetts Cannabis Control Commission,,,,,
07/01/2024,APPROVED,Marijuana Retailer,General Applicant,General Applicant,General Applicant,COMMENCE OPS,10/13/2021,COMPLETE,MR281457,MJ's Market,Grafton,1536.0,,,119 Drum Hill Road,STE 225,Chelmsford,MA,1824,POINT (-71.840209 42.329642),POINT (-71.689358 42.2493729),119 Drum Hill Road,STE 225,Chelmsford,MA,1824,82-5246841,MRN281457,3/12/2020 03:47:18 PM,2/12/2020 12:00:00 AM,1/5/2021 11:08:59 AM,False,,,,,,,,,,Not a DBE,,,9/17/2021 04:00:00 AM,5/19/2018 08:15:28 PM,3/27/2020 12:00:00 AM,7/9/2020 03:11:33 PM,1/12/2023 03:00:00 AM,1/22/2024 03:00:00 AM,,10000.0,1536.0,North Grafton,Worcester,42.329642,-71.840209,,13 Centennial Drive,,MA,42.249373,-71.689359,13.0,Centennial Dr,,,North Grafton,MA,Worcester County,1536.0,MJ's Market,MA,MACCC,Massachusetts Cannabis Control Commission,,,,,
07/01/2024,APPROVED,Marijuana Retailer,General Applicant,General Applicant,General Applicant,PROVISIONAL CONSIDERATION,,PAYMENT_PENDING,MR284701,"The Green Resource, Inc.",Kingston,2364.0,,,28 Cortland Drive,,Hudson,MA,1749,POINT (-70.818958 41.978877),POINT (-70.734437 42.0158640),28 Cortland Drive,,Hudson,MA,1749,86-3149369,MRN284701,9/1/2022 01:59:52 PM,7/11/2022 12:15:43 PM,,False,no,,,,,,,,,Not a DBE,,,,6/17/2022 04:59:03 PM,11/18/2022 12:08:46 PM,1/12/2023 01:42:04 PM,,,,0.0,2364.0,Kingston,Plymouth,41.978877,-70.818958,Southeast and Cape,20 Independence Road,,MA,42.015864,-70.734438,20.0,Independence Rd,,,Kingston,MA,Plymouth County,2364.0,"The Green Resource, Inc.",MA,MACCC,Massachusetts Cannabis Control Commission,,,,,
07/01/2024,APPROVED,Marijuana Retailer,General Applicant,General Applicant,General Applicant,PROVISIONAL CONSIDERATION,,PAYMENT_PENDING,MR285057,Surf's Up Cannabis Ventures LLC,Boston,2122.0,,,770 Gallivan Boulevard,,Dorchester,MA,2122,POINT (-71.073493 42.334948),POINT (-71.044580 42.2851390),47 Ralph Talbot St,,South Weymouth,MA,2190,93-4038961,MRN285057,1/11/2024 12:33:04 PM,12/7/2023 09:04:25 AM,,False,no,,,,,,,,,Not a DBE,,,,10/13/2023 11:13:44 AM,3/29/2024 04:29:56 PM,6/13/2024 03:34:14 PM,,,,0.0,2122.0,Boston,Suffolk,42.334948,-71.073493,Metro Boston,770 Gallivan Boulevard,,MA,42.285139,-71.044581,770.0,Gallivan Blvd,,,Dorchester,MA,Suffolk County,2122.0,Surf's Up Cannabis Ventures LLC,MA,MACCC,Massachusetts Cannabis Control Commission,,,,,
07/01/2024,APPROVED,Marijuana Retailer,General Applicant,General Applicant,General Applicant,FINAL LICENSE,,COMPLETE,MR283295,Mint Retail Facilities LLC,Belmont,2478.0,,,768 Pleasant Street,,Belmont,MA,2478,POINT (-71.275566 42.459085),POINT (-71.182265 42.3926080),21001 N. Tatum Blvd.,#1630-486,Phoenix,AZ,85050,84-4813265,MRN283295,3/8/2021 07:55:38 PM,1/22/2021 03:26:06 PM,7/23/2021 03:38:09 PM,False,no,,,,,,,,,Not a DBE,,,6/13/2024 04:00:00 AM,2/20/2020 01:50:38 PM,4/9/2021 11:08:47 AM,7/15/2021 04:38:14 PM,12/14/2023 03:00:00 AM,12/14/2024 03:00:00 AM,,10000.0,2478.0,Belmont,Middlesex,42.459085,-71.275566,Northeast,768 Pleasant Street,,MA,42.392608,-71.182266,768.0,Pleasant St,,,Belmont,MA,Middlesex County,2478.0,Mint Retail Facilities LLC,MA,MACCC,Massachusetts Cannabis Control Commission,,,,,
07/01/2024,APPROVED,Marijuana Retailer,General Applicant,General Applicant,General Applicant,PROVISIONAL LICENSE,,COMPLETE,MR283168,"Union Twist, Inc.",Newton,2461.0,,,630 Worcester Road,,Framingham,MA,1702,POINT (-71.275566 42.459085),POINT (-71.210211 42.3308230),"One International Place, Suite 3700",C/O Prince Lobel Tye LLP,Boston,MA,2110,83-3883936,MRN283168,5/27/2020 03:46:02 PM,6/4/2020 02:19:50 PM,,False,,,,,,,,,,Not a DBE,,,,12/5/2019 01:43:20 PM,8/6/2020 07:37:18 AM,9/10/2020 02:00:11 PM,8/10/2023 04:00:00 AM,9/18/2024 04:00:00 AM,,10000.0,2461.0,Newton Highlands,Middlesex,42.459085,-71.275566,,1158 Beacon Street,,MA,42.330823,-71.210212,1158.0,Beacon St,,,Newton Highlands,MA,Middlesex County,2461.0,"Union Twist, Inc.",MA,MACCC,Massachusetts Cannabis Control Commission,,,,,
07/01/2024,APPROVED,Marijuana Retailer,Expedited Review - Social Equity Participant,Expedited,Social Equity Participant,PROVISIONAL CONSIDERATION,,PAYMENT_PENDING,MR283413,"Lovewell Provisions, LLC",Hubbardston,1452.0,,,56 Gardner rd.,Suite A,Hubbardston,MA,1452,POINT (-71.840209 42.329642),POINT (-72.011972 42.4901899),2 Pine St,,Bedford,MA,1730,85-0630551,MRN283413,12/14/2020 11:29:48 PM,7/13/2020 04:31:15 PM,,False,yes,SE303555,SE303555,,,,,,,Not a DBE,,,,4/1/2020 01:56:16 AM,12/17/2020 12:11:28 PM,3/11/2021 01:58:47 PM,,,,0.0,1452.0,Hubbardston,Worcester,42.329642,-71.840209,Central MA,56 Gardner Rd.,Suite A,MA,42.49019,-72.011972,56.0,Gardner Rd,,,Hubbardston,MA,Worcester County,1452.0,"Lovewell Provisions, LLC",MA,MACCC,Massachusetts Cannabis Control Commission,,,,,
07/01/2024,APPROVED,Marijuana Retailer,Priority Review - Economic Empowerment Priority,Priority,Economic Empowerment Priority,COMMENCE OPS,2/17/2021,COMPLETE,MR281269,"New Dia, LLC",Worcester,1603.0,,,118 Cambridge St,,Worcester,MA,1603,POINT (-71.840209 42.329642),POINT (-71.826369 42.2432269),8 Zoar St,,Worcester,MA,1604,83-0674928,MRN281269,1/3/2020 10:41:48 AM,9/6/2019 12:00:00 AM,2/4/2020 07:58:17 PM,True,,,,APPROVED,EE201826,EEA201826,,,,Not a DBE,,,1/14/2021 03:00:00 AM,4/18/2018 02:14:17 PM,11/1/2019 12:00:00 AM,1/16/2020 03:38:23 PM,2/8/2024 03:00:00 AM,2/12/2025 03:00:00 AM,,5000.0,1603.0,Worcester,Worcester,42.329642,-71.840209,Central MA,118 Cambridge Street,,MA,42.243227,-71.82637,118.0,Cambridge St,,,Worcester,MA,Worcester County,1603.0,"New Dia, LLC",MA,MACCC,Massachusetts Cannabis Control Commission,,,,,
07/01/2024,APPROVED,Marijuana Retailer,Expedited Review - DBE Status,Expedited,DBE Status,PROVISIONAL LICENSE,,COMPLETE,MR283121,"HTC Trinity, LLC",Taunton,2780.0,,,354 Winthrop Street,,Taunton,MA,2780,POINT (-71.102131 41.778329),POINT (-71.129975 41.8866149),38 Evergreen Drive,,Taunton,MA,2780,84-3322458,MRN283121,5/15/2020 02:32:46 PM,3/24/2020 12:00:00 AM,,False,,,SE304620,,,,,,,Woman-Owned Business | Minority-Owned Business,,,,11/12/2019 06:54:45 PM,5/21/2020 11:48:21 AM,7/9/2020 03:02:34 PM,6/8/2023 04:00:00 AM,10/8/2024 04:00:00 AM,,5000.0,2780.0,Taunton,Bristol,41.778329,-71.102131,Southeast and Cape,354 Winthrop Street,,MA,41.886615,-71.129975,354.0,Winthrop St,,,Taunton,MA,Bristol County,2780.0,"HTC Trinity, LLC",MA,MACCC,Massachusetts Cannabis Control Commission,,,,,
07/01/2024,APPROVED,Marijuana Retailer,Expedited Review - DBE Status,Expedited,DBE Status,COMMENCE OPS,11/22/2023,COMPLETE,MR283519,"JDM Sales, Inc.",Mendon,1756.0,,,220 Pulaski Boulevard,,Bellingham,MA,2019,POINT (-71.840209 42.329642),POINT (-71.579494 42.0964919),220 Pulaski Boulevard,,Bellingham,MA,2019,84-4333971,MRN283519,10/30/2020 03:10:56 PM,7/8/2020 08:58:30 AM,,False,no,,,,,,,,,Minority-Owned Business,,,10/12/2023 04:00:00 AM,5/11/2020 01:02:35 PM,11/5/2020 11:21:52 AM,1/14/2021 03:31:17 PM,7/13/2023 04:00:00 AM,7/27/2024 04:00:00 AM,,10000.0,1756.0,Mendon,Worcester,42.329642,-71.840209,Central MA,103 Uxbridge Road,,MA,42.096492,-71.579495,103.0,Uxbridge Rd,,,Mendon,MA,Worcester County,1756.0,"JDM Sales, Inc.",MA,MACCC,Massachusetts Cannabis Control Commission,,,,,
07/01/2024,APPROVED,Marijuana Retailer,Expedited Review - DBE Status,Expedited,DBE Status,COMMENCE OPS,3/1/2021,COMPLETE,MR281865,Core Empowerment LLC,Boston,2130.0,,,401A Centre Street,,Jamaica Plain,MA,2130,POINT (-71.073493 42.334948),POINT (-71.110388 42.3216759),401A Centre Street,,Jamaica Plain,MA,2130,83-1709012,MRN281865,1/27/2020 12:39:02 PM,10/17/2019 12:00:00 AM,3/16/2020 11:08:31 AM,False,,,,,,,,,,Woman-Owned Business,,,2/11/2021 03:00:00 AM,9/5/2018 03:28:04 PM,1/3/2020 12:00:00 AM,3/5/2020 12:16:35 PM,4/14/2023 04:00:00 AM,10/11/2024 04:00:00 AM,,10000.0,2130.0,Jamaica Plain,Suffolk,42.334948,-71.073493,,401A Centre Street,,MA,42.321676,-71.110389,,Centre St,,,Jamaica Plain,MA,Suffolk County,2130.0,Core Empowerment LLC,MA,MACCC,Massachusetts Cannabis Control Commission,,,,,
07/01/2024,APPROVED,Marijuana Retailer,General Applicant,General Applicant,General Applicant,PROVISIONAL LICENSE,,COMPLETE,MR284123,"Flying Goose, LLC",Douglas,1516.0,,,286 Webster Street,,Douglas,MA,1516,POINT (-71.840209 42.329642),POINT (-71.815540 42.0546750),286 Webster Street,,Douglas,MA,1516,84-4550231,MRN284123,9/13/2021 03:51:28 PM,7/30/2021 09:46:05 AM,6/6/2022 09:15:31 AM,False,no,,,,,,,,,Not a DBE,,,,2/24/2021 10:00:10 AM,10/5/2021 03:28:57 PM,1/20/2022 03:33:11 PM,6/6/2022 04:00:00 AM,6/6/2023 04:00:00 AM,,10000.0,1516.0,Douglas,Worcester,42.329642,-71.840209,Central MA,286 Webster Street,,MA,42.054675,-71.815541,286.0,Webster St,,,Douglas,MA,Worcester County,1516.0,"Flying Goose, LLC",MA,MACCC,Massachusetts Cannabis Control Commission,,,,,
07/01/2024,APPROVED,Marijuana Retailer,General Applicant,General Applicant,General Applicant,PROVISIONAL LICENSE,,COMPLETE,MR283815,RC Retail Princeton LLC,Princeton,1541.0,,,104 Main Street,,Princeton,MA,1541,POINT (-71.840209 42.329642),POINT (-71.842665 42.4757710),200 Pratt Street,,Meriden,CT,6450,85-1144559,MRN283815,1/21/2021 05:08:12 PM,2/5/2021 10:11:38 AM,,False,no,,,,,,,,,Not a DBE,,,,10/7/2020 02:12:57 PM,2/5/2021 10:11:38 AM,4/16/2021 01:56:59 PM,3/10/2022 03:00:00 AM,4/26/2023 04:00:00 AM,,10000.0,1541.0,Princeton,Worcester,42.329642,-71.840209,Central MA,104 Main Street,,MA,42.475771,-71.842666,104.0,Main St,,,Princeton,MA,Worcester County,1541.0,RC Retail Princeton LLC,MA,MACCC,Massachusetts Cannabis Control Commission,,,,,
07/01/2024,APPROVED,Marijuana Retailer,General Applicant,General Applicant,General Applicant,COMMENCE OPS,7/13/2022,COMPLETE,MR283100,"Evergreen Strategies, LLC.",Belchertown,1007.0,,,52 Whispering Way,,Stow,MA,1775,POINT (-72.62073 42.322256),POINT (-72.409919 42.2910460),52 Whispering Way,,Stow,MA,1775,82-5252215,MRN283100,5/4/2020 09:11:09 PM,6/4/2020 02:20:17 PM,,False,,,,,,,,,,Not a DBE,,,6/9/2022 04:00:00 AM,11/4/2019 08:14:34 PM,8/6/2020 08:44:51 AM,9/10/2020 01:06:10 PM,11/9/2023 03:00:00 AM,11/18/2024 03:00:00 AM,,10000.0,1007.0,Belchertown,Hampshire,42.322256,-72.62073,Western MA,20 George Hannum Street,Suite B,MA,42.291046,-72.409919,20.0,George Hannum St,,,Belchertown,MA,Hampshire County,1007.0,"Evergreen Strategies, LLC.",MA,MACCC,Massachusetts Cannabis Control Commission,,,,,
07/01/2024,APPROVED,Marijuana Retailer,General Applicant,General Applicant,General Applicant,COMMENCE OPS,6/28/2024,COMPLETE,MR284345,220 ONEIL LLC,Attleboro,2703.0,,,220 O'Neil Boulevard,,Attleboro,MA,2703,POINT (-71.102131 41.778329),POINT (-71.302296 41.9389759),89 South Main Street,,Centerville,MA,2632,87-2075638,MRN284345,8/10/2022 10:48:47 AM,4/15/2022 03:47:48 PM,,False,no,,,,,,,,,Not a DBE,,,5/9/2024 04:00:00 AM,7/27/2021 02:12:36 PM,8/19/2022 09:35:50 AM,10/13/2022 03:53:13 PM,2/8/2024 03:00:00 AM,3/27/2025 04:00:00 AM,,10000.0,2703.0,Attleboro,Bristol,41.778329,-71.102131,Southeast and Cape,220 O'NEIL BOULEVARD,,MA,41.938976,-71.302297,,,,,Attleboro,MA,Bristol County,2703.0,220 ONEIL LLC,MA,MACCC,Massachusetts Cannabis Control Commission,,,,,
07/01/2024,APPROVED,Marijuana Retailer,Priority Review - MTC Priority,Priority,MTC Priority,COMMENCE OPS,7/23/2021,COMPLETE,MR281679,"Herbology Group, Inc.",Easthampton,1027.0,,,82 Wendell Ave,Suite 100,Pittsfield,MA,1201,POINT (-72.62073 42.322256),POINT (-72.663178 42.2846669),9 Nutmeg Lane,,Sandy Hook,CT,6482,81-4397799,MRN281679,9/7/2018 03:04:03 PM,8/27/2018 12:00:00 AM,12/19/2018 09:23:00 AM,True,,,,,,,APPROVED,RP201924,RP201924,Not a DBE,,,6/17/2021 04:00:00 AM,7/2/2018 10:31:58 AM,9/12/2018 12:00:00 AM,12/14/2018 11:56:35 AM,1/12/2023 03:00:00 AM,1/21/2024 03:00:00 AM,,5000.0,1027.0,Easthampton,Hampshire,42.322256,-72.62073,Western MA,195 Northampton Street,,MA,42.284667,-72.663178,195.0,Northampton St,,,Easthampton,MA,Hampshire County,1027.0,"Herbology Group, Inc.",MA,MACCC,Massachusetts Cannabis Control Commission,,,,,
07/01/2024,APPROVED,Marijuana Retailer,General Applicant,General Applicant,General Applicant,COMMENCE OPS,5/1/2023,COMPLETE,MR282084,BB Botanics LLC,Essex,1929.0,,,242 John Wise Avenue,,Essex,MA,1929,POINT (-70.970827 42.635475),POINT (-70.807472 42.653931),PO BOX 372,,Burlington,MA,1803,83-2541838,MRN282084,9/16/2020 06:39:32 PM,9/3/2020 02:38:48 PM,,False,no,,,,,,,,,Not a DBE,,,3/9/2023 03:00:00 AM,11/25/2018 09:00:55 PM,9/17/2020 11:29:34 AM,11/19/2020 04:14:36 PM,12/14/2023 03:00:00 AM,12/18/2024 03:00:00 AM,,10000.0,1929.0,Essex,Essex,42.635475,-70.970827,Northeast,242 John Wise Avenue,,MA,42.653931,-70.807472,242.0,John Wise Ave,,,Essex,MA,Essex County,1929.0,BB Botanics LLC,MA,MACCC,Massachusetts Cannabis Control Commission,,,,,
07/01/2024,APPROVED,Marijuana Retailer,General Applicant,General Applicant,General Applicant,COMMENCE OPS,5/13/2024,COMPLETE,MR282570,Union Leaf Inc.,Somerville,2143.0,,,71-72 Union Square,,Somerville,MA,2143,POINT (-71.275566 42.459085),POINT (-71.094933 42.3798460),71-72 Union Square,,Somerville,MA,2143,83-3980978,MRN282570,3/30/2020 11:44:07 AM,3/17/2020 12:00:00 AM,7/10/2020 11:59:03 AM,False,,,,,,,,,,Not a DBE,,,4/11/2024 04:00:00 AM,4/3/2019 04:58:03 PM,4/15/2020 12:00:00 AM,7/9/2020 04:03:28 PM,4/14/2023 04:00:00 AM,7/10/2024 04:00:00 AM,,10000.0,2143.0,Somerville,Middlesex,42.459085,-71.275566,Metro Boston,71-72 Union Square,,MA,42.379846,-71.094934,71.0,Union Sq,,,Somerville,MA,Middlesex County,2143.0,Union Leaf Inc.,MA,MACCC,Massachusetts Cannabis Control Commission,,,,,
07/01/2024,APPROVED,Marijuana Retailer,Expedited Review - DBE Status,Expedited,DBE Status,COMMENCE OPS,8/16/2021,COMPLETE,MR282818,Tigertown LLC,Holyoke,1040.0,,,56 Jackson Street,,Holyoke,MA,1040,POINT (-72.571312 42.12756),POINT (-72.612165 42.1958169),56 Jackson Street,,Holyoke,MA,1040,83-3148066,MRN282818,12/24/2019 10:00:03 AM,12/9/2019 12:00:00 AM,,False,,,,,,,,,,Veteran-Owned Business,,,7/15/2021 04:00:00 AM,6/28/2019 02:35:07 PM,2/12/2020 12:00:00 AM,4/9/2020 03:34:55 PM,7/13/2023 04:00:00 AM,7/17/2024 04:00:00 AM,,10000.0,1040.0,Holyoke,Hampden,42.12756,-72.571312,Western MA,56 Jackson Street,,MA,42.195817,-72.612165,56.0,Jackson St,,,Holyoke,MA,Hampden County,1040.0,Tigertown LLC,MA,MACCC,Massachusetts Cannabis Control Commission,,,,,
07/01/2024,APPROVED,Marijuana Retailer,Expedited Review - DBE Status,Expedited,DBE Status,COMMENCE OPS,6/30/2022,COMPLETE,MR283970,"KCCS, LLC",Northampton,1060.0,,,26 Strong Ave,,Northampton,MA,1060,POINT (-72.62073 42.322256),POINT (-72.62791 42.3197690),PO BOX 1630,,Northampton,MA,1061,86-1233971,MRN283970,4/21/2021 02:21:14 PM,3/10/2021 03:47:54 PM,,False,no,,,,,,,,,Minority-Owned Business,,,4/7/2022 04:00:00 AM,12/14/2020 04:20:22 PM,5/3/2021 09:53:36 AM,6/22/2021 11:04:59 AM,6/8/2023 04:00:00 AM,10/26/2024 04:00:00 AM,,10000.0,1060.0,Northampton,Hampshire,42.322256,-72.62073,Western MA,26 Strong Ave,,MA,42.319769,-72.62791,26.0,Strong Ave,,,Northampton,MA,Hampshire County,1060.0,"KCCS, LLC",MA,MACCC,Massachusetts Cannabis Control Commission,,,,,
07/01/2024,APPROVED,Marijuana Retailer,General Applicant,General Applicant,General Applicant,COMMENCE OPS,12/14/2021,COMPLETE,MR282091,"MedMen Boston, LLC",Boston,2215.0,,,"50 Congress Street, Suite 420",,Boston,MA,2109,POINT (-71.073493 42.334948),POINT (-71.099851 42.345599),"50 Congress Street, Suite 420",,Boston,MA,2109,82-5524340,MRN282091,7/22/2020 04:21:09 PM,10/25/2019 12:00:00 AM,,False,,,,,,,,,,Not a DBE,,,11/18/2021 03:00:00 AM,11/27/2018 03:43:10 PM,4/7/2020 12:00:00 AM,8/6/2020 02:13:04 PM,10/12/2023 04:00:00 AM,10/16/2024 04:00:00 AM,,10000.0,2215.0,Boston,Suffolk,42.334948,-71.073493,Metro Boston,120 Brookline Avenue,,MA,42.345599,-71.099851,120.0,Brookline Ave,,,Boston,MA,Suffolk County,2215.0,"MedMen Boston, LLC",MA,MACCC,Massachusetts Cannabis Control Commission,,,,,
07/01/2024,APPROVED,Marijuana Retailer,Priority Review - Economic Empowerment Priority,Priority,Economic Empowerment Priority,PROVISIONAL LICENSE,,COMPLETE,MR284224,KG Collective LLC,Boston,2119.0,,,1536 Tremont Street,,Boston,MA,2120,POINT (-71.073493 42.334948),POINT (-71.098716 42.3215939),1536 Tremont St,,Boston,MA,2120,82-5066736,MRN284224,5/21/2021 10:18:19 AM,5/10/2021 03:59:45 PM,,True,yes,EE201965,,APPROVED,EE201965,EEA201959,,,,Not a DBE,,,,4/28/2021 04:18:21 PM,5/28/2021 11:24:40 AM,8/12/2021 01:58:42 PM,9/14/2023 04:00:00 AM,10/6/2024 04:00:00 AM,,5000.0,2119.0,Boston,Suffolk,42.334948,-71.073493,Metro Boston,1589 Columbus Ave,,MA,42.321594,-71.098717,1589.0,Columbus Ave,,,Roxbury,MA,Suffolk County,2119.0,KG Collective LLC,MA,MACCC,Massachusetts Cannabis Control Commission,,,,,
07/01/2024,APPROVED,Marijuana Retailer,Expedited Review - DBE Status,Expedited,DBE Status,COMMENCE OPS,1/16/2024,COMPLETE,MR284185,Forest Wilde LLC,Lee,1238.0,,,75 Chestnut Street,,Lee,MA,1238,POINT (-73.209889 42.396128),POINT (-73.262462 42.3265150),75 Chestnut Street,,Lee,MA,1238,84-3709838,MRN284185,7/10/2021 03:51:07 PM,5/10/2021 01:09:15 PM,7/25/2022 09:32:27 PM,False,no,,,,,,,,,Woman-Owned Business,,,12/14/2023 03:00:00 AM,3/23/2021 12:43:00 PM,7/16/2021 09:04:49 AM,10/14/2021 01:09:20 PM,7/13/2023 04:00:00 AM,8/24/2024 04:00:00 AM,,10000.0,1238.0,Lee,Berkshire,42.396128,-73.209889,Western MA,635 Laurel Street,,MA,42.326515,-73.262463,635.0,Laurel St,,,Lee,MA,Berkshire County,1238.0,Forest Wilde LLC,MA,MACCC,Massachusetts Cannabis Control Commission,,,,,
07/01/2024,APPROVED,Marijuana Retailer,General Applicant,General Applicant,General Applicant,COMMENCE OPS,5/30/2024,COMPLETE,MR282315,Fresh Fields Gloucester LLC,Gloucester,1930.0,,,"1700 Shawsheen St, 2nd Floor",,Tewksbury,MA,1876,POINT (-70.970827 42.635475),POINT (-70.681095 42.6120629),"1700 Shawsheen St, 2nd Floor",,Tewksbury,MA,1876,83-4382416,MRN282315,6/18/2020 02:32:22 PM,2/10/2020 12:00:00 AM,12/29/2020 05:06:45 PM,False,no,,,,,,,,,Not a DBE,,,4/11/2024 04:00:00 AM,1/21/2019 12:55:15 PM,6/26/2020 12:31:04 PM,9/10/2020 01:07:33 PM,12/14/2023 03:00:00 AM,12/29/2024 03:00:00 AM,,10000.0,1930.0,Gloucester,Essex,42.635475,-70.970827,Northeast,73 Essex Ave,,MA,42.612063,-70.681096,73.0,Essex Ave,,,Gloucester,MA,Essex County,1930.0,Fresh Fields Gloucester LLC,MA,MACCC,Massachusetts Cannabis Control Commission,,,,,
07/01/2024,APPROVED,Marijuana Retailer,Expedited Review - DBE Status,Expedited,DBE Status,COMMENCE OPS,3/13/2023,COMPLETE,MR283997,"Discern'd Cannabis Purveyors, Inc.",Grafton,1519.0,,,130 Worcester Street,,North Grafton,MA,1536,POINT (-71.840209 42.329642),POINT (-71.704790 42.2242719),4 Elizabeth Street,,North Grafton,MA,1536,85-4085177,MRN283997,1/13/2021 02:05:07 PM,1/5/2021 09:46:54 AM,4/16/2021 04:31:56 PM,False,no,,,,,,,,,Minority-Owned Business,,,1/12/2023 03:00:00 AM,12/28/2020 01:16:08 PM,1/14/2021 11:57:14 AM,4/16/2021 01:52:08 PM,7/13/2023 04:00:00 AM,7/17/2024 04:00:00 AM,,10000.0,1519.0,Grafton,Worcester,42.329642,-71.840209,Central MA,130 Worcester Street,,MA,42.224272,-71.70479,130.0,Worcester St,,,North Grafton,MA,Worcester County,1536.0,"Discern'd Cannabis Purveyors, Inc.",MA,MACCC,Massachusetts Cannabis Control Commission,,,,,
07/01/2024,APPROVED,Marijuana Retailer,General Applicant,General Applicant,General Applicant,COMMENCE OPS,9/17/2021,COMPLETE,MR281978,Galil Greenery LLC,Northampton,1060.0,,,235 Main St.,,Northampton,MA,1060,POINT (-72.62073 42.322256),POINT (-72.632715 42.3180240),69B Day Ave,,Northampton,MA,1060,83-2070659,MRN281978,1/23/2020 03:21:13 PM,10/25/2019 12:00:00 AM,5/8/2020 05:35:40 PM,False,,,,,,,,,,Not a DBE,,,8/12/2021 04:00:00 AM,10/18/2018 08:51:21 PM,2/28/2020 12:00:00 AM,5/8/2020 02:27:43 PM,4/14/2023 04:00:00 AM,9/11/2024 04:00:00 AM,,10000.0,1060.0,Northampton,Hampshire,42.322256,-72.62073,Western MA,235 Main St.,,MA,42.318024,-72.632715,235.0,Main St,,,Northampton,MA,Hampshire County,1060.0,Galil Greenery LLC,MA,MACCC,Massachusetts Cannabis Control Commission,,,,,
07/01/2024,APPROVED,Marijuana Retailer,General Applicant,General Applicant,General Applicant,COMMENCE OPS,5/15/2023,COMPLETE,MR284729,"BeWell Organic Medicine, Inc.",Merrimac,1860.0,,,92 Bolt Street,,Lowell,MA,1852,POINT (-70.970827 42.635475),POINT (-70.996685 42.8312099),92 Bolt Street,,Lowell,MA,1852,46-3466824,MRN284729,11/30/2022 03:27:14 PM,11/16/2022 01:15:15 PM,1/26/2023 12:32:08 PM,False,no,,,,,,,,,Not a DBE,,,4/14/2023 04:00:00 AM,7/26/2022 03:37:58 PM,12/16/2022 09:55:46 AM,1/12/2023 01:04:01 PM,1/11/2024 03:00:00 AM,1/26/2025 03:00:00 AM,,10000.0,1860.0,Merrimac,Essex,42.635475,-70.970827,Northeast,17 Broad Street,,MA,42.83121,-70.996686,17.0,Broad St,,,Merrimac,MA,Essex County,1860.0,"BeWell Organic Medicine, Inc.",MA,MACCC,Massachusetts Cannabis Control Commission,,,,,
07/01/2024,APPROVED,Marijuana Retailer,General Applicant,General Applicant,General Applicant,COMMENCE OPS,8/5/2021,COMPLETE,MR283325,"Nature's Alternative, Inc.",Wellfleet,2667.0,,,2393 Route 6,,Wellfleet,MA,2667,POINT (-70.301811 41.698999),POINT (-70.014685 41.9279039),72 Pine Street,Suite 1,Providence,RI,2903,82-3406582,MRN283325,6/12/2020 04:36:35 PM,6/29/2020 09:24:48 AM,,False,,,,,,,,,,Not a DBE,,,7/15/2021 04:00:00 AM,3/4/2020 10:49:10 AM,8/13/2020 11:40:01 AM,11/19/2020 04:22:01 PM,12/14/2023 03:00:00 AM,12/18/2024 03:00:00 AM,,10000.0,2667.0,Wellfleet,Barnstable,41.698999,-70.301811,Southeast and Cape,2393 Route 6,,MA,41.927904,-70.014686,2393.0,US-6,,,Wellfleet,MA,Barnstable County,2667.0,"Nature's Alternative, Inc.",MA,MACCC,Massachusetts Cannabis Control Commission,,,,,
07/01/2024,APPROVED,Marijuana Retailer,General Applicant,General Applicant,General Applicant,COMMENCE OPS,8/23/2021,COMPLETE,MR283153,ReLeaf Alternative Inc.,Mansfield,2048.0,,,34 Brentwood Drive,,North Easton,MA,2356,POINT (-71.102131 41.778329),POINT (-71.232304 42.014699),34 Brentwood Drive,,North Easton,MA,2356,83-4134887,MRN283153,4/23/2020 05:11:12 PM,4/13/2020 12:00:00 AM,9/25/2020 07:23:11 PM,False,,,,,,,,,,Not a DBE,,,7/15/2021 04:00:00 AM,11/27/2019 01:06:37 PM,7/17/2020 08:13:59 AM,9/10/2020 01:31:59 PM,10/12/2023 04:00:00 AM,10/25/2024 04:00:00 AM,,10000.0,2048.0,Mansfield,Bristol,41.778329,-71.102131,Southeast and Cape,321 School Street,,MA,42.014699,-71.232305,321.0,School St,,,Mansfield,MA,Bristol County,2048.0,ReLeaf Alternative Inc.,MA,MACCC,Massachusetts Cannabis Control Commission,,,,,
07/01/2024,APPROVED,Marijuana Retailer,General Applicant,General Applicant,General Applicant,COMMENCE OPS,8/16/2021,COMPLETE,MR282975,RC Retail Amherst LLC,Amherst,1002.0,,,328 College Street,,Amherst,MA,1002,POINT (-72.62073 42.322256),POINT (-72.503100 42.3733080),200 Pratt Street,,Meriden,CT,6450,84-2935348,MRN282975,7/29/2020 04:05:30 PM,2/28/2020 12:00:00 AM,,False,,,,,,,,,,Not a DBE,,,7/15/2021 04:00:00 AM,9/4/2019 04:04:19 PM,8/6/2020 08:13:35 AM,11/19/2020 04:22:34 PM,11/9/2023 03:00:00 AM,12/3/2024 03:00:00 AM,,10000.0,1002.0,Amherst,Hampshire,42.322256,-72.62073,Western MA,328 College Street,,MA,42.373308,-72.5031,328.0,College St,,,Amherst,MA,Hampshire County,1002.0,RC Retail Amherst LLC,MA,MACCC,Massachusetts Cannabis Control Commission,,,,,
07/01/2024,APPROVED,Marijuana Retailer,General Applicant,General Applicant,General Applicant,PROVISIONAL LICENSE,,COMPLETE,MR284636,SunnyDayz Inc.,Deerfield,1342.0,,,0 Greenfield Road,Lot 105-7 and Lot 159-14,Deerfield,MA,1342,POINT (-72.573941 42.587072),POINT (-72.600917 42.5490569),55 Locust Street,,Lynn,MA,1904,87-2590830,MRN284636,7/28/2022 11:47:49 AM,4/21/2022 01:58:45 PM,11/13/2022 07:11:11 PM,False,no,,,,,,,,,Not a DBE,,,,4/11/2022 08:02:36 PM,8/12/2022 08:53:10 AM,10/13/2022 04:19:48 PM,11/9/2023 03:00:00 AM,11/13/2024 03:00:00 AM,,10000.0,1342.0,Deerfield,Franklin,42.587072,-72.573941,Western MA,Greenfield Road,Lot 150-7 and Lot 159-14,MA,42.549057,-72.600918,,Greenfield Rd,,,Deerfield,MA,Franklin County,1342.0,SunnyDayz Inc.,MA,MACCC,Massachusetts Cannabis Control Commission,,,,,
07/01/2024,APPROVED,Marijuana Retailer,Expedited Review - DBE Status,Expedited,DBE Status,PROVISIONAL LICENSE,,COMPLETE,MR284983,Uma Flowers Waltham LLC,Waltham,2451.0,,,109 Raffaele Dr,,Waltham,MA,2452,POINT (-71.275566 42.459085),POINT (-71.266037 42.3828570),2 Tarbell St,,Pepperell,MA,1463,84-4791192,MRN284983,9/18/2023 12:30:29 PM,8/31/2023 03:10:44 PM,,False,no,,,,,,,,,Minority-Owned Business | Woman-Owned Business,,,,7/1/2023 09:11:21 PM,9/22/2023 02:54:11 PM,1/11/2024 12:41:51 PM,5/15/2024 04:00:00 AM,5/15/2025 04:00:00 AM,,10000.0,2451.0,Waltham,Middlesex,42.459085,-71.275566,Northeast,196 Bear Hill Road,,MA,42.382857,-71.266038,196.0,Bear Hill Rd,,,Waltham,MA,Middlesex County,2451.0,Uma Flowers Waltham LLC,MA,MACCC,Massachusetts Cannabis Control Commission,,,,,
07/01/2024,APPROVED,Marijuana Retailer,General Applicant,General Applicant,General Applicant,COMMENCE OPS,4/9/2021,COMPLETE,MR282669,"Nature's Embrace, Inc.",Brockton,2302.0,,,221 Oak Street,Box 148,Brockton,MA,2301,POINT (-70.818958 41.978877),POINT (-70.987992 42.0862059),221 Oak Street,Box 148,Brockton,MA,2301,83-1955652,MRN282669,1/6/2020 02:54:40 PM,11/12/2019 12:00:00 AM,5/17/2020 08:56:37 AM,False,,,,,,,,,,Not a DBE,,,3/11/2021 03:00:00 AM,5/1/2019 01:14:20 PM,2/27/2020 12:00:00 AM,5/8/2020 02:21:33 PM,7/13/2023 04:00:00 AM,7/17/2024 04:00:00 AM,,10000.0,2302.0,Brockton,Plymouth,41.978877,-70.818958,Southeast and Cape,747 Centre Street,,MA,42.086206,-70.987992,747.0,Centre St,,,Brockton,MA,Plymouth County,2302.0,"Nature's Embrace, Inc.",MA,MACCC,Massachusetts Cannabis Control Commission,,,,,
07/01/2024,APPROVED,Marijuana Retailer,Expedited Review - DBE Status,Expedited,DBE Status,PROVISIONAL CONSIDERATION,,PAYMENT_PENDING,MR284916,"Chill & Bliss, LLC",Whitman,2382.0,,,800 Hingham St.,,Rockland,MA,2370,POINT (-70.818958 41.978877),POINT (-70.925572 42.0832759),800 Hingham St.,,Rockland,MA,2370,92-3353187,MRN284916,11/15/2023 11:33:57 AM,10/18/2023 12:03:43 PM,,False,no,,,,,,,,,Woman-Owned Business,,,,4/7/2023 10:53:08 AM,11/27/2023 10:12:16 AM,2/8/2024 02:55:32 PM,,,,0.0,2382.0,Whitman,Plymouth,41.978877,-70.818958,Southeast and Cape,356 South Avenue,Units 5A and 5B,MA,42.083276,-70.925572,356.0,South Ave,,,Whitman,MA,Plymouth County,2382.0,"Chill & Bliss, LLC",MA,MACCC,Massachusetts Cannabis Control Commission,,,,,
07/01/2024,APPROVED,Marijuana Retailer,Expedited Review - Social Equity Participant,Expedited,Social Equity Participant,COMMENCE OPS,4/1/2024,COMPLETE,MR284914,"Underground Legacy Social Club, LLC",Boston,2126.0,,,1379-1385 Blue Hill Avenue,,Boston,MA,2126,POINT (-71.073493 42.334948),POINT (-71.093890 42.2770810),26 JEFFERS STREET,,Boston,MA,2131,88-1390028,MRN284914,7/26/2023 01:33:51 PM,6/2/2023 09:12:12 AM,10/18/2023 09:53:14 PM,False,yes,SE305137,SE305137,,,,,,,Not a DBE,,,2/8/2024 03:00:00 AM,4/6/2023 12:28:52 PM,7/28/2023 10:09:08 AM,10/12/2023 12:53:37 PM,10/18/2023 04:00:00 AM,10/18/2024 04:00:00 AM,,5000.0,2126.0,Mattapan,Suffolk,42.334948,-71.073493,,1379-1385 Blue Hill Ave,,MA,42.277081,-71.093891,,Blue Hill Ave,,,Mattapan,MA,Suffolk County,2126.0,"Underground Legacy Social Club, LLC",MA,MACCC,Massachusetts Cannabis Control Commission,,,,,
07/01/2024,APPROVED,Marijuana Retailer,General Applicant,General Applicant,General Applicant,COMMENCE OPS,12/14/2022,COMPLETE,MR281356,B Leaf Wellness Centre LLC,Ware,1082.0,,,60 Main Street,,Ware,MA,1082,POINT (-72.62073 42.322256),POINT (-72.243831 42.2604699),60 Main St.,,Ware,MA,1082,83-1422489,MRN281356,2/14/2020 11:25:21 AM,9/25/2019 12:00:00 AM,,False,,,,,,,,,,Woman-Owned Business,,,11/10/2022 03:00:00 AM,4/30/2018 08:40:29 PM,2/20/2020 12:00:00 AM,5/8/2020 02:15:33 PM,9/14/2023 04:00:00 AM,10/13/2024 04:00:00 AM,,10000.0,1082.0,Ware,Hampshire,42.322256,-72.62073,Western MA,24 W. Main Street,,MA,42.26047,-72.243832,24.0,W Main St,,,Ware,MA,Hampshire County,1082.0,B Leaf Wellness Centre LLC,MA,MACCC,Massachusetts Cannabis Control Commission,,,,,
07/01/2024,APPROVED,Marijuana Retailer,Priority Review - MTC Priority,Priority,MTC Priority,COMMENCE OPS,6/29/2020,COMPLETE,MR281845,BERKSHIRE ROOTS INC.,Boston,2128.0,,,501 DALTON AVE,,PITTSFIELD,MA,1201,POINT (-71.073493 42.334948),POINT (-71.038891 42.3760970),501 DALTON AVE,,PITTSFIELD,MA,1201,81-5430971,MRN281845,5/10/2019 03:37:17 PM,4/23/2019 12:00:00 AM,8/27/2019 04:12:33 PM,True,,,,,,,APPROVED,RP201903,RP201903,Not a DBE,,,6/4/2020 04:00:00 AM,8/29/2018 03:21:10 PM,6/7/2019 12:00:00 AM,8/9/2019 11:39:36 AM,10/12/2023 04:00:00 AM,10/14/2024 04:00:00 AM,,5000.0,2128.0,Boston,Suffolk,42.334948,-71.073493,Metro Boston,253 Meridian Street,,MA,42.376097,-71.038891,253.0,Meridian St,,,East Boston,MA,Suffolk County,2128.0,BERKSHIRE ROOTS INC.,MA,MACCC,Massachusetts Cannabis Control Commission,,,,,
07/01/2024,APPROVED,Marijuana Retailer,Expedited Review - DBE Status,Expedited,DBE Status,FINAL LICENSE,,COMPLETE,MR283689,JWTC Wick LLC,Rowley,1969.0,,,264 Newburyport Turnpike,,Rowley,MA,1969,POINT (-70.970827 42.635475),POINT (-70.908229 42.711033),11 Upper Beacon Street,,Maynard,MA,1754,85-1201109,MRN283689,2/15/2021 09:33:57 AM,12/10/2020 02:39:01 PM,,False,no,,,,,,,,,Veteran-Owned Business,,,6/9/2022 04:00:00 AM,7/22/2020 05:18:19 PM,1/28/2021 01:40:59 PM,5/13/2021 12:28:18 PM,10/12/2023 04:00:00 AM,10/16/2024 04:00:00 AM,,10000.0,1969.0,Rowley,Essex,42.635475,-70.970827,Northeast,264 Newburyport Turnpike,,MA,42.711033,-70.908229,264.0,Newburyport Turnpike,,,Rowley,MA,Essex County,1969.0,JWTC Wick LLC,MA,MACCC,Massachusetts Cannabis Control Commission,,,,,
07/01/2024,APPROVED,Marijuana Retailer,Expedited Review - DBE Status,Expedited,DBE Status,PROVISIONAL LICENSE,,COMPLETE,MR284981,Flora Holdings LLC,Waltham,2451.0,,,221 Bear Hill Road,,Waltham,MA,2451,POINT (-71.275566 42.459085),POINT (-71.264663 42.3836480),27 Franklin Street,,Wakefiled,MA,1880,85-2685950,MRN284981,9/11/2023 03:44:43 PM,8/16/2023 11:44:49 AM,,False,no,,,,,,,,,Woman-Owned Business,,,,6/29/2023 04:31:04 PM,9/15/2023 01:07:55 PM,12/14/2023 02:28:52 PM,2/21/2024 03:00:00 AM,2/21/2025 03:00:00 AM,,10000.0,2451.0,Waltham,Middlesex,42.459085,-71.275566,Northeast,221 Bear Hill Road,,MA,42.383648,-71.264664,221.0,Bear Hill Rd,,,Waltham,MA,Middlesex County,2451.0,Flora Holdings LLC,MA,MACCC,Massachusetts Cannabis Control Commission,,,,,
07/01/2024,APPROVED,Marijuana Retailer,Expedited Review - DBE Status,Expedited,DBE Status,COMMENCE OPS,10/28/2022,COMPLETE,MR283351,"Full Harvest Moonz, Inc.",Lowell,1851.0,,,95-101 Plaistow Road,,Haverhill,MA,1830,POINT (-71.275566 42.459085),POINT (-71.357423 42.6279770),22 Veronica Lane,,Weymouth,MA,2189,83-2454860,MRN283351,6/30/2020 04:10:56 PM,7/13/2020 12:01:29 PM,,False,,,,,,,,,,Woman-Owned Business,,,9/15/2022 04:00:00 AM,3/11/2020 11:09:19 AM,7/17/2020 07:57:59 AM,9/10/2020 01:08:32 PM,10/12/2023 04:00:00 AM,11/18/2024 03:00:00 AM,,10000.0,1851.0,Lowell,Middlesex,42.459085,-71.275566,Northeast,1201 Westford Street,,MA,42.627977,-71.357424,1201.0,Westford St,,,Lowell,MA,Middlesex County,1851.0,"Full Harvest Moonz, Inc.",MA,MACCC,Massachusetts Cannabis Control Commission,,,,,
07/01/2024,APPROVED,Marijuana Retailer,Priority Review - MTC Priority,Priority,MTC Priority,COMMENCE OPS,5/6/2024,COMPLETE,MR284920,"FFD Enterprises MA, Inc.",West Springfield,1089.0,,,175 Memorial Avenue,,West Springfield,MA,1089,POINT (-72.571312 42.12756),POINT (-72.599672 42.0964889),40 Woodland Street,,Hartford,CT,6105,90-1007354,MRN284920,6/8/2023 03:31:51 PM,5/22/2023 01:01:21 PM,,True,no,,,,,,APPROVED,RP201928,RP201928,Not a DBE,,,4/11/2024 04:00:00 AM,4/13/2023 03:45:47 PM,6/16/2023 02:01:28 PM,8/10/2023 11:41:59 AM,9/21/2023 04:00:00 AM,9/21/2024 04:00:00 AM,,10000.0,1089.0,West Springfield,Hampden,42.12756,-72.571312,Western MA,175 Memorial Avenue,,MA,42.096489,-72.599673,175.0,Memorial Ave,,,West Springfield,MA,Hampden County,1089.0,"FFD Enterprises MA, Inc.",MA,MACCC,Massachusetts Cannabis Control Commission,,,,,
07/01/2024,APPROVED,Marijuana Retailer,General Applicant,General Applicant,General Applicant,COMMENCE OPS,11/21/2022,COMPLETE,MR284097,Massachusetts Citizens for Social Equity LLC,Boston,2131.0,,,1508 Dorchester Avenue,,Dorchester,MA,2122,POINT (-71.073493 42.334948),POINT (-71.121491 42.2929090),1508 Dorchester Avenue,,Dorchester,MA,2122,83-3011333,MRN284097,4/1/2021 05:07:56 PM,3/24/2021 09:34:42 AM,,False,no,,,,,,,,,Not a DBE,,,10/13/2022 04:00:00 AM,2/15/2021 09:19:03 PM,4/9/2021 10:25:28 AM,5/13/2021 12:30:58 PM,9/14/2023 04:00:00 AM,10/15/2024 04:00:00 AM,,10000.0,2131.0,Roslindale,Suffolk,42.334948,-71.073493,,3995-3997 Washington Street,,MA,42.292909,-71.121491,,Washington St,,,Roslindale,MA,Suffolk County,2131.0,Massachusetts Citizens for Social Equity LLC,MA,MACCC,Massachusetts Cannabis Control Commission,,,,,
07/01/2024,APPROVED,Marijuana Retailer,Priority Review - MTC Priority,Priority,MTC Priority,COMMENCE OPS,5/25/2023,COMPLETE,MR284476,GreenCare Collective LLC,Millbury,1527.0,,,12 Latti Farm Road,,Millbury,MA,1527,POINT (-71.840209 42.329642),POINT (-71.772120 42.2159520),12 Latti Farm Road,,Millbury,MA,1527,82-1264062,MRN284476,8/8/2022 10:21:26 AM,5/16/2022 12:04:54 PM,12/8/2022 03:04:05 PM,True,no,,,,,,,,RP201818,Not a DBE,,,4/14/2023 04:00:00 AM,11/2/2021 02:09:42 PM,8/12/2022 08:53:41 AM,12/8/2022 02:41:43 PM,12/14/2023 03:00:00 AM,12/18/2024 03:00:00 AM,,10000.0,1527.0,Millbury,Worcester,42.329642,-71.840209,Central MA,12 Latti Farm Road,,MA,42.215952,-71.772121,12.0,Latti Farm Rd,,,Millbury,MA,Worcester County,1527.0,GreenCare Collective LLC,MA,MACCC,Massachusetts Cannabis Control Commission,,,,,
07/01/2024,APPROVED,Marijuana Retailer,Expedited Review - DBE Status,Expedited,DBE Status,COMMENCE OPS,6/8/2023,COMPLETE,MR284431,INDICA LLC,Adams,1220.0,,,11 Apex Drive Suite 300A #240,,Marlborough,MA,1752,POINT (-73.209889 42.396128),POINT (-73.113759 42.6335010),11 Apex Drive Suite 300A #240,,Marlborough,MA,1752,87-3386887,MRN284431,4/28/2022 04:04:53 PM,4/7/2022 01:54:56 PM,7/14/2022 12:37:53 PM,False,no,,,,,,,,,Minority-Owned Business,,,5/22/2023 04:00:00 AM,9/28/2021 04:08:18 AM,5/6/2022 10:48:06 AM,7/14/2022 12:01:49 PM,8/10/2023 04:00:00 AM,8/14/2024 04:00:00 AM,,10000.0,1220.0,Adams,Berkshire,42.396128,-73.209889,Western MA,127 Columbia St,,MA,42.633501,-73.11376,127.0,Columbia St,,,Adams,MA,Berkshire County,1220.0,INDICA LLC,MA,MACCC,Massachusetts Cannabis Control Commission,,,,,
07/01/2024,APPROVED,Marijuana Retailer,General Applicant,General Applicant,General Applicant,COMMENCE OPS,4/14/2023,COMPLETE,MR281597,Tree Market Taunton LLC,Taunton,2780.0,,,7613 Overlake Drive W,,Medina,WA,98039,POINT (-71.102131 41.778329),POINT (-71.067136 41.905459),7613 Overlake Drive W,,Medina,WA,98039,84-2123286,MRN281597,3/6/2020 02:38:01 PM,1/22/2020 12:00:00 AM,10/2/2020 10:27:22 AM,False,,,,,,,,,,Not a DBE,,,3/9/2023 03:00:00 AM,6/14/2018 04:38:16 PM,3/12/2020 12:00:00 AM,7/9/2020 04:41:29 PM,11/9/2023 03:00:00 AM,11/18/2024 03:00:00 AM,,10000.0,2780.0,Taunton,Bristol,41.778329,-71.102131,Southeast and Cape,9 Cape Road,,MA,41.905459,-71.067136,9.0,Cape Rd,,,Taunton,MA,Bristol County,2780.0,Tree Market Taunton LLC,MA,MACCC,Massachusetts Cannabis Control Commission,,,,,
07/01/2024,APPROVED,Marijuana Retailer,General Applicant,General Applicant,General Applicant,COMMENCE OPS,11/21/2022,COMPLETE,MR281782,"Toy Town Project, LLC",Winchendon,1475.0,,,463 Maple St.,,Winchendon,MA,1475,POINT (-71.840209 42.329642),POINT (-72.016108 42.6935080),PO Box 349,,Rindge,NH,3461,83-1165991,MRN281782,4/26/2021 03:49:12 PM,3/5/2019 12:00:00 AM,7/16/2021 11:27:11 AM,False,no,,,,,,,,,Woman-Owned Business | Not a DBE,,,9/15/2022 04:00:00 AM,8/5/2018 05:42:26 PM,4/30/2021 09:12:23 AM,7/15/2021 04:45:18 PM,7/13/2023 04:00:00 AM,7/16/2024 04:00:00 AM,,10000.0,1475.0,Winchendon,Worcester,42.329642,-71.840209,Central MA,463 Maple St,,MA,42.693508,-72.016108,463.0,Maple St,,,Winchendon,MA,Worcester County,1475.0,"Toy Town Project, LLC",MA,MACCC,Massachusetts Cannabis Control Commission,,,,,
07/01/2024,APPROVED,Marijuana Retailer,Expedited Review - DBE Status,Expedited,DBE Status,COMMENCE OPS,8/23/2022,COMPLETE,MR283098,"6 Bricks, LLC.",Springfield,1105.0,,,250 Albany Street,,Springfield,MA,1105,POINT (-72.571312 42.12756),POINT (-72.597964 42.1054120),250 Albany Street,,Springfield,MA,1105,83-2005719,MRN283098,6/24/2020 10:20:52 AM,1/30/2020 12:00:00 AM,7/13/2020 09:17:37 PM,False,no,,,,,,,,,Minority-Owned Business | Woman-Owned Business,,,7/14/2022 04:00:00 AM,11/2/2019 02:11:09 PM,3/12/2020 12:00:00 AM,7/9/2020 02:29:57 PM,2/8/2024 03:00:00 AM,2/16/2025 03:00:00 AM,,10000.0,1105.0,Springfield,Hampden,42.12756,-72.571312,Western MA,1860 Main Street,,MA,42.105412,-72.597964,1860.0,Main St,,,Springfield,MA,Hampden County,1103.0,"6 Bricks, LLC.",MA,MACCC,Massachusetts Cannabis Control Commission,,,,,
07/01/2024,APPROVED,Marijuana Retailer,General Applicant,General Applicant,General Applicant,PROVISIONAL LICENSE,,COMPLETE,MR284801,"CTDW Beverly, LLC",Beverly,1915.0,,,3 Dodge Street,,Salem,MA,1970,POINT (-70.970827 42.635475),POINT (-70.881432 42.543872),3 Dodge Street,,Salem,MA,1970,88-4233104,MRN284801,6/5/2023 06:36:44 PM,1/31/2023 04:30:17 PM,,False,no,,,,,,,,,Not a DBE,,,,11/2/2022 10:56:52 AM,6/15/2023 01:28:56 PM,7/13/2023 01:55:25 PM,7/19/2023 04:00:00 AM,7/19/2024 04:00:00 AM,,10000.0,1915.0,Beverly,Essex,42.635475,-70.970827,Northeast,73 Cabot Street,,MA,42.543872,-70.881432,73.0,Cabot St,,,Beverly,MA,Essex County,1915.0,"CTDW Beverly, LLC",MA,MACCC,Massachusetts Cannabis Control Commission,,,,,
07/01/2024,APPROVED,Marijuana Retailer,General Applicant,General Applicant,General Applicant,COMMENCE OPS,4/10/2023,COMPLETE,MR282696,"Standard Naturals, LLC",Malden,2148.0,,,7 Linehurst Rd,,Malden,MA,2148,POINT (-71.275566 42.459085),POINT (-71.025721 42.4435580),296 Main Street,,Everett,MA,2149,83-3136384,MRN282696,4/8/2021 07:06:22 PM,4/2/2021 09:34:26 AM,,False,no,,,,,,,,,Not a DBE,,,3/9/2023 03:00:00 AM,5/9/2019 09:58:51 AM,4/30/2021 09:04:38 AM,6/22/2021 11:13:48 AM,7/13/2023 04:00:00 AM,7/27/2024 04:00:00 AM,,10000.0,2148.0,Malden,Middlesex,42.459085,-71.275566,Northeast,7 Linehurst Road,,MA,42.443558,-71.025721,7.0,Linehurst Rd,,,Malden,MA,Middlesex County,2148.0,"Standard Naturals, LLC",MA,MACCC,Massachusetts Cannabis Control Commission,,,,,
07/01/2024,APPROVED,Marijuana Retailer,General Applicant,General Applicant,General Applicant,PROVISIONAL LICENSE,,COMPLETE,MR283784,"Leaf Relief, Inc.",Brockton,2301.0,,,165 Westgate Drive,,Brockton,MA,2301,POINT (-70.818958 41.978877),POINT (-71.050234 42.0938019),1280 Belmont Street,,Brockton,MA,2301,83-3845034,MRN283784,1/1/2021 10:21:25 AM,12/11/2020 04:13:54 PM,,False,no,,,,,,,,,Not a DBE,,,,9/18/2020 01:05:34 PM,1/8/2021 02:36:13 PM,4/16/2021 01:55:36 PM,9/14/2023 04:00:00 AM,9/14/2024 04:00:00 AM,,10000.0,2301.0,Brockton,Plymouth,41.978877,-70.818958,Southeast and Cape,165 Westgate Drive,,MA,42.093802,-71.050234,165.0,Westgate Dr,,,Brockton,MA,Plymouth County,2301.0,"Leaf Relief, Inc.",MA,MACCC,Massachusetts Cannabis Control Commission,,,,,
07/01/2024,APPROVED,Marijuana Retailer,Expedited Review - Social Equity Participant,Expedited,Social Equity Participant,PROVISIONAL LICENSE,,COMPLETE,MR284441,Primus LLC,Springfield,1109.0,,,666 State St.,,Springfield,MA,1109,POINT (-72.571312 42.12756),POINT (-72.570273 42.1106570),666 State St.,,Springfield,MA,1109,83-4302773,MRN284441,8/23/2022 08:31:57 AM,2/8/2022 01:20:39 PM,1/25/2023 03:18:43 PM,False,yes,SE303656,SE303656,,,,,,,Minority-Owned Business,,,,10/7/2021 11:12:30 AM,8/10/2022 04:55:57 PM,9/16/2022 02:03:17 PM,1/25/2023 03:00:00 AM,5/24/2024 04:00:00 AM,,5000.0,1109.0,Springfield,Hampden,42.12756,-72.571312,Western MA,666 State St.,,MA,42.110657,-72.570273,666.0,State St,,,Springfield,MA,Hampden County,1109.0,Primus LLC,MA,MACCC,Massachusetts Cannabis Control Commission,,,,,
07/01/2024,APPROVED,Marijuana Retailer,General Applicant,General Applicant,General Applicant,COMMENCE OPS,4/22/2022,COMPLETE,MR283559,"Webber Road Ops, LLC",Brimfield,1010.0,,,275 Sturbridge Road,,Brimfield,MA,1010,POINT (-72.571312 42.12756),POINT (-72.158585 42.1142060),199 Anna Farm Road East,,North Stonington,CT,6359,84-5078515,MRN283559,8/14/2020 12:15:22 PM,7/20/2020 02:06:00 PM,,False,no,,,,,,,,,Not a DBE,,,4/7/2022 04:00:00 AM,5/26/2020 04:18:37 PM,8/20/2020 02:17:43 PM,10/8/2020 02:50:48 PM,10/12/2023 04:00:00 AM,11/20/2024 03:00:00 AM,,10000.0,1010.0,Brimfield,Hampden,42.12756,-72.571312,Central MA,275 Sturbridge Road,,MA,42.114206,-72.158585,275.0,Sturbridge Rd,,,Brimfield,MA,Hampden County,1010.0,"Webber Road Ops, LLC",MA,MACCC,Massachusetts Cannabis Control Commission,,,,,
07/01/2024,APPROVED,Marijuana Retailer,General Applicant,General Applicant,General Applicant,COMMENCE OPS,11/4/2020,COMPLETE,MR281791,"Green Gold Group, INC",Charlton,1507.0,,,60 Prospect Street,,North Brookfield,MA,1535,POINT (-71.840209 42.329642),POINT (-71.985539 42.1458269),46 Appleton St,,Boston,MA,2116,47-4984402,MRN281791,3/29/2020 10:34:40 AM,9/18/2018 12:00:00 AM,6/9/2020 01:19:04 PM,False,,,,,,,,,,Not a DBE,,,10/8/2020 04:00:00 AM,8/10/2018 08:02:41 AM,4/15/2020 12:00:00 AM,6/4/2020 02:15:35 PM,6/13/2024 04:00:00 AM,6/21/2025 04:00:00 AM,,10000.0,1507.0,Charlton,Worcester,42.329642,-71.840209,Central MA,46 Worcester Road,,MA,42.145827,-71.985539,46.0,Worcester Rd,,,Charlton,MA,Worcester County,1507.0,"Green Gold Group, INC",MA,MACCC,Massachusetts Cannabis Control Commission,,,,,
07/01/2024,APPROVED,Marijuana Retailer,General Applicant,General Applicant,General Applicant,COMMENCE OPS,3/11/2021,COMPLETE,MR283040,"Turning Leaf Centers Northampton, LLC",Northampton,1060.0,,,261 King Street,,Northampton,MA,1060,POINT (-72.62073 42.322256),POINT (-72.633972 42.3313800),PO Box 1328,,East Otis,MA,1029,00-1403270,MRN283040,6/30/2020 01:02:34 PM,3/4/2020 12:00:00 AM,,False,,,,,,,,,,Not a DBE,,,2/11/2021 03:00:00 AM,10/9/2019 02:56:14 PM,7/7/2020 11:24:20 AM,9/10/2020 01:56:33 PM,1/11/2024 03:00:00 AM,1/15/2025 03:00:00 AM,,10000.0,1060.0,Northampton,Hampshire,42.322256,-72.62073,Western MA,261 King Street,,MA,42.33138,-72.633972,261.0,King St,,,Northampton,MA,Hampshire County,1060.0,"Turning Leaf Centers Northampton, LLC",MA,MACCC,Massachusetts Cannabis Control Commission,,,,,
07/01/2024,APPROVED,Marijuana Retailer,Expedited Review - Social Equity Participant,Expedited,Social Equity Participant,PROVISIONAL LICENSE,,COMPLETE,MR283261,Medicine Man Solutions LLC,Taunton,2780.0,,,144 W Brittania St,,Taunton,MA,2780,POINT (-71.102131 41.778329),POINT (-71.143816 41.884062),PO Box 6045,,Taunton,MA,2780,84-4482004,MRN283261,12/1/2023 10:43:01 AM,10/27/2023 04:08:57 PM,2/8/2024 04:52:03 PM,False,yes,SE304323,SE304323,,,,,,,Not a DBE,,,,1/31/2020 11:00:40 AM,12/22/2023 03:10:53 PM,2/8/2024 02:57:24 PM,2/8/2024 03:00:00 AM,2/8/2025 03:00:00 AM,,5000.0,2780.0,Taunton,Bristol,41.778329,-71.102131,Southeast and Cape,446 Winthrop Street,,MA,41.884062,-71.143816,446.0,Winthrop St,,,Taunton,MA,Bristol County,2780.0,Medicine Man Solutions LLC,MA,MACCC,Massachusetts Cannabis Control Commission,,,,,
07/01/2024,APPROVED,Marijuana Retailer,Expedited Review - DBE Status,Expedited,DBE Status,PROVISIONAL CONSIDERATION,,PAYMENT_PENDING,MR282666,"THE HIGH END WELLNESS COMPANY, LLC",Holyoke,1040.0,,,384 DWIGHT STREET,,HOLYOKE,MA,1040,POINT (-72.571312 42.12756),POINT (-72.604607 42.204729),PO BOX 151,,HOLYOKE,MA,1041,84-5038160,MRN282666,5/5/2020 12:19:59 PM,3/31/2020 12:00:00 AM,,False,,,SE306939,,,,,,,Minority-Owned Business | Woman-Owned Business,,,,4/30/2019 05:52:25 PM,5/21/2020 01:22:30 PM,7/9/2020 03:56:49 PM,,,,0.0,1040.0,Holyoke,Hampden,42.12756,-72.571312,Western MA,384 DWIGHT STREET,,MA,42.204729,-72.604608,384.0,Dwight St,,,Holyoke,MA,Hampden County,1040.0,"THE HIGH END WELLNESS COMPANY, LLC",MA,MACCC,Massachusetts Cannabis Control Commission,,,,,
07/01/2024,APPROVED,Marijuana Retailer,General Applicant,General Applicant,General Applicant,PROVISIONAL LICENSE,,COMPLETE,MR283816,RC Retail Westfield LLC,Westfield,1085.0,,,265 Union Street,,Westfield,MA,1085,POINT (-72.571312 42.12756),POINT (-72.718452 42.1222619),200 Pratt Street,,Meriden,CT,6450,85-1112313,MRN283816,12/17/2020 10:29:52 AM,12/23/2020 01:46:52 PM,,False,no,,,,,,,,,Not a DBE,,,,10/7/2020 03:19:17 PM,12/24/2020 11:10:18 AM,3/11/2021 02:03:19 PM,2/9/2023 03:00:00 AM,3/17/2024 04:00:00 AM,,10000.0,1085.0,Westfield,Hampden,42.12756,-72.571312,Western MA,265 Union Street,,MA,42.122262,-72.718453,265.0,Union St,,,Westfield,MA,Hampden County,1085.0,RC Retail Westfield LLC,MA,MACCC,Massachusetts Cannabis Control Commission,,,,,
07/01/2024,APPROVED,Marijuana Retailer,General Applicant,General Applicant,General Applicant,COMMENCE OPS,3/29/2023,COMPLETE,MR284603,Cannabis of Worcester LLC,Worcester,1606.0,,,56 Millbrook Street,,Worcester,MA,1606,POINT (-71.840209 42.329642),POINT (-71.800731 42.2869469),201 Park Avenue,,Worcester,MA,1609,88-1003415,MRN284603,7/26/2022 03:26:37 PM,5/27/2022 11:37:35 AM,,False,no,,,,,,,,,Not a DBE,,,3/9/2023 03:00:00 AM,3/3/2022 10:20:00 AM,8/12/2022 08:55:20 AM,10/13/2022 04:00:50 PM,11/9/2023 03:00:00 AM,11/13/2024 03:00:00 AM,,10000.0,1606.0,Worcester,Worcester,42.329642,-71.840209,Central MA,56 Millbrook Street,,MA,42.286947,-71.800732,56.0,Millbrook St,,,Worcester,MA,Worcester County,1606.0,Cannabis of Worcester LLC,MA,MACCC,Massachusetts Cannabis Control Commission,,,,,
07/01/2024,APPROVED,Marijuana Retailer,General Applicant,General Applicant,General Applicant,PROVISIONAL LICENSE,,COMPLETE,MR284994,"Pure Tewksbury, Inc.",Tewksbury,1876.0,,,1695 Shawsheen St,,Tewksbury,MA,1876,POINT (-71.275566 42.459085),POINT (-71.18289 42.6208000),1695 Shawsheen St,,Tewksbury,MA,1876,92-0769290,MRN284994,11/20/2023 04:36:36 PM,11/15/2023 10:44:09 AM,2/21/2024 10:01:01 AM,False,no,,,,,,,,,Not a DBE,,,,7/19/2023 09:42:30 AM,12/1/2023 04:07:14 PM,2/8/2024 03:01:40 PM,2/21/2024 03:00:00 AM,2/21/2025 03:00:00 AM,,10000.0,1876.0,Tewksbury,Middlesex,42.459085,-71.275566,Northeast,1695 Shawsheen St,,MA,42.6208,-71.18289,1695.0,Shawsheen St,,,Tewksbury,MA,Middlesex County,1876.0,"Pure Tewksbury, Inc.",MA,MACCC,Massachusetts Cannabis Control Commission,,,,,
07/01/2024,APPROVED,Marijuana Retailer,General Applicant,General Applicant,General Applicant,PROVISIONAL LICENSE,,COMPLETE,MR284796,Porter Square Remedies LLC,Cambridge,2140.0,,,1908 Massachusetts Avenue,,Cambridge,MA,2140,POINT (-71.275566 42.459085),POINT (-71.119872 42.388897),2408 Princeton Way,,Westford,MA,1886,87-2075276,MRN284796,7/21/2023 03:57:57 PM,12/7/2022 08:36:17 AM,,False,no,,,,,,,,,Not a DBE,,,,10/25/2022 01:37:14 PM,7/28/2023 09:27:47 AM,11/9/2023 01:08:20 PM,4/11/2024 04:00:00 AM,4/11/2025 04:00:00 AM,,10000.0,2140.0,Cambridge,Middlesex,42.459085,-71.275566,Metro Boston,1908 Massachusetts Avenue,,MA,42.388897,-71.119873,1908.0,Massachusetts Ave,,,Cambridge,MA,Middlesex County,2140.0,Porter Square Remedies LLC,MA,MACCC,Massachusetts Cannabis Control Commission,,,,,
07/01/2024,APPROVED,Marijuana Retailer,General Applicant,General Applicant,General Applicant,COMMENCE OPS,8/29/2023,COMPLETE,MR284144,"Massachusetts Green Retail, Inc.",Lynn,1905.0,,,829 Boston Street,,Lynn,MA,1905,POINT (-70.970827 42.635475),POINT (-70.989087 42.4599540),1 Curtis Street,,Boston,MA,2128,84-4141180,MRN284144,7/21/2021 04:17:57 PM,3/25/2021 10:41:41 AM,11/18/2021 02:13:20 PM,False,no,,,,,,,,,Not a DBE,,,7/13/2023 04:00:00 AM,3/9/2021 10:42:00 AM,8/23/2021 01:07:23 PM,10/14/2021 01:11:01 PM,11/9/2023 03:00:00 AM,11/18/2024 03:00:00 AM,,10000.0,1905.0,Lynn,Essex,42.635475,-70.970827,Northeast,"829 Boston Street, Lynn, MA 01905",,MA,42.459954,-70.989088,829.0,Boston St,,,Lynn,MA,Essex County,1905.0,"Massachusetts Green Retail, Inc.",MA,MACCC,Massachusetts Cannabis Control Commission,,,,,
07/01/2024,APPROVED,Marijuana Retailer,General Applicant,General Applicant,General Applicant,COMMENCE OPS,7/17/2023,COMPLETE,MR284606,"Leaf Joy, LLC",Gill,1354.0,,,1 Main Road,,Gill,MA,1354,POINT (-72.573941 42.587072),POINT (-72.548405 42.6139030),1 Main Road,,Gill,MA,1354,88-1028227,MRN284606,4/4/2022 10:14:24 AM,4/1/2022 12:42:07 PM,,False,no,,,,,,,,,Not a DBE,,,6/8/2023 04:00:00 AM,3/7/2022 11:58:18 AM,5/6/2022 09:54:46 AM,7/14/2022 12:01:24 PM,2/8/2024 03:00:00 AM,3/1/2025 03:00:00 AM,,10000.0,1354.0,Gill,Franklin,42.587072,-72.573941,Western MA,1 Main Road,,MA,42.613903,-72.548405,1.0,Main Rd,,,Gill,MA,Franklin County,1354.0,"Leaf Joy, LLC",MA,MACCC,Massachusetts Cannabis Control Commission,,,,,
07/01/2024,APPROVED,Marijuana Retailer,General Applicant,General Applicant,General Applicant,COMMENCE OPS,7/5/2022,COMPLETE,MR282853,BKPN LLC,Dracut,1826.0,,,1274 Merrimack Street,,DRACUT,MA,1826,POINT (-71.275566 42.459085),POINT (-71.241795 42.6677079),1274 Merrimack Street,,DRACUT,MA,1826,84-2328124,MRN282853,4/1/2020 02:16:28 PM,2/5/2020 12:00:00 AM,10/26/2020 02:41:26 PM,False,,,,,,,,,,Not a DBE,,,5/12/2022 04:00:00 AM,7/10/2019 03:46:50 PM,4/7/2020 12:00:00 AM,7/9/2020 02:32:22 PM,9/14/2023 04:00:00 AM,10/26/2024 04:00:00 AM,,10000.0,1826.0,Dracut,Middlesex,42.459085,-71.275566,Northeast,1274 Merrimack Street,,MA,42.667708,-71.241796,1274.0,Merrimack Ave,,,Dracut,MA,Middlesex County,1826.0,BKPN LLC,MA,MACCC,Massachusetts Cannabis Control Commission,,,,,
07/01/2024,APPROVED,Marijuana Retailer,General Applicant,General Applicant,General Applicant,COMMENCE OPS,6/1/2023,COMPLETE,MR284328,"Silver Therapeutics of Palmer, Inc.",Palmer,1069.0,,,1235 Thorndike Street,,Palmer,MA,1069,POINT (-72.571312 42.12756),POINT (-72.318765 42.1774429),89 Court Street,,Saratoga,NY,12866,87-1010671,MRN284328,5/12/2022 11:43:19 AM,4/28/2022 01:38:04 PM,,False,no,,,,,,,,,Not a DBE,,,4/14/2023 04:00:00 AM,7/15/2021 03:40:10 PM,5/27/2022 06:59:15 AM,7/14/2022 11:58:34 AM,8/10/2023 04:00:00 AM,8/12/2024 04:00:00 AM,,10000.0,1069.0,Palmer,Hampden,42.12756,-72.571312,Western MA,1235 Thorndike Street,,MA,42.177443,-72.318766,1235.0,Thorndike St,,,Palmer,MA,Hampden County,1069.0,"Silver Therapeutics of Palmer, Inc.",MA,MACCC,Massachusetts Cannabis Control Commission,,,,,
07/01/2024,APPROVED,Marijuana Retailer,Expedited Review - DBE Status,Expedited,DBE Status,COMMENCE OPS,1/7/2022,COMPLETE,MR282884,"Coastal Cultivars, LLC",Great Barrington,1230.0,,,399 Boylston Street,Sixth Floor,Boston,MA,2116,POINT (-73.209889 42.396128),POINT (-73.365125 42.1896780),399 Boylston Street,Sixth Floor,Boston,MA,2116,83-2354890,MRN282884,1/8/2021 03:46:01 PM,12/29/2020 04:46:29 PM,,False,no,,,,,,,,,Minority-Owned Business,,,11/18/2021 03:00:00 AM,7/24/2019 11:42:36 AM,1/14/2021 11:17:45 AM,4/16/2021 01:50:54 PM,6/8/2023 04:00:00 AM,10/8/2024 04:00:00 AM,,10000.0,1230.0,Great Barrington,Berkshire,42.396128,-73.209889,Western MA,454 Main Street,,MA,42.189678,-73.365125,454.0,Main St,,,Great Barrington,MA,Berkshire County,1230.0,"Coastal Cultivars, LLC",MA,MACCC,Massachusetts Cannabis Control Commission,,,,,
07/01/2024,APPROVED,Marijuana Retailer,General Applicant,General Applicant,General Applicant,COMMENCE OPS,5/9/2023,COMPLETE,MR284607,New England Regional Dispensary,Clarksburg,1247.0,,,34 Cross Road,,Clarksburg,MA,1247,POINT (-73.209889 42.396128),POINT (-73.079824 42.7158220),65 Furnace St,,North Adams,MA,1247,84-4449751,MRN284607,9/16/2022 02:25:19 PM,5/2/2022 10:57:05 AM,,False,no,,,,,,,,,Not a DBE,,,4/14/2023 04:00:00 AM,3/7/2022 12:05:55 PM,8/5/2022 09:18:07 AM,9/19/2022 08:43:17 AM,10/12/2023 04:00:00 AM,10/16/2024 04:00:00 AM,,10000.0,1247.0,North Adams,Berkshire,42.396128,-73.209889,Western MA,34 Cross Road,,MA,42.715822,-73.079824,34.0,Cross Rd,,,Clarksburg,MA,Berkshire County,1247.0,New England Regional Dispensary,MA,MACCC,Massachusetts Cannabis Control Commission,,,,,
07/01/2024,APPROVED,Marijuana Retailer,Expedited Review - DBE Status,Expedited,DBE Status,PROVISIONAL CONSIDERATION,,PAYMENT_PENDING,MR281472,Elevation Inc.,Brockton,2301.0,,,68 Hovendon Ave.,,Brockton,MA,2302,POINT (-70.818958 41.978877),POINT (-71.019721 42.0823940),68 Hovendon Ave.,,Brockton,MA,2302,30-1173504,MRN281472,2/24/2021 09:44:30 AM,5/28/2020 08:32:06 AM,,False,,,SE303907,,,,,,,Minority-Owned Business,,,,5/23/2018 07:16:06 PM,6/12/2020 08:19:45 AM,3/11/2021 01:46:43 PM,,,,0.0,2301.0,Brockton,Plymouth,41.978877,-70.818958,Southeast and Cape,156-162 Main Street,,MA,42.082394,-71.019721,162.0,Main St,,,Brockton,MA,Plymouth County,2301.0,Elevation Inc.,MA,MACCC,Massachusetts Cannabis Control Commission,,,,,
07/01/2024,APPROVED,Marijuana Retailer,General Applicant,General Applicant,General Applicant,COMMENCE OPS,1/18/2023,COMPLETE,MR282175,Green River Cannabis Company Inc,Greenfield,1301.0,,,398 Deerfield Street,,Greenfield,MA,1301,POINT (-72.573941 42.587072),POINT (-72.594617 42.5719080),30 Washington Street,,Attleboro,MA,2703,83-3185115,MRN282175,3/2/2020 08:01:26 PM,1/9/2020 12:00:00 AM,,False,,,,,,,,,,Not a DBE,,,11/10/2022 03:00:00 AM,12/13/2018 10:31:12 AM,3/5/2020 12:00:00 AM,6/4/2020 02:16:07 PM,10/12/2023 04:00:00 AM,10/14/2024 04:00:00 AM,,10000.0,1301.0,Greenfield,Franklin,42.587072,-72.573941,Western MA,398 Deerfield Street,,MA,42.571908,-72.594618,398.0,Deerfield St,,,Greenfield,MA,Franklin County,1301.0,Green River Cannabis Company Inc,MA,MACCC,Massachusetts Cannabis Control Commission,,,,,
07/01/2024,APPROVED,Marijuana Retailer,Expedited Review - DBE Status,Expedited,DBE Status,COMMENCE OPS,6/4/2024,COMPLETE,MR284276,Smokey Leaf,Greenfield,1301.0,,,45-49 Bank Row,,Greenfield,MA,1301,POINT (-72.573941 42.587072),POINT (-72.600399 42.5864839),49 Bank Row,,Greenfield,MA,1301,86-2382648,MRN284276,8/23/2021 01:36:24 PM,7/20/2021 01:12:14 PM,,False,no,,,,,,,,,Minority-Owned Business | Woman-Owned Business,,,5/9/2024 04:00:00 AM,6/9/2021 09:03:24 AM,9/3/2021 07:44:59 AM,11/18/2021 02:37:36 PM,11/9/2023 03:00:00 AM,11/29/2024 03:00:00 AM,,10000.0,1301.0,Greenfield,Franklin,42.587072,-72.573941,Western MA,45-49 Bank Row,,MA,42.586484,-72.6004,49.0,Bank Row St,,,Greenfield,MA,Franklin County,1301.0,Smokey Leaf,MA,MACCC,Massachusetts Cannabis Control Commission,,,,,
07/01/2024,APPROVED,Marijuana Retailer,General Applicant,General Applicant,General Applicant,PROVISIONAL LICENSE,,COMPLETE,MR284765,ELEVATION RETAIL LLC,New Bedford,2740.0,,,0 PHILLIPS RD.,,NEW BEDFORD,MA,2740,POINT (-71.102131 41.778329),POINT (-70.949884 41.7252730),385 GREAT RD.,,BEDFORD,MA,1730,85-3896315,MRN284765,2/9/2023 01:00:10 PM,11/28/2022 11:55:28 AM,8/3/2023 06:07:38 PM,False,no,,,,,,,,,Not a DBE,,,,9/20/2022 01:37:25 PM,2/10/2023 09:35:07 AM,5/11/2023 02:11:57 PM,8/3/2023 04:00:00 AM,8/3/2024 04:00:00 AM,,10000.0,2740.0,New Bedford,Bristol,41.778329,-71.102131,Southeast and Cape,2121 Phillips Road,,MA,41.725273,-70.949885,2121.0,Phillips Rd,,,New Bedford,MA,Bristol County,2745.0,ELEVATION RETAIL LLC,MA,MACCC,Massachusetts Cannabis Control Commission,,,,,
07/01/2024,APPROVED,Marijuana Retailer,General Applicant,General Applicant,General Applicant,COMMENCE OPS,12/2/2022,COMPLETE,MR282206,"Coastal Healing, Inc.",Westport,2790.0,,,248 State Road,,Westport,MA,2790,POINT (-71.102131 41.778329),POINT (-71.103795 41.6731279),1942 Crandall Road,,Tiverton,RI,2878,84-2687547,MRN282206,11/6/2021 09:30:29 AM,9/24/2021 11:07:18 AM,,False,no,,,,,,,,,Not a DBE,,,10/13/2022 04:00:00 AM,12/19/2018 10:10:13 AM,11/15/2021 03:49:21 PM,2/14/2022 04:15:01 PM,2/8/2024 03:00:00 AM,2/23/2025 03:00:00 AM,,10000.0,2790.0,Westport,Bristol,41.778329,-71.102131,Southeast and Cape,248 State Road,,MA,41.673128,-71.103795,248.0,State Rd,,,Westport,MA,Bristol County,2790.0,"Coastal Healing, Inc.",MA,MACCC,Massachusetts Cannabis Control Commission,,,,,
07/01/2024,APPROVED,Marijuana Retailer,General Applicant,General Applicant,General Applicant,COMMENCE OPS,12/9/2020,COMPLETE,MR281844,CTDW LLC,Salem,1970.0,,,11 Larchmont Street,,Salem,MA,1970,POINT (-70.970827 42.635475),POINT (-70.893878 42.5187469),11 Larchmont Street,,Salem,MA,1970,83-1824620,MRN281844,10/7/2019 11:02:02 AM,8/26/2019 12:00:00 AM,,False,,,,,,,,,,Not a DBE,,,11/19/2020 03:00:00 AM,8/29/2018 01:53:08 PM,11/1/2019 12:00:00 AM,1/16/2020 03:31:08 PM,3/7/2024 03:00:00 AM,4/17/2025 04:00:00 AM,,10000.0,1970.0,Salem,Essex,42.635475,-70.970827,Northeast,3 Dodge Street,,MA,42.518747,-70.893879,3.0,Dodge St,,,Salem,MA,Essex County,1970.0,CTDW LLC,MA,MACCC,Massachusetts Cannabis Control Commission,,,,,
07/01/2024,APPROVED,Marijuana Retailer,General Applicant,General Applicant,General Applicant,COMMENCE OPS,4/16/2024,COMPLETE,MR284026,"JO Gardner, Inc.",Gardner,1440.0,,,110 Turnpike Road,Suite 114,Westborough,MA,1581,POINT (-71.840209 42.329642),POINT (-71.992067 42.5617840),110 Turnpike Road,Suite 114,Westborough,MA,1581,92-2665351,MRN284026,6/22/2023 12:32:00 PM,3/1/2021 01:52:45 PM,9/18/2023 02:32:04 PM,False,no,,,,,,,,,Not a DBE,,,3/7/2024 03:00:00 AM,1/13/2021 08:09:29 AM,6/30/2023 01:24:55 PM,9/14/2023 03:37:09 PM,9/18/2023 04:00:00 AM,9/18/2024 04:00:00 AM,,10000.0,1440.0,Gardner,Worcester,42.329642,-71.840209,Central MA,320 West Broadway,Unit 1,MA,42.561784,-71.992067,320.0,W Broadway,,,Gardner,MA,Worcester County,1440.0,"JO Gardner, Inc.",MA,MACCC,Massachusetts Cannabis Control Commission,,,,,
07/01/2024,APPROVED,Marijuana Retailer,General Applicant,General Applicant,General Applicant,COMMENCE OPS,6/3/2024,COMPLETE,MR281790,"Greener Leaf, Inc.",Fall River,2724.0,,,95 Rhode Island Avenue,,Fall River,MA,2724,POINT (-71.102131 41.778329),POINT (-71.164101 41.6825699),105 Rhode Island Avenue,,Fall River,MA,2724,83-1134909,MRN281790,1/11/2019 03:39:54 PM,12/20/2018 12:00:00 AM,4/8/2019 07:40:33 PM,False,,,SE306112,,,,,,,Not a DBE,,,2/8/2024 03:00:00 AM,8/9/2018 01:55:23 PM,2/1/2019 12:00:00 AM,4/4/2019 04:32:47 PM,3/7/2024 03:00:00 AM,4/11/2025 04:00:00 AM,,5000.0,2724.0,Fall River,Bristol,41.778329,-71.102131,Southeast and Cape,95 Rhode Island Avenue,,MA,41.68257,-71.164101,95.0,Rhode Island Ave,,,Fall River,MA,Bristol County,2724.0,"Greener Leaf, Inc.",MA,MACCC,Massachusetts Cannabis Control Commission,,,,,
07/01/2024,APPROVED,Marijuana Retailer,General Applicant,General Applicant,General Applicant,PROVISIONAL LICENSE,,COMPLETE,MR282631,PR MA LLC,North Attleborough,2760.0,,,80 E. Washington St,,North Attleborough,MA,2760,POINT (-71.102131 41.778329),POINT (-71.336074 41.9687550),1 Lowe Meadow Lane,,North Attleborough,MA,2760,83-3914861,MRN282631,4/21/2021 05:57:32 PM,4/14/2020 12:00:00 AM,,False,,,,,,,,,,Woman-Owned Business,,,,4/23/2019 11:27:35 AM,5/3/2021 09:54:06 AM,7/15/2021 04:40:18 PM,11/9/2023 03:00:00 AM,11/9/2024 03:00:00 AM,,10000.0,2760.0,North Attleboro,Bristol,41.778329,-71.102131,,80 East Washington Street,,MA,41.968755,-71.336075,80.0,E Washington St,,,North Attleboro,MA,Bristol County,2760.0,PR MA LLC,MA,MACCC,Massachusetts Cannabis Control Commission,,,,,
07/01/2024,APPROVED,Marijuana Retailer,Expedited Review - DBE Status,Expedited,DBE Status,COMMENCE OPS,3/24/2021,COMPLETE,MR283092,"Elevated Roots, LLC",Kingston,2364.0,,,44 William C. Gould Jr. Way,,Kingston,MA,2364,POINT (-70.818958 41.978877),POINT (-70.707825 41.9734819),44 William C. Gould Jr. Way,,Kingston,MA,2364,84-2950736,MRN283092,4/14/2020 01:22:43 PM,2/28/2020 12:00:00 AM,6/23/2020 02:07:56 PM,False,,,,,,,,,,Minority-Owned Business,,,3/11/2021 03:00:00 AM,10/30/2019 10:23:56 AM,4/15/2020 12:00:00 AM,6/4/2020 02:11:30 PM,6/8/2023 04:00:00 AM,10/21/2024 04:00:00 AM,,10000.0,2364.0,Kingston,Plymouth,41.978877,-70.818958,Southeast and Cape,44 William C. Gould Jr. Way,,MA,41.973482,-70.707825,44.0,William C Gould Jr Way,,,Kingston,MA,Plymouth County,2364.0,"Elevated Roots, LLC",MA,MACCC,Massachusetts Cannabis Control Commission,,,,,
07/01/2024,APPROVED,Marijuana Retailer,General Applicant,General Applicant,General Applicant,COMMENCE OPS,8/2/2021,COMPLETE,MR282161,High Hopes LLC,Hopedale,1747.0,,,"1 Menfi Way, Unit 9",,Hopedale,MA,1747,POINT (-71.840209 42.329642),POINT (-71.510435 42.1043090),8 Hope St,,Hopedale,MA,1747,83-2788648,MRN282161,8/12/2020 04:33:32 PM,6/10/2020 01:37:00 PM,,False,,,,,,,,,,Not a DBE,,,6/17/2021 04:00:00 AM,12/10/2018 11:35:10 AM,8/14/2020 12:24:52 PM,10/8/2020 02:17:11 PM,10/12/2023 04:00:00 AM,10/16/2024 04:00:00 AM,,10000.0,1747.0,Hopedale,Worcester,42.329642,-71.840209,Central MA,"1 Menfi Way, Unit 9",,MA,42.104309,-71.510436,1.0,Menfi Way,Unit,9.0,Hopedale,MA,Worcester County,1747.0,High Hopes LLC,MA,MACCC,Massachusetts Cannabis Control Commission,,,,,
07/01/2024,APPROVED,Marijuana Retailer,General Applicant,General Applicant,General Applicant,COMMENCE OPS,10/12/2023,COMPLETE,MR282314,"Comm Ave Canna, Inc.",Brookline,2215.0,,,1030 Commonwealth Ave,2nd Floor,Brookline,MA,2215,POINT (-71.073493 42.334948),POINT (-71.122123 42.3515239),1030 Commonwealth Ave,2nd Floor,Brookline,MA,2215,83-1825636,MRN282314,4/10/2020 04:16:59 PM,9/11/2019 12:00:00 AM,,False,,,SE306591,,,,,,,Not a DBE,,,8/10/2023 04:00:00 AM,1/21/2019 09:41:24 AM,4/15/2020 12:00:00 AM,7/9/2020 02:39:15 PM,7/13/2023 04:00:00 AM,7/27/2024 04:00:00 AM,,10000.0,2215.0,Boston,Suffolk,42.334948,-71.073493,Metro Boston,1030 Commonwealth Ave,Second Floor,MA,42.351524,-71.122124,1030.0,Commonwealth Ave,,,Boston,MA,Norfolk County,2215.0,"Comm Ave Canna, Inc.",MA,MACCC,Massachusetts Cannabis Control Commission,,,,,
07/01/2024,APPROVED,Marijuana Retailer,General Applicant,General Applicant,General Applicant,COMMENCE OPS,3/8/2023,COMPLETE,MR284117,East Boston Local Roots LLC,Boston,2128.0,,,1006 Bennington Street,,East Boston,MA,2128,POINT (-71.073493 42.334948),POINT (-71.006660 42.3869570),1006 Bennington Street,,East Boston,MA,2128,83-3438581,MRN284117,6/4/2021 10:23:27 AM,6/3/2021 03:29:21 PM,1/10/2022 10:14:47 PM,False,no,,,,,,,,,Not a DBE,,,1/12/2023 03:00:00 AM,2/22/2021 12:39:26 PM,8/20/2021 10:01:18 AM,10/14/2021 01:07:32 PM,1/11/2024 03:00:00 AM,1/12/2025 03:00:00 AM,,10000.0,2128.0,Boston,Suffolk,42.334948,-71.073493,Metro Boston,1006 Bennington Street,,MA,42.386957,-71.006661,1006.0,Bennington St,,,East Boston,MA,Suffolk County,2128.0,East Boston Local Roots LLC,MA,MACCC,Massachusetts Cannabis Control Commission,,,,,
07/01/2024,APPROVED,Marijuana Retailer,Priority Review - Economic Empowerment Priority,Priority,Economic Empowerment Priority,PROVISIONAL LICENSE,,COMPLETE,MR284479,Xhale New England Dispensary LLC,Boston,2124.0,,,888 Morton St,,Mattapan,MA,2126,POINT (-71.073493 42.334948),POINT (-71.084070 42.2810070),888 Morton St,,Mattapan,MA,2126,87-1865619,MRN284479,4/29/2022 10:24:11 AM,12/1/2021 01:09:46 PM,,True,yes,EE202222,SE303585,APPROVED,EE202222,EE202222,,,,Not a DBE,,,,11/5/2021 10:49:46 PM,5/20/2022 09:18:48 AM,7/14/2022 11:55:52 AM,9/14/2023 04:00:00 AM,9/18/2024 04:00:00 AM,,5000.0,2124.0,Boston,Suffolk,42.334948,-71.073493,Metro Boston,888 Morton St,,MA,42.281007,-71.084071,888.0,Morton St,,,Mattapan,MA,Suffolk County,2126.0,Xhale New England Dispensary LLC,MA,MACCC,Massachusetts Cannabis Control Commission,,,,,
07/01/2024,APPROVED,Marijuana Retailer,Expedited Review - Social Equity Participant,Expedited,Social Equity Participant,COMMENCE OPS,6/28/2023,COMPLETE,MR284602,High Street Cannabis Group LLC,Boston,2110.0,,,200 High Street,,Boston,MA,2109,POINT (-71.073493 42.334948),POINT (-71.051990 42.3567749),323 Maple Street,,Lynn,MA,1904,87-1030882,MRN284602,5/5/2022 06:34:16 PM,3/29/2022 08:57:30 AM,,False,no,,SE305529,,,,,,,Not a DBE,,,5/11/2023 04:00:00 AM,3/2/2022 01:21:04 PM,5/27/2022 06:55:21 AM,8/11/2022 11:49:32 AM,10/12/2023 04:00:00 AM,10/18/2024 04:00:00 AM,,10000.0,2110.0,Boston,Suffolk,42.334948,-71.073493,Metro Boston,200 High Street,,MA,42.356775,-71.05199,200.0,High St,,,Boston,MA,Suffolk County,2110.0,High Street Cannabis Group LLC,MA,MACCC,Massachusetts Cannabis Control Commission,,,,,
07/01/2024,APPROVED,Marijuana Retailer,Priority Review - Economic Empowerment Priority,Priority,Economic Empowerment Priority,COMMENCE OPS,12/4/2023,COMPLETE,MR281454,"Advesa MA, Inc.",Somerville,2144.0,,,690 Broadway,,Somerville,MA,2144,POINT (-71.275566 42.459085),POINT (-71.111852 42.399594),690 Broadway,,Somerville,MA,2144,84-3412899,MRN281454,3/23/2021 08:43:49 PM,2/16/2021 04:55:54 PM,,True,yes,EE202234,,APPROVED,EE202234,EE202234,,,,Not a DBE,,,9/14/2023 04:00:00 AM,5/19/2018 04:49:32 PM,3/26/2021 10:31:49 AM,5/13/2021 12:24:13 PM,7/13/2023 04:00:00 AM,11/12/2024 03:00:00 AM,,5000.0,2144.0,Somerville,Middlesex,42.459085,-71.275566,Metro Boston,690 Broadway,,MA,42.399594,-71.111853,690.0,Broadway,,,Somerville,MA,Middlesex County,2144.0,"Advesa MA, Inc.",MA,MACCC,Massachusetts Cannabis Control Commission,,,,,
07/01/2024,APPROVED,Marijuana Retailer,General Applicant,General Applicant,General Applicant,COMMENCE OPS,11/21/2022,COMPLETE,MR282634,"Misty Mountain Shop, LLC",Malden,2148.0,,,161 Boston Road,,Chelmsford,MA,1824,POINT (-71.275566 42.459085),POINT (-71.076266 42.416204),161 Boston Rd,,Chelmsford,MA,1824,83-4544652,MRN282634,5/12/2021 07:03:59 PM,4/22/2021 11:03:11 AM,9/26/2021 04:30:11 PM,False,no,,,,,,,,,Not a DBE,,,10/13/2022 04:00:00 AM,4/23/2019 09:51:38 PM,7/26/2021 09:25:48 AM,9/17/2021 12:31:08 PM,9/14/2023 04:00:00 AM,9/26/2024 04:00:00 AM,,10000.0,2148.0,Malden,Middlesex,42.459085,-71.275566,Northeast,323 Commercial Street,,MA,42.416204,-71.076266,323.0,Commercial St,,,Malden,MA,Middlesex County,2148.0,"Misty Mountain Shop, LLC",MA,MACCC,Massachusetts Cannabis Control Commission,,,,,
07/01/2024,APPROVED,Marijuana Retailer,General Applicant,General Applicant,General Applicant,COMMENCE OPS,4/26/2021,COMPLETE,MR282410,Bud's Goods & Provisions Corp. (FKA Trichome Health Corp.),Abington,2351.0,,,54 West Boylston St,Apt 1,Worcester,MA,1606,POINT (-70.818958 41.978877),POINT (-70.954938 42.1453729),54 West Boylston St,Apt 1,Worcester,MA,1606,81-3554788,MRN282410,4/2/2020 03:45:33 PM,2/28/2020 12:00:00 AM,9/22/2020 12:02:24 PM,True,,,,,,,APPROVED,RP201939,RP201939,Not a DBE,,,4/16/2021 04:00:00 AM,2/15/2019 01:36:29 PM,4/8/2020 12:00:00 AM,6/4/2020 02:06:49 PM,9/14/2023 04:00:00 AM,9/22/2024 04:00:00 AM,,10000.0,2351.0,Abington,Plymouth,41.978877,-70.818958,Southeast and Cape,1540 Bedford Street,,MA,42.145373,-70.954939,1540.0,Bedford St,,,Abington,MA,Plymouth County,2351.0,Bud's Goods & Provisions Corp. (FKA Trichome Health Corp.),MA,MACCC,Massachusetts Cannabis Control Commission,,,,,
07/01/2024,APPROVED,Marijuana Retailer,General Applicant,General Applicant,General Applicant,COMMENCE OPS,1/23/2024,COMPLETE,MR284693,CATAHOULA CANNABIS LLC,Fall River,2721.0,,,160 HARTWELL STREET,,FALL RIVER,MA,2720,POINT (-71.102131 41.778329),POINT (-71.151736 41.6972329),PO BOX 1989,,FALL RIVER,MA,2722,92-0314453,MRN284693,12/23/2022 11:29:37 AM,12/13/2022 08:33:06 AM,,False,no,,,,,,,,,Not a DBE,,,7/13/2023 04:00:00 AM,6/13/2022 08:58:37 AM,1/6/2023 09:35:48 AM,2/9/2023 01:13:23 PM,4/11/2024 04:00:00 AM,4/15/2025 04:00:00 AM,,10000.0,2721.0,Fall River,Bristol,41.778329,-71.102131,Southeast and Cape,160 Hartwell St.,,MA,41.697233,-71.151736,160.0,Hartwell St,,,Fall River,MA,Bristol County,2721.0,CATAHOULA CANNABIS LLC,MA,MACCC,Massachusetts Cannabis Control Commission,,,,,
07/01/2024,APPROVED,Marijuana Retailer,General Applicant,General Applicant,General Applicant,COMMENCE OPS,9/20/2019,COMPLETE,MR281248,"Late Spring, Inc. D/B/A Gage Cannabis Company",Ayer,1432.0,,,38 Littleton Rd,,Ayer,MA,1432,POINT (-71.275566 42.459085),POINT (-71.565910 42.5518530),38 Littleton Rd,,Ayer,MA,1432,82-5274353,MRN281248,8/7/2018 10:31:32 AM,7/10/2018 12:00:00 AM,10/10/2018 01:21:00 PM,True,,,,,,,APPROVED,RP201835,RP201835,Not a DBE,,,6/13/2019 04:00:00 AM,4/17/2018 12:37:57 PM,8/10/2018 12:00:00 AM,9/20/2018 03:50:19 PM,10/12/2023 04:00:00 AM,10/16/2024 04:00:00 AM,,5000.0,1432.0,Ayer,Middlesex,42.459085,-71.275566,Central MA,38 Littleton Rd,,MA,42.551853,-71.56591,38.0,Littleton Rd,,,Ayer,MA,Middlesex County,1432.0,"Late Spring, Inc. D/B/A Gage Cannabis Company",MA,MACCC,Massachusetts Cannabis Control Commission,,,,,
07/01/2024,APPROVED,Marijuana Retailer,General Applicant,General Applicant,General Applicant,PROVISIONAL LICENSE,,COMPLETE,MR284186,"Cypress Tree Management Fenway, Inc.",Boston,2215.0,,,419 Boylston Street,300,Boston,MA,2116,POINT (-71.073493 42.334948),POINT (-71.088710 42.3468030),419 Boylston Street,300,Boston,MA,2116,83-3754125,MRN284186,4/19/2021 12:31:23 PM,4/1/2021 12:42:03 PM,,False,no,,,,,,,,,Not a DBE,,,,3/23/2021 03:52:43 PM,4/30/2021 08:55:55 AM,6/22/2021 10:51:40 AM,7/13/2023 04:00:00 AM,11/24/2024 03:00:00 AM,,10000.0,2215.0,Boston,Suffolk,42.334948,-71.073493,Metro Boston,1112-1116 Boylston Street,,MA,42.346803,-71.08871,,Boylston St,,,Boston,MA,Suffolk County,2215.0,"Cypress Tree Management Fenway, Inc.",MA,MACCC,Massachusetts Cannabis Control Commission,,,,,
07/01/2024,APPROVED,Marijuana Retailer,General Applicant,General Applicant,General Applicant,PROVISIONAL LICENSE,,COMPLETE,MR284664,Botanica LLC,Somerville,2145.0,,,620 Broadway,,Somerville,MA,2145,POINT (-71.275566 42.459085),POINT (-71.109705 42.398747),31 Rogers Ave,,Somerville,MA,2144,83-4099185,MRN284664,11/8/2022 07:35:54 PM,6/6/2022 01:47:04 PM,,False,no,,,,,,,,,Not a DBE,,,,5/24/2022 10:35:38 AM,11/16/2022 12:24:17 PM,2/9/2023 01:05:55 PM,3/7/2023 03:00:00 AM,3/7/2024 03:00:00 AM,,10235.0,2145.0,Somerville,Middlesex,42.459085,-71.275566,Metro Boston,620 Broadway,,MA,42.398747,-71.109705,620.0,Broadway,,,Somerville,MA,Middlesex County,2145.0,Botanica LLC,MA,MACCC,Massachusetts Cannabis Control Commission,,,,,
07/01/2024,APPROVED,Marijuana Retailer,General Applicant,General Applicant,General Applicant,PROVISIONAL LICENSE,,COMPLETE,MR282824,Mint Dispensary Facilities II LLC,Pittsfield,1201.0,,,1035 South Street,,Pittsfield,MA,1201,POINT (-73.209889 42.396128),POINT (-73.263259 42.4078000),21001 N Tatum Blvd #1630-486,,Phoenix,AZ,85050,84-2306875,MRN282824,7/31/2020 01:35:37 PM,3/3/2020 12:00:00 AM,11/20/2020 01:24:47 PM,False,,,,,,,,,,Not a DBE,,,,7/1/2019 12:41:57 PM,8/6/2020 10:10:43 AM,9/10/2020 01:18:34 PM,1/20/2022 03:00:00 AM,1/21/2023 03:00:00 AM,,10000.0,1201.0,Pittsfield,Berkshire,42.396128,-73.209889,Western MA,1035 South Street,,MA,42.4078,-73.263259,1035.0,South St,,,Pittsfield,MA,Berkshire County,1201.0,Mint Dispensary Facilities II LLC,MA,MACCC,Massachusetts Cannabis Control Commission,,,,,
07/01/2024,APPROVED,Marijuana Retailer,General Applicant,General Applicant,General Applicant,PROVISIONAL LICENSE,,COMPLETE,MR283710,Ember Gardens NBR LLC,New Bedford,2746.0,,,1 Nauset Street,,New Bedford,MA,2746,POINT (-71.102131 41.778329),POINT (-70.937067 41.6620789),254 Newhill Ave.,,Somerset,MA,2726,85-2845686,MRN283710,9/22/2022 11:19:45 AM,9/1/2022 02:35:02 PM,2/1/2024 04:12:17 PM,False,no,,,,,,,,,Not a DBE,,,,7/30/2020 04:53:35 PM,11/18/2022 01:32:34 PM,2/9/2023 01:15:10 PM,2/1/2024 03:00:00 AM,2/1/2025 03:00:00 AM,,10000.0,2746.0,New Bedford,Bristol,41.778329,-71.102131,Southeast and Cape,1 Nauset Street,,MA,41.662079,-70.937068,1.0,Nauset St,,,New Bedford,MA,Bristol County,2746.0,Ember Gardens NBR LLC,MA,MACCC,Massachusetts Cannabis Control Commission,,,,,
07/01/2024,APPROVED,Marijuana Retailer,Expedited Review - DBE Status,Expedited,DBE Status,PROVISIONAL LICENSE,,COMPLETE,MR285090,"Chill & Bliss II, LLC",Quincy,2169.0,,,800 Hingham Street,Unit 5,Rockland,MA,2370,POINT (-71.15444 42.199156),POINT (-70.981722 42.2375249),800 Hingham Street,Unit 5,Rockland,MA,2370,93-1510316,MRN285090,2/23/2024 07:39:55 AM,12/6/2023 11:56:08 AM,,False,no,,,,,,,,,Woman-Owned Business,,,,11/28/2023 12:36:35 PM,2/28/2024 08:57:25 AM,5/9/2024 12:30:30 PM,5/16/2024 04:00:00 AM,5/16/2025 04:00:00 AM,,10000.0,2169.0,Quincy,Norfolk,42.199156,-71.15444,Metro Boston,503 Quincy Avenue,,MA,42.237525,-70.981722,503.0,Quincy Ave,,,Quincy,MA,Norfolk County,2169.0,"Chill & Bliss II, LLC",MA,MACCC,Massachusetts Cannabis Control Commission,,,,,
07/01/2024,APPROVED,Marijuana Retailer,General Applicant,General Applicant,General Applicant,COMMENCE OPS,4/8/2022,COMPLETE,MR283264,"DMA Holdings (MA), LLC",Dudley,1571.0,,,35 Chase Avenue,,Dudley,MA,1571,POINT (-71.840209 42.329642),POINT (-71.888422 42.0413339),PO Box 1210,,Webster,MA,1570,84-2453548,MRN283264,7/30/2020 02:35:20 PM,6/4/2020 02:17:56 PM,,False,,,,,,,,,,Not a DBE,,,3/10/2022 03:00:00 AM,2/1/2020 11:19:18 AM,8/6/2020 11:29:10 AM,10/8/2020 01:01:53 PM,1/11/2024 03:00:00 AM,1/25/2025 03:00:00 AM,,10000.0,1571.0,Dudley,Worcester,42.329642,-71.840209,Central MA,35 Chase Avenue,,MA,42.041334,-71.888422,35.0,Chase Ave,,,Dudley,MA,Worcester County,1571.0,"DMA Holdings (MA), LLC",MA,MACCC,Massachusetts Cannabis Control Commission,,,,,
07/01/2024,APPROVED,Marijuana Retailer,General Applicant,General Applicant,General Applicant,COMMENCE OPS,8/29/2022,COMPLETE,MR282424,Ironstone Express Inc.,Uxbridge,1569.0,,,454 Quaker hwy,,Uxbridge,MA,1569,POINT (-71.840209 42.329642),POINT (-71.620092 42.040799),p.o box 101,574 Blackstone St,UXBRIDGE,MA,1569,83-4174397,MRN282424,3/20/2020 01:57:20 PM,1/23/2020 12:00:00 AM,6/10/2020 09:28:22 AM,False,,,,,,,,,,Not a DBE,,,6/9/2022 04:00:00 AM,2/20/2019 05:43:26 PM,4/7/2020 12:00:00 AM,6/4/2020 02:26:16 PM,7/13/2023 04:00:00 AM,7/15/2024 04:00:00 AM,,10000.0,1569.0,Uxbridge,Worcester,42.329642,-71.840209,Central MA,454 Quaker Highway,,MA,42.040799,-71.620092,454.0,Quaker Hwy,,,Uxbridge,MA,Worcester County,1569.0,Ironstone Express Inc.,MA,MACCC,Massachusetts Cannabis Control Commission,,,,,
07/01/2024,APPROVED,Marijuana Retailer,Priority Review - MTC Priority,Priority,MTC Priority,COMMENCE OPS,1/16/2024,COMPLETE,MR284150,Theory Wellness Inc.,Medford,2155.0,,,162 Mystic Ave,,Medford,MA,2155,POINT (-71.275566 42.459085),POINT (-71.104564 42.4097950),38 Montvale Ave,#210,Stoneham,MA,2180,47-5615911,MRN284150,11/14/2022 12:19:30 PM,8/2/2022 09:21:54 AM,,True,no,,,,,,APPROVED,RP201916,RP201916,Not a DBE,,,12/14/2023 03:00:00 AM,3/11/2021 12:13:58 PM,12/2/2022 02:51:44 PM,4/14/2023 03:32:54 PM,4/11/2024 04:00:00 AM,4/25/2025 04:00:00 AM,,10000.0,2155.0,Medford,Middlesex,42.459085,-71.275566,Northeast,162 Mystic Avenue,,MA,42.409795,-71.104565,162.0,Mystic Ave,,,Medford,MA,Middlesex County,2155.0,Theory Wellness Inc.,MA,MACCC,Massachusetts Cannabis Control Commission,,,,,
07/01/2024,APPROVED,Marijuana Retailer,Priority Review - Economic Empowerment Priority,Priority,Economic Empowerment Priority,PROVISIONAL CONSIDERATION,,PAYMENT_PENDING,MR284764,684 Center St. JP LLC,Boston,2130.0,,,684 Centre Street,,Jamaica Plain,MA,2130,POINT (-71.073493 42.334948),POINT (-71.114001 42.3118520),116 Harvard Avenue,,Allston,MA,2134,88-1671498,MRN284764,2/10/2023 02:48:34 PM,12/14/2022 09:03:05 AM,,True,yes,SE303621,,,,EEA202112,,,,Not a DBE,,,,9/20/2022 09:41:44 AM,2/17/2023 02:13:02 PM,4/14/2023 02:22:02 PM,,,,0.0,2130.0,Jamaica Plain,Suffolk,42.334948,-71.073493,,684 Centre Street,,MA,42.311852,-71.114002,684.0,Centre St,,,Jamaica Plain,MA,Suffolk County,2130.0,684 Center St. JP LLC,MA,MACCC,Massachusetts Cannabis Control Commission,,,,,
07/01/2024,APPROVED,Marijuana Retailer,General Applicant,General Applicant,General Applicant,COMMENCE OPS,12/16/2022,COMPLETE,MR283113,"B.O.T. REALTY, LLC",Fitchburg,1420.0,,,223 LUNENBURG ST,,FITCHBURG,MA,1420,POINT (-71.840209 42.329642),POINT (-71.780385 42.5848829),227 LUNENBURG ST,,FITCHBURG,MA,1420,20-5109733,MRN283113,7/29/2021 09:14:00 AM,4/8/2021 04:19:41 PM,11/27/2021 02:40:54 PM,False,,,,,,,,,,Not a DBE,,,10/13/2022 04:00:00 AM,11/10/2019 02:24:01 PM,8/23/2021 02:47:13 PM,11/18/2021 02:33:41 PM,11/9/2023 03:00:00 AM,11/27/2024 03:00:00 AM,,10000.0,1420.0,Fitchburg,Worcester,42.329642,-71.840209,Central MA,223 LUNENBURG ST,,MA,42.584883,-71.780386,223.0,Lunenburg St,,,Fitchburg,MA,Worcester County,1420.0,"B.O.T. REALTY, LLC",MA,MACCC,Massachusetts Cannabis Control Commission,,,,,
07/01/2024,APPROVED,Marijuana Retailer,Priority Review - Economic Empowerment Priority,Priority,Economic Empowerment Priority,COMMENCE OPS,6/28/2024,COMPLETE,MR281304,NashMac LLC,Abington,2351.0,,,654 Washington Street,,Braintree,MA,2184,POINT (-70.818958 41.978877),POINT (-70.946059 42.1401230),"654 Washington Street, Ste. 100",,Braintree,MA,2184,82-5195312,MRN281304,11/6/2022 10:19:56 PM,12/7/2021 09:44:29 AM,,True,yes,EE202159,SE303505,APPROVED,EE202159,EE202159,,,,Not a DBE,,,5/9/2024 04:00:00 AM,4/23/2018 09:26:25 PM,5/23/2023 04:34:15 PM,6/8/2023 11:36:46 AM,6/28/2023 04:00:00 AM,8/24/2024 04:00:00 AM,,5000.0,2351.0,Abington,Plymouth,41.978877,-70.818958,Southeast and Cape,678 Adams Street,,MA,42.140123,-70.946059,678.0,Adams St,,,Abington,MA,Plymouth County,2351.0,NashMac LLC,MA,MACCC,Massachusetts Cannabis Control Commission,,,,,
07/01/2024,APPROVED,Marijuana Retailer,General Applicant,General Applicant,General Applicant,COMMENCE OPS,8/10/2023,COMPLETE,MR282629,"ToroVerde (Massachusetts) III, Inc.",Whately,1093.0,,,C/O Evanscutler Attorneys 90 Conz Street,,Northampton,MA,1060,POINT (-72.573941 42.587072),POINT (-72.163417 42.5737310),C/O Evanscutler Attorneys 90 Conz Street,,Northampton,MA,1060,83-2548412,MRN282629,1/21/2020 11:16:19 AM,11/13/2019 12:00:00 AM,6/29/2020 04:25:02 PM,False,,,,,,,,,,Not a DBE,,,7/13/2023 04:00:00 AM,4/22/2019 04:28:32 PM,3/5/2020 12:00:00 AM,5/13/2020 09:50:46 AM,6/8/2023 04:00:00 AM,10/27/2024 04:00:00 AM,,10000.0,1093.0,Whately,Franklin,42.587072,-72.573941,Western MA,424 State Road,Unit A1,MA,42.573731,-72.163418,424.0,State Rd,,,Phillipston,MA,Worcester County,1331.0,"ToroVerde (Massachusetts) III, Inc.",MA,MACCC,Massachusetts Cannabis Control Commission,,,,,
07/01/2024,APPROVED,Marijuana Retailer,General Applicant,General Applicant,General Applicant,COMMENCE OPS,5/11/2021,COMPLETE,MR283193,The Healing Center LLC,Fitchburg,1420.0,,,346 River Street,,Fitchburg,MA,1450,POINT (-71.840209 42.329642),POINT (-71.819103 42.5819770),228 Lewis Wharf,,Boston,MA,2110,83-0685209,MRN283193,8/4/2020 03:04:17 PM,4/10/2020 12:00:00 AM,,False,,,,,,,,,,Not a DBE,,,4/16/2021 04:00:00 AM,12/20/2019 05:30:13 PM,8/6/2020 11:02:08 AM,9/10/2020 01:55:20 PM,11/9/2023 03:00:00 AM,11/13/2024 03:00:00 AM,,10000.0,1420.0,Fitchburg,Worcester,42.329642,-71.840209,Central MA,346 River St,,MA,42.581977,-71.819104,346.0,River St,,,Fitchburg,MA,Worcester County,1420.0,The Healing Center LLC,MA,MACCC,Massachusetts Cannabis Control Commission,,,,,
07/01/2024,APPROVED,Marijuana Retailer,Expedited Review - DBE Status,Expedited,DBE Status,COMMENCE OPS,2/1/2021,COMPLETE,MR281981,"DDM Sales, Inc.",Blackstone,1504.0,,,220 Pulaski Boulevard,,Bellingham,MA,2019,POINT (-71.840209 42.329642),POINT (-71.499499 42.019354),220 Pulaski Boulevard,,Bellingham,MA,2019,83-1994009,MRN281981,4/23/2020 05:06:54 PM,2/3/2020 12:00:00 AM,,False,,,,,,,,,,Minority-Owned Business,,,1/14/2021 03:00:00 AM,10/20/2018 10:23:08 AM,5/20/2020 02:37:14 PM,7/9/2020 02:42:41 PM,7/13/2023 04:00:00 AM,7/20/2024 04:00:00 AM,,10000.0,1504.0,Blackstone,Worcester,42.329642,-71.840209,Central MA,1 Lloyd Street,,MA,42.019354,-71.499499,1.0,Lloyd St,,,Blackstone,MA,Worcester County,1504.0,"DDM Sales, Inc.",MA,MACCC,Massachusetts Cannabis Control Commission,,,,,
07/01/2024,APPROVED,Marijuana Retailer,Priority Review - Economic Empowerment Priority,Priority,Economic Empowerment Priority,COMMENCE OPS,4/8/2022,COMPLETE,MR281626,Home Grown 617 LLC,Cambridge,2139.0,,,"580 Massachusetts Ave Cambridge, MA",,Cambridge,MA,2139,POINT (-71.275566 42.459085),POINT (-71.102801 42.3646749),"580 Massachusetts Ave Cambridge, MA",,Cambridge,MA,2139,84-3236808,MRN281626,2/10/2021 02:13:56 PM,1/12/2021 01:06:04 PM,5/3/2021 06:39:41 PM,True,yes,EE201972,SE303793,APPROVED,EE201972,EEA201972,,,,Not a DBE,,,2/10/2022 03:00:00 AM,6/20/2018 09:42:40 PM,2/11/2021 01:42:45 PM,4/16/2021 01:53:45 PM,5/11/2023 04:00:00 AM,9/11/2024 04:00:00 AM,,5000.0,2139.0,Cambridge,Middlesex,42.459085,-71.275566,Metro Boston,580 Massachusetts Ave,,MA,42.364675,-71.102802,580.0,Massachusetts Ave,,,Cambridge,MA,Middlesex County,2139.0,Home Grown 617 LLC,MA,MACCC,Massachusetts Cannabis Control Commission,,,,,
07/01/2024,APPROVED,Marijuana Retailer,General Applicant,General Applicant,General Applicant,COMMENCE OPS,9/17/2021,COMPLETE,MR283073,"Eskar Northbridge, LLC",Northbridge,1534.0,,,15 Forbes Street,Apartment #2,Boston,MA,2130,POINT (-71.840209 42.329642),POINT (-71.641504 42.1258529),15 Forbes Street,Apartment #2,Boston,MA,2130,84-3733015,MRN283073,4/13/2020 02:26:00 PM,3/17/2020 12:00:00 AM,7/17/2020 12:03:18 PM,False,,,,,,,,,,Not a DBE,,,8/12/2021 04:00:00 AM,10/22/2019 04:48:12 PM,4/15/2020 12:00:00 AM,7/9/2020 02:48:41 PM,7/13/2023 04:00:00 AM,7/17/2024 04:00:00 AM,,10000.0,1534.0,Northbridge,Worcester,42.329642,-71.840209,Central MA,"Plat 28, Parcel 73 a/k/a Building 4, Commerce Drive",,MA,42.125853,-71.641505,100.0,Commerce Dr,Bldg,4.0,Northbridge,MA,Worcester County,1534.0,"Eskar Northbridge, LLC",MA,MACCC,Massachusetts Cannabis Control Commission,,,,,
07/01/2024,APPROVED,Marijuana Retailer,General Applicant,General Applicant,General Applicant,COMMENCE OPS,8/25/2022,COMPLETE,MR283896,SOLAR RETAIL NORTON LLC,Norton,2766.0,,,242 MANSFIELD AVE,,NORTON,MA,2766,POINT (-71.102131 41.778329),POINT (-71.211230 41.9903809),385 GREAT RD,,BEDFORD,MA,1730,85-2505266,MRN283896,1/7/2021 05:02:01 PM,1/4/2021 03:17:48 PM,4/19/2021 10:35:42 AM,False,no,,,,,,,,,Not a DBE,,,7/14/2022 04:00:00 AM,11/15/2020 11:25:28 AM,1/14/2021 11:50:33 AM,3/11/2021 02:06:04 PM,4/11/2024 04:00:00 AM,4/19/2025 04:00:00 AM,,10000.0,2766.0,Norton,Bristol,41.778329,-71.102131,Southeast and Cape,242 MANSFIELD AVENUE,,MA,41.990381,-71.211231,242.0,Mans Field Ave,,,Norton,MA,Bristol County,2766.0,SOLAR RETAIL NORTON LLC,MA,MACCC,Massachusetts Cannabis Control Commission,,,,,
07/01/2024,APPROVED,Marijuana Retailer,General Applicant,General Applicant,General Applicant,COMMENCE OPS,9/30/2021,COMPLETE,MR283723,Local Roots NE Inc.,Marlborough,1752.0,,,"910 Boston Post Rd., Ste #100",,Marlboro,MA,1752,POINT (-71.275566 42.459085),POINT (-71.492744 42.3511049),"910 Boston Post Rd., Ste.#310",,Marlboro,MA,1752,83-4588901,MRN283723,9/22/2020 07:09:52 PM,9/18/2020 11:02:20 AM,,False,no,,,,,,,,,Not a DBE,,,9/17/2021 04:00:00 AM,8/5/2020 05:00:54 PM,9/24/2020 08:55:15 AM,1/14/2021 03:37:00 PM,3/7/2024 03:00:00 AM,4/7/2025 04:00:00 AM,,10000.0,1752.0,Marlborough,Middlesex,42.459085,-71.275566,Central MA,910 Boston Post Rd. Ste.#100,,MA,42.351105,-71.492745,910.0,Boston Post Rd E,Ste,100.0,Marlborough,MA,Middlesex County,1752.0,Local Roots NE Inc.,MA,MACCC,Massachusetts Cannabis Control Commission,,,,,
07/01/2024,APPROVED,Marijuana Retailer,Expedited Review - Social Equity Participant,Expedited,Social Equity Participant,COMMENCE OPS,12/4/2023,COMPLETE,MR284549,Seaside Joint Ventures Inc,Orleans,2537.0,,,14 Lots Hollow,,Orleans,MA,2653,POINT (-70.301811 41.698999),POINT (-69.999500 41.7782660),14 Lots Hollow,,Orleans,MA,2653,87-3998052,MRN284549,7/13/2022 10:42:08 AM,5/31/2022 03:56:17 PM,,False,no,,SE305902,,,,,,,Not a DBE,,,11/9/2023 03:00:00 AM,12/29/2021 06:26:56 PM,7/15/2022 09:40:01 AM,10/13/2022 04:16:30 PM,12/14/2023 03:00:00 AM,1/12/2025 03:00:00 AM,,10000.0,2537.0,East Sandwich,Barnstable,41.698999,-70.301811,,14 Lots Hollow,,MA,41.778266,-69.999501,14.0,Lots Hollow Rd,,,Orleans,MA,Barnstable County,2653.0,Seaside Joint Ventures Inc,MA,MACCC,Massachusetts Cannabis Control Commission,,,,,
07/01/2024,APPROVED,Marijuana Retailer,Expedited Review - DBE Status,Expedited,DBE Status,COMMENCE OPS,11/14/2023,COMPLETE,MR281353,"Budega, Inc.",Cambridge,2138.0,,,1 Park Lane,Unit 703,Boston,MA,2210,POINT (-71.275566 42.459085),POINT (-71.119819 42.3826469),1686 Massachusetts Ave,,Cambridge,MA,2138,83-4212378,MRN281353,7/25/2022 12:13:54 PM,3/1/2022 09:59:05 AM,,False,no,,,,,,,,,Minority-Owned Business,,,10/12/2023 04:00:00 AM,4/30/2018 08:52:48 AM,8/8/2022 10:17:48 AM,10/13/2022 04:00:03 PM,9/14/2023 04:00:00 AM,10/19/2024 04:00:00 AM,,10000.0,2138.0,Cambridge,Middlesex,42.459085,-71.275566,Metro Boston,1686 Massachusetts Ave,,MA,42.382647,-71.119819,1686.0,Massachusetts Ave,,,Cambridge,MA,Middlesex County,2138.0,"Budega, Inc.",MA,MACCC,Massachusetts Cannabis Control Commission,,,,,
07/01/2024,APPROVED,Marijuana Retailer,Priority Review - MTC Priority,Priority,MTC Priority,COMMENCE OPS,6/12/2020,COMPLETE,MR282588,"Old Planters of Cape Ann, Inc.",Rowley,1969.0,,,7 Jewett Hill Road,,Ipswich,MA,1938,POINT (-70.970827 42.635475),POINT (-70.907708 42.7130780),7 Jewett Hill Road,,Ipswich,MA,1938,81-1421538,MRN282588,8/15/2019 11:26:16 PM,6/14/2019 12:00:00 AM,1/27/2020 03:25:45 PM,True,,,,,,,APPROVED,RP201971,RP201971,Not a DBE,,,4/9/2020 04:00:00 AM,4/8/2019 07:46:14 PM,9/5/2019 12:00:00 AM,11/7/2019 01:44:25 PM,9/14/2023 04:00:00 AM,9/14/2024 04:00:00 AM,,10000.0,1969.0,Rowley,Essex,42.635475,-70.970827,Northeast,300 Newburyport Turnpike Unit 1,,MA,42.713078,-70.907708,300.0,Newburyport Turnpike,Ste,1.0,Rowley,MA,Essex County,1969.0,"Old Planters of Cape Ann, Inc.",MA,MACCC,Massachusetts Cannabis Control Commission,,,,,
07/01/2024,APPROVED,Marijuana Retailer,Expedited Review - DBE Status,Expedited,DBE Status,PROVISIONAL LICENSE,,COMPLETE,MR283727,Littleton Apothecary LLC,Littleton,1460.0,,,"160 Ayer Road, Suite 4",,Littleton,MA,1460,POINT (-71.275566 42.459085),POINT (-71.521762 42.5483789),43 Starr Hill,,Littleton,MA,1460,83-4267906,MRN283727,8/11/2020 08:09:43 PM,8/11/2020 02:10:26 PM,10/8/2020 04:17:05 PM,False,no,,,,,,,,,Woman-Owned Business,,,,8/6/2020 02:48:52 PM,8/13/2020 12:59:50 PM,10/8/2020 02:24:12 PM,11/9/2023 03:00:00 AM,11/11/2024 03:00:00 AM,,10000.0,1460.0,Littleton,Middlesex,42.459085,-71.275566,Central MA,"160 Ayer Road, Suite 4",,MA,42.548379,-71.521763,160.0,Ayer Rd,Ste,4.0,Littleton,MA,Middlesex County,1460.0,Littleton Apothecary LLC,MA,MACCC,Massachusetts Cannabis Control Commission,,,,,
07/01/2024,APPROVED,Marijuana Retailer,General Applicant,General Applicant,General Applicant,PROVISIONAL CONSIDERATION,,PAYMENT_PENDING,MR284775,Aro 31 LLC,Marblehead,1945.0,,,222 Beacon Street,,Marblehead,MA,1945,POINT (-70.970827 42.635475),POINT (-70.858669 42.5136880),243 Green Street,,Marblehead,MA,1945,86-2014877,MRN284775,9/20/2023 01:52:21 PM,1/17/2023 12:04:26 PM,,False,no,,,,,,,,,Not a DBE,,,,9/29/2022 02:06:36 PM,10/20/2023 09:56:06 AM,1/11/2024 12:37:46 PM,,,,0.0,1945.0,Marblehead,Essex,42.635475,-70.970827,Northeast,222 Beacon Street,Unit 2 and 3,MA,42.513688,-70.858669,222.0,Beacon St,,,Marblehead,MA,Essex County,1945.0,Aro 31 LLC,MA,MACCC,Massachusetts Cannabis Control Commission,,,,,
07/01/2024,APPROVED,Marijuana Retailer,General Applicant,General Applicant,General Applicant,COMMENCE OPS,7/15/2022,COMPLETE,MR282638,Eskar Arlington LLC,Arlington,2474.0,,,9 Wildwood Road,,Middleton,MA,1949,POINT (-71.275566 42.459085),POINT (-71.134718 42.4076480),9 Wildwood Road,,Middleton,MA,1949,85-0553872,MRN282638,4/13/2020 01:59:09 PM,2/27/2020 12:00:00 AM,7/17/2020 12:00:53 PM,False,,,,,,,,,,Not a DBE,,,6/9/2022 04:00:00 AM,4/24/2019 05:32:26 PM,4/15/2020 12:00:00 AM,7/9/2020 02:47:19 PM,7/13/2023 04:00:00 AM,7/17/2024 04:00:00 AM,,10000.0,2474.0,Arlington,Middlesex,42.459085,-71.275566,Northeast,21 Broadway Street,,MA,42.407648,-71.134718,21.0,Broadway,,,Arlington,MA,Middlesex County,2474.0,Eskar Arlington LLC,MA,MACCC,Massachusetts Cannabis Control Commission,,,,,
07/01/2024,APPROVED,Marijuana Retailer,General Applicant,General Applicant,General Applicant,PROVISIONAL LICENSE,,COMPLETE,MR284652,"Kur Retailers, LLC",Springfield,1109.0,,,46 Moore St,,E. Longmeadow,MA,1028,POINT (-72.571312 42.12756),POINT (-72.526483 42.1308229),2611 Woodruff Rd,,Spokane,WA,99206,86-2696634,MRN284652,4/20/2023 02:02:26 PM,6/23/2022 10:45:32 AM,,False,no,,,,,,,,,Not a DBE,,,,5/6/2022 01:52:37 PM,9/7/2023 10:05:05 AM,10/12/2023 12:52:22 PM,10/19/2023 04:00:00 AM,10/19/2024 04:00:00 AM,,10000.0,1109.0,Springfield,Hampden,42.12756,-72.571312,Western MA,461 Boston Road / SS Boston Road,,MA,42.130823,-72.526484,461.0,Boston Rd,,,Springfield,MA,Hampden County,1109.0,"Kur Retailers, LLC",MA,MACCC,Massachusetts Cannabis Control Commission,,,,,
07/01/2024,APPROVED,Marijuana Retailer,General Applicant,General Applicant,General Applicant,COMMENCE OPS,6/5/2020,COMPLETE,MR281362,"Cannabis Connection, Inc",Westfield,1085.0,,,40 Westfield Industrial Park,,Westfield,MA,1085,POINT (-72.571312 42.12756),POINT (-72.729416 42.1419080),40 Westfield Industrial Park,,Westfield,MA,1085,83-2261272,MRN281362,11/15/2019 11:20:53 AM,8/13/2019 12:00:00 AM,1/9/2020 02:19:44 PM,False,,,,,,,,,,Not a DBE,,,4/9/2020 04:00:00 AM,5/1/2018 01:51:04 PM,10/3/2019 12:00:00 AM,1/9/2020 11:25:12 AM,12/14/2023 03:00:00 AM,1/22/2025 03:00:00 AM,,10000.0,1085.0,Westfield,Hampden,42.12756,-72.571312,Western MA,40 Westfield Industrial Park,,MA,42.141908,-72.729416,40.0,Westfield Industrial Park Rd,,,Westfield,MA,Hampden County,1085.0,"Cannabis Connection, Inc",MA,MACCC,Massachusetts Cannabis Control Commission,,,,,
07/01/2024,APPROVED,Marijuana Retailer,Priority Review - MTC Priority,Priority,MTC Priority,PROVISIONAL LICENSE,,COMPLETE,MR281971,"Wellness Connection of MA, Inc",Revere,2151.0,,,44 Railroad Street,,Revere,MA,2151,POINT (-71.073493 42.334948),POINT (-71.007379 42.4031650),44 Railroad Street,,Revere,MA,2151,47-4380834,MRN281971,10/26/2020 10:28:56 PM,10/21/2020 02:10:03 PM,1/20/2021 12:18:43 PM,True,,,,,,,APPROVED,RP201942,RP201942,Not a DBE,,,,10/15/2018 05:43:48 PM,10/29/2020 11:45:05 AM,1/14/2021 03:51:16 PM,2/8/2024 03:00:00 AM,2/11/2025 03:00:00 AM,,10000.0,2151.0,Revere,Suffolk,42.334948,-71.073493,Metro Boston,44 Railroad Street,,MA,42.403165,-71.00738,44.0,Railroad St,,,Revere,MA,Suffolk County,2151.0,"Wellness Connection of MA, Inc",MA,MACCC,Massachusetts Cannabis Control Commission,,,,,
07/01/2024,APPROVED,Marijuana Retailer,General Applicant,General Applicant,General Applicant,COMMENCE OPS,5/15/2023,COMPLETE,MR284655,In Good Health,Sandwich,2563.0,,,449 Route 130,,Sandwich,MA,2563,POINT (-70.301811 41.698999),POINT (-70.492373 41.7348870),1200 West Chestnut St,,Brockton,MA,2301,46-2680110,MRN284655,11/17/2022 04:24:19 PM,8/31/2022 09:54:36 AM,,True,no,,,,,,APPROVED,RP201826,RP201826,Not a DBE,,,4/14/2023 04:00:00 AM,5/12/2022 11:59:50 AM,11/21/2022 11:29:30 AM,1/12/2023 01:16:04 PM,1/11/2024 03:00:00 AM,1/18/2025 03:00:00 AM,,10000.0,2563.0,Sandwich,Barnstable,41.698999,-70.301811,Southeast and Cape,449 Route 130,,MA,41.734887,-70.492373,449.0,State Rte 130,,,Sandwich,MA,Barnstable County,2563.0,In Good Health,MA,MACCC,Massachusetts Cannabis Control Commission,,,,,
07/01/2024,APPROVED,Marijuana Retailer,General Applicant,General Applicant,General Applicant,COMMENCE OPS,3/3/2022,COMPLETE,MR283066,Fresh Fields Lowell LLC,Lowell,1852.0,,,"1700 Shawsheen St, 2nd Floor",,Tewksbury,MA,1876,POINT (-71.275566 42.459085),POINT (-71.303886 42.6632219),"1700 Shawsheen St, 2nd Floor",,Tewksbury,MA,1876,83-4635997,MRN283066,7/16/2020 08:56:42 AM,3/16/2020 12:00:00 AM,10/1/2020 03:45:40 PM,False,no,,,,,,,,,Not a DBE,,,1/20/2022 03:00:00 AM,10/21/2019 10:16:07 AM,7/24/2020 07:57:16 AM,9/10/2020 01:08:00 PM,10/12/2023 04:00:00 AM,10/16/2024 04:00:00 AM,,10000.0,1852.0,Lowell,Middlesex,42.459085,-71.275566,Northeast,1148 Bridge St,,MA,42.663222,-71.303886,1148.0,Bridge St,,,Lowell,MA,Middlesex County,1850.0,Fresh Fields Lowell LLC,MA,MACCC,Massachusetts Cannabis Control Commission,,,,,
07/01/2024,APPROVED,Marijuana Retailer,General Applicant,General Applicant,General Applicant,COMMENCE OPS,3/27/2020,COMPLETE,MR281637,"The Verb is Herb, LLC.",Easthampton,1027.0,,,7 4 Cottage St,,Easthampton,MA,1027,POINT (-72.62073 42.322256),POINT (-72.665986 42.2644019),74 Cottage St.,,Easthampton,MA,1027,83-0974110,MRN281637,9/24/2018 10:52:34 PM,9/14/2018 12:00:00 AM,12/15/2018 03:19:03 PM,False,,,,,,,,,,Not a DBE,,,2/6/2020 03:00:00 AM,6/23/2018 11:59:51 AM,9/26/2018 12:00:00 AM,12/14/2018 12:02:47 PM,2/8/2024 03:00:00 AM,2/12/2025 03:00:00 AM,,5000.0,1027.0,Easthampton,Hampshire,42.322256,-72.62073,Western MA,74 Cottage St,,MA,42.264402,-72.665986,74.0,Cottage St,,,Easthampton,MA,Hampshire County,1027.0,"The Verb is Herb, LLC.",MA,MACCC,Massachusetts Cannabis Control Commission,,,,,
07/01/2024,APPROVED,Marijuana Retailer,General Applicant,General Applicant,General Applicant,COMMENCE OPS,11/2/2021,COMPLETE,MR283652,"208 Worcester Street, LLC",Southbridge,1550.0,,,208 Worcester Street,,Southbridge,MA,1550,POINT (-71.840209 42.329642),POINT (-72.026600 42.083672),208 Worcester Street,,Southbridge,MA,1550,84-4520061,MRN283652,8/13/2020 11:50:53 AM,7/31/2020 12:00:50 PM,,False,no,,,,,,,,,Not a DBE,,,9/17/2021 04:00:00 AM,7/9/2020 12:10:21 PM,8/20/2020 01:32:25 PM,10/8/2020 12:22:41 PM,1/11/2024 03:00:00 AM,1/25/2025 03:00:00 AM,,10000.0,1550.0,Southbridge,Worcester,42.329642,-71.840209,Central MA,208 Worcester Street,,MA,42.083672,-72.026601,208.0,Worcester St,,,Southbridge,MA,Worcester County,1550.0,"208 Worcester Street, LLC",MA,MACCC,Massachusetts Cannabis Control Commission,,,,,
07/01/2024,APPROVED,Marijuana Retailer,Expedited Review - DBE Status,Expedited,DBE Status,PROVISIONAL LICENSE,,COMPLETE,MR282991,"Green Leaf Health, Inc",North Attleborough,2760.0,,,91 George Leven Drive,,North Attleboro,MA,2760,POINT (-71.102131 41.778329),POINT (-71.304457 42.0055090),91 George Leven Drive,,North Attleboro,MA,2760,83-2992555,MRN282991,3/30/2020 09:55:30 AM,2/21/2020 12:00:00 AM,7/14/2020 10:39:05 AM,False,,,,,,,,,,Woman-Owned Business,,,,9/17/2019 11:28:22 AM,4/7/2020 12:00:00 AM,7/9/2020 02:53:15 PM,6/8/2023 04:00:00 AM,7/15/2024 04:00:00 AM,,10000.0,2760.0,North Attleboro,Bristol,41.778329,-71.102131,,91 George Leven Drive,,MA,42.005509,-71.304458,91.0,George Leven Dr,,,North Attleboro,MA,Bristol County,2760.0,"Green Leaf Health, Inc",MA,MACCC,Massachusetts Cannabis Control Commission,,,,,
07/01/2024,APPROVED,Marijuana Retailer,Priority Review - MTC Priority,Priority,MTC Priority,COMMENCE OPS,11/1/2019,COMPLETE,MR282468,In Good Health Inc.,Brockton,2301.0,,,1200 West Chestnut Street,,Brockton,MA,2301,POINT (-70.818958 41.978877),POINT (-71.065163 42.0527289),1200 W CHESTNUT ST,,BROCKTON,MA,2301,46-2680110,MRN282468,4/9/2019 01:46:48 PM,3/15/2019 12:00:00 AM,5/20/2019 12:01:52 PM,True,,,,,,,APPROVED,RP201826,RPA201826,Not a DBE,,,9/13/2019 04:00:00 AM,3/5/2019 04:46:47 PM,4/12/2019 12:00:00 AM,5/16/2019 01:29:50 PM,4/14/2023 04:00:00 AM,9/17/2024 04:00:00 AM,,5000.0,2301.0,Brockton,Plymouth,41.978877,-70.818958,Southeast and Cape,1200 West Chestnut Street,,MA,42.052729,-71.065164,1200.0,W Chestnut St,,,Brockton,MA,Plymouth County,2301.0,In Good Health Inc.,MA,MACCC,Massachusetts Cannabis Control Commission,,,,,
07/01/2024,APPROVED,Marijuana Retailer,General Applicant,General Applicant,General Applicant,COMMENCE OPS,2/4/2021,COMPLETE,MR282388,"Apotho Therapeutics Plainville, LLC",Plainville,2762.0,,,119 Washington St,,Plainville,MA,2762,POINT (-71.15444 42.199156),POINT (-71.316811 42.0171959),125 High Street,,Boston,MA,2110,83-1940958,MRN282388,6/19/2020 04:59:02 PM,2/14/2020 12:00:00 AM,,False,,,,,,,,,,Not a DBE,,,1/14/2021 03:00:00 AM,2/9/2019 01:30:21 PM,6/26/2020 12:43:15 PM,8/6/2020 01:36:18 PM,8/10/2023 04:00:00 AM,8/24/2024 04:00:00 AM,,10000.0,2762.0,Plainville,Norfolk,42.199156,-71.15444,Central MA,119 Washington Street,,MA,42.017196,-71.316811,119.0,Washington St,,,Plainville,MA,Norfolk County,2762.0,"Apotho Therapeutics Plainville, LLC",MA,MACCC,Massachusetts Cannabis Control Commission,,,,,
07/01/2024,APPROVED,Marijuana Retailer,Expedited Review - DBE Status,Expedited,DBE Status,COMMENCE OPS,8/9/2023,COMPLETE,MR284161,"The Green Lady Dispensary II, Inc.",Newton,2459.0,,,740 Beacon Street,,Newton,MA,2459,POINT (-71.275566 42.459085),POINT (-71.190701 42.3301960),11 Amelia Drive,,Nantucket,MA,2554,85-2783971,MRN284161,7/13/2021 06:45:32 PM,5/21/2021 04:00:00 AM,,False,no,,,,,,,,,Minority-Owned Business,,,7/13/2023 04:00:00 AM,3/13/2021 06:30:43 PM,7/26/2021 08:46:08 AM,10/14/2021 01:11:51 PM,8/10/2023 04:00:00 AM,10/25/2024 04:00:00 AM,,10000.0,2459.0,Newton Center,Middlesex,42.459085,-71.275566,,740 Beacon Street,,MA,42.330196,-71.190701,740.0,Beacon St,,,Newton Center,MA,Middlesex County,2459.0,"The Green Lady Dispensary II, Inc.",MA,MACCC,Massachusetts Cannabis Control Commission,,,,,
07/01/2024,APPROVED,Marijuana Retailer,General Applicant,General Applicant,General Applicant,PROVISIONAL LICENSE,,COMPLETE,MR284248,The Cannabis Station,Boston,2119.0,,,2371 Washington Street,,Roxbury,MA,2119,POINT (-71.073493 42.334948),POINT (-71.084920 42.3294190),2371 Washington Street,,Roxbury,MA,2119,86-2922108,MRN284248,2/2/2022 09:45:42 AM,12/7/2021 02:12:17 PM,,False,no,,SE305678,,,,,,,Minority-Owned Business,,,,5/17/2021 03:54:35 PM,2/7/2022 02:29:48 PM,3/10/2022 01:50:27 PM,4/11/2024 04:00:00 AM,5/12/2025 04:00:00 AM,,10000.0,2119.0,Boston,Suffolk,42.334948,-71.073493,Metro Boston,2363-2365 Washington Street,,MA,42.329419,-71.084921,,Washington St,,,Boston,MA,Suffolk County,2119.0,The Cannabis Station,MA,MACCC,Massachusetts Cannabis Control Commission,,,,,
07/01/2024,APPROVED,Marijuana Retailer,General Applicant,General Applicant,General Applicant,PROVISIONAL CONSIDERATION,,PAYMENT_PENDING,MR284257,"Gracious Greens, LLC",Sunderland,1375.0,,,267 Amherst Road,,Sunderland,MA,1375,POINT (-72.573941 42.587072),POINT (-72.564425 42.4522959),208 Howard St,,Lunenburg,MA,1462,86-2163161,MRN284257,9/22/2022 05:37:52 PM,6/8/2022 02:59:05 PM,,False,no,,,,,,,,,Not a DBE,,,,5/21/2021 11:11:16 AM,12/2/2022 02:42:05 PM,1/12/2023 01:09:46 PM,,,,0.0,1375.0,Sunderland,Franklin,42.587072,-72.573941,Western MA,267 Amhearst Road,,MA,42.452296,-72.564425,267.0,Amherst Rd,,,Sunderland,MA,Franklin County,1375.0,"Gracious Greens, LLC",MA,MACCC,Massachusetts Cannabis Control Commission,,,,,
07/01/2024,APPROVED,Marijuana Retailer,Expedited Review - DBE Status,Expedited,DBE Status,PROVISIONAL LICENSE,,COMPLETE,MR283321,Sparkboro Wellness NAMA Corp.,North Adams,1247.0,,,1268 Curran Highway,,North Adams,MA,1247,POINT (-73.209889 42.396128),POINT (-73.107417 42.6684309),180 Elm Street Suite I#340,,Pittsfield,MA,1201,84-5042244,MRN283321,5/27/2020 02:37:26 PM,3/23/2020 12:00:00 AM,9/11/2020 10:38:26 AM,False,,,,,,,,,,Minority-Owned Business,,,,3/3/2020 01:17:50 PM,6/11/2020 02:29:22 PM,9/10/2020 01:48:08 PM,11/9/2023 03:00:00 AM,12/8/2024 03:00:00 AM,,10000.0,1247.0,North Adams,Berkshire,42.396128,-73.209889,Western MA,1268 Curran Highway,,MA,42.668431,-73.107418,1268.0,Curran Hwy,,,North Adams,MA,Berkshire County,1247.0,Sparkboro Wellness NAMA Corp.,MA,MACCC,Massachusetts Cannabis Control Commission,,,,,
07/01/2024,APPROVED,Marijuana Retailer,Priority Review - MTC Priority,Priority,MTC Priority,COMMENCE OPS,4/19/2019,COMPLETE,MR281702,Good Chemistry of Mass,Worcester,1604.0,,,9 Harrison Street,,Worcester,MA,1604,POINT (-71.840209 42.329642),POINT (-71.797120 42.257151),50 Congress St,Suite 420,Boston,MA,2109,46-3379588,MRN281702,8/2/2018 12:12:43 PM,7/28/2018 12:00:00 AM,11/27/2018 02:13:37 PM,True,,,,,,,APPROVED,RP201817,RPA201817,Not a DBE,,,2/21/2019 03:00:00 AM,7/11/2018 07:10:05 PM,8/10/2018 12:00:00 AM,11/20/2018 02:52:58 PM,11/9/2023 03:00:00 AM,11/30/2024 03:00:00 AM,,5000.0,1604.0,Worcester,Worcester,42.329642,-71.840209,Central MA,9 Harrison Street,,MA,42.257151,-71.79712,9.0,Harrison St,,,Worcester,MA,Worcester County,1604.0,Good Chemistry of Mass,MA,MACCC,Massachusetts Cannabis Control Commission,,,,,
07/01/2024,APPROVED,Marijuana Retailer,Expedited Review - Social Equity Participant,Expedited,Social Equity Participant,COMMENCE OPS,2/13/2024,COMPLETE,MR282590,"DMS Trinity, LLC",Chelsea,2150.0,,,38 Gould Street,,Stoneham,MA,2180,POINT (-71.073493 42.334948),POINT (-71.046574 42.3961609),38 Gould Street,,Stoneham,MA,2180,83-4484332,MRN282590,5/2/2022 02:48:44 PM,1/5/2022 05:44:01 PM,,False,yes,SE305470,,,,,,,,"Woman-Owned Business | Lesbian, Gay, Bisexual, and Transgender Owned Business | Minority-Owned Business",,,1/11/2024 03:00:00 AM,4/9/2019 01:15:22 PM,5/27/2022 06:45:32 AM,8/11/2022 11:48:10 AM,8/10/2023 04:00:00 AM,8/22/2024 04:00:00 AM,,5000.0,2150.0,Chelsea,Suffolk,42.334948,-71.073493,Metro Boston,260 Second Street,,MA,42.396161,-71.046574,260.0,2nd St,,,Chelsea,MA,Suffolk County,2150.0,"DMS Trinity, LLC",MA,MACCC,Massachusetts Cannabis Control Commission,,,,,
07/01/2024,APPROVED,Marijuana Retailer,General Applicant,General Applicant,General Applicant,COMMENCE OPS,7/17/2023,COMPLETE,MR282714,311 Page Blvd LLC,Springfield,1104.0,,,311 Page Blvd,,Springfield,MA,1104,POINT (-72.571312 42.12756),POINT (-72.560851 42.1342240),63 Woodcrest Road,,Springfield,MA,1129,84-2409132,MRN282714,12/16/2020 01:12:30 PM,12/9/2020 10:50:03 AM,,False,no,,,,,,,,,Not a DBE,,,6/8/2023 04:00:00 AM,5/16/2019 11:13:13 AM,12/17/2020 12:09:38 PM,3/11/2021 01:45:12 PM,9/14/2023 04:00:00 AM,9/18/2024 04:00:00 AM,,10000.0,1104.0,Springfield,Hampden,42.12756,-72.571312,Western MA,311 Page Boulevard,,MA,42.134224,-72.560852,311.0,Page Blvd,,,Springfield,MA,Hampden County,1104.0,311 Page Blvd LLC,MA,MACCC,Massachusetts Cannabis Control Commission,,,,,
07/01/2024,APPROVED,Marijuana Retailer,Expedited Review - DBE Status,Expedited,DBE Status,FINAL LICENSE,,COMPLETE,MR284654,"JMK Gardening, LLC  DBA Wonderland-Cannabis Co",Millbury,1527.0,,,11 McCracken Road,Suite C,Millbury,MA,1527,POINT (-71.840209 42.329642),POINT (-71.779792 42.2022339),"11 McCracken Road, Suite C",,Millbury,MA,1527,84-4197373,MRN284654,12/21/2022 10:54:07 AM,12/8/2022 02:59:22 PM,3/31/2023 10:04:00 AM,False,no,,,,,,,,,Woman-Owned Business,,,6/13/2024 04:00:00 AM,5/11/2022 05:07:12 PM,12/30/2022 09:49:32 AM,3/9/2023 12:43:28 PM,3/7/2024 03:00:00 AM,3/31/2025 04:00:00 AM,,10000.0,1527.0,Millbury,Worcester,42.329642,-71.840209,Central MA,"11 McCracken Road, Suite C, ",,MA,42.202234,-71.779793,11.0,McCracken Rd,Ste,,Millbury,MA,Worcester County,1527.0,"JMK Gardening, LLC  DBA Wonderland-Cannabis Co",MA,MACCC,Massachusetts Cannabis Control Commission,,,,,
07/01/2024,APPROVED,Marijuana Retailer,General Applicant,General Applicant,General Applicant,PROVISIONAL CONSIDERATION,,PAYMENT_PENDING,MR284277,"Hall Road, LLC",Dudley,1571.0,,,40 Hall Road,,Dudley,MA,1571,POINT (-71.840209 42.329642),POINT (-71.923081 42.0355350),120 Schofield Avenue,,Dudley,MA,1571,87-1127413,MRN284277,10/7/2021 03:04:37 PM,9/13/2021 11:24:24 AM,,False,no,,,,,,,,,Not a DBE,,,,6/10/2021 07:35:26 AM,10/8/2021 11:42:46 AM,11/18/2021 02:43:17 PM,,,,0.0,1571.0,Dudley,Worcester,42.329642,-71.840209,Central MA,40 Hall Road,,MA,42.035535,-71.923082,40.0,Hall Rd,,,Dudley,MA,Worcester County,1571.0,"Hall Road, LLC",MA,MACCC,Massachusetts Cannabis Control Commission,,,,,
07/01/2024,APPROVED,Marijuana Retailer,Priority Review - Economic Empowerment Priority,Priority,Economic Empowerment Priority,PROVISIONAL LICENSE,,COMPLETE,MR284730,Lowkey 2 LLC,Boston,2132.0,,,5252-5270 Washington Street,,West Roxbury,MA,2132,POINT (-71.073493 42.334948),POINT (-71.158930 42.259307),1601 Blue Hill Avenue,Suite 201,Boston,MA,2126,88-3410833,MRN284730,2/18/2023 05:32:02 PM,10/27/2022 09:29:53 PM,,True,yes,EE202286,,APPROVED,EE202286,EE202286,,,,Not a DBE,,,,7/28/2022 08:17:52 AM,3/3/2023 09:19:28 AM,4/14/2023 03:27:56 PM,7/6/2023 04:00:00 AM,7/6/2024 04:00:00 AM,,5000.0,2132.0,West Roxbury,Suffolk,42.334948,-71.073493,,5252-5270 Washington Street,,MA,42.259307,-71.158931,5270.0,Washington St,,,West Roxbury,MA,Suffolk County,2132.0,Lowkey 2 LLC,MA,MACCC,Massachusetts Cannabis Control Commission,,,,,
07/01/2024,APPROVED,Marijuana Retailer,Expedited Review - Social Equity Participant,Expedited,Social Equity Participant,COMMENCE OPS,3/28/2024,COMPLETE,MR283012,"The Holistic Concepts, Inc",Brockton,2301.0,,,1915 Main St.,,Brockton,MA,2301,POINT (-70.818958 41.978877),POINT (-71.010850 42.0473209),95 West Elm St.,,Brockton,MA,2301,84-2294903,MRN283012,6/23/2020 04:44:12 PM,3/10/2020 12:00:00 AM,,False,yes,SE304911,,,,,,,,Not a DBE,,,2/8/2024 03:00:00 AM,9/26/2019 10:23:02 PM,6/26/2020 02:12:40 PM,8/6/2020 02:23:32 PM,7/13/2023 04:00:00 AM,7/17/2024 04:00:00 AM,,5000.0,2301.0,Brockton,Plymouth,41.978877,-70.818958,Southeast and Cape,1915 Main St.,,MA,42.047321,-71.01085,1915.0,Main St,,,Brockton,MA,Plymouth County,2301.0,"The Holistic Concepts, Inc",MA,MACCC,Massachusetts Cannabis Control Commission,,,,,
07/01/2024,APPROVED,Marijuana Retailer,General Applicant,General Applicant,General Applicant,PROVISIONAL CONSIDERATION,,PAYMENT_PENDING,MR285037,Cloud 9 Cannabis LLC,Quincy,2169.0,,,15 LIBERTY St.,,Quincy,MA,2169,POINT (-71.15444 42.199156),POINT (-71.006084 42.2404390),803 Hancock St.,,Quincy,MA,2170,92-2358718,MRN285037,1/8/2024 03:00:10 PM,10/20/2023 03:37:40 PM,,False,no,,,,,,,,,Not a DBE,,,,9/19/2023 10:56:59 AM,2/16/2024 02:42:26 PM,5/9/2024 12:31:02 PM,,,,0.0,2169.0,Quincy,Norfolk,42.199156,-71.15444,Metro Boston,15 Liberty St.,,MA,42.240439,-71.006084,15.0,Liberty St,,,Quincy,MA,Norfolk County,2169.0,Cloud 9 Cannabis LLC,MA,MACCC,Massachusetts Cannabis Control Commission,,,,,
07/01/2024,APPROVED,Marijuana Retailer,General Applicant,General Applicant,General Applicant,COMMENCE OPS,9/11/2023,COMPLETE,MR282601,"ToroVerde (Massachusetts), Inc.",Northampton,1060.0,,,C/O EvansCutler Attorneys 90 Conz Street,,Northampton,MA,1060,POINT (-72.62073 42.322256),POINT (-72.638279 42.3386939),C/O EvansCutler Attorneys 90 Conz Street,,Northampton,MA,1060,35-2638738,MRN282601,1/21/2020 11:08:39 AM,11/13/2019 12:00:00 AM,6/29/2020 04:09:52 PM,False,,,,,,,,,,Not a DBE,,,8/10/2023 04:00:00 AM,4/13/2019 04:28:21 PM,3/5/2020 12:00:00 AM,5/8/2020 03:06:30 PM,6/8/2023 04:00:00 AM,10/27/2024 04:00:00 AM,,10000.0,1060.0,Northampton,Hampshire,42.322256,-72.62073,Western MA,26-28 North King Street,Unit 2,MA,42.338694,-72.63828,28.0,N King St,,,Northampton,MA,Hampshire County,1060.0,"ToroVerde (Massachusetts), Inc.",MA,MACCC,Massachusetts Cannabis Control Commission,,,,,
07/01/2024,APPROVED,Marijuana Retailer,General Applicant,General Applicant,General Applicant,PROVISIONAL LICENSE,,COMPLETE,MR284579,"Eddie's Flowers, Inc.",Ashburnham,1430.0,,,23 Rindge State Rd.,,Ashburnham,MA,1430,POINT (-71.840209 42.329642),POINT (-71.879301 42.687939),1 Crescent Hill,,Springfield,MA,1105,85-2919293,MRN284579,8/4/2022 06:35:28 PM,4/4/2022 01:09:07 PM,11/5/2022 06:47:13 PM,False,no,,,,,,,,,Not a DBE,,,,1/31/2022 07:15:31 PM,8/19/2022 09:35:32 AM,10/13/2022 04:11:35 PM,1/11/2024 03:00:00 AM,1/11/2025 03:00:00 AM,,10000.0,1430.0,Ashburnham,Worcester,42.329642,-71.840209,Central MA,23 Rindge State Rd.,,MA,42.687939,-71.879302,23.0,Rindge State Rd,,,Ashburnham,MA,Worcester County,1430.0,"Eddie's Flowers, Inc.",MA,MACCC,Massachusetts Cannabis Control Commission,,,,,
